chr	start	end	log2_TNratio_corrected
chr1	1000001	1500000	NA
chr1	1500001	2000000	-0.117848931905716
chr1	2000001	2500000	0.0296300888693648
chr1	2500001	3000000	NA
chr1	3000001	3500000	-0.124468772386087
chr1	3500001	4000000	0.0296209041607563
chr1	4000001	4500000	0.00911700629258456
chr1	4500001	5000000	-0.0268530733804701
chr1	5000001	5500000	-0.0331775402650591
chr1	5500001	6000000	-0.0561114342879572
chr1	6000001	6500000	-0.00826234599836137
chr1	6500001	7000000	-0.0863615631102078
chr1	7000001	7500000	-0.0336394617178499
chr1	7500001	8000000	-0.0261664675532427
chr1	8000001	8500000	-0.0915969124969143
chr1	8500001	9000000	-0.0582318218130096
chr1	9000001	9500000	-0.0593447047767263
chr1	9500001	10000000	-0.0313476078588531
chr1	10000001	10500000	-0.0185061472966013
chr1	10500001	11000000	-0.102979364082256
chr1	11000001	11500000	-0.0161541485997636
chr1	11500001	12000000	0.133975160317988
chr1	12000001	12500000	0.105353279424782
chr1	13500001	14000000	0.00544938413484569
chr1	14000001	14500000	-0.0825506758085824
chr1	14500001	15000000	-0.19754263688918
chr1	15000001	15500000	-0.0307815065524788
chr1	15500001	16000000	-0.061521727249866
chr1	16000001	16500000	-0.0443652547691942
chr1	17000001	17500000	0.00869160328411369
chr1	17500001	18000000	-0.0649615511221069
chr1	18000001	18500000	-0.0404954406909499
chr1	18500001	19000000	-0.0676829227703686
chr1	19000001	19500000	-0.0878674975794684
chr1	19500001	20000000	-0.17291873279876
chr1	20000001	20500000	-0.170926662639337
chr1	20500001	21000000	-0.0279195701963064
chr1	21000001	21500000	-0.176991805465814
chr1	21500001	22000000	-0.0356841818331793
chr1	22000001	22500000	-0.0933050131698079
chr1	22500001	23000000	-0.120823454295008
chr1	23000001	23500000	-0.176127697097464
chr1	23500001	24000000	-0.0905289215857366
chr1	24000001	24500000	-0.07255809173678
chr1	24500001	25000000	-0.200789992337978
chr1	25000001	25500000	-0.261423579620398
chr1	25500001	26000000	-0.109566249308256
chr1	26000001	26500000	0.0237031871923601
chr1	26500001	27000000	0.0336599228492087
chr1	27000001	27500000	-0.0990278519415836
chr1	27500001	28000000	0.0466647473176715
chr1	28000001	28500000	0.105711939741206
chr1	28500001	29000000	0.088448375001287
chr1	29000001	29500000	0.0919569577956151
chr1	29500001	30000000	NA
chr1	30000001	30500000	0.15020260177443
chr1	30500001	31000000	0.149731229432667
chr1	31000001	31500000	0.0950653805845557
chr1	31500001	32000000	0.154051378677027
chr1	32000001	32500000	0.110606639360404
chr1	32500001	33000000	0.0971237974861955
chr1	33000001	33500000	0.213938413596804
chr1	33500001	34000000	0.152676433573857
chr1	34000001	34500000	0.12202220586534
chr1	34500001	35000000	0.116444921548987
chr1	35000001	35500000	0.159079372056558
chr1	35500001	36000000	0.231183612456839
chr1	36000001	36500000	0.223750262783917
chr1	36500001	37000000	0.179427548853016
chr1	37000001	37500000	0.145077851622128
chr1	37500001	38000000	0.228451185731114
chr1	38000001	38500000	0.180668441508085
chr1	38500001	39000000	0.164258658452964
chr1	39000001	39500000	0.137060536023477
chr1	39500001	40000000	0.109695039050022
chr1	40000001	40500000	0.226666516801346
chr1	40500001	41000000	0.190098082008382
chr1	41000001	41500000	0.150321732171755
chr1	41500001	42000000	0.236246998368682
chr1	42000001	42500000	0.172751892322167
chr1	42500001	43000000	0.210050643165402
chr1	43000001	43500000	0.140695753359936
chr1	43500001	44000000	0.142138730617784
chr1	44000001	44500000	0.101350968039328
chr1	44500001	45000000	0.229200081724651
chr1	45000001	45500000	0.172166525764275
chr1	45500001	46000000	0.16452272010539
chr1	46000001	46500000	0.111045391924248
chr1	46500001	47000000	0.260372126001345
chr1	47000001	47500000	0.133868662706026
chr1	47500001	48000000	0.162289493812909
chr1	48000001	48500000	0.210417345341766
chr1	48500001	49000000	0.226124840579905
chr1	49000001	49500000	0.213928946053877
chr1	49500001	50000000	0.253524259936252
chr1	50000001	50500000	0.209224736249264
chr1	50500001	51000000	0.129505539973013
chr1	51000001	51500000	0.172101360162402
chr1	51500001	52000000	0.273853675469277
chr1	52000001	52500000	0.164783374425806
chr1	52500001	53000000	0.190522836684017
chr1	53000001	53500000	0.188205669840346
chr1	53500001	54000000	0.131220685278124
chr1	54000001	54500000	0.190554614212595
chr1	54500001	55000000	0.211317320940356
chr1	55000001	55500000	0.216574072603029
chr1	55500001	56000000	0.204249431481368
chr1	56000001	56500000	0.283369443806267
chr1	56500001	57000000	0.214596387399545
chr1	57000001	57500000	0.130988884154187
chr1	57500001	58000000	0.157991247694132
chr1	58000001	58500000	0.226240673334274
chr1	58500001	59000000	0.216395345723669
chr1	59000001	59500000	0.231356196706551
chr1	59500001	60000000	0.24554031677796
chr1	60000001	60500000	0.135398255985081
chr1	60500001	61000000	0.266919011016545
chr1	61000001	61500000	0.148171385975976
chr1	61500001	62000000	0.19452158352062
chr1	62000001	62500000	0.102093543846422
chr1	62500001	63000000	0.148183912938311
chr1	63000001	63500000	0.236013598264782
chr1	63500001	64000000	0.192930548299241
chr1	64000001	64500000	0.201643980083961
chr1	64500001	65000000	0.231846048524895
chr1	65000001	65500000	0.27131221453588
chr1	65500001	66000000	0.267437188338358
chr1	66000001	66500000	0.243954336821579
chr1	66500001	67000000	0.101088321451138
chr1	67000001	67500000	0.124382096986004
chr1	67500001	68000000	0.186735438621185
chr1	68000001	68500000	0.198710303841678
chr1	68500001	69000000	0.163660628151155
chr1	69000001	69500000	0.196611203492781
chr1	69500001	70000000	0.140949486547167
chr1	70000001	70500000	0.15586640524364
chr1	70500001	71000000	0.162614846730667
chr1	71000001	71500000	0.125982424686457
chr1	71500001	72000000	0.208475301408112
chr1	72000001	72500000	0.144319621955301
chr1	72500001	73000000	0.14913401175658
chr1	73000001	73500000	0.223861922380273
chr1	73500001	74000000	0.159218510481008
chr1	74000001	74500000	0.234459705071287
chr1	74500001	75000000	0.205193684625638
chr1	75000001	75500000	0.17824547710147
chr1	75500001	76000000	0.0752684250341522
chr1	76000001	76500000	0.118172211096146
chr1	76500001	77000000	0.0729497093752729
chr1	77000001	77500000	0.115511156276717
chr1	77500001	78000000	0.0366717078877734
chr1	78000001	78500000	0.124458476029943
chr1	78500001	79000000	0.0288973120469328
chr1	79000001	79500000	0.00113254381469054
chr1	79500001	80000000	0.0128696903830639
chr1	80000001	80500000	0.0451539556089025
chr1	80500001	81000000	0.047748482238944
chr1	81000001	81500000	-0.0170279065548728
chr1	81500001	82000000	0.000841863931268411
chr1	82000001	82500000	0.063727514018937
chr1	82500001	83000000	0.0552233411682482
chr1	83500001	84000000	-0.0481329547023765
chr1	84000001	84500000	-0.0068618254628946
chr1	84500001	85000000	-0.0430469973477288
chr1	85000001	85500000	0.00520597181002245
chr1	85500001	86000000	-0.0105578604553661
chr1	86000001	86500000	-0.0328480179667434
chr1	86500001	87000000	-0.0275358795265764
chr1	87000001	87500000	0.02001926881259
chr1	87500001	88000000	-0.0429183425709506
chr1	88000001	88500000	0.00250497495094566
chr1	88500001	89000000	0.0217970655019871
chr1	89000001	89500000	0.0970122051782722
chr1	89500001	90000000	-0.0364538722837694
chr1	90000001	90500000	-0.0279249255299905
chr1	90500001	91000000	-0.00625344114075625
chr1	91000001	91500000	-0.0303112015104101
chr1	91500001	92000000	-0.0129312988712456
chr1	92000001	92500000	0.013825866633849
chr1	92500001	93000000	0.048915001568224
chr1	93000001	93500000	-0.0798587743222697
chr1	93500001	94000000	0.0367007225106463
chr1	94000001	94500000	0.151686817843782
chr1	94500001	95000000	0.116870955124726
chr1	95000001	95500000	0.108399560343492
chr1	95500001	96000000	0.018849376557416
chr1	96000001	96500000	0.0140414034507875
chr1	96500001	97000000	-0.0334999580109743
chr1	97000001	97500000	-0.0253364482994503
chr1	97500001	98000000	0.028228955469001
chr1	98000001	98500000	0.0196241712112531
chr1	98500001	99000000	-0.0229218294057462
chr1	99000001	99500000	-0.040388605010555
chr1	99500001	100000000	0.00936003083105015
chr1	100000001	100500000	-0.00213778134019441
chr1	100500001	101000000	0.00812633370200796
chr1	101000001	101500000	0.0258832150968309
chr1	101500001	102000000	-0.0617836393575955
chr1	102000001	102500000	0.0736491102364205
chr1	102500001	103000000	0.0136296854231311
chr1	103000001	103500000	-0.0508717084459238
chr1	103500001	104000000	-0.341823641602923
chr1	104000001	104500000	0.0455355496432951
chr1	104500001	105000000	0.0269384646626079
chr1	105000001	105500000	-0.0742838223715273
chr1	105500001	106000000	-0.0359496205392388
chr1	106000001	106500000	-0.0592040106972958
chr1	106500001	107000000	-0.00480140751052222
chr1	107000001	107500000	-0.130627103097125
chr1	107500001	108000000	0.0163217788928495
chr1	108500001	109000000	-0.029708835649117
chr1	109000001	109500000	0.0292297580151072
chr1	109500001	110000000	0.142250622865055
chr1	110000001	110500000	0.0298802733881142
chr1	110500001	111000000	0.0616485791181464
chr1	111000001	111500000	0.0933090996959017
chr1	111500001	112000000	0.0443152419001853
chr1	112000001	112500000	0.0151720402795398
chr1	112500001	113000000	-0.0224548065873628
chr1	113000001	113500000	-0.0294516423610172
chr1	113500001	114000000	0.0624633825685122
chr1	114000001	114500000	0.0433295307042799
chr1	114500001	115000000	0.0272963859365784
chr1	115000001	115500000	0.02538711310858
chr1	115500001	116000000	0.0106130646397489
chr1	116000001	116500000	0.0368400193157398
chr1	116500001	117000000	0.11610252205267
chr1	117000001	117500000	-0.0651880518791221
chr1	117500001	118000000	-0.0305485932817135
chr1	118000001	118500000	-0.0513022070913339
chr1	118500001	119000000	0.0455625173155044
chr1	119000001	119500000	0.044760735369735
chr1	119500001	120000000	0.0897196057977025
chr1	145500001	146000000	0.133258874726275
chr1	147000001	147500000	0.214261837091235
chr1	147500001	148000000	0.236881637893372
chr1	150000001	150500000	0.205022227791041
chr1	150500001	151000000	0.234020268431423
chr1	151000001	151500000	0.114425722477646
chr1	151500001	152000000	0.165251079125618
chr1	152000001	152500000	0.193081356250941
chr1	152500001	153000000	0.11423425936969
chr1	153000001	153500000	0.23380908328057
chr1	153500001	154000000	0.180669643957339
chr1	154000001	154500000	0.186701733655614
chr1	154500001	155000000	0.177571812593528
chr1	155000001	155500000	0.35098004297813
chr1	155500001	156000000	0.199437059063774
chr1	156000001	156500000	0.218199252285713
chr1	156500001	157000000	0.22095482924242
chr1	157000001	157500000	0.143333096973688
chr1	157500001	158000000	0.208135319184028
chr1	158000001	158500000	0.175250629862344
chr1	158500001	159000000	0.179285537700921
chr1	159000001	159500000	0.188493913726105
chr1	159500001	160000000	0.308515980346123
chr1	160000001	160500000	0.149376140266071
chr1	160500001	161000000	0.281761992424185
chr1	161000001	161500000	0.257359920632385
chr1	161500001	162000000	0.147048564331518
chr1	162000001	162500000	0.250561569735136
chr1	162500001	163000000	0.107034182597992
chr1	163000001	163500000	0.144487840327993
chr1	163500001	164000000	0.171503348047817
chr1	164000001	164500000	0.152509585786623
chr1	164500001	165000000	0.195754663195537
chr1	165000001	165500000	0.12475767914531
chr1	165500001	166000000	0.122537295645543
chr1	166000001	166500000	0.24821684729734
chr1	166500001	167000000	0.186558132456032
chr1	167000001	167500000	0.148587489268656
chr1	167500001	168000000	0.216623121969368
chr1	168000001	168500000	0.180613298116634
chr1	168500001	169000000	0.16662223827887
chr1	169000001	169500000	0.208642075257861
chr1	169500001	170000000	0.192680378895525
chr1	170000001	170500000	0.146313951795575
chr1	170500001	171000000	0.12310140311531
chr1	171000001	171500000	0.228067261108168
chr1	171500001	172000000	0.0916877794580373
chr1	172000001	172500000	0.103583926165491
chr1	172500001	173000000	0.0658933163866767
chr1	173000001	173500000	0.0902392405728517
chr1	173500001	174000000	0.027499542655207
chr1	174000001	174500000	-0.00622649734245343
chr1	174500001	175000000	0.0108601586577325
chr1	175000001	175500000	0.0318040837446877
chr1	175500001	176000000	-0.0163244419965722
chr1	176000001	176500000	0.0166926376908506
chr1	176500001	177000000	0.024575009278144
chr1	177000001	177500000	0.0644232430793938
chr1	177500001	178000000	0.0133711376598894
chr1	178000001	178500000	-0.0485213088279765
chr1	178500001	179000000	0.0374690764185797
chr1	179000001	179500000	-0.0437812967480661
chr1	179500001	180000000	0.0353494953440543
chr1	180000001	180500000	0.121918312688195
chr1	180500001	181000000	-0.00095501113339002
chr1	181000001	181500000	0.0483192873789108
chr1	181500001	182000000	-0.00158591640531789
chr1	182000001	182500000	0.0830937645346117
chr1	182500001	183000000	-0.0217718814922439
chr1	183000001	183500000	-0.0477309708938303
chr1	183500001	184000000	0.124834245160316
chr1	184000001	184500000	0.055870980215832
chr1	184500001	185000000	0.0623175273691466
chr1	185000001	185500000	0.0512821069353654
chr1	185500001	186000000	0.0570088731950178
chr1	186000001	186500000	0.00982952394715331
chr1	186500001	187000000	0.0150302030536067
chr1	187000001	187500000	-0.0226681770402645
chr1	187500001	188000000	-0.0208856523252021
chr1	188000001	188500000	-0.0282262271683162
chr1	188500001	189000000	-0.0122374488536709
chr1	189000001	189500000	0.0246163900825904
chr1	189500001	190000000	-0.000732374682872029
chr1	190000001	190500000	NA
chr1	190500001	191000000	0.0279720797728201
chr1	191000001	191500000	0.00313938198641257
chr1	191500001	192000000	0.062342227261495
chr1	192000001	192500000	-0.0274928273573862
chr1	192500001	193000000	0.0869536552328256
chr1	193000001	193500000	0.047959473850412
chr1	193500001	194000000	-0.0923676100330346
chr1	194000001	194500000	-0.0421679624827928
chr1	194500001	195000000	0.00460590021501129
chr1	195000001	195500000	-0.0216361219651999
chr1	195500001	196000000	-0.0537284899352263
chr1	196000001	196500000	-0.00331558243482113
chr1	196500001	197000000	0.102261379715849
chr1	197000001	197500000	-0.00189212275973954
chr1	197500001	198000000	0.0677611751360731
chr1	198000001	198500000	0.0520022376855941
chr1	198500001	199000000	0.114583160538036
chr1	199000001	199500000	-0.0125772808919868
chr1	199500001	200000000	-0.0282275162779263
chr1	200000001	200500000	0.0399294203763219
chr1	200500001	201000000	0.0595309016472457
chr1	201000001	201500000	0.0725527698024551
chr1	201500001	202000000	0.0647435429022706
chr1	202000001	202500000	0.103468910659704
chr1	202500001	203000000	0.114469607507241
chr1	203000001	203500000	0.101352458426286
chr1	203500001	204000000	0.0924561886162326
chr1	204000001	204500000	0.0838198685450391
chr1	204500001	205000000	0.0223407543105513
chr1	205000001	205500000	0.011358927665988
chr1	205500001	206000000	0.0602552875200502
chr1	206500001	207000000	0.0562503260334531
chr1	207000001	207500000	0.0187201995450016
chr1	207500001	208000000	-0.199485319867252
chr1	208000001	208500000	-0.0817144792614362
chr1	208500001	209000000	-0.161695980836013
chr1	209000001	209500000	-0.113932167138439
chr1	209500001	210000000	-0.0541357806515053
chr1	210000001	210500000	-0.195622932474296
chr1	210500001	211000000	-0.192044795666817
chr1	211000001	211500000	-0.239596168214113
chr1	211500001	212000000	-0.0880557819671767
chr1	212000001	212500000	-0.0701420605362352
chr1	212500001	213000000	-0.0655208803183156
chr1	213000001	213500000	-0.180184982770858
chr1	213500001	214000000	-0.0823799581805783
chr1	214000001	214500000	-0.139648804934341
chr1	214500001	215000000	-0.110254195507568
chr1	215000001	215500000	-0.166671439269582
chr1	215500001	216000000	-0.185393990139141
chr1	216000001	216500000	-0.184898759370779
chr1	216500001	217000000	-0.124736201703857
chr1	217000001	217500000	-0.155663253469256
chr1	217500001	218000000	-0.109294522797932
chr1	218000001	218500000	-0.193258928927194
chr1	218500001	219000000	-0.206307386225621
chr1	219000001	219500000	-0.166367473651313
chr1	219500001	220000000	-0.123234001142042
chr1	220000001	220500000	-0.276771325717074
chr1	220500001	221000000	-0.11159069319861
chr1	221000001	221500000	-0.159901181587655
chr1	221500001	222000000	-0.121872175353641
chr1	222000001	222500000	-0.0931244413859607
chr1	222500001	223000000	-0.159196352624717
chr1	223000001	223500000	-0.11543102493174
chr1	224000001	224500000	-0.0862514826544376
chr1	224500001	225000000	-0.0963467002826891
chr1	225000001	225500000	-0.133811812918033
chr1	225500001	226000000	-0.144643562118793
chr1	226000001	226500000	-0.0415395442950502
chr1	226500001	227000000	-0.0585606682688197
chr1	227000001	227500000	-0.146199235723895
chr1	227500001	228000000	-0.100041777175797
chr1	228000001	228500000	-0.0837831488826932
chr1	228500001	229000000	NA
chr1	229000001	229500000	-0.0806626930152802
chr1	229500001	230000000	-0.0459438124118433
chr1	230000001	230500000	-0.142768699875653
chr1	230500001	231000000	-0.185558586127044
chr1	231000001	231500000	-0.0311367118621357
chr1	231500001	232000000	0.00970676635407225
chr1	232000001	232500000	-0.110570439896881
chr1	232500001	233000000	-0.117165308886914
chr1	233000001	233500000	-0.156214103548973
chr1	233500001	234000000	-0.115851815732036
chr1	234000001	234500000	-0.138012280515898
chr1	234500001	235000000	-0.082112654683576
chr1	235000001	235500000	-0.116172617879197
chr1	235500001	236000000	-0.148580916946323
chr1	236000001	236500000	-0.137693682643333
chr1	236500001	237000000	-0.212482939104314
chr1	237000001	237500000	-0.207864682879947
chr1	237500001	238000000	-0.143462143028016
chr1	238000001	238500000	-0.171473512516032
chr1	238500001	239000000	-0.19042707007133
chr1	239000001	239500000	-0.14818683423783
chr1	239500001	240000000	-0.136099872418917
chr1	240000001	240500000	-0.236381148812988
chr1	240500001	241000000	-0.143110484752898
chr1	241000001	241500000	-0.145513009638102
chr1	241500001	242000000	-0.192982073703826
chr1	242000001	242500000	-0.118625500709985
chr1	242500001	243000000	-0.104001480138982
chr1	243500001	244000000	-0.15919230533955
chr1	244000001	244500000	-0.035885333205798
chr1	244500001	245000000	-0.155960075087428
chr1	245000001	245500000	-0.171436960069734
chr1	245500001	246000000	-0.163013678119678
chr1	246000001	246500000	-0.123593347548516
chr1	246500001	247000000	0.121429167335316
chr1	247000001	247500000	0.122343767725952
chr1	247500001	248000000	0.0963576252404296
chr1	248000001	248500000	-0.0594645283121525
chr1	248500001	249000000	NA
chr2	1	500000	NA
chr2	500001	1000000	0.0981451844274975
chr2	1000001	1500000	0.0961237555285146
chr2	1500001	2000000	0.0978871820726278
chr2	2000001	2500000	0.147479366574239
chr2	2500001	3000000	0.142258685812815
chr2	3000001	3500000	0.141079510513832
chr2	3500001	4000000	0.106127218150151
chr2	4000001	4500000	0.138418022647855
chr2	4500001	5000000	0.138534360992494
chr2	5000001	5500000	0.133833314414467
chr2	5500001	6000000	0.114711457353725
chr2	6000001	6500000	0.121879231459169
chr2	6500001	7000000	0.09333741312535
chr2	7000001	7500000	0.189364054130141
chr2	7500001	8000000	0.167988913206867
chr2	8000001	8500000	0.33381237986033
chr2	8500001	9000000	0.179648226201879
chr2	9000001	9500000	0.0341486518939653
chr2	9500001	10000000	0.157437697223195
chr2	10000001	10500000	0.188991273697176
chr2	10500001	11000000	0.0973165719223922
chr2	11000001	11500000	0.149819732743717
chr2	11500001	12000000	0.0726256034637549
chr2	12000001	12500000	0.176817700880622
chr2	12500001	13000000	0.112783167009333
chr2	13000001	13500000	0.140534792922537
chr2	13500001	14000000	0.105079413989698
chr2	14000001	14500000	0.152090859292605
chr2	14500001	15000000	0.16861774823857
chr2	15000001	15500000	0.186623744770623
chr2	15500001	16000000	0.0825418375986213
chr2	16000001	16500000	NA
chr2	16500001	17000000	0.136835402344381
chr2	17000001	17500000	0.145596688593958
chr2	17500001	18000000	0.169943550409904
chr2	18000001	18500000	0.14522356192145
chr2	18500001	19000000	0.121798900512838
chr2	19000001	19500000	0.177821349783684
chr2	19500001	20000000	0.201360086884796
chr2	20000001	20500000	0.115195831839019
chr2	20500001	21000000	NA
chr2	21000001	21500000	0.118179362544172
chr2	21500001	22000000	0.13480973712456
chr2	22000001	22500000	0.107918171709429
chr2	22500001	23000000	0.220614979090003
chr2	23000001	23500000	0.124475632546623
chr2	23500001	24000000	0.0936562471194794
chr2	24000001	24500000	0.156380639202295
chr2	24500001	25000000	0.169298989874625
chr2	25000001	25500000	0.179803587844646
chr2	25500001	26000000	0.141018228995263
chr2	26000001	26500000	0.0894564715188763
chr2	26500001	27000000	0.12242704863632
chr2	27000001	27500000	0.179955306203416
chr2	27500001	28000000	0.210050051597579
chr2	28000001	28500000	0.254462337273906
chr2	28500001	29000000	0.158430938821708
chr2	29000001	29500000	0.101219572546266
chr2	29500001	30000000	0.191596583000217
chr2	30000001	30500000	0.147903844867648
chr2	30500001	31000000	0.218290232058211
chr2	31000001	31500000	NA
chr2	31500001	32000000	NA
chr2	32000001	32500000	0.138116760826578
chr2	32500001	33000000	NA
chr2	33000001	33500000	0.0048627204101329
chr2	33500001	34000000	0.177272578692406
chr2	34000001	34500000	0.142932831215867
chr2	34500001	35000000	0.104979657754369
chr2	35000001	35500000	0.105085065047815
chr2	35500001	36000000	0.131571332373512
chr2	36000001	36500000	0.141568831479501
chr2	36500001	37000000	0.13941644357173
chr2	37000001	37500000	0.17051560260537
chr2	37500001	38000000	0.294109044172344
chr2	38000001	38500000	0.126778282899527
chr2	38500001	39000000	0.203195737868145
chr2	39000001	39500000	0.0962810034357252
chr2	39500001	40000000	0.159676854559457
chr2	40000001	40500000	0.144714825358114
chr2	40500001	41000000	0.168236537207258
chr2	41000001	41500000	0.091724059473311
chr2	41500001	42000000	0.185576223721902
chr2	42000001	42500000	0.131316667670567
chr2	42500001	43000000	0.173399520322073
chr2	43000001	43500000	0.190809264333542
chr2	43500001	44000000	0.078571096490196
chr2	44000001	44500000	0.184161414786968
chr2	44500001	45000000	0.112276819550036
chr2	45000001	45500000	0.136971292129878
chr2	45500001	46000000	0.180132858216279
chr2	46000001	46500000	0.169590651180359
chr2	46500001	47000000	0.155868906661128
chr2	47000001	47500000	0.0834626046500337
chr2	47500001	48000000	0.133083282058054
chr2	48000001	48500000	0.216903069057537
chr2	48500001	49000000	0.0275761751668875
chr2	49000001	49500000	0.0984849471068806
chr2	49500001	50000000	0.156773467571099
chr2	50000001	50500000	0.0839785085255824
chr2	50500001	51000000	0.187289056705634
chr2	51000001	51500000	0.139756788370798
chr2	51500001	52000000	0.183514625273572
chr2	52000001	52500000	0.144340606149571
chr2	52500001	53000000	0.115115821115524
chr2	53000001	53500000	0.149423659752532
chr2	53500001	54000000	0.18925545029261
chr2	54000001	54500000	0.190801121897742
chr2	54500001	55000000	0.224318420133428
chr2	55000001	55500000	0.141676177395645
chr2	55500001	56000000	0.118194058648656
chr2	56000001	56500000	0.224319173039156
chr2	56500001	57000000	0.328516091513901
chr2	57000001	57500000	0.26505652513971
chr2	57500001	58000000	0.255631289986292
chr2	58000001	58500000	0.247434891117099
chr2	58500001	59000000	0.177520273349963
chr2	59000001	59500000	0.160042279698452
chr2	59500001	60000000	0.157305653695288
chr2	60000001	60500000	0.240884557328511
chr2	60500001	61000000	0.207553817412526
chr2	61000001	61500000	0.143711367387473
chr2	61500001	62000000	0.0895649720700622
chr2	62000001	62500000	0.0754618582873145
chr2	62500001	63000000	-0.0393519603119124
chr2	63000001	63500000	0.039947511400175
chr2	63500001	64000000	0.0116912669444369
chr2	64000001	64500000	0.0877310981218716
chr2	64500001	65000000	0.151066197231429
chr2	65000001	65500000	-0.0141588539803925
chr2	65500001	66000000	-0.0181987573742794
chr2	66000001	66500000	0.0222431902825173
chr2	66500001	67000000	-0.0490502688695619
chr2	67000001	67500000	-0.0408687362303131
chr2	67500001	68000000	-0.0472267844164591
chr2	68000001	68500000	0.0455217883066394
chr2	68500001	69000000	0.117119132480362
chr2	69000001	69500000	0.0186535924596216
chr2	69500001	70000000	0.0922589758785414
chr2	70000001	70500000	0.0832994071347348
chr2	70500001	71000000	0.0105435906196238
chr2	71000001	71500000	-0.00448233858161781
chr2	71500001	72000000	0.00378200185019808
chr2	72000001	72500000	-0.00968897844109431
chr2	72500001	73000000	0.0600984814767205
chr2	73000001	73500000	0.0162652682067683
chr2	73500001	74000000	0.000171419879516937
chr2	74000001	74500000	-0.00719184982296522
chr2	74500001	75000000	0.175261841050257
chr2	75000001	75500000	-0.0921974504939255
chr2	75500001	76000000	-0.0696958045586583
chr2	76000001	76500000	0.0050171372536131
chr2	76500001	77000000	0.0296434864534436
chr2	77000001	77500000	0.0412577872274216
chr2	77500001	78000000	0.024923104519884
chr2	78000001	78500000	0.0112461361947301
chr2	78500001	79000000	0.0358299336993052
chr2	79000001	79500000	0.0580829078856991
chr2	79500001	80000000	-0.0296754594700531
chr2	80000001	80500000	-0.00632835133189822
chr2	80500001	81000000	-0.020560757282891
chr2	81000001	81500000	0.0170217388865755
chr2	81500001	82000000	-0.00661420278891202
chr2	82000001	82500000	-0.0189588368839467
chr2	82500001	83000000	0.0601787835450548
chr2	83000001	83500000	-0.0508249721580591
chr2	83500001	84000000	-0.0425756721162443
chr2	84000001	84500000	0.0522533782832295
chr2	84500001	85000000	0.0294150251126843
chr2	85000001	85500000	-0.0129444089744525
chr2	85500001	86000000	-0.00736630904827593
chr2	86000001	86500000	-0.0257662493295654
chr2	88000001	88500000	-0.0359169019391181
chr2	88500001	89000000	0.038175788792008
chr2	96500001	97000000	0.0305804090093994
chr2	97500001	98000000	-0.0314308311837664
chr2	98000001	98500000	0.0545918268033173
chr2	98500001	99000000	0.0612807136101697
chr2	99000001	99500000	0.0298343233100821
chr2	99500001	100000000	0.0157537091815429
chr2	100000001	100500000	0.0284544338198519
chr2	100500001	101000000	-0.128064680743716
chr2	101000001	101500000	0.0769113366281629
chr2	101500001	102000000	0.0826686353009003
chr2	102000001	102500000	0.0568593024816787
chr2	102500001	103000000	-0.0155818839327161
chr2	103000001	103500000	-0.0489993167248634
chr2	103500001	104000000	0.0384522626730401
chr2	104000001	104500000	-0.0829925708979539
chr2	104500001	105000000	0.0115379958400044
chr2	105000001	105500000	-0.0575097894121072
chr2	105500001	106000000	0.0535453214745181
chr2	106000001	106500000	0.00730799376551047
chr2	106500001	107000000	0.0698381007135364
chr2	107000001	107500000	0.0193620173184557
chr2	107500001	108000000	-0.0124986379871167
chr2	108000001	108500000	-0.0258568144233099
chr2	108500001	109000000	0.000382585194449067
chr2	109000001	109500000	NA
chr2	110500001	111000000	-0.143912052071696
chr2	111000001	111500000	-0.0690703214508701
chr2	112000001	112500000	-0.0129636934229263
chr2	112500001	113000000	0.129197613901482
chr2	113000001	113500000	0.186783556973928
chr2	113500001	114000000	0.0620057396846627
chr2	114000001	114500000	-0.0210633956367997
chr2	114500001	115000000	-0.0212038796466327
chr2	115000001	115500000	-0.024543440868316
chr2	115500001	116000000	0.00256044484572984
chr2	116000001	116500000	0.024601125949368
chr2	116500001	117000000	-0.0847927559719936
chr2	117000001	117500000	-0.0662906632225716
chr2	117500001	118000000	0.0220242248320151
chr2	118000001	118500000	-0.00926213537196581
chr2	118500001	119000000	0.040462220771361
chr2	119000001	119500000	-0.08202666304568
chr2	119500001	120000000	0.011311201654582
chr2	120000001	120500000	-0.026873951858479
chr2	120500001	121000000	-0.0491669143810223
chr2	121000001	121500000	-0.0410069788970648
chr2	121500001	122000000	0.0551216995103464
chr2	122000001	122500000	0.0469893059606347
chr2	122500001	123000000	0.0292623138447565
chr2	123000001	123500000	0.0559919629219485
chr2	123500001	124000000	0.0104456488180092
chr2	124000001	124500000	0.0164096548153971
chr2	124500001	125000000	-0.0176122072918452
chr2	125000001	125500000	-0.0646810349197632
chr2	125500001	126000000	-0.0586964396119027
chr2	126000001	126500000	-0.00571924328958714
chr2	126500001	127000000	-0.00175765849258225
chr2	127000001	127500000	-0.0242286583256885
chr2	127500001	128000000	-0.00378208022000592
chr2	128000001	128500000	-0.0421987811217872
chr2	128500001	129000000	-0.1143042923691
chr2	129000001	129500000	-0.103682093781406
chr2	129500001	130000000	-0.141918286871839
chr2	132500001	133000000	0.0291541341820272
chr2	133000001	133500000	-0.00915374236443447
chr2	133500001	134000000	-0.0961154349299681
chr2	134000001	134500000	0.00898309917996369
chr2	134500001	135000000	-0.00825139439522156
chr2	135000001	135500000	0.0228394079084446
chr2	135500001	136000000	-0.0282356713247235
chr2	136000001	136500000	0.125201572726872
chr2	136500001	137000000	0.00829936193400852
chr2	137000001	137500000	-0.0346148239548158
chr2	137500001	138000000	-0.0600569394720943
chr2	138000001	138500000	-0.0294730058020561
chr2	138500001	139000000	-0.0160500199520127
chr2	139000001	139500000	-0.0496957414972234
chr2	139500001	140000000	-0.0351806441606035
chr2	140000001	140500000	-0.029822574003823
chr2	140500001	141000000	0.000319973577408494
chr2	141000001	141500000	0.00478002523206763
chr2	141500001	142000000	0.04180331510814
chr2	142000001	142500000	-0.0978738484403028
chr2	142500001	143000000	-0.0291991082979492
chr2	143000001	143500000	0.0319860430845486
chr2	143500001	144000000	0.0283040764157932
chr2	144000001	144500000	0.0209345972545855
chr2	144500001	145000000	0.0790868054798734
chr2	145000001	145500000	0.020305364602533
chr2	145500001	146000000	0.0641899328914545
chr2	146000001	146500000	0.00146076231356745
chr2	146500001	147000000	0.0727709647267601
chr2	147000001	147500000	0.0173033015665316
chr2	147500001	148000000	-0.0381355530455218
chr2	148000001	148500000	0.0772026144528536
chr2	148500001	149000000	0.191790615647794
chr2	149000001	149500000	0.0806653049605046
chr2	149500001	150000000	-0.000689246401993737
chr2	150000001	150500000	0.0028307960728389
chr2	150500001	151000000	-0.0492322317357275
chr2	151000001	151500000	-0.00516922481118263
chr2	151500001	152000000	0.0268415696700441
chr2	152000001	152500000	-0.0320255273110813
chr2	152500001	153000000	-0.0253358137462033
chr2	153000001	153500000	-0.166744388843498
chr2	153500001	154000000	-0.000580723441913379
chr2	154000001	154500000	0.0129085996754745
chr2	154500001	155000000	0.0302212430972795
chr2	155000001	155500000	-0.0355874083284608
chr2	155500001	156000000	-0.0292745580497435
chr2	156000001	156500000	0.0024729155877936
chr2	156500001	157000000	-0.0367332219721018
chr2	157000001	157500000	0.0362508621301088
chr2	157500001	158000000	-0.0665108659770473
chr2	158000001	158500000	-0.0150883414084212
chr2	158500001	159000000	-0.0741402045651402
chr2	159000001	159500000	0.0469242834754703
chr2	159500001	160000000	0.0791787024798401
chr2	160000001	160500000	-0.0207816051089169
chr2	160500001	161000000	-0.00787425497830366
chr2	161000001	161500000	0.0156286239342716
chr2	161500001	162000000	0.0121805792810807
chr2	162000001	162500000	0.00871156025078094
chr2	162500001	163000000	-0.0457057674832248
chr2	163000001	163500000	0.0117706853771756
chr2	163500001	164000000	-0.0227398245793623
chr2	164000001	164500000	-0.00968502910212323
chr2	164500001	165000000	0.0337694254615048
chr2	165000001	165500000	-0.0405332440999247
chr2	165500001	166000000	0.0431874645056779
chr2	166000001	166500000	-0.031256013073431
chr2	166500001	167000000	-0.0582247994143162
chr2	167000001	167500000	-0.00463411595555588
chr2	167500001	168000000	-0.0506593301467852
chr2	168000001	168500000	0.0483743622196171
chr2	168500001	169000000	0.026499810836343
chr2	169000001	169500000	0.0781462662503397
chr2	169500001	170000000	-0.086223725974791
chr2	170000001	170500000	-0.0614301868513814
chr2	170500001	171000000	-0.0128714462710227
chr2	171000001	171500000	-0.0351918441603514
chr2	171500001	172000000	-0.0833571469504371
chr2	172000001	172500000	0.0700231085488467
chr2	172500001	173000000	0.00484366908844374
chr2	173000001	173500000	0.0385646762926439
chr2	173500001	174000000	-0.013577757622595
chr2	174000001	174500000	-0.0177241147969218
chr2	174500001	175000000	0.051794267873071
chr2	175000001	175500000	0.0339047049177161
chr2	175500001	176000000	-0.00374069116600443
chr2	176000001	176500000	0.00968498301866541
chr2	176500001	177000000	-0.058094606832917
chr2	177000001	177500000	-0.0191327992022842
chr2	177500001	178000000	-0.044162817404602
chr2	178000001	178500000	0.0412737273584085
chr2	178500001	179000000	0.0179357840629996
chr2	179000001	179500000	0.0225802136012759
chr2	179500001	180000000	-0.0323649426121546
chr2	180000001	180500000	-0.0597406287079195
chr2	180500001	181000000	-0.0576673817756456
chr2	181000001	181500000	0.013124356623145
chr2	181500001	182000000	-0.020354346568665
chr2	182000001	182500000	-0.024528625150136
chr2	182500001	183000000	-0.0418734038989239
chr2	183000001	183500000	-0.0763566387289488
chr2	183500001	184000000	0.0529061775999233
chr2	184000001	184500000	0.051321273319344
chr2	184500001	185000000	0.00881160054257026
chr2	185000001	185500000	0.0350812550210995
chr2	185500001	186000000	-0.00568619531589947
chr2	186000001	186500000	0.0288963129288335
chr2	186500001	187000000	-0.0556328043906037
chr2	187000001	187500000	0.0248872919001609
chr2	187500001	188000000	-0.00462245064922047
chr2	188000001	188500000	0.0292746771984272
chr2	188500001	189000000	0.0494866140895368
chr2	189000001	189500000	-0.0561162891348758
chr2	189500001	190000000	0.0482379651320565
chr2	190000001	190500000	0.0700375578930667
chr2	190500001	191000000	0.0249578193173599
chr2	191000001	191500000	-0.00835609335992689
chr2	191500001	192000000	-0.0261258651287484
chr2	192000001	192500000	0.00906639438002885
chr2	192500001	193000000	0.0223837201269533
chr2	193000001	193500000	NA
chr2	193500001	194000000	0.016150119348103
chr2	194000001	194500000	0.0190606192414336
chr2	194500001	195000000	0.0649657688509103
chr2	195000001	195500000	-0.0990539444868078
chr2	195500001	196000000	-0.0282001633415179
chr2	196000001	196500000	0.0386194552430853
chr2	196500001	197000000	0.0202914275306104
chr2	197000001	197500000	0.105540595064445
chr2	197500001	198000000	0.0163016262204781
chr2	198000001	198500000	-0.0636998882108425
chr2	198500001	199000000	-0.0582325978408067
chr2	199000001	199500000	0.0425230739184533
chr2	199500001	200000000	-0.0620225533207328
chr2	200000001	200500000	-0.0462026279339818
chr2	200500001	201000000	-0.0149071605670532
chr2	201000001	201500000	0.119477355902862
chr2	201500001	202000000	-0.0439499157062426
chr2	202000001	202500000	-0.0499451309933979
chr2	202500001	203000000	0.0359438379366722
chr2	203000001	203500000	-0.0994859520910141
chr2	203500001	204000000	0.0502032944808093
chr2	204000001	204500000	0.0373469239763127
chr2	204500001	205000000	0.0354692484511998
chr2	205000001	205500000	-0.0144395000987089
chr2	205500001	206000000	0.00178420568422124
chr2	206000001	206500000	-0.0282297739519173
chr2	206500001	207000000	-0.0315301398430286
chr2	207000001	207500000	0.0779643506255205
chr2	207500001	208000000	0.0374780799893756
chr2	208000001	208500000	-0.0649439508952883
chr2	208500001	209000000	0.0408109303610774
chr2	209000001	209500000	-0.071734735134827
chr2	209500001	210000000	-0.126941987948202
chr2	210000001	210500000	-0.0101809783311356
chr2	210500001	211000000	0.0538025214513242
chr2	211000001	211500000	0.0563122444711018
chr2	211500001	212000000	-0.0868165105664118
chr2	212000001	212500000	-0.062659755967471
chr2	212500001	213000000	0.0461731425961656
chr2	213000001	213500000	-0.0796623268384381
chr2	213500001	214000000	2.38283040542159e-05
chr2	214000001	214500000	-0.0263116693128391
chr2	214500001	215000000	-0.0695688206113591
chr2	215000001	215500000	-0.067918376035929
chr2	215500001	216000000	-0.0333338228042857
chr2	216000001	216500000	0.0777468171972093
chr2	216500001	217000000	0.0711821421372412
chr2	217000001	217500000	0.0200650442538385
chr2	217500001	218000000	0.00295538167840757
chr2	218000001	218500000	0.146714203517256
chr2	218500001	219000000	0.0804246665550436
chr2	219000001	219500000	0.127956309694979
chr2	219500001	220000000	-0.025281199318541
chr2	220000001	220500000	-0.000263217287615009
chr2	220500001	221000000	-0.0413712222490453
chr2	221000001	221500000	-0.0233246935657179
chr2	221500001	222000000	-0.0153619053377323
chr2	222000001	222500000	0.00521011928511269
chr2	222500001	223000000	-0.0171628676230327
chr2	223000001	223500000	-0.0360514660090254
chr2	223500001	224000000	0.00893600931586968
chr2	224000001	224500000	-0.0424966663860192
chr2	224500001	225000000	-0.0133147672067767
chr2	225000001	225500000	-0.0555427762045969
chr2	225500001	226000000	-0.0235860760468957
chr2	226000001	226500000	0.0240328259278619
chr2	226500001	227000000	-0.0214690173818845
chr2	227000001	227500000	0.0508785171352873
chr2	227500001	228000000	-0.0346174085372218
chr2	228000001	228500000	0.0141347743863026
chr2	228500001	229000000	0.0372640875249241
chr2	229000001	229500000	0.0320511338705636
chr2	229500001	230000000	-0.0468551971157717
chr2	230000001	230500000	0.0836764194450463
chr2	230500001	231000000	0.0381094384523469
chr2	231000001	231500000	0.0100253344495853
chr2	231500001	232000000	-0.00613848099855426
chr2	232000001	232500000	0.0130837651302119
chr2	232500001	233000000	-0.0801374359390754
chr2	233000001	233500000	NA
chr2	233500001	234000000	-0.018088537619842
chr2	234000001	234500000	-0.0320754970414627
chr2	234500001	235000000	-0.0509039937209437
chr2	235000001	235500000	-0.0673541105770515
chr2	235500001	236000000	-0.103520688258656
chr2	236000001	236500000	-0.105331954020598
chr2	236500001	237000000	-0.014915972972549
chr2	237000001	237500000	-0.0273449712281487
chr2	237500001	238000000	-0.0847275763316331
chr2	238000001	238500000	0.047885087690773
chr2	238500001	239000000	NA
chr2	239000001	239500000	0.0503929727516191
chr2	239500001	240000000	NA
chr2	240000001	240500000	-0.0850280224020227
chr2	240500001	241000000	0.0109956088154188
chr2	241000001	241500000	0.0484077028599015
chr2	241500001	242000000	0.034165881236228
chr3	1	500000	NA
chr3	500001	1000000	-0.177162665149998
chr3	1000001	1500000	-0.145557942519063
chr3	1500001	2000000	-0.101042977898026
chr3	2000001	2500000	-0.0970435873055471
chr3	2500001	3000000	-0.206147399771999
chr3	3000001	3500000	-0.111173030959978
chr3	3500001	4000000	-0.176780803790347
chr3	4000001	4500000	-0.0942096426641929
chr3	4500001	5000000	-0.161610054929315
chr3	5000001	5500000	-0.0800675734503278
chr3	5500001	6000000	-0.0797342021002078
chr3	6000001	6500000	-0.15238500497279
chr3	6500001	7000000	-0.122265737533747
chr3	7000001	7500000	-0.124401473444669
chr3	7500001	8000000	-0.0592408980065427
chr3	8000001	8500000	-0.117547893795452
chr3	8500001	9000000	-0.148518583054619
chr3	9000001	9500000	-0.0825278010836554
chr3	9500001	10000000	-0.148978349106386
chr3	10000001	10500000	-0.115125763500729
chr3	10500001	11000000	-0.208062719263826
chr3	11000001	11500000	-0.188548676164964
chr3	11500001	12000000	-0.250848332681637
chr3	12000001	12500000	-0.111551011710795
chr3	12500001	13000000	-0.110672990330974
chr3	13000001	13500000	-0.0453284129836757
chr3	13500001	14000000	-0.0201459563098787
chr3	14000001	14500000	-0.0814888174879216
chr3	14500001	15000000	-0.0893718442680333
chr3	15000001	15500000	-0.0939684108903575
chr3	15500001	16000000	-0.151385221203048
chr3	16000001	16500000	-0.152394970754344
chr3	16500001	17000000	NA
chr3	17000001	17500000	-0.121508474343561
chr3	17500001	18000000	-0.116529696721313
chr3	18000001	18500000	-0.193677804196478
chr3	18500001	19000000	-0.131748000119605
chr3	19000001	19500000	-0.183535101733522
chr3	19500001	20000000	-0.148574235762958
chr3	20000001	20500000	-0.118768167122166
chr3	20500001	21000000	-0.211088710964535
chr3	21000001	21500000	-0.134368845057911
chr3	21500001	22000000	-0.113524985905596
chr3	22000001	22500000	-0.149409800165589
chr3	22500001	23000000	-0.178528494658206
chr3	23000001	23500000	-0.213083611968713
chr3	23500001	24000000	-0.110186770594078
chr3	24000001	24500000	-0.192042448077145
chr3	24500001	25000000	-0.225032495191698
chr3	25000001	25500000	-0.181038515662209
chr3	25500001	26000000	-0.198258730027013
chr3	26000001	26500000	-0.127985500200392
chr3	26500001	27000000	-0.141089512208885
chr3	27000001	27500000	-0.218239434078102
chr3	27500001	28000000	-0.178455776347727
chr3	28000001	28500000	-0.183765208876639
chr3	28500001	29000000	-0.128257762122647
chr3	29000001	29500000	-0.152961138851656
chr3	29500001	30000000	-0.169567141494393
chr3	30000001	30500000	-0.0484569852867573
chr3	30500001	31000000	-0.103638641154574
chr3	31000001	31500000	-0.0192833239684182
chr3	31500001	32000000	-0.105982580016791
chr3	32000001	32500000	-0.0723294868275045
chr3	32500001	33000000	-0.171382666186152
chr3	33000001	33500000	-0.0837381324077127
chr3	33500001	34000000	-0.123792595251685
chr3	34000001	34500000	-0.159365845985343
chr3	34500001	35000000	-0.149491062176669
chr3	35000001	35500000	-0.0911068303692135
chr3	35500001	36000000	-0.142590370763891
chr3	36000001	36500000	-0.140407683544362
chr3	36500001	37000000	-0.0940973489935366
chr3	37000001	37500000	-0.155983240846468
chr3	37500001	38000000	-0.000504774687267266
chr3	38000001	38500000	-0.061968158340897
chr3	38500001	39000000	-0.102244405504702
chr3	39000001	39500000	0.00432806300566598
chr3	39500001	40000000	-0.11652645983299
chr3	40000001	40500000	-0.0962418970729647
chr3	40500001	41000000	-0.121269647636871
chr3	41000001	41500000	-0.143597572199901
chr3	41500001	42000000	-0.219136204110294
chr3	42000001	42500000	-0.140362677519694
chr3	42500001	43000000	-0.071754400132744
chr3	43000001	43500000	0.0162981929154131
chr3	43500001	44000000	-0.0929773512276976
chr3	44000001	44500000	-0.133430815219658
chr3	44500001	45000000	-0.0752345397176389
chr3	45000001	45500000	-0.0617161537793755
chr3	45500001	46000000	0.00918419911165108
chr3	46000001	46500000	0.0183641247289404
chr3	46500001	47000000	-0.117537789481575
chr3	47000001	47500000	-0.121744993407098
chr3	47500001	48000000	-0.177214479132309
chr3	48000001	48500000	-0.199853213916742
chr3	48500001	49000000	-0.139606702737482
chr3	49000001	49500000	-0.104546856092893
chr3	49500001	50000000	-0.133318156952578
chr3	50000001	50500000	0.00225773722437319
chr3	50500001	51000000	-0.185407635178743
chr3	51000001	51500000	-0.0835726950238013
chr3	51500001	52000000	-0.111360440313868
chr3	52000001	52500000	-0.120009373968429
chr3	52500001	53000000	-0.0933449782590601
chr3	53000001	53500000	-0.0357867178294073
chr3	53500001	54000000	-0.0932279169956869
chr3	54000001	54500000	-0.175174870524569
chr3	54500001	55000000	-0.116483736989771
chr3	55000001	55500000	-0.162626597988463
chr3	55500001	56000000	-0.135779036812991
chr3	56000001	56500000	-0.161095769606127
chr3	56500001	57000000	-0.0754571753828086
chr3	57000001	57500000	-0.218363161003045
chr3	57500001	58000000	-0.156543346443238
chr3	58000001	58500000	-0.104192418580753
chr3	58500001	59000000	-0.137490280015692
chr3	59000001	59500000	-0.137445664902154
chr3	59500001	60000000	-0.0680510013943835
chr3	60000001	60500000	NA
chr3	60500001	61000000	-0.0813060888009418
chr3	61000001	61500000	-0.214286367831804
chr3	61500001	62000000	-0.147692610257805
chr3	62000001	62500000	-0.0534281566536486
chr3	62500001	63000000	-0.0066886426418598
chr3	63000001	63500000	0.0412724650430688
chr3	63500001	64000000	-0.0185827910516975
chr3	64000001	64500000	0.0316389744790766
chr3	64500001	65000000	0.0418622492722348
chr3	65000001	65500000	0.0209048225216984
chr3	65500001	66000000	-0.0528483965748252
chr3	66000001	66500000	NA
chr3	66500001	67000000	-0.0548677657515968
chr3	67000001	67500000	0.019454447749957
chr3	67500001	68000000	0.0076779975595975
chr3	68000001	68500000	-0.0316788176417353
chr3	68500001	69000000	-0.0530868075358718
chr3	69000001	69500000	0.0148520800849416
chr3	69500001	70000000	-0.0116346635530418
chr3	70000001	70500000	-0.0298392152032292
chr3	70500001	71000000	-0.0315846558651574
chr3	71000001	71500000	-0.0703738981277212
chr3	71500001	72000000	0.0275000386713
chr3	72000001	72500000	0.0736102693425789
chr3	72500001	73000000	-0.0242812490877143
chr3	73000001	73500000	-0.0954542714996268
chr3	73500001	74000000	0.000118959779231514
chr3	74000001	74500000	-0.0311765025994615
chr3	74500001	75000000	0.00187524938081739
chr3	75000001	75500000	-0.0295476685141385
chr3	76000001	76500000	0.0163536198060567
chr3	76500001	77000000	0.0113016439549135
chr3	77000001	77500000	-0.112684201999758
chr3	77500001	78000000	-0.017912297052488
chr3	78000001	78500000	0.00183287403611181
chr3	78500001	79000000	-0.0236037057818157
chr3	79000001	79500000	0.00977835182169387
chr3	79500001	80000000	-0.0194025117620785
chr3	80000001	80500000	0.0438677089608069
chr3	80500001	81000000	-0.138783540044003
chr3	81000001	81500000	-0.0980250644342092
chr3	81500001	82000000	-0.012904784580366
chr3	82000001	82500000	0.0219731439818202
chr3	82500001	83000000	0.0562587123134571
chr3	83000001	83500000	NA
chr3	83500001	84000000	0.0243922379541768
chr3	84000001	84500000	-0.0140151413445412
chr3	84500001	85000000	0.0144694222694063
chr3	85000001	85500000	NA
chr3	85500001	86000000	-0.0730995226884214
chr3	86000001	86500000	0.00518670909284415
chr3	86500001	87000000	-0.00595912013526465
chr3	87000001	87500000	-0.0847796030019965
chr3	94500001	95000000	0.0159749265329935
chr3	95000001	95500000	-0.00806745270307286
chr3	95500001	96000000	0.00703370996629453
chr3	96000001	96500000	-0.0261433057547115
chr3	96500001	97000000	-0.0215223512330424
chr3	97000001	97500000	0.0132670581387083
chr3	97500001	98000000	0.0199811388312044
chr3	98000001	98500000	-0.00320187251747984
chr3	98500001	99000000	0.0012135273339089
chr3	99000001	99500000	-0.0161307841504055
chr3	99500001	100000000	-0.0554367277091114
chr3	100000001	100500000	-0.00967914919613622
chr3	100500001	101000000	-0.0275290817771517
chr3	101000001	101500000	0.0116373648929858
chr3	101500001	102000000	0.0809022326117622
chr3	102000001	102500000	0.00281161805342106
chr3	102500001	103000000	-0.0604817810054285
chr3	103000001	103500000	0.00908850113405948
chr3	103500001	104000000	0.0140770056874293
chr3	104000001	104500000	0.0431020861833575
chr3	104500001	105000000	-0.0124016030924567
chr3	105000001	105500000	-0.00219229891510268
chr3	105500001	106000000	-0.0370630636625538
chr3	106000001	106500000	-0.0268699394876527
chr3	106500001	107000000	-0.02748075822884
chr3	107000001	107500000	-0.0215476330983185
chr3	107500001	108000000	-0.0747144977764295
chr3	108000001	108500000	0.0589878728817158
chr3	108500001	109000000	-0.0362942386840439
chr3	109000001	109500000	-0.0494504004495752
chr3	109500001	110000000	-5.56194100811893e-05
chr3	110000001	110500000	-0.0671161520418757
chr3	110500001	111000000	-0.0265236403436456
chr3	111000001	111500000	-0.041348781048183
chr3	111500001	112000000	-0.0403077133878345
chr3	112000001	112500000	0.057395921561572
chr3	112500001	113000000	0.079966084317172
chr3	113000001	113500000	0.0762837131290036
chr3	113500001	114000000	-0.0219057209698597
chr3	114000001	114500000	0.0350458063601066
chr3	114500001	115000000	0.0132502562469151
chr3	115000001	115500000	-0.0305414994527319
chr3	115500001	116000000	0.0380178066746427
chr3	116000001	116500000	-0.00496741140667235
chr3	116500001	117000000	0.0474487891366493
chr3	117000001	117500000	0.00347539948108198
chr3	117500001	118000000	0.0177788628978455
chr3	118000001	118500000	-0.0547473817514997
chr3	118500001	119000000	0.0602850865053633
chr3	119000001	119500000	0.134120341536424
chr3	119500001	120000000	0.0447155406182867
chr3	120000001	120500000	0.0521175159501268
chr3	120500001	121000000	0.038517110434064
chr3	121000001	121500000	0.00172993292878943
chr3	121500001	122000000	0.0766055475984352
chr3	122000001	122500000	0.057834533106432
chr3	122500001	123000000	0.0819725664662196
chr3	123000001	123500000	-0.037213252544318
chr3	123500001	124000000	0.0260888597900097
chr3	124000001	124500000	0.0331004534995133
chr3	124500001	125000000	-0.0364837932858983
chr3	125000001	125500000	0.0536226070765517
chr3	126000001	126500000	-0.0909704475471184
chr3	126500001	127000000	-0.00673573184210641
chr3	127000001	127500000	-0.0504604618623231
chr3	127500001	128000000	0.0369365239081673
chr3	128000001	128500000	0.0402450136933242
chr3	128500001	129000000	0.0521273896162521
chr3	129000001	129500000	0.0461031303402619
chr3	129500001	130000000	0.0320517588754159
chr3	130500001	131000000	-0.0228477436552462
chr3	131000001	131500000	-0.0138270595484046
chr3	131500001	132000000	0.0709570341970235
chr3	132000001	132500000	-0.0315280039451378
chr3	132500001	133000000	0.0483520308117759
chr3	133000001	133500000	0.0272311110242962
chr3	133500001	134000000	0.0251459484314189
chr3	134000001	134500000	0.042658184400078
chr3	134500001	135000000	0.0947185976867648
chr3	135000001	135500000	-0.0352322137235664
chr3	135500001	136000000	-0.026266627166881
chr3	136000001	136500000	-0.0313631876715027
chr3	136500001	137000000	-0.027094747175766
chr3	137000001	137500000	0.0174391440197062
chr3	137500001	138000000	-0.0241509100569065
chr3	138000001	138500000	0.0122260638590322
chr3	138500001	139000000	0.0429569219134842
chr3	139000001	139500000	0.0148282560401954
chr3	139500001	140000000	0.0511031941447916
chr3	140000001	140500000	-0.0597185109381569
chr3	140500001	141000000	-0.0360597354624917
chr3	141000001	141500000	0.0699155632896234
chr3	141500001	142000000	0.0169776983555296
chr3	142000001	142500000	-0.000553435213618746
chr3	142500001	143000000	-0.0548857890625749
chr3	143000001	143500000	0.0215637453376755
chr3	143500001	144000000	-0.0370661715371221
chr3	144000001	144500000	0.0131898604306341
chr3	144500001	145000000	0.00842665523862878
chr3	145000001	145500000	-0.00583520184999535
chr3	145500001	146000000	-0.0656528099847081
chr3	146000001	146500000	-0.0756509171480527
chr3	146500001	147000000	-0.0615451355637306
chr3	147000001	147500000	0.0521211612998073
chr3	147500001	148000000	-0.0577440539969329
chr3	148000001	148500000	-0.0440648971464889
chr3	148500001	149000000	0.0320356844500538
chr3	149000001	149500000	0.0198092865729812
chr3	149500001	150000000	0.0457631266583937
chr3	150000001	150500000	0.0192447391001429
chr3	150500001	151000000	0.0454199008723959
chr3	151000001	151500000	0.0824895215854499
chr3	151500001	152000000	-0.0183376067786966
chr3	152000001	152500000	0.0166426928943052
chr3	152500001	153000000	-0.0138327479447139
chr3	153000001	153500000	-0.0179764322688882
chr3	153500001	154000000	-0.0124644467854926
chr3	154000001	154500000	0.0194661592141813
chr3	154500001	155000000	0.045260442327643
chr3	155000001	155500000	0.028043438912918
chr3	155500001	156000000	0.0188488289426049
chr3	156000001	156500000	-0.0105251034930664
chr3	156500001	157000000	0.0415750652568822
chr3	157000001	157500000	-0.0212447186574015
chr3	157500001	158000000	-0.0878093913242828
chr3	158000001	158500000	0.0841189673603665
chr3	158500001	159000000	-0.032785705383711
chr3	159000001	159500000	7.2048040746826e-05
chr3	159500001	160000000	0.00733407914546737
chr3	160000001	160500000	-0.00615989399155665
chr3	160500001	161000000	0.211622234401439
chr3	161000001	161500000	0.14396731633781
chr3	161500001	162000000	0.147150767890805
chr3	162000001	162500000	0.187788874916395
chr3	162500001	163000000	-0.0923816078687885
chr3	163000001	163500000	0.135927691290784
chr3	163500001	164000000	0.163796627289785
chr3	164000001	164500000	0.148248808277185
chr3	164500001	165000000	0.164276226599676
chr3	165000001	165500000	0.164085396175569
chr3	165500001	166000000	0.18121338822862
chr3	166000001	166500000	0.166035689932132
chr3	166500001	167000000	0.207880423534755
chr3	167000001	167500000	0.176161767448589
chr3	167500001	168000000	0.179795849676039
chr3	168000001	168500000	0.246720303589877
chr3	168500001	169000000	0.194446369683723
chr3	169000001	169500000	0.166729262586909
chr3	169500001	170000000	0.217843224125633
chr3	170000001	170500000	0.199668257116039
chr3	170500001	171000000	0.231613455867476
chr3	171000001	171500000	0.224499474376482
chr3	171500001	172000000	0.237552688715463
chr3	172000001	172500000	0.22102755171138
chr3	172500001	173000000	0.347954343549413
chr3	173000001	173500000	0.407182195655507
chr3	173500001	174000000	0.339969171316294
chr3	174000001	174500000	0.337814598245718
chr3	174500001	175000000	0.231997998051754
chr3	175000001	175500000	0.213462624183346
chr3	175500001	176000000	0.312763172865123
chr3	176000001	176500000	0.267588299579483
chr3	176500001	177000000	0.23060621242046
chr3	177000001	177500000	0.240022777622819
chr3	177500001	178000000	0.196743264442561
chr3	178000001	178500000	0.234282946443045
chr3	178500001	179000000	0.152939998342328
chr3	179000001	179500000	0.190282933216032
chr3	179500001	180000000	0.21796602099283
chr3	180000001	180500000	0.240785863408942
chr3	180500001	181000000	0.16280419550943
chr3	181000001	181500000	0.193381300436799
chr3	181500001	182000000	0.163875762563243
chr3	182000001	182500000	0.146450026701707
chr3	182500001	183000000	0.204619454024775
chr3	183000001	183500000	0.277811631835584
chr3	183500001	184000000	0.196227952054717
chr3	184000001	184500000	0.268474477726633
chr3	184500001	185000000	0.30470544313965
chr3	185000001	185500000	0.183435213604373
chr3	185500001	186000000	0.0991115415127123
chr3	186000001	186500000	0.321683815116918
chr3	186500001	187000000	0.194951941339947
chr3	187000001	187500000	0.0326829411260267
chr3	187500001	188000000	0.150043530332899
chr3	188000001	188500000	0.21300112691831
chr3	188500001	189000000	0.199798462869993
chr3	189000001	189500000	0.0644360907790962
chr3	189500001	190000000	0.0519500268301795
chr3	190000001	190500000	0.129737277467332
chr3	190500001	191000000	0.0724630716293905
chr3	191000001	191500000	0.121037032031879
chr3	191500001	192000000	0.0206681607671687
chr3	192000001	192500000	0.0641895800900629
chr3	192500001	193000000	0.0939447719505754
chr3	193000001	193500000	0.0103655745723158
chr3	193500001	194000000	-0.0583183180064993
chr3	194000001	194500000	0.0754429935185822
chr3	194500001	195000000	0.0872792390776351
chr3	195000001	195500000	0.112883879660419
chr3	195500001	196000000	0.374820340886682
chr3	196000001	196500000	0.0876464121266642
chr3	196500001	197000000	0.104597754107958
chr3	197000001	197500000	0.0261751007568408
chr3	197500001	198000000	0.0317011346878628
chr4	1	500000	NA
chr4	500001	1000000	0.128898287875909
chr4	1000001	1500000	NA
chr4	1500001	2000000	0.140595792698479
chr4	2000001	2500000	0.12707799329275
chr4	2500001	3000000	0.0490041145977013
chr4	3000001	3500000	0.105611886735274
chr4	3500001	4000000	0.314356325617154
chr4	4500001	5000000	0.100196360710183
chr4	5000001	5500000	0.109044419715745
chr4	5500001	6000000	0.0510321518647425
chr4	6000001	6500000	0.107554458812658
chr4	6500001	7000000	0.14319482010657
chr4	7000001	7500000	0.13292186135041
chr4	7500001	8000000	0.0563666158968349
chr4	8000001	8500000	0.113807478670495
chr4	8500001	9000000	NA
chr4	10000001	10500000	0.163635570735116
chr4	10500001	11000000	0.172899547162974
chr4	11000001	11500000	0.200116755478712
chr4	11500001	12000000	0.15948363499243
chr4	12000001	12500000	0.111094135459926
chr4	12500001	13000000	0.0650391074018663
chr4	13000001	13500000	0.160533659749668
chr4	13500001	14000000	0.135835724569157
chr4	14000001	14500000	0.0414520422927058
chr4	14500001	15000000	0.193725071689404
chr4	15000001	15500000	0.146805659018123
chr4	15500001	16000000	0.267647122572143
chr4	16000001	16500000	0.0812392374007947
chr4	16500001	17000000	0.0577026915135991
chr4	17000001	17500000	0.167127040596911
chr4	17500001	18000000	0.128114903427229
chr4	18000001	18500000	0.198779167472103
chr4	18500001	19000000	0.180383035831255
chr4	19000001	19500000	0.236541977176037
chr4	19500001	20000000	0.0667692963623567
chr4	20000001	20500000	0.0480546100708127
chr4	20500001	21000000	0.119051114192331
chr4	21000001	21500000	0.0861831941104556
chr4	21500001	22000000	0.0987553326394973
chr4	22000001	22500000	0.139568359817642
chr4	22500001	23000000	0.141316484618267
chr4	23000001	23500000	0.107751737513893
chr4	23500001	24000000	0.183588506995636
chr4	24000001	24500000	0.103781585986476
chr4	24500001	25000000	0.0710442568223706
chr4	25000001	25500000	0.0927650984640519
chr4	25500001	26000000	0.0596152417486456
chr4	26000001	26500000	0.184816390045585
chr4	26500001	27000000	0.156620030580329
chr4	27000001	27500000	0.148896093834131
chr4	27500001	28000000	0.16281081963472
chr4	28000001	28500000	0.176266968948588
chr4	28500001	29000000	0.107437094973399
chr4	29000001	29500000	0.125955926719451
chr4	29500001	30000000	0.089836353736642
chr4	30000001	30500000	0.125551624274741
chr4	30500001	31000000	0.18024885663952
chr4	31000001	31500000	0.117457283864448
chr4	31500001	32000000	NA
chr4	32000001	32500000	0.227931613807811
chr4	32500001	33000000	NA
chr4	33000001	33500000	0.219456166986586
chr4	33500001	34000000	0.185400491009706
chr4	34000001	34500000	0.187750599153839
chr4	34500001	35000000	0.291735017906225
chr4	35000001	35500000	0.158972391378402
chr4	35500001	36000000	0.083563242477709
chr4	36000001	36500000	-0.067865803841037
chr4	36500001	37000000	0.03869816657958
chr4	37000001	37500000	-0.0543815678129763
chr4	37500001	38000000	0.0905187077945988
chr4	38000001	38500000	0.0637452332820513
chr4	38500001	39000000	0.0654628978713453
chr4	39000001	39500000	0.0188980366622935
chr4	39500001	40000000	-0.0470544581597318
chr4	40000001	40500000	0.0951709559487672
chr4	40500001	41000000	0.0470780187054053
chr4	41000001	41500000	-2.10652291721125e-08
chr4	41500001	42000000	-0.0533684978540389
chr4	42000001	42500000	-0.0593988636535952
chr4	42500001	43000000	0.0200400275424246
chr4	43000001	43500000	0.0444302522850368
chr4	43500001	44000000	-0.00668769191190127
chr4	44000001	44500000	-0.0313902182225686
chr4	44500001	45000000	-0.0671949399502252
chr4	45000001	45500000	-0.0217344853781203
chr4	45500001	46000000	-0.0400204905154258
chr4	46000001	46500000	0.0205488300443572
chr4	46500001	47000000	-0.0596065519113488
chr4	47000001	47500000	-0.00988426659384979
chr4	47500001	48000000	0.00569326220739089
chr4	52000001	52500000	0.0828933314454693
chr4	52500001	53000000	-0.0115588100734453
chr4	53000001	53500000	0.0329404360965627
chr4	53500001	54000000	0.0507628174262357
chr4	54000001	54500000	0.0360753228449032
chr4	54500001	55000000	0.0557579190095555
chr4	55000001	55500000	0.0449158686062462
chr4	55500001	56000000	-0.0538376115968979
chr4	56000001	56500000	-0.0395789572878303
chr4	56500001	57000000	0.00970756484566446
chr4	57000001	57500000	-0.0330840850214969
chr4	57500001	58000000	2.42848038064782e-05
chr4	58000001	58500000	-0.0406078732052224
chr4	58500001	59000000	NA
chr4	59000001	59500000	-0.0662160642912179
chr4	59500001	60000000	0.0233818993337511
chr4	60000001	60500000	-0.0538102111796184
chr4	60500001	61000000	-0.0122487963754974
chr4	61000001	61500000	-0.0509979451587435
chr4	61500001	62000000	-0.0776642122689826
chr4	62000001	62500000	0.0564016096038416
chr4	62500001	63000000	-0.00891745247110985
chr4	63000001	63500000	0.022853309593047
chr4	63500001	64000000	0.0560644330545875
chr4	64000001	64500000	0.0129030958376041
chr4	64500001	65000000	-0.0166279927741988
chr4	65000001	65500000	-0.0545218657350506
chr4	65500001	66000000	-0.00364379903498969
chr4	66000001	66500000	-0.0114065655604385
chr4	66500001	67000000	-0.0944023613252449
chr4	67000001	67500000	0.0277980209058653
chr4	67500001	68000000	0.0307402614077604
chr4	68000001	68500000	-0.0475258591077779
chr4	68500001	69000000	-0.206438814775918
chr4	69000001	69500000	0.108937490200208
chr4	69500001	70000000	-0.0657685559654676
chr4	70000001	70500000	-0.0427191535596421
chr4	70500001	71000000	-0.0752494045385606
chr4	71000001	71500000	0.0278261814493559
chr4	71500001	72000000	-0.0544624975259489
chr4	72000001	72500000	-0.034387318602562
chr4	72500001	73000000	0.0221334812519453
chr4	73000001	73500000	0.0127353969875791
chr4	73500001	74000000	0.0659149936653417
chr4	74000001	74500000	-0.0468488514449619
chr4	74500001	75000000	-0.0492672989653889
chr4	75000001	75500000	0.0242398577387129
chr4	75500001	76000000	-0.0197948272732273
chr4	76000001	76500000	0.000633938517393105
chr4	76500001	77000000	-0.0926024820914144
chr4	77000001	77500000	0.00730830297284114
chr4	77500001	78000000	-0.066844570648458
chr4	78000001	78500000	0.0497921916120181
chr4	78500001	79000000	0.0923379172868515
chr4	79000001	79500000	-0.0392242540559148
chr4	79500001	80000000	-0.00983679507116025
chr4	80000001	80500000	0.000594320202254882
chr4	80500001	81000000	-0.0429282600808775
chr4	81000001	81500000	-0.00169273860201471
chr4	81500001	82000000	0.0475145301685217
chr4	82000001	82500000	0.0130780732492855
chr4	82500001	83000000	-0.0449720368518419
chr4	83000001	83500000	0.0450414249867291
chr4	83500001	84000000	-0.03073323233402
chr4	84000001	84500000	0.0378186054622007
chr4	84500001	85000000	-0.0164251538828313
chr4	85000001	85500000	-0.0435228708333146
chr4	85500001	86000000	-0.0188025498845985
chr4	86000001	86500000	-0.0248234299835759
chr4	86500001	87000000	-0.00374451845125456
chr4	87000001	87500000	0.0312693116669498
chr4	87500001	88000000	0.0385402207413347
chr4	88000001	88500000	-0.030602735903761
chr4	88500001	89000000	-0.0660858434810252
chr4	89000001	89500000	-0.13488791693421
chr4	89500001	90000000	-0.15616462434421
chr4	90000001	90500000	-0.119030224920739
chr4	90500001	91000000	-0.105485720471637
chr4	91000001	91500000	-0.136344955047479
chr4	91500001	92000000	-0.0750676344330418
chr4	92000001	92500000	-0.125338569082797
chr4	92500001	93000000	-0.0563262385605577
chr4	93000001	93500000	-0.0754702474898941
chr4	93500001	94000000	-0.137703666851707
chr4	94000001	94500000	-0.120241649772299
chr4	94500001	95000000	-0.134641761658069
chr4	95000001	95500000	-0.127811805608842
chr4	95500001	96000000	-0.108646477099993
chr4	96000001	96500000	-0.0174900859491561
chr4	96500001	97000000	-0.0786341822766275
chr4	97000001	97500000	-0.0445960039107708
chr4	97500001	98000000	-0.119924274367205
chr4	98000001	98500000	-0.127597026667423
chr4	98500001	99000000	-0.125041472114844
chr4	99000001	99500000	-0.0319048787628513
chr4	99500001	100000000	-0.0763466146298751
chr4	100000001	100500000	-0.0612763942787543
chr4	100500001	101000000	-0.104795945672458
chr4	101000001	101500000	-0.0592642842389089
chr4	101500001	102000000	-0.0764057985732317
chr4	102000001	102500000	-0.0506411912192335
chr4	102500001	103000000	-0.0275411999619789
chr4	103000001	103500000	-0.0379400391100088
chr4	103500001	104000000	-0.125086646245437
chr4	104000001	104500000	-0.130365786329972
chr4	104500001	105000000	-0.107926487782109
chr4	105000001	105500000	0.00626815784669406
chr4	105500001	106000000	-0.123548385346947
chr4	106000001	106500000	-0.102333098213672
chr4	106500001	107000000	-0.0802565741195357
chr4	107000001	107500000	-0.0875209097188849
chr4	107500001	108000000	-0.0688231972434326
chr4	108000001	108500000	-0.0511776412969373
chr4	108500001	109000000	-0.0770146437201345
chr4	109000001	109500000	-0.120606394642865
chr4	109500001	110000000	-0.134378990575738
chr4	110000001	110500000	-0.205255496714992
chr4	110500001	111000000	-0.165170379020492
chr4	111000001	111500000	-0.0566350769037612
chr4	111500001	112000000	-0.117151089680397
chr4	112000001	112500000	-0.0121421754531475
chr4	112500001	113000000	-0.167437062144801
chr4	113000001	113500000	-0.16985547034709
chr4	113500001	114000000	-0.0797173557370535
chr4	114000001	114500000	-0.173718876934068
chr4	114500001	115000000	-0.12408181350014
chr4	115000001	115500000	-0.129646951646333
chr4	115500001	116000000	-0.146086456578976
chr4	116000001	116500000	0.0589775104786552
chr4	116500001	117000000	0.0655331623702025
chr4	117000001	117500000	0.0804913211061623
chr4	117500001	118000000	0.0614270674536164
chr4	118000001	118500000	0.0513784600860231
chr4	118500001	119000000	0.061194823365334
chr4	119000001	119500000	0.0796727650190672
chr4	119500001	120000000	-0.133235230416359
chr4	120000001	120500000	-0.133408613005261
chr4	120500001	121000000	-0.0440836189943203
chr4	121000001	121500000	-0.0747197992550997
chr4	121500001	122000000	-0.148440415482219
chr4	122000001	122500000	-0.0597572765262094
chr4	122500001	123000000	-0.0617224715882736
chr4	123000001	123500000	-0.0527418316588582
chr4	123500001	124000000	-0.058872430413295
chr4	124000001	124500000	-0.0997304166128293
chr4	124500001	125000000	-0.0701205632375611
chr4	125000001	125500000	-0.0660527113635619
chr4	125500001	126000000	-0.0775221785646225
chr4	126000001	126500000	-0.0920113375990926
chr4	126500001	127000000	-0.138679468252782
chr4	127000001	127500000	-0.053854047954539
chr4	127500001	128000000	-0.0754371009589322
chr4	128000001	128500000	-0.0845167901133321
chr4	128500001	129000000	-0.0386248338805248
chr4	129000001	129500000	-0.0732879683865676
chr4	129500001	130000000	-0.113614850636804
chr4	130000001	130500000	-0.100131791353686
chr4	130500001	131000000	-0.0843428279615171
chr4	131000001	131500000	-0.0309518800768641
chr4	132000001	132500000	0.00453626463515827
chr4	132500001	133000000	-0.0485194021451207
chr4	133000001	133500000	-0.0867510815016518
chr4	133500001	134000000	-0.103302544265652
chr4	134000001	134500000	-0.0860772803997499
chr4	134500001	135000000	-0.0978153959049318
chr4	135000001	135500000	-0.0808503025134272
chr4	135500001	136000000	-0.127780261633435
chr4	136000001	136500000	-0.115656404918255
chr4	136500001	137000000	-0.0969240388393962
chr4	137000001	137500000	-0.10381329668309
chr4	137500001	138000000	-0.115792999747872
chr4	138000001	138500000	-0.106065242365302
chr4	138500001	139000000	-0.113977633811055
chr4	139000001	139500000	-0.0699013329652614
chr4	139500001	140000000	-0.0266599703780216
chr4	140000001	140500000	-0.0932956439180779
chr4	140500001	141000000	-0.105683892570935
chr4	141000001	141500000	-0.12745199167841
chr4	141500001	142000000	-0.0694726592425471
chr4	142000001	142500000	-0.171678518369263
chr4	142500001	143000000	-0.161622557656042
chr4	143000001	143500000	-0.0742337013595187
chr4	143500001	144000000	0.064624540526002
chr4	144000001	144500000	0.0056000340979762
chr4	144500001	145000000	-0.0968964206430756
chr4	145000001	145500000	-0.178334581222831
chr4	145500001	146000000	-0.066941597080203
chr4	146000001	146500000	-0.078668436434212
chr4	146500001	147000000	-0.0271479871473067
chr4	147000001	147500000	-0.00369810493289724
chr4	147500001	148000000	-0.000587152060398589
chr4	148000001	148500000	-0.137857145701896
chr4	148500001	149000000	-0.153104754275166
chr4	149000001	149500000	-0.100013064485214
chr4	149500001	150000000	-0.165160772591236
chr4	150000001	150500000	-0.109701464145255
chr4	150500001	151000000	-0.134129957879287
chr4	151000001	151500000	-0.231716395033909
chr4	151500001	152000000	-0.199715004648249
chr4	152000001	152500000	-0.0825683029633472
chr4	152500001	153000000	0.0151013966345393
chr4	153000001	153500000	-0.0652216495170209
chr4	153500001	154000000	0.0302422291611035
chr4	154000001	154500000	-0.131382497240237
chr4	154500001	155000000	-0.129101190011225
chr4	155000001	155500000	-0.112412991685459
chr4	155500001	156000000	-0.0522892107136139
chr4	156000001	156500000	-0.150104204647634
chr4	156500001	157000000	-0.151845855030662
chr4	157000001	157500000	-0.0684641079021582
chr4	157500001	158000000	-0.12877972590291
chr4	158000001	158500000	-0.0470577125581094
chr4	158500001	159000000	-0.0667576633117917
chr4	159000001	159500000	-0.165478343952288
chr4	159500001	160000000	-0.0376307754314716
chr4	160000001	160500000	-0.0730403744030105
chr4	160500001	161000000	-0.0858105000049118
chr4	161000001	161500000	-0.109739561688386
chr4	161500001	162000000	-0.0815014815630419
chr4	162000001	162500000	-0.0748024238935202
chr4	162500001	163000000	-0.0433388738768323
chr4	163000001	163500000	-0.0999670732358891
chr4	163500001	164000000	-0.0413351095544815
chr4	164000001	164500000	-0.0452247935436067
chr4	164500001	165000000	-0.0974175093096741
chr4	165000001	165500000	-0.0159676952167854
chr4	165500001	166000000	-0.0147037340030221
chr4	166000001	166500000	-0.00716459099717481
chr4	166500001	167000000	0.0300713266372279
chr4	167000001	167500000	0.0218844550354661
chr4	167500001	168000000	-0.103139464724985
chr4	168000001	168500000	-0.0574395436429174
chr4	168500001	169000000	-0.00669387445396516
chr4	169000001	169500000	-0.0217572691777328
chr4	169500001	170000000	-0.0640279016796478
chr4	170000001	170500000	-0.0211885608019067
chr4	170500001	171000000	-0.0206953286873994
chr4	171000001	171500000	-0.0284566530819123
chr4	171500001	172000000	0.0238642799939396
chr4	172000001	172500000	-0.00721773565079548
chr4	172500001	173000000	-0.031860475640238
chr4	173000001	173500000	0.0276346471384948
chr4	173500001	174000000	-0.0353148573038605
chr4	174000001	174500000	-0.04570900923074
chr4	174500001	175000000	-0.0922254029486975
chr4	175000001	175500000	-0.204006809510688
chr4	175500001	176000000	-0.229334470341749
chr4	176000001	176500000	-0.139661284962724
chr4	176500001	177000000	-0.232779407328284
chr4	177000001	177500000	-0.196506962013622
chr4	177500001	178000000	-0.295807542341897
chr4	178000001	178500000	-0.152349450887287
chr4	178500001	179000000	-0.17270328683092
chr4	179000001	179500000	-0.189857348350482
chr4	179500001	180000000	-0.19171832251889
chr4	180000001	180500000	-0.15269409389063
chr4	180500001	181000000	-0.238654778752038
chr4	181000001	181500000	-0.250079694804794
chr4	181500001	182000000	-0.177080057691793
chr4	182000001	182500000	-0.181283496492161
chr4	182500001	183000000	-0.0411244517829232
chr4	183000001	183500000	-0.047180176381348
chr4	183500001	184000000	-0.0400942649228556
chr4	184000001	184500000	-0.112025708740772
chr4	184500001	185000000	-0.13208708864862
chr4	185000001	185500000	-0.264868825917898
chr4	185500001	186000000	-0.184344553305061
chr4	186000001	186500000	-0.191129231488162
chr4	186500001	187000000	-0.156711589348623
chr4	187000001	187500000	-0.273445434414246
chr4	187500001	188000000	-0.148534894410327
chr4	188000001	188500000	-0.0768452669537491
chr4	188500001	189000000	-0.19298160435902
chr4	189000001	189500000	-0.161394304950675
chr5	1	500000	NA
chr5	500001	1000000	0.245751434515302
chr5	1000001	1500000	-0.0889083556591103
chr5	1500001	2000000	-0.0186084481068698
chr5	2000001	2500000	-0.0839102420744715
chr5	2500001	3000000	-0.0128296784599329
chr5	3000001	3500000	-0.0309700264887438
chr5	3500001	4000000	-0.0289858803816373
chr5	4000001	4500000	0.0371261025986397
chr5	4500001	5000000	-0.0552372245870882
chr5	5000001	5500000	-0.00907457441844916
chr5	5500001	6000000	0.0235441247470041
chr5	6000001	6500000	-0.0716969856289073
chr5	6500001	7000000	-0.0166968991278951
chr5	7000001	7500000	-0.00580434568393358
chr5	7500001	8000000	-0.0532446458014663
chr5	8000001	8500000	-0.0599882286700131
chr5	8500001	9000000	0.0196712519876068
chr5	9000001	9500000	0.0410158862890164
chr5	9500001	10000000	-0.00958077989286766
chr5	10000001	10500000	0.0533691681747784
chr5	10500001	11000000	0.0811105699841848
chr5	11000001	11500000	-0.0126501924889959
chr5	11500001	12000000	-0.0568896146488497
chr5	12000001	12500000	-0.000180106460779896
chr5	12500001	13000000	0.0413084507408465
chr5	13000001	13500000	-0.0382221919348804
chr5	13500001	14000000	-0.0403758365317724
chr5	14000001	14500000	-0.0103413172414406
chr5	14500001	15000000	0.0596247100653476
chr5	15000001	15500000	-0.0789690305143077
chr5	15500001	16000000	-0.0112417336130093
chr5	16000001	16500000	-0.00357753819822973
chr5	16500001	17000000	-0.0685292423535426
chr5	17000001	17500000	0.0384838314127971
chr5	17500001	18000000	NA
chr5	18000001	18500000	-0.00175945150825588
chr5	18500001	19000000	0.018209226828175
chr5	19000001	19500000	0.00783805982084151
chr5	19500001	20000000	-0.0458866415059004
chr5	20000001	20500000	-0.0245915455695139
chr5	20500001	21000000	0.039310346745344
chr5	21500001	22000000	0.145331450899632
chr5	22000001	22500000	-0.0643424746597092
chr5	22500001	23000000	0.0167889134614067
chr5	23000001	23500000	0.0228686743962807
chr5	23500001	24000000	0.107469674539025
chr5	24000001	24500000	0.00619699204468203
chr5	24500001	25000000	-0.0476776462235807
chr5	25000001	25500000	0.024438105190833
chr5	25500001	26000000	-0.0441316196710837
chr5	26000001	26500000	0.0768822350350646
chr5	26500001	27000000	0.0624586917116966
chr5	27000001	27500000	-0.0262440640100421
chr5	27500001	28000000	0.00772231551677613
chr5	28000001	28500000	0.0639757275351254
chr5	28500001	29000000	-0.094895302693798
chr5	29000001	29500000	0.0385552506598949
chr5	29500001	30000000	0.0865844361991283
chr5	30000001	30500000	0.0302327564272251
chr5	30500001	31000000	0.0383077157949372
chr5	31000001	31500000	-0.0172569715978303
chr5	31500001	32000000	-0.042276494215493
chr5	32000001	32500000	-0.0725594387705271
chr5	32500001	33000000	0.027692889950694
chr5	33000001	33500000	-0.00759855306350402
chr5	33500001	34000000	-0.00214520273316817
chr5	34500001	35000000	-0.0156152295549262
chr5	35000001	35500000	0.0106669762907948
chr5	35500001	36000000	-0.0307297570255274
chr5	36000001	36500000	0.00309656481988592
chr5	36500001	37000000	0.00123011744522094
chr5	37000001	37500000	0.0540821374671816
chr5	37500001	38000000	0.0774200143644419
chr5	38000001	38500000	0.0266153741997873
chr5	38500001	39000000	-0.0151358323439006
chr5	39000001	39500000	0.0189752265736152
chr5	39500001	40000000	0.019633762811536
chr5	40000001	40500000	0.107801451286955
chr5	40500001	41000000	0.0141576111631888
chr5	41000001	41500000	-0.00937762868113153
chr5	41500001	42000000	-0.0207262855984608
chr5	42000001	42500000	0.0149765499289483
chr5	42500001	43000000	-0.0204632560058985
chr5	43000001	43500000	0.0344908713673226
chr5	43500001	44000000	0.0307431572177372
chr5	44000001	44500000	0.0114206530783714
chr5	44500001	45000000	-0.0638955583092465
chr5	45000001	45500000	0.022148102922389
chr5	51500001	52000000	-0.0231586638856337
chr5	52000001	52500000	0.0152962140461422
chr5	52500001	53000000	0.00430885714051273
chr5	53000001	53500000	-0.0374874102078202
chr5	53500001	54000000	0.021179494402977
chr5	54000001	54500000	0.04215654332886
chr5	54500001	55000000	0.101038770200614
chr5	55000001	55500000	-0.00924231742826196
chr5	55500001	56000000	-0.049701148510233
chr5	56000001	56500000	0.111233026553219
chr5	56500001	57000000	0.114105761384253
chr5	57000001	57500000	-0.0349324621615275
chr5	57500001	58000000	0.0368420035046517
chr5	58000001	58500000	0.00334230892092347
chr5	58500001	59000000	-0.158551247950723
chr5	59000001	59500000	-0.132923733507199
chr5	59500001	60000000	-0.115391227908474
chr5	60000001	60500000	-0.171612328529654
chr5	60500001	61000000	-0.124589749421965
chr5	61000001	61500000	-0.0713231266813754
chr5	61500001	62000000	-0.147940259464822
chr5	62000001	62500000	-0.17113603288429
chr5	62500001	63000000	-0.0953880978500432
chr5	63000001	63500000	-0.200797940451233
chr5	63500001	64000000	-0.197813218397985
chr5	64000001	64500000	-0.102929265348981
chr5	64500001	65000000	-0.0896566121586286
chr5	65000001	65500000	-0.229669702302442
chr5	65500001	66000000	-0.120614073913066
chr5	66000001	66500000	-0.0471916245407086
chr5	66500001	67000000	-0.159450318380098
chr5	67000001	67500000	-0.177428048591469
chr5	67500001	68000000	-0.118953588314802
chr5	68000001	68500000	-0.132248433494584
chr5	68500001	69000000	-0.168488752756325
chr5	69000001	69500000	-0.178966273045979
chr5	71500001	72000000	-0.150022377789837
chr5	72000001	72500000	-0.114951441365094
chr5	72500001	73000000	-0.179857341024924
chr5	73000001	73500000	-0.150050417413628
chr5	73500001	74000000	-0.17337017273357
chr5	74000001	74500000	-0.106672860788483
chr5	74500001	75000000	-0.133880242105058
chr5	75000001	75500000	-0.0503055360482875
chr5	75500001	76000000	-0.0920543510415967
chr5	76000001	76500000	-0.127109487024573
chr5	76500001	77000000	-0.100271475416841
chr5	77000001	77500000	-0.11886575747671
chr5	77500001	78000000	-0.170876563283818
chr5	78000001	78500000	-0.126950715872312
chr5	78500001	79000000	-0.149435653217747
chr5	79000001	79500000	-0.161426597936404
chr5	79500001	80000000	-0.160802709676847
chr5	80000001	80500000	-0.0749535157835191
chr5	80500001	81000000	-0.160699192760743
chr5	81000001	81500000	-0.165448163395795
chr5	81500001	82000000	-0.144413426807689
chr5	82000001	82500000	-0.109756966399227
chr5	82500001	83000000	-0.108293029027362
chr5	83000001	83500000	0.00568466916656698
chr5	83500001	84000000	0.00873429450416133
chr5	84000001	84500000	-0.00321642958383889
chr5	84500001	85000000	-0.0420526443284913
chr5	85000001	85500000	0.00801976673428196
chr5	85500001	86000000	-0.059377914140849
chr5	86000001	86500000	-0.0223751087933514
chr5	86500001	87000000	-0.116440412774643
chr5	87000001	87500000	-0.0627087680165165
chr5	87500001	88000000	-0.0579950740189648
chr5	88000001	88500000	0.092879427729946
chr5	88500001	89000000	0.105257382146666
chr5	89000001	89500000	0.235919955890425
chr5	89500001	90000000	0.162362331483686
chr5	90000001	90500000	0.0680189755544462
chr5	90500001	91000000	0.0620942471502157
chr5	91000001	91500000	0.146648633253467
chr5	91500001	92000000	0.173169778338475
chr5	92000001	92500000	0.108636042915314
chr5	92500001	93000000	0.160310426163795
chr5	93000001	93500000	0.117986064816199
chr5	93500001	94000000	0.120168590493013
chr5	94000001	94500000	0.133573262619058
chr5	94500001	95000000	0.150479642874021
chr5	95000001	95500000	0.115739569133242
chr5	95500001	96000000	0.230235865443624
chr5	96000001	96500000	0.166436552149452
chr5	96500001	97000000	0.152413140103537
chr5	97000001	97500000	0.0965095035242164
chr5	97500001	98000000	0.154679501206072
chr5	98000001	98500000	0.0967853364832274
chr5	98500001	99000000	0.0735514467625024
chr5	99000001	99500000	0.151493117816494
chr5	99500001	100000000	0.10880473996788
chr5	100000001	100500000	0.108936582231309
chr5	100500001	101000000	0.19175742064636
chr5	101000001	101500000	0.130173443398623
chr5	101500001	102000000	0.118352792247543
chr5	102000001	102500000	0.112593627078757
chr5	102500001	103000000	0.10069683810079
chr5	103000001	103500000	0.120279540339009
chr5	103500001	104000000	0.130345024670674
chr5	104000001	104500000	0.210040858828457
chr5	104500001	105000000	0.172212036296789
chr5	105000001	105500000	0.198573897272437
chr5	105500001	106000000	0.215086961994016
chr5	106000001	106500000	0.160258216230719
chr5	106500001	107000000	0.146193623170105
chr5	107000001	107500000	0.12539000035459
chr5	107500001	108000000	0.106484891334535
chr5	108000001	108500000	0.144539847766272
chr5	108500001	109000000	0.140771775427218
chr5	109000001	109500000	0.164918670534106
chr5	109500001	110000000	0.167542247285888
chr5	110000001	110500000	0.240654798038224
chr5	110500001	111000000	0.125898566799607
chr5	111000001	111500000	0.122590664069602
chr5	111500001	112000000	0.14815493157066
chr5	112000001	112500000	0.0773217994438226
chr5	112500001	113000000	0.157808294893214
chr5	113000001	113500000	0.09220775473481
chr5	113500001	114000000	0.10930105536219
chr5	114000001	114500000	0.185884595424558
chr5	114500001	115000000	0.149401865043126
chr5	115000001	115500000	0.152689797572123
chr5	115500001	116000000	0.187201228585982
chr5	116000001	116500000	0.183228294004115
chr5	116500001	117000000	0.123462934880017
chr5	117000001	117500000	0.129250509464834
chr5	117500001	118000000	0.108952159614498
chr5	118000001	118500000	0.177503570329885
chr5	118500001	119000000	0.121539976181619
chr5	119000001	119500000	0.131894032998597
chr5	119500001	120000000	0.155324708902292
chr5	120000001	120500000	0.110183449267803
chr5	120500001	121000000	0.152178568046231
chr5	121000001	121500000	0.106473914811319
chr5	121500001	122000000	0.0947452778659327
chr5	122000001	122500000	0.0958969903276383
chr5	122500001	123000000	0.120995257063523
chr5	123000001	123500000	0.0869428234220274
chr5	123500001	124000000	0.154872970855628
chr5	124000001	124500000	0.147987982648032
chr5	124500001	125000000	0.0891257867946518
chr5	125000001	125500000	0.076851739785326
chr5	125500001	126000000	0.0654171634842586
chr5	126000001	126500000	0.169810175261879
chr5	126500001	127000000	0.164056004710521
chr5	127000001	127500000	0.281230846906303
chr5	127500001	128000000	0.219106624714805
chr5	128000001	128500000	0.0943950659812833
chr5	128500001	129000000	0.064377050045316
chr5	129000001	129500000	0.0653451998918753
chr5	129500001	130000000	0.157700133839899
chr5	130000001	130500000	0.143508652408938
chr5	130500001	131000000	0.186290699969617
chr5	131000001	131500000	0.20903620825017
chr5	131500001	132000000	0.196655147073389
chr5	132000001	132500000	0.250204328649215
chr5	132500001	133000000	0.213819612513386
chr5	133000001	133500000	0.159244149303405
chr5	133500001	134000000	0.170267688717968
chr5	134000001	134500000	0.198890573352921
chr5	134500001	135000000	0.116334137344354
chr5	135000001	135500000	0.120773889533415
chr5	135500001	136000000	0.113932899691593
chr5	136000001	136500000	0.0164576783743176
chr5	136500001	137000000	0.0572583621314432
chr5	137000001	137500000	0.0466857350740983
chr5	137500001	138000000	0.0110270509317144
chr5	138000001	138500000	0.00878865833850201
chr5	138500001	139000000	-0.0315271008325586
chr5	139000001	139500000	NA
chr5	139500001	140000000	-0.0283486026660101
chr5	140000001	140500000	0.0893274487830566
chr5	140500001	141000000	0.0491652799234188
chr5	141000001	141500000	0.0524467009523846
chr5	141500001	142000000	0.090665769357761
chr5	142000001	142500000	0.0802196325079267
chr5	142500001	143000000	0.150747639724101
chr5	143000001	143500000	0.109816671386201
chr5	143500001	144000000	0.0123909553503874
chr5	144000001	144500000	-0.0215474279629204
chr5	144500001	145000000	0.0103770542084689
chr5	145000001	145500000	-0.0350187145311125
chr5	145500001	146000000	0.00431294115940242
chr5	146000001	146500000	-0.00954103841431993
chr5	146500001	147000000	0.0207499452864156
chr5	147000001	147500000	0.017961292533122
chr5	147500001	148000000	-0.0471019299151869
chr5	148000001	148500000	-0.0196073345157146
chr5	148500001	149000000	0.117134823591781
chr5	149000001	149500000	-0.00865902967964946
chr5	149500001	150000000	0.052297625269529
chr5	150000001	150500000	0.107579008752907
chr5	150500001	151000000	0.0897991551150489
chr5	151000001	151500000	0.0477546919670044
chr5	151500001	152000000	0.0421322677003906
chr5	152000001	152500000	0.0465307499410457
chr5	152500001	153000000	-0.0366310578927281
chr5	153000001	153500000	0.0203062796168393
chr5	153500001	154000000	-0.0176003897262305
chr5	154000001	154500000	0.0150087874494335
chr5	154500001	155000000	0.0101472329624318
chr5	155000001	155500000	-0.0834351437081196
chr5	155500001	156000000	NA
chr5	156000001	156500000	-0.00757805044951073
chr5	156500001	157000000	0.0120578836927589
chr5	157000001	157500000	0.056432850991501
chr5	157500001	158000000	0.00894560620663539
chr5	158000001	158500000	0.0290455184480528
chr5	158500001	159000000	0.00632496690834592
chr5	159000001	159500000	-0.0203070062168482
chr5	159500001	160000000	-0.0231297608658147
chr5	160000001	160500000	0.0394815124792159
chr5	160500001	161000000	0.101815339299123
chr5	161000001	161500000	0.0600073354765426
chr5	161500001	162000000	0.00262746662740783
chr5	162000001	162500000	0.0135448033594407
chr5	162500001	163000000	0.029577809279097
chr5	163000001	163500000	0.023405270093114
chr5	163500001	164000000	0.0316668479641471
chr5	164000001	164500000	-0.0843134250158093
chr5	164500001	165000000	-0.0649605503385059
chr5	165000001	165500000	-0.0190169069518947
chr5	165500001	166000000	-0.0560268607098447
chr5	166000001	166500000	0.062051422975886
chr5	166500001	167000000	0.0403925076911485
chr5	167000001	167500000	-0.000859171234911298
chr5	167500001	168000000	0.0834578176816402
chr5	168000001	168500000	-0.0519629386875451
chr5	168500001	169000000	-0.0589241162290859
chr5	169000001	169500000	-0.0872567891096536
chr5	169500001	170000000	0.0962567263066574
chr5	170000001	170500000	0.0983371737861864
chr5	170500001	171000000	-0.0415283643943536
chr5	171000001	171500000	0.00345812507193569
chr5	171500001	172000000	0.162537997241293
chr5	172000001	172500000	0.0236648943653914
chr5	172500001	173000000	0.0740182487356344
chr5	173000001	173500000	-0.063379643923092
chr5	173500001	174000000	0.0267964112073254
chr5	174000001	174500000	0.0473281951683671
chr5	174500001	175000000	-0.0529155011411434
chr5	175000001	175500000	0.00821494059417646
chr5	175500001	176000000	0.0809489988063342
chr5	176500001	177000000	0.0252120629523029
chr5	177000001	177500000	0.0385244663322742
chr5	178000001	178500000	-0.0289307307216073
chr5	178500001	179000000	-0.0114191083589589
chr5	179000001	179500000	-0.0778957080021976
chr5	179500001	180000000	0.0581842421427728
chr5	180000001	180500000	0.027074528155899
chr5	180500001	181000000	0.097555668321837
chr6	500001	1000000	0.0268149354796293
chr6	1000001	1500000	0.00921064359127509
chr6	1500001	2000000	0.0334854283946853
chr6	2000001	2500000	0.110527210666528
chr6	2500001	3000000	0.187581658334256
chr6	3000001	3500000	0.0734139566777175
chr6	3500001	4000000	0.0775008591448091
chr6	4000001	4500000	0.102179361523058
chr6	4500001	5000000	0.134413158849831
chr6	5000001	5500000	0.0622216148324273
chr6	5500001	6000000	0.2000920811045
chr6	6000001	6500000	0.273595496211004
chr6	6500001	7000000	0.221286599062298
chr6	7000001	7500000	0.0346316323005444
chr6	7500001	8000000	0.0335033976984864
chr6	8000001	8500000	0.0805202617781981
chr6	8500001	9000000	-0.0574484339340865
chr6	9000001	9500000	-0.0243951913471697
chr6	9500001	10000000	0.0639261416705115
chr6	10000001	10500000	-0.00902086077925576
chr6	10500001	11000000	0.100442257774521
chr6	11000001	11500000	0.114278331250066
chr6	11500001	12000000	0.14776519787776
chr6	12000001	12500000	0.088486043370856
chr6	12500001	13000000	0.169823974193306
chr6	13000001	13500000	0.312744452556871
chr6	13500001	14000000	0.0837974362539919
chr6	14000001	14500000	0.217758355918411
chr6	14500001	15000000	0.23674294978503
chr6	15000001	15500000	0.184140869225747
chr6	15500001	16000000	0.155826511515526
chr6	16000001	16500000	0.139549305477496
chr6	16500001	17000000	0.197566189088344
chr6	17000001	17500000	0.042236387346628
chr6	17500001	18000000	0.102507138113292
chr6	18000001	18500000	0.207642584018593
chr6	18500001	19000000	0.0990349986349438
chr6	19000001	19500000	0.115029349964603
chr6	19500001	20000000	0.0967731468971247
chr6	20000001	20500000	0.176833549680026
chr6	20500001	21000000	0.160946175582896
chr6	21000001	21500000	0.163603935046465
chr6	21500001	22000000	0.147691264792038
chr6	22000001	22500000	0.0478846195607081
chr6	22500001	23000000	0.16322698712249
chr6	23000001	23500000	0.151828182991327
chr6	23500001	24000000	0.131911854068517
chr6	24000001	24500000	0.145780456821784
chr6	24500001	25000000	0.243394043007975
chr6	25000001	25500000	0.161669718782891
chr6	25500001	26000000	0.143150627671449
chr6	26000001	26500000	0.25178411225356
chr6	27000001	27500000	0.191425751318904
chr6	27500001	28000000	0.0942685570101191
chr6	28000001	28500000	0.206525622857776
chr6	28500001	29000000	0.121686906387818
chr6	29000001	29500000	0.145972144505426
chr6	29500001	30000000	0.178037114244547
chr6	30000001	30500000	0.192229928358101
chr6	30500001	31000000	0.262347121683034
chr6	31000001	31500000	0.272641043258206
chr6	31500001	32000000	0.269570292802817
chr6	32000001	32500000	0.241778155749097
chr6	32500001	33000000	0.324116247938107
chr6	33000001	33500000	0.271954032299211
chr6	33500001	34000000	0.198050054055837
chr6	34000001	34500000	0.266077561113597
chr6	34500001	35000000	0.0600500502359417
chr6	35000001	35500000	0.160694799022898
chr6	35500001	36000000	0.045316783240807
chr6	36000001	36500000	0.151975942075696
chr6	36500001	37000000	0.13096452570325
chr6	37000001	37500000	0.17293829953923
chr6	37500001	38000000	0.111501184461631
chr6	38000001	38500000	-0.00322605674068274
chr6	38500001	39000000	-0.0783970792313935
chr6	39000001	39500000	0.0671166210050573
chr6	39500001	40000000	-0.0135197500617539
chr6	40000001	40500000	-0.00203396881185847
chr6	40500001	41000000	-0.0355917126078749
chr6	41000001	41500000	0.0462575909938189
chr6	41500001	42000000	0.0394416045786357
chr6	42000001	42500000	0.0692163117035129
chr6	42500001	43000000	0.0409956015411815
chr6	43000001	43500000	0.0884025886064827
chr6	43500001	44000000	0.046851851756368
chr6	44000001	44500000	0.0749264155880956
chr6	44500001	45000000	0.0138095297068753
chr6	45000001	45500000	-0.0899704917295095
chr6	45500001	46000000	0.0216325912565907
chr6	46000001	46500000	-0.022119530413591
chr6	46500001	47000000	-0.0156142791946353
chr6	47000001	47500000	-0.0128125275229618
chr6	47500001	48000000	-0.0644219422212625
chr6	48000001	48500000	-0.00715409994180507
chr6	48500001	49000000	0.0275748591340763
chr6	49000001	49500000	-0.0380193257911227
chr6	49500001	50000000	-0.0356340676465015
chr6	50000001	50500000	-0.0473191965497853
chr6	50500001	51000000	0.0387701688055872
chr6	51000001	51500000	0.0232765919044805
chr6	51500001	52000000	-0.0593960428675938
chr6	52000001	52500000	0.122968377657264
chr6	52500001	53000000	0.0408765044533967
chr6	53000001	53500000	0.019805446049652
chr6	53500001	54000000	-0.0172357777716904
chr6	54000001	54500000	-0.0121361604910803
chr6	54500001	55000000	-0.0427042530391942
chr6	55000001	55500000	0.0535952335003848
chr6	55500001	56000000	-0.0325102445791831
chr6	56000001	56500000	-0.0358524949462438
chr6	56500001	57000000	-0.0618907540459448
chr6	57000001	57500000	0.0489045312666705
chr6	63000001	63500000	0.0240942070538675
chr6	63500001	64000000	0.0139704015897023
chr6	64000001	64500000	0.036393832765895
chr6	64500001	65000000	0.0302479523163388
chr6	65000001	65500000	0.0238041268513419
chr6	65500001	66000000	-0.0373221033850483
chr6	66000001	66500000	-0.0517648024662237
chr6	66500001	67000000	0.0486800159434725
chr6	67000001	67500000	NA
chr6	67500001	68000000	-0.0520999104883062
chr6	68000001	68500000	-0.0101108625217253
chr6	68500001	69000000	-0.0620315371182541
chr6	69000001	69500000	-0.0453155827488711
chr6	69500001	70000000	-0.00168492881874865
chr6	70000001	70500000	-0.0501071307982803
chr6	70500001	71000000	0.00523654983661659
chr6	71000001	71500000	0.067199258573198
chr6	71500001	72000000	0.0416492986815263
chr6	72000001	72500000	-0.0892015893819758
chr6	72500001	73000000	-0.024326446388809
chr6	73000001	73500000	-0.00974008998452917
chr6	73500001	74000000	-0.0686600062967532
chr6	74000001	74500000	-0.0042866617239896
chr6	74500001	75000000	-0.0151063300604063
chr6	75000001	75500000	-0.0629050750960759
chr6	75500001	76000000	-0.111134101776127
chr6	76000001	76500000	0.0631986532026281
chr6	76500001	77000000	0.00705110527379796
chr6	77000001	77500000	0.0309934570205858
chr6	77500001	78000000	0.0585217444196549
chr6	78000001	78500000	0.020831490515644
chr6	78500001	79000000	0.0127153839726669
chr6	79000001	79500000	-0.0427706698969745
chr6	79500001	80000000	-0.00540517616745901
chr6	80000001	80500000	0.105848175143285
chr6	80500001	81000000	0.0525862680155661
chr6	81000001	81500000	0.0698336684700036
chr6	81500001	82000000	-0.000397025549089092
chr6	82000001	82500000	-0.0815751758575382
chr6	82500001	83000000	0.0441852915474743
chr6	83000001	83500000	-0.0342811853889083
chr6	83500001	84000000	-0.0252599216635149
chr6	84000001	84500000	-0.0246143728445434
chr6	84500001	85000000	-0.0558551085193853
chr6	85000001	85500000	-0.0312348631275674
chr6	85500001	86000000	0.0466787996939571
chr6	86000001	86500000	0.0524038784047047
chr6	86500001	87000000	0.0603155834713997
chr6	87000001	87500000	-0.0055753875002231
chr6	87500001	88000000	-0.0633193105262475
chr6	88000001	88500000	-0.163741196724486
chr6	88500001	89000000	-0.109943875563731
chr6	89000001	89500000	-0.089633205610877
chr6	89500001	90000000	-0.131142133453084
chr6	90000001	90500000	-0.223484416906377
chr6	90500001	91000000	-0.137854885497923
chr6	91000001	91500000	-0.19025958700989
chr6	91500001	92000000	-0.249948354821372
chr6	92000001	92500000	-0.173105639921332
chr6	92500001	93000000	-0.237062335804791
chr6	93000001	93500000	-0.188593547362801
chr6	93500001	94000000	-0.192022592561038
chr6	94000001	94500000	-0.13669766499777
chr6	94500001	95000000	-0.114331006833449
chr6	95000001	95500000	NA
chr6	95500001	96000000	-0.101593487412743
chr6	96000001	96500000	-0.168023906638416
chr6	96500001	97000000	-0.141001461824027
chr6	97000001	97500000	-0.158109959423995
chr6	97500001	98000000	-0.244451819146601
chr6	98000001	98500000	-0.238462279369781
chr6	98500001	99000000	-0.196743315471745
chr6	99000001	99500000	-0.216021827909021
chr6	99500001	100000000	-0.246945981025916
chr6	100000001	100500000	-0.170479727315565
chr6	100500001	101000000	-0.123417902375804
chr6	101000001	101500000	-0.224588224598353
chr6	101500001	102000000	-0.0984701823291708
chr6	102000001	102500000	-0.16976437485259
chr6	102500001	103000000	-0.134504532295848
chr6	103000001	103500000	-0.209541186931745
chr6	103500001	104000000	-0.182458152971486
chr6	104000001	104500000	-0.180362923430143
chr6	104500001	105000000	-0.129052588082097
chr6	105000001	105500000	-0.239193208298576
chr6	105500001	106000000	-0.0519219118664354
chr6	106000001	106500000	0.0187864413670417
chr6	106500001	107000000	0.129294099031689
chr6	107000001	107500000	-0.0839866795778325
chr6	107500001	108000000	0.00887187744917397
chr6	108000001	108500000	0.0180518921445464
chr6	108500001	109000000	0.0323550609107827
chr6	109000001	109500000	0.0341801776454996
chr6	109500001	110000000	0.0839529417255546
chr6	110000001	110500000	0.0342569523659599
chr6	110500001	111000000	0.0756144930641498
chr6	111000001	111500000	-0.0418687336689923
chr6	111500001	112000000	0.0583919975109672
chr6	112000001	112500000	-0.051751195762846
chr6	112500001	113000000	0.0306223361668578
chr6	113000001	113500000	0.039854348680061
chr6	113500001	114000000	0.0510201590748873
chr6	114000001	114500000	-0.0485010911980432
chr6	114500001	115000000	-0.00878517447971218
chr6	115000001	115500000	NA
chr6	115500001	116000000	0.0273866326713325
chr6	116000001	116500000	0.0170983574073304
chr6	116500001	117000000	0.0457613179275876
chr6	117000001	117500000	-0.0466336536828039
chr6	117500001	118000000	-0.0240749214655213
chr6	118000001	118500000	0.0141775230379613
chr6	118500001	119000000	0.0641556309933282
chr6	119000001	119500000	-0.00545279504114303
chr6	119500001	120000000	-0.0339344130899994
chr6	120000001	120500000	0.0584700157683989
chr6	120500001	121000000	-0.00141460866987139
chr6	121000001	121500000	0.0099378017877597
chr6	121500001	122000000	-0.0755080629038211
chr6	122000001	122500000	-0.00109416717240046
chr6	122500001	123000000	0.053998889325626
chr6	123000001	123500000	0.0160294006466019
chr6	123500001	124000000	-0.00217017464287333
chr6	124000001	124500000	-0.0129619095997137
chr6	124500001	125000000	0.0222304765275451
chr6	125000001	125500000	0.0221325198539844
chr6	125500001	126000000	0.0209768421141872
chr6	126000001	126500000	-0.00323023645859179
chr6	126500001	127000000	-0.0598836217332834
chr6	127000001	127500000	-0.0789142571358162
chr6	127500001	128000000	-0.0333035649412051
chr6	128000001	128500000	-0.050812104002668
chr6	128500001	129000000	0.0105455321150079
chr6	129000001	129500000	-0.0773548799251498
chr6	129500001	130000000	-0.0436381933919714
chr6	130000001	130500000	0.0447271803933672
chr6	130500001	131000000	0.0280260482691649
chr6	131000001	131500000	-0.00819632203213493
chr6	131500001	132000000	-0.0360376251771246
chr6	132000001	132500000	0.0115259846048087
chr6	132500001	133000000	-0.00470295838014551
chr6	133000001	133500000	-0.0346377626179037
chr6	133500001	134000000	0.00891784180394525
chr6	134000001	134500000	0.071800596077501
chr6	134500001	135000000	-0.00621993000345933
chr6	135000001	135500000	0.0508153841738185
chr6	135500001	136000000	-0.0460789345321166
chr6	136000001	136500000	0.0391808502002163
chr6	136500001	137000000	0.0437163537416273
chr6	137000001	137500000	0.0728500797807408
chr6	137500001	138000000	-0.0419481868909191
chr6	138000001	138500000	-0.0390321867479226
chr6	138500001	139000000	-0.00833482328975067
chr6	139000001	139500000	0.0217485676627899
chr6	139500001	140000000	0.0766618765354616
chr6	140000001	140500000	-0.000339457963393491
chr6	140500001	141000000	0.0167693717920389
chr6	141000001	141500000	0.0189705833424166
chr6	141500001	142000000	0.00935521561254074
chr6	142000001	142500000	-0.0405703606007779
chr6	142500001	143000000	-0.0491203583715599
chr6	143000001	143500000	0.0537986080362841
chr6	143500001	144000000	0.0793709800014239
chr6	144000001	144500000	0.0682914130197519
chr6	144500001	145000000	-0.043960575812058
chr6	145000001	145500000	0.0503328529549033
chr6	145500001	146000000	0.0512354803477523
chr6	146000001	146500000	0.0202683703445097
chr6	146500001	147000000	-0.0287271112781251
chr6	147000001	147500000	-0.0215387091650142
chr6	147500001	148000000	0.0291158754153309
chr6	148000001	148500000	-0.0737141328000211
chr6	148500001	149000000	0.0782676816447035
chr6	149000001	149500000	0.0205697830373628
chr6	149500001	150000000	-0.0185208442252357
chr6	150000001	150500000	-0.0364475807226194
chr6	150500001	151000000	-0.0281596225653613
chr6	151000001	151500000	-0.0659660918748429
chr6	151500001	152000000	-0.011537972732354
chr6	152000001	152500000	-0.00575376716846483
chr6	152500001	153000000	0.012946595320069
chr6	153000001	153500000	0.00589538613877473
chr6	153500001	154000000	0.0376981262009162
chr6	154000001	154500000	-0.0126067539326941
chr6	154500001	155000000	-0.0396319496860356
chr6	155000001	155500000	0.0115149647824248
chr6	155500001	156000000	0.0854590469473319
chr6	156000001	156500000	0.0461538836967652
chr6	156500001	157000000	0.0164576162710375
chr6	157000001	157500000	0.064317679211907
chr6	157500001	158000000	-0.0110866067718748
chr6	158000001	158500000	0.0423590478230574
chr6	158500001	159000000	0.00333573276751527
chr6	159000001	159500000	0.0173707269170549
chr6	159500001	160000000	0.0729278409494615
chr6	160000001	160500000	0.0345074307178238
chr6	160500001	161000000	-0.0226295542421806
chr6	161000001	161500000	0.033284529984424
chr6	161500001	162000000	-0.10057574571585
chr6	162000001	162500000	0.0557479230992185
chr6	162500001	163000000	-0.0289528421983794
chr6	163000001	163500000	-0.0443638077577054
chr6	163500001	164000000	-0.0173053455681699
chr6	164000001	164500000	-0.0408472744160975
chr6	164500001	165000000	0.0405410960518429
chr6	165000001	165500000	-0.0468445150112145
chr6	165500001	166000000	-0.0544033027918748
chr6	166000001	166500000	-0.0514486781381715
chr6	166500001	167000000	-0.0305662839504368
chr6	167000001	167500000	-0.0858631099075952
chr6	167500001	168000000	NA
chr6	168000001	168500000	-0.0554579833559732
chr6	168500001	169000000	-0.0538819893474203
chr6	169000001	169500000	-0.0766992279520893
chr6	169500001	170000000	-0.0770561269285512
chr6	170000001	170500000	0.0351594100730846
chr7	1	500000	NA
chr7	500001	1000000	-0.0981875883378391
chr7	1000001	1500000	-0.0109909000196296
chr7	1500001	2000000	-0.0868386020602381
chr7	2000001	2500000	-0.00172138882733947
chr7	2500001	3000000	-0.0316758218253662
chr7	3000001	3500000	-0.0317651001016739
chr7	3500001	4000000	-0.00449472236797699
chr7	4000001	4500000	-0.0805757402602099
chr7	4500001	5000000	-0.0777627755871252
chr7	5000001	5500000	-0.00799327302635616
chr7	5500001	6000000	-0.161568277243389
chr7	6000001	6500000	0.00671789699823988
chr7	7000001	7500000	-0.00540988159538197
chr7	7500001	8000000	0.0083669816433113
chr7	8000001	8500000	0.0406887265116014
chr7	8500001	9000000	0.0188339526629211
chr7	9000001	9500000	0.00255436131268928
chr7	9500001	10000000	0.0474376611932643
chr7	10000001	10500000	0.067203034828523
chr7	10500001	11000000	-0.0316772464504935
chr7	11000001	11500000	0.00639872856022876
chr7	11500001	12000000	0.0223102651438386
chr7	12000001	12500000	0.00676714117120571
chr7	12500001	13000000	-0.0469121583986106
chr7	13000001	13500000	-0.0633868406364495
chr7	13500001	14000000	-0.0921650515429234
chr7	14000001	14500000	0.0211308066241496
chr7	14500001	15000000	0.0604924413166393
chr7	15000001	15500000	-0.0091807279108474
chr7	15500001	16000000	0.01670513461477
chr7	16000001	16500000	-0.0479257793769542
chr7	16500001	17000000	0.0268950226491272
chr7	17000001	17500000	0.0251913395761754
chr7	17500001	18000000	-0.052211261185155
chr7	18000001	18500000	0.0411779685633374
chr7	18500001	19000000	-0.0718381822903432
chr7	19000001	19500000	-0.0552173074567776
chr7	19500001	20000000	-0.0169689795584721
chr7	20000001	20500000	0.0410690359658018
chr7	20500001	21000000	-0.0232917421271639
chr7	21000001	21500000	-0.0409878026819794
chr7	21500001	22000000	0.00528216094491264
chr7	22000001	22500000	-0.0411446942991399
chr7	22500001	23000000	0.207291062522569
chr7	23000001	23500000	0.125637359117104
chr7	23500001	24000000	0.116377788953544
chr7	24000001	24500000	0.157949891543826
chr7	24500001	25000000	0.0759823360223099
chr7	25000001	25500000	0.130339669295505
chr7	25500001	26000000	0.169771757487954
chr7	26000001	26500000	0.177561598594623
chr7	26500001	27000000	0.159669908344504
chr7	27000001	27500000	0.129281086615083
chr7	27500001	28000000	0.159640739856899
chr7	28000001	28500000	0.151122212151348
chr7	28500001	29000000	0.128509386725988
chr7	29000001	29500000	0.135381635808667
chr7	29500001	30000000	0.391386003704475
chr7	30000001	30500000	0.114780821568215
chr7	30500001	31000000	0.0710167145300485
chr7	31000001	31500000	0.0568626859524015
chr7	31500001	32000000	0.0269297957811246
chr7	32000001	32500000	0.0184543081144226
chr7	32500001	33000000	0.0278924713737026
chr7	33000001	33500000	0.00825828629892286
chr7	33500001	34000000	-0.0268758802040727
chr7	34000001	34500000	0.0234165949899178
chr7	34500001	35000000	0.0492404969192042
chr7	35000001	35500000	0.1773353584714
chr7	35500001	36000000	-0.000229804850406707
chr7	36000001	36500000	0.0764497824269457
chr7	36500001	37000000	0.114395193663556
chr7	37000001	37500000	0.134572483301127
chr7	37500001	38000000	0.0740110301142596
chr7	38000001	38500000	0.107828994085323
chr7	38500001	39000000	-0.0441303537284003
chr7	39000001	39500000	-0.026574983956124
chr7	39500001	40000000	0.0170598691077294
chr7	40000001	40500000	-0.0733708884088597
chr7	40500001	41000000	0.00498709688121956
chr7	41000001	41500000	0.0600946037892865
chr7	41500001	42000000	0.0222637965176303
chr7	42000001	42500000	-0.0526554567995811
chr7	42500001	43000000	0.0677224726192956
chr7	43000001	43500000	-0.00287764858003058
chr7	43500001	44000000	0.062441362496601
chr7	44000001	44500000	-0.0172311749026859
chr7	44500001	45000000	0.00149560695489612
chr7	45000001	45500000	0.0289017300945451
chr7	45500001	46000000	0.0395982842919545
chr7	46000001	46500000	-0.0452696628119898
chr7	46500001	47000000	0.012575609824225
chr7	47000001	47500000	-0.0891293557535113
chr7	47500001	48000000	-0.0285079452561289
chr7	48000001	48500000	0.0979526086598541
chr7	48500001	49000000	-0.0436207541051585
chr7	49000001	49500000	-0.0406498145965237
chr7	49500001	50000000	0.051472997738024
chr7	50000001	50500000	0.0825094371468776
chr7	50500001	51000000	0.0200979283425757
chr7	51000001	51500000	0.0180307170711983
chr7	51500001	52000000	0.0229300963188088
chr7	52000001	52500000	0.0734217145433384
chr7	52500001	53000000	0.0234581607419411
chr7	53000001	53500000	-0.00295113366645501
chr7	53500001	54000000	0.0386146710330249
chr7	54000001	54500000	-0.00364376860522013
chr7	54500001	55000000	-0.0633744680585686
chr7	55000001	55500000	-0.0466244975291985
chr7	55500001	56000000	0.0167474304889864
chr7	56000001	56500000	0.011171741001401
chr7	57000001	57500000	-0.101096784978211
chr7	62500001	63000000	NA
chr7	64000001	64500000	0.053078291522982
chr7	64500001	65000000	0.0358907389687943
chr7	66000001	66500000	-0.0172766564476948
chr7	66500001	67000000	-0.0244815527268082
chr7	67000001	67500000	0.183628643223772
chr7	67500001	68000000	0.0168954874629908
chr7	68000001	68500000	0.0204976024875026
chr7	68500001	69000000	-0.0608179400112359
chr7	69000001	69500000	-0.0714428302414898
chr7	69500001	70000000	-0.0484865824160955
chr7	70000001	70500000	-0.00117736173957296
chr7	70500001	71000000	-0.0212771226882418
chr7	71000001	71500000	-0.00669702019527125
chr7	71500001	72000000	0.0340469133796722
chr7	72000001	72500000	-0.0591260964421306
chr7	73500001	74000000	-0.017826930102194
chr7	74000001	74500000	-0.0910672196157849
chr7	75500001	76000000	0.0289074050045161
chr7	76000001	76500000	-0.113651705047152
chr7	77000001	77500000	0.0744180804299824
chr7	77500001	78000000	0.0677886926013698
chr7	78000001	78500000	-0.064713665088146
chr7	78500001	79000000	0.0609705558590098
chr7	79000001	79500000	-0.111725117401238
chr7	79500001	80000000	0.0634104138499544
chr7	80000001	80500000	-0.0232119568342134
chr7	80500001	81000000	-0.0261253738433308
chr7	81000001	81500000	0.0561295147325841
chr7	81500001	82000000	-0.0434238849814248
chr7	82000001	82500000	-0.0566545797898755
chr7	82500001	83000000	0.0135056297613811
chr7	83000001	83500000	-0.00208020434935438
chr7	83500001	84000000	-0.00017287446707299
chr7	84000001	84500000	-0.0566248154024984
chr7	84500001	85000000	0.0163856478207781
chr7	85000001	85500000	0.0715054692960164
chr7	85500001	86000000	0.0663959794079657
chr7	86000001	86500000	-0.0161984050094604
chr7	86500001	87000000	-0.0149916572384659
chr7	87000001	87500000	-0.00262463325521659
chr7	87500001	88000000	0.00803371074326249
chr7	88000001	88500000	0.0643270089099431
chr7	88500001	89000000	0.0502751440119699
chr7	89000001	89500000	8.20003051094989e-05
chr7	89500001	90000000	-0.0128889257046905
chr7	90000001	90500000	0.013640157974234
chr7	90500001	91000000	0.0146364189354645
chr7	91000001	91500000	0.040599295058855
chr7	91500001	92000000	-0.00842871006020951
chr7	92000001	92500000	0.0149941924400859
chr7	92500001	93000000	-0.0281238575260114
chr7	93000001	93500000	0.0430826601181445
chr7	93500001	94000000	0.0194418718860735
chr7	94000001	94500000	0.189296487375639
chr7	94500001	95000000	0.184559530529078
chr7	95000001	95500000	0.176140722986422
chr7	95500001	96000000	0.162103122948344
chr7	96000001	96500000	0.172886968581671
chr7	96500001	97000000	0.181730534154984
chr7	97000001	97500000	0.205832054457523
chr7	97500001	98000000	0.412753925088109
chr7	98000001	98500000	0.168793376319649
chr7	98500001	99000000	0.0936525410420256
chr7	99000001	99500000	0.122004321226871
chr7	99500001	100000000	0.289648158916418
chr7	100000001	100500000	0.162823741283564
chr7	100500001	101000000	0.207592930922845
chr7	101000001	101500000	0.184012324759409
chr7	101500001	102000000	0.153133428540107
chr7	102000001	102500000	0.0895443448479748
chr7	103000001	103500000	0.320354399398597
chr7	103500001	104000000	0.167520809255252
chr7	104000001	104500000	0.179564194389335
chr7	104500001	105000000	0.278151240522584
chr7	105000001	105500000	0.242829791836105
chr7	105500001	106000000	0.247710299516074
chr7	106000001	106500000	0.32749351016891
chr7	106500001	107000000	0.209347600760089
chr7	107000001	107500000	0.191637584370231
chr7	107500001	108000000	0.248552392288868
chr7	108000001	108500000	0.163375027578565
chr7	108500001	109000000	0.224723496593267
chr7	109000001	109500000	0.222999022320224
chr7	109500001	110000000	0.215612129157635
chr7	110000001	110500000	0.191070058637747
chr7	110500001	111000000	0.244530844597517
chr7	111000001	111500000	0.19045278969103
chr7	111500001	112000000	0.232775960188818
chr7	112000001	112500000	0.285308369323647
chr7	112500001	113000000	0.228532580167224
chr7	113000001	113500000	0.290098152645741
chr7	113500001	114000000	0.1539272909765
chr7	114000001	114500000	0.218430817332907
chr7	114500001	115000000	0.164895474609136
chr7	115000001	115500000	0.159869886891477
chr7	115500001	116000000	0.155719885449681
chr7	116000001	116500000	0.1523757733458
chr7	116500001	117000000	0.216063405353228
chr7	117000001	117500000	0.114021164505761
chr7	117500001	118000000	0.151491154756292
chr7	118000001	118500000	0.17900088873768
chr7	118500001	119000000	0.217212571771232
chr7	119000001	119500000	0.246448295300135
chr7	119500001	120000000	0.193892003532157
chr7	120000001	120500000	0.268585455693427
chr7	120500001	121000000	0.195960639274529
chr7	121000001	121500000	0.130581716681498
chr7	121500001	122000000	0.169952828632367
chr7	122000001	122500000	0.225830494010261
chr7	122500001	123000000	0.225191061109399
chr7	123000001	123500000	0.224514784567077
chr7	123500001	124000000	0.107893505783675
chr7	124000001	124500000	0.222008581187017
chr7	124500001	125000000	0.215722030964122
chr7	125000001	125500000	0.1925696863593
chr7	125500001	126000000	0.208127346983192
chr7	126000001	126500000	0.196127678841234
chr7	126500001	127000000	0.228464362729663
chr7	127000001	127500000	0.175077221663178
chr7	127500001	128000000	0.297817175587431
chr7	128000001	128500000	0.344113606008404
chr7	128500001	129000000	0.280215544165393
chr7	129000001	129500000	0.247319327121418
chr7	129500001	130000000	0.267068930229561
chr7	130000001	130500000	0.17976451890171
chr7	130500001	131000000	0.242733404293195
chr7	131000001	131500000	0.249229258972212
chr7	131500001	132000000	0.224934190097661
chr7	132000001	132500000	0.245589659717375
chr7	132500001	133000000	0.301868705767152
chr7	133000001	133500000	0.241438257134148
chr7	133500001	134000000	0.253980097453551
chr7	134000001	134500000	0.245383007806435
chr7	134500001	135000000	0.211736050927434
chr7	135000001	135500000	0.236294476305867
chr7	135500001	136000000	0.209794158893589
chr7	136000001	136500000	0.271495254337588
chr7	136500001	137000000	0.25858428685952
chr7	137000001	137500000	0.215581277528617
chr7	137500001	138000000	0.200026413152611
chr7	138000001	138500000	0.239573916216987
chr7	138500001	139000000	0.212526008401006
chr7	139000001	139500000	0.244963657996592
chr7	139500001	140000000	0.351173187990667
chr7	140000001	140500000	0.229248785388274
chr7	140500001	141000000	0.191703418446375
chr7	141000001	141500000	0.170185674284966
chr7	141500001	142000000	0.221320411921255
chr7	142000001	142500000	0.250761616355117
chr7	142500001	143000000	0.248721209687839
chr7	143000001	143500000	0.28262469684872
chr7	144000001	144500000	0.243979594221851
chr7	144500001	145000000	0.151315125585992
chr7	145000001	145500000	0.204248527574892
chr7	145500001	146000000	0.209538577090952
chr7	146000001	146500000	0.158902784612328
chr7	146500001	147000000	0.244384676008213
chr7	147000001	147500000	0.218459969669162
chr7	147500001	148000000	0.222236092266954
chr7	148000001	148500000	0.107779686566204
chr7	148500001	149000000	0.201536701916068
chr7	149000001	149500000	0.149730013101256
chr7	149500001	150000000	0.0494197090202647
chr7	150500001	151000000	0.178037239706012
chr7	151000001	151500000	0.0984753085271967
chr7	151500001	152000000	0.0305573120046525
chr7	152000001	152500000	0.25225515109508
chr7	152500001	153000000	-0.00051915441491769
chr7	153000001	153500000	0.0966403772620931
chr7	153500001	154000000	0.0087531948132519
chr7	154000001	154500000	0.0823125352635039
chr7	154500001	155000000	NA
chr7	155000001	155500000	0.0658614050466871
chr7	155500001	156000000	0.0389004324839846
chr7	156000001	156500000	-0.0338795183797779
chr7	156500001	157000000	0.0672739045026249
chr7	157000001	157500000	0.00390397205923439
chr7	157500001	158000000	-0.0139260900858071
chr7	158000001	158500000	0.037538230253259
chr7	158500001	159000000	0.0678884220041217
chr7	159000001	159500000	NA
chr8	500001	1000000	-0.187238277955104
chr8	1000001	1500000	-0.0323786705276087
chr8	1500001	2000000	-0.0877033887408065
chr8	2500001	3000000	-0.0853260503117243
chr8	3000001	3500000	-0.0777676633393083
chr8	3500001	4000000	-0.0177679269584939
chr8	4000001	4500000	-0.0903911232926427
chr8	4500001	5000000	-0.0965736784818697
chr8	5000001	5500000	-0.0844346686855439
chr8	5500001	6000000	-0.0704600521605133
chr8	6000001	6500000	-0.0526298117390803
chr8	6500001	7000000	-0.0629573994269642
chr8	8500001	9000000	0.0795979926554137
chr8	9000001	9500000	0.0431702687636719
chr8	9500001	10000000	0.00751985535358523
chr8	10000001	10500000	0.0877887760954137
chr8	10500001	11000000	-0.0439118563825361
chr8	11000001	11500000	-0.0852667558183543
chr8	11500001	12000000	-0.134350417201005
chr8	13000001	13500000	-0.0872772921768793
chr8	13500001	14000000	-0.0953597176699925
chr8	14000001	14500000	0.00985162672812463
chr8	14500001	15000000	-0.0571760351579903
chr8	15000001	15500000	-0.0332295653657058
chr8	15500001	16000000	-0.0197684468590294
chr8	16000001	16500000	0.0209292282663271
chr8	16500001	17000000	-0.0650445974247967
chr8	17000001	17500000	-0.0502729133687492
chr8	17500001	18000000	-0.0541446920134192
chr8	18000001	18500000	-0.0370445445854595
chr8	18500001	19000000	-0.0233127638566301
chr8	19000001	19500000	-0.0642216152983883
chr8	19500001	20000000	0.0933801556777463
chr8	20000001	20500000	0.0136458646811183
chr8	20500001	21000000	-0.0142178101496024
chr8	21000001	21500000	-0.103743598373224
chr8	21500001	22000000	-0.0105234790075336
chr8	22000001	22500000	-0.0884389215387685
chr8	22500001	23000000	0.119240327216303
chr8	23000001	23500000	0.0380864392200791
chr8	23500001	24000000	0.0330075900086613
chr8	24000001	24500000	-0.0843863850211202
chr8	24500001	25000000	0.0161350333464912
chr8	25000001	25500000	0.0903566425730859
chr8	25500001	26000000	0.0235646354531751
chr8	26000001	26500000	-0.0309956188607151
chr8	26500001	27000000	0.00644313610272779
chr8	27000001	27500000	0.0116507354588319
chr8	27500001	28000000	-0.0510631955517176
chr8	28000001	28500000	0.00718256500199077
chr8	28500001	29000000	-0.00714894720162318
chr8	29000001	29500000	0.0844702074064032
chr8	29500001	30000000	0.0576182395181818
chr8	30000001	30500000	-0.0320042922280382
chr8	30500001	31000000	-0.0152313856959354
chr8	31000001	31500000	-0.10025080808996
chr8	31500001	32000000	-0.0681634582035232
chr8	32000001	32500000	-0.0231574202458536
chr8	32500001	33000000	-0.0656668781894537
chr8	33000001	33500000	-0.00797401119271817
chr8	33500001	34000000	-0.0376339701970652
chr8	34000001	34500000	0.0420366992073518
chr8	34500001	35000000	-0.036638549525463
chr8	35000001	35500000	-0.051644330901338
chr8	35500001	36000000	-0.0239068771108224
chr8	36000001	36500000	0.0238557404031191
chr8	36500001	37000000	-0.0756660250852541
chr8	37000001	37500000	-0.0188235981876151
chr8	37500001	38000000	0.0297474753664959
chr8	38000001	38500000	-0.00139458063704354
chr8	38500001	39000000	-0.106875805185562
chr8	39000001	39500000	-0.0461641034597715
chr8	39500001	40000000	-0.0470201792753543
chr8	40000001	40500000	0.00734106669285019
chr8	40500001	41000000	-0.0604017291106061
chr8	41000001	41500000	0.0686037021932885
chr8	41500001	42000000	-0.0562451142910645
chr8	42000001	42500000	-0.0156674782332007
chr8	42500001	43000000	-0.0263371181838503
chr8	47500001	48000000	0.0904478751098492
chr8	48000001	48500000	0.0714224234421201
chr8	48500001	49000000	-0.00463921722669848
chr8	49000001	49500000	-0.0189640424192484
chr8	49500001	50000000	-0.0363525055645271
chr8	50000001	50500000	-0.0348830579889218
chr8	50500001	51000000	0.0270557270832266
chr8	51000001	51500000	-0.0491922467299243
chr8	51500001	52000000	-0.0161369997906647
chr8	52000001	52500000	-0.088511357198255
chr8	52500001	53000000	-0.0729290925452796
chr8	53000001	53500000	-0.0292400981790586
chr8	53500001	54000000	-0.0353230823105252
chr8	54000001	54500000	-0.0953002988403687
chr8	54500001	55000000	0.0383604023223405
chr8	55000001	55500000	-0.128939118805684
chr8	55500001	56000000	0.0231633155616933
chr8	56000001	56500000	-0.0398072808619203
chr8	56500001	57000000	-0.0502176315240423
chr8	57000001	57500000	-0.0466062612317279
chr8	57500001	58000000	0.0543826039595591
chr8	58000001	58500000	0.0695714305419438
chr8	58500001	59000000	-0.0088568938989103
chr8	59000001	59500000	-0.000481071014500199
chr8	59500001	60000000	0.0402672760458204
chr8	60000001	60500000	-0.0597933235337284
chr8	60500001	61000000	0.120286838918888
chr8	61000001	61500000	-0.0390104659880409
chr8	61500001	62000000	0.0322419866207306
chr8	62000001	62500000	-0.0915823923308736
chr8	62500001	63000000	-0.04435095246192
chr8	63000001	63500000	0.0677876060002216
chr8	63500001	64000000	-0.0931151987500002
chr8	64000001	64500000	-0.0125808395923624
chr8	64500001	65000000	-0.0101323264160856
chr8	65000001	65500000	0.0138963847566875
chr8	65500001	66000000	0.0176064212913248
chr8	66000001	66500000	-0.0185898160063486
chr8	66500001	67000000	-0.044685304288847
chr8	67000001	67500000	0.0376154854409314
chr8	67500001	68000000	0.00315457079795643
chr8	68000001	68500000	0.00515967660070003
chr8	68500001	69000000	0.047993041801771
chr8	69000001	69500000	-0.0718032138379444
chr8	69500001	70000000	-0.0961844516219995
chr8	70000001	70500000	-0.0128147132767866
chr8	70500001	71000000	0.000837356835407287
chr8	71000001	71500000	-0.0315005699791509
chr8	71500001	72000000	-0.0163002800012502
chr8	72000001	72500000	0.00479244213642306
chr8	72500001	73000000	-0.0252512865155815
chr8	73000001	73500000	-0.0493992746157978
chr8	73500001	74000000	-0.0040104495264453
chr8	74000001	74500000	-0.0228056208169161
chr8	74500001	75000000	0.033694696443436
chr8	75000001	75500000	-0.0778294473557493
chr8	75500001	76000000	-0.0311252078073312
chr8	76000001	76500000	-0.0219544507181918
chr8	76500001	77000000	-0.00139233986971991
chr8	77000001	77500000	-0.0509869974226622
chr8	77500001	78000000	-0.119277395845571
chr8	78000001	78500000	0.000968035436035686
chr8	78500001	79000000	0.0261874602673528
chr8	79000001	79500000	0.0597091621511301
chr8	79500001	80000000	-0.00469287625224742
chr8	80000001	80500000	-0.0824187611920448
chr8	80500001	81000000	-0.0547089067544501
chr8	81000001	81500000	-0.00359043900731379
chr8	81500001	82000000	-0.0245858432596629
chr8	82000001	82500000	-0.0740397022767511
chr8	82500001	83000000	-0.00859090146037054
chr8	83000001	83500000	-0.0464937636400271
chr8	83500001	84000000	-0.00478024791787928
chr8	84000001	84500000	-0.0364473214800531
chr8	84500001	85000000	-0.0353428900666156
chr8	85000001	85500000	-0.0369356522550297
chr8	86000001	86500000	-0.112071248264653
chr8	86500001	87000000	-0.0474717376861535
chr8	87000001	87500000	-0.0328010940236263
chr8	87500001	88000000	-0.0137045604644921
chr8	88000001	88500000	0.00496166037042294
chr8	88500001	89000000	0.0156409905446593
chr8	89000001	89500000	0.00770974889611289
chr8	89500001	90000000	0.0324139599765061
chr8	90000001	90500000	0.0310362675221322
chr8	90500001	91000000	-0.035222863560007
chr8	91000001	91500000	-0.0578688948181615
chr8	91500001	92000000	0.0570787458210683
chr8	92000001	92500000	0.00412152735487604
chr8	92500001	93000000	-0.00526079192401519
chr8	93000001	93500000	-0.0266045298521664
chr8	93500001	94000000	-0.00517222455287945
chr8	94000001	94500000	-0.0658414068691762
chr8	94500001	95000000	0.00158724892473357
chr8	95000001	95500000	0.0628522349959229
chr8	95500001	96000000	-0.0284191078382613
chr8	96000001	96500000	0.0542879310774909
chr8	96500001	97000000	0.0899217018947129
chr8	97000001	97500000	0.0271966793719754
chr8	97500001	98000000	-0.0724729250577463
chr8	98000001	98500000	-0.0340605827837532
chr8	98500001	99000000	0.0558489571349419
chr8	99000001	99500000	0.0371327428337308
chr8	99500001	100000000	-0.0246336464461564
chr8	100000001	100500000	0.0203376410052652
chr8	100500001	101000000	0.0158767255592944
chr8	101000001	101500000	-0.0159653640286045
chr8	101500001	102000000	-0.0154927525329686
chr8	102000001	102500000	0.0230680086054144
chr8	102500001	103000000	-0.0201463102274317
chr8	103000001	103500000	0.0461061905724591
chr8	103500001	104000000	-0.0392385497362863
chr8	104000001	104500000	-0.055020655070354
chr8	104500001	105000000	0.028616828211714
chr8	105000001	105500000	-0.0220454138661539
chr8	105500001	106000000	-0.0922920486944812
chr8	106000001	106500000	-0.0949332800995335
chr8	106500001	107000000	0.0011713645326559
chr8	107000001	107500000	-0.0585660952880716
chr8	107500001	108000000	0.189029759386018
chr8	108000001	108500000	0.10399194474775
chr8	108500001	109000000	0.155060798079511
chr8	109000001	109500000	0.0946246726541209
chr8	109500001	110000000	0.167124919651687
chr8	110000001	110500000	0.133537711063069
chr8	110500001	111000000	0.135980982741809
chr8	111000001	111500000	0.135599542821863
chr8	111500001	112000000	0.101859524290466
chr8	112000001	112500000	0.104028445509706
chr8	112500001	113000000	NA
chr8	113000001	113500000	0.164582715250916
chr8	113500001	114000000	0.133442597605953
chr8	114000001	114500000	0.136080699975853
chr8	114500001	115000000	0.0980047880998519
chr8	115000001	115500000	0.157461834942068
chr8	115500001	116000000	0.188669542139897
chr8	116000001	116500000	0.168229678295999
chr8	116500001	117000000	0.119610903906653
chr8	117000001	117500000	0.2619251555988
chr8	117500001	118000000	0.236919061532684
chr8	118000001	118500000	0.236534329555638
chr8	118500001	119000000	0.269148675702621
chr8	119000001	119500000	0.285884193916252
chr8	119500001	120000000	0.270254017680521
chr8	120000001	120500000	0.176979218047843
chr8	120500001	121000000	0.359444079720707
chr8	121000001	121500000	0.236581555251276
chr8	121500001	122000000	0.221578463255355
chr8	122000001	122500000	0.335746308445152
chr8	122500001	123000000	0.291066861363638
chr8	123000001	123500000	0.274419661734826
chr8	123500001	124000000	0.251250388977091
chr8	124000001	124500000	0.273212539905405
chr8	124500001	125000000	0.266188813093817
chr8	125000001	125500000	0.289618740620687
chr8	125500001	126000000	0.305724916491635
chr8	126000001	126500000	0.259305442735948
chr8	126500001	127000000	0.292451118786089
chr8	127000001	127500000	0.256094550986512
chr8	127500001	128000000	0.217244199060142
chr8	128000001	128500000	0.318479199385098
chr8	128500001	129000000	0.353635218703601
chr8	129000001	129500000	0.325869407762515
chr8	129500001	130000000	0.377608869971698
chr8	130000001	130500000	0.370350961665755
chr8	130500001	131000000	0.312243270985885
chr8	131000001	131500000	0.262944176711911
chr8	131500001	132000000	0.273732543503224
chr8	132000001	132500000	0.234444085364084
chr8	132500001	133000000	0.333356058856894
chr8	133000001	133500000	0.399339604802058
chr8	133500001	134000000	0.341610506112423
chr8	134000001	134500000	0.267762727811724
chr8	134500001	135000000	0.295787405460113
chr8	135000001	135500000	0.343198610836092
chr8	135500001	136000000	0.344439448972197
chr8	136000001	136500000	0.314545512947878
chr8	136500001	137000000	0.297404693177841
chr8	137000001	137500000	0.305159575007196
chr8	137500001	138000000	0.319545744148739
chr8	138000001	138500000	0.249582025960118
chr8	138500001	139000000	0.22791004510864
chr8	139000001	139500000	0.232995086672367
chr8	139500001	140000000	0.264424273607583
chr8	140000001	140500000	0.30672420487921
chr8	140500001	141000000	0.211833443101514
chr8	141000001	141500000	0.383014059468398
chr8	141500001	142000000	0.24113656395192
chr8	142000001	142500000	0.108104765764121
chr8	142500001	143000000	0.113178183486112
chr8	143000001	143500000	0.197707703688792
chr8	143500001	144000000	0.210848874373441
chr8	144000001	144500000	0.157361660447181
chr8	144500001	145000000	0.186232198905403
chr9	500001	1000000	-0.0188137944993052
chr9	1000001	1500000	0.0873992629421179
chr9	1500001	2000000	0.0211868673311931
chr9	2000001	2500000	0.223043933164697
chr9	2500001	3000000	0.282496675118736
chr9	3000001	3500000	0.1239135083122
chr9	3500001	4000000	0.164397562778211
chr9	4000001	4500000	0.176754503994448
chr9	4500001	5000000	0.210020640992212
chr9	5000001	5500000	0.200804446358434
chr9	5500001	6000000	0.248561935249371
chr9	6000001	6500000	0.227519694736308
chr9	6500001	7000000	0.214231179927959
chr9	7000001	7500000	0.208576782649918
chr9	7500001	8000000	0.224904211518114
chr9	8000001	8500000	0.16634437253839
chr9	8500001	9000000	0.157080081976849
chr9	9000001	9500000	0.169043783439269
chr9	9500001	10000000	0.233091592069013
chr9	10000001	10500000	0.202479330637393
chr9	10500001	11000000	0.151358325963806
chr9	11000001	11500000	0.218617566930934
chr9	11500001	12000000	0.173727779822691
chr9	12000001	12500000	0.234552509747812
chr9	12500001	13000000	0.172933731457016
chr9	13000001	13500000	0.208140461628943
chr9	13500001	14000000	0.213576658832082
chr9	14000001	14500000	0.182371713935304
chr9	14500001	15000000	0.118070349926192
chr9	15000001	15500000	0.165348668312448
chr9	15500001	16000000	0.184184592481757
chr9	16000001	16500000	0.183525812904524
chr9	16500001	17000000	0.12686602812505
chr9	17000001	17500000	0.16640994596927
chr9	17500001	18000000	0.182579219220652
chr9	18000001	18500000	0.198704050135409
chr9	18500001	19000000	0.184787359293308
chr9	19000001	19500000	0.242253399368931
chr9	19500001	20000000	0.145119816557255
chr9	20000001	20500000	0.150418175405127
chr9	20500001	21000000	0.196026491839525
chr9	21000001	21500000	0.226470126198752
chr9	21500001	22000000	0.1823835343978
chr9	22000001	22500000	0.136220451628212
chr9	22500001	23000000	0.240663661346261
chr9	23000001	23500000	0.252416895085672
chr9	23500001	24000000	0.265915493049365
chr9	24000001	24500000	0.191457465363439
chr9	24500001	25000000	0.185621039599566
chr9	25000001	25500000	0.246506798089163
chr9	25500001	26000000	0.180293455714718
chr9	26000001	26500000	0.118371918536104
chr9	26500001	27000000	0.127023494926944
chr9	27000001	27500000	0.0768151632588159
chr9	27500001	28000000	0.164366786358992
chr9	28000001	28500000	0.181778125887658
chr9	28500001	29000000	0.129791585728757
chr9	29000001	29500000	0.193608053501678
chr9	29500001	30000000	0.100181538569662
chr9	30000001	30500000	0.134738171565051
chr9	30500001	31000000	0.0533489273960015
chr9	31000001	31500000	0.14581330120737
chr9	31500001	32000000	0.0446311164812764
chr9	32000001	32500000	0.138611525204518
chr9	32500001	33000000	0.0346750142673757
chr9	33000001	33500000	0.103574747324815
chr9	33500001	34000000	0.222179609085061
chr9	34000001	34500000	0.0438847195366878
chr9	34500001	35000000	-0.0123806002140893
chr9	35000001	35500000	0.120133211475207
chr9	35500001	36000000	0.0247914293927825
chr9	36000001	36500000	0.0257511626190545
chr9	36500001	37000000	-0.00649338494703759
chr9	37000001	37500000	-0.0728404757892982
chr9	37500001	38000000	0.017701787462715
chr9	38000001	38500000	-0.0773204528045286
chr9	68500001	69000000	0.0514363932252399
chr9	69000001	69500000	-0.0618006618558321
chr9	69500001	70000000	0.00159389145436913
chr9	70000001	70500000	-0.000950418812001461
chr9	70500001	71000000	-0.0220150189884559
chr9	71000001	71500000	0.0193622199343224
chr9	71500001	72000000	0.0334127724513853
chr9	72000001	72500000	0.0397522378587375
chr9	72500001	73000000	-0.0457301549108065
chr9	73000001	73500000	-0.0225045828577679
chr9	73500001	74000000	-0.0171591845973206
chr9	74000001	74500000	-0.0244948380380414
chr9	74500001	75000000	0.00708857076873167
chr9	75000001	75500000	0.083342225897965
chr9	75500001	76000000	0.0272030484507159
chr9	76000001	76500000	-0.0342203640771242
chr9	76500001	77000000	-0.0167414222998596
chr9	77000001	77500000	-0.0528888474533521
chr9	77500001	78000000	0.0481447007805167
chr9	78000001	78500000	0.16275328675166
chr9	78500001	79000000	0.0445924194030686
chr9	79000001	79500000	0.00276480061123569
chr9	79500001	80000000	0.00634268797810634
chr9	80000001	80500000	-0.0302573875863114
chr9	80500001	81000000	0.00418305447993145
chr9	81000001	81500000	0.0333026785284508
chr9	81500001	82000000	-0.0637115882187224
chr9	82000001	82500000	0.0144416728285471
chr9	82500001	83000000	0.0748376922854576
chr9	83000001	83500000	-0.00377573154151593
chr9	83500001	84000000	-0.114090174526873
chr9	84000001	84500000	-0.0182916631671605
chr9	84500001	85000000	0.00385533286980031
chr9	85000001	85500000	0.0173968882016809
chr9	85500001	86000000	-0.0131401083207491
chr9	86000001	86500000	0.030473098639929
chr9	86500001	87000000	-0.126050194308374
chr9	87000001	87500000	-0.0255217874172557
chr9	87500001	88000000	0.00951902169331313
chr9	88000001	88500000	0.00416746183296562
chr9	88500001	89000000	0.00527021197099503
chr9	89000001	89500000	0.0299566161125382
chr9	89500001	90000000	NA
chr9	90000001	90500000	-0.0176120768644371
chr9	90500001	91000000	-0.0485207229153292
chr9	91000001	91500000	0.0238099138983731
chr9	91500001	92000000	-0.123438334628552
chr9	92000001	92500000	0.0500875977204583
chr9	92500001	93000000	-0.0201382123238135
chr9	93000001	93500000	-0.00239694981293079
chr9	93500001	94000000	-0.0878752939452131
chr9	94000001	94500000	-0.0939896007797914
chr9	94500001	95000000	-0.0610872901271625
chr9	95000001	95500000	-0.0417882723603453
chr9	95500001	96000000	-0.0170201527991148
chr9	96000001	96500000	-0.0675952287034886
chr9	96500001	97000000	-0.0678512798462452
chr9	97000001	97500000	0.123275339061198
chr9	97500001	98000000	0.0236854178985179
chr9	98000001	98500000	-0.00409276884509456
chr9	98500001	99000000	-0.0278549826945169
chr9	99000001	99500000	0.0961078483843489
chr9	99500001	100000000	0.0107795943179579
chr9	100000001	100500000	-0.115566870845379
chr9	100500001	101000000	-0.0311587531325768
chr9	101000001	101500000	0.0697398669011404
chr9	101500001	102000000	0.062654793333675
chr9	102000001	102500000	0.0302557116635795
chr9	102500001	103000000	-0.0116519786470485
chr9	103000001	103500000	0.0411894580447831
chr9	103500001	104000000	0.0340291240000158
chr9	104000001	104500000	-0.0469629520576396
chr9	104500001	105000000	-0.0350215103866091
chr9	105000001	105500000	0.0618508589574151
chr9	105500001	106000000	0.0454295347893104
chr9	106000001	106500000	0.0555137204586351
chr9	106500001	107000000	0.0449586351452958
chr9	107000001	107500000	0.0526428686092762
chr9	107500001	108000000	0.0693025686501922
chr9	108000001	108500000	0.0251967514765097
chr9	108500001	109000000	-0.0742885518054072
chr9	109000001	109500000	-0.167458355306322
chr9	109500001	110000000	-0.0632131951195138
chr9	110000001	110500000	-0.0499369900593732
chr9	110500001	111000000	-0.0709323505806669
chr9	111000001	111500000	-0.0215022926161103
chr9	111500001	112000000	-0.00459532401296159
chr9	112000001	112500000	-0.0456197301015067
chr9	112500001	113000000	-0.0313323078483645
chr9	113000001	113500000	0.131011039031001
chr9	113500001	114000000	0.0275164761545033
chr9	114000001	114500000	-0.0121214084635155
chr9	114500001	115000000	0.0330934077365077
chr9	115000001	115500000	-0.0462627280897099
chr9	115500001	116000000	-0.0879659441960144
chr9	116000001	116500000	-0.0700442004378479
chr9	116500001	117000000	-0.0753716602256393
chr9	117000001	117500000	-0.0801155091839621
chr9	117500001	118000000	-0.0278479041243903
chr9	118000001	118500000	-0.0362924759518525
chr9	118500001	119000000	0.00749895142651875
chr9	119000001	119500000	0.0297826395941391
chr9	119500001	120000000	0.00897092120586915
chr9	120000001	120500000	0.0644330741004673
chr9	120500001	121000000	0.119087504541907
chr9	121000001	121500000	0.123347496285813
chr9	121500001	122000000	0.0297365738560606
chr9	122000001	122500000	-0.0372877325597605
chr9	122500001	123000000	-0.0524908343919576
chr9	123000001	123500000	-0.00264328346393681
chr9	123500001	124000000	0.144229759096229
chr9	124000001	124500000	0.0463365427454926
chr9	124500001	125000000	-0.0476196017915579
chr9	125000001	125500000	-0.0198430223920085
chr9	125500001	126000000	-0.0240694088285207
chr9	126000001	126500000	-0.0121286426031418
chr9	126500001	127000000	-0.0294225277756442
chr9	127000001	127500000	-0.00960048356225041
chr9	127500001	128000000	0.0227077284911411
chr9	128000001	128500000	0.014986443476114
chr9	128500001	129000000	-0.140526772350153
chr9	129000001	129500000	0.0169955390457721
chr9	129500001	130000000	-0.129249143425668
chr9	130000001	130500000	-0.149243219821352
chr9	130500001	131000000	-0.161817894741486
chr9	131000001	131500000	-0.127242742183817
chr9	131500001	132000000	-0.0977848408293661
chr9	132000001	132500000	-0.156387908302946
chr9	132500001	133000000	-0.181608104034978
chr9	133000001	133500000	-0.202002608723976
chr9	133500001	134000000	-0.152238557171952
chr9	134000001	134500000	NA
chr9	134500001	135000000	-0.19438059376027
chr9	135000001	135500000	-0.192948609982358
chr9	135500001	136000000	-0.172478921810688
chr9	136000001	136500000	-0.229477257814833
chr9	136500001	137000000	0.010092778454362
chr9	137000001	137500000	NA
chr9	137500001	138000000	-0.108325327847478
chr10	1	500000	NA
chr10	500001	1000000	-0.00476773854787024
chr10	1000001	1500000	-0.0951968500354718
chr10	1500001	2000000	0.0688605528563373
chr10	2000001	2500000	-0.0413904898699422
chr10	2500001	3000000	-0.00378062501687039
chr10	3000001	3500000	-0.00995405018597585
chr10	3500001	4000000	0.0709253883415387
chr10	4000001	4500000	-0.0175492281660586
chr10	4500001	5000000	-0.0427447726785261
chr10	5000001	5500000	0.0354561153960067
chr10	5500001	6000000	-0.0265554137248773
chr10	6000001	6500000	0.0563192747910467
chr10	6500001	7000000	-0.082967974299635
chr10	7000001	7500000	0.0741867879891983
chr10	7500001	8000000	0.0719081382439684
chr10	8000001	8500000	-0.052271571699363
chr10	8500001	9000000	-0.0254380689706731
chr10	9000001	9500000	-0.0501609819271892
chr10	9500001	10000000	0.018309803182029
chr10	10000001	10500000	-0.0569203204715512
chr10	10500001	11000000	-0.0478511024425212
chr10	11000001	11500000	0.0669646895618817
chr10	11500001	12000000	-0.032789332722895
chr10	12000001	12500000	0.0729885034657533
chr10	12500001	13000000	0.00747450174522862
chr10	13000001	13500000	-0.0713118290359714
chr10	13500001	14000000	-0.0375034303438488
chr10	14000001	14500000	-0.0198346193047181
chr10	14500001	15000000	0.0853882468483854
chr10	15000001	15500000	0.0879097543197571
chr10	15500001	16000000	0.0390929726473274
chr10	16000001	16500000	-0.013785597384426
chr10	16500001	17000000	0.0492635721996567
chr10	17000001	17500000	-0.0284790653633719
chr10	17500001	18000000	-0.0229229289358573
chr10	18000001	18500000	0.00309071399074774
chr10	18500001	19000000	0.0124803412167696
chr10	19000001	19500000	-0.00937148914190876
chr10	19500001	20000000	-0.0442311702880759
chr10	20000001	20500000	0.0503210626871888
chr10	20500001	21000000	0.0283808401770473
chr10	21000001	21500000	-0.0769119033258126
chr10	21500001	22000000	-0.0245458430686336
chr10	22000001	22500000	0.0356145333587359
chr10	22500001	23000000	-0.0586005549189204
chr10	23000001	23500000	-0.077439706498579
chr10	23500001	24000000	0.000491631587232567
chr10	24000001	24500000	-0.0263853748226488
chr10	24500001	25000000	-0.031855299400607
chr10	25000001	25500000	-0.0664640985002442
chr10	25500001	26000000	0.0152434655595199
chr10	26000001	26500000	-0.0515700890869479
chr10	26500001	27000000	0.057746125954189
chr10	27000001	27500000	-0.0166293304762415
chr10	27500001	28000000	-0.00522376487006937
chr10	28000001	28500000	0.00751588040662753
chr10	28500001	29000000	0.00139971483454881
chr10	29000001	29500000	-0.00138323204459586
chr10	29500001	30000000	0.0595306263063035
chr10	30000001	30500000	0.0576631522175849
chr10	30500001	31000000	0.0262426701806162
chr10	31000001	31500000	0.0329863081196692
chr10	31500001	32000000	0.0251550406394192
chr10	32000001	32500000	0.0116903336278652
chr10	32500001	33000000	0.0283371943359018
chr10	33000001	33500000	-0.0092686276530042
chr10	33500001	34000000	-0.0164870973116891
chr10	34000001	34500000	-0.0487694835774774
chr10	34500001	35000000	-0.103926208252696
chr10	35000001	35500000	-0.0331688925662965
chr10	35500001	36000000	-0.0221487417193325
chr10	36000001	36500000	-0.0403985619821658
chr10	36500001	37000000	0.00488523602483149
chr10	37000001	37500000	-0.0243213100566749
chr10	42500001	43000000	0.114777647002913
chr10	43000001	43500000	0.012165620305531
chr10	43500001	44000000	-0.0306055538870929
chr10	44000001	44500000	0.0186953418185888
chr10	44500001	45000000	-0.00511764410615909
chr10	45000001	45500000	0.00865718323869154
chr10	47000001	47500000	-0.0440223467527432
chr10	48000001	48500000	-0.262839214207594
chr10	48500001	49000000	0.0910583372784188
chr10	49000001	49500000	0.0550435782513982
chr10	49500001	50000000	0.0995297450901926
chr10	50000001	50500000	-0.0312574056303614
chr10	50500001	51000000	0.115316876886674
chr10	51000001	51500000	-0.0289188077129812
chr10	51500001	52000000	-0.141272633270623
chr10	52000001	52500000	-0.03306371085835
chr10	52500001	53000000	-0.0661724704229658
chr10	53000001	53500000	NA
chr10	53500001	54000000	0.000987210638330259
chr10	54000001	54500000	0.0127487456625817
chr10	54500001	55000000	0.0544389382503492
chr10	55000001	55500000	0.0227948350596626
chr10	55500001	56000000	0.0182134845155258
chr10	56000001	56500000	-0.00625638604233497
chr10	56500001	57000000	0.0119638717050008
chr10	57000001	57500000	-0.0185468731799925
chr10	57500001	58000000	-0.00776380996924266
chr10	58000001	58500000	NA
chr10	58500001	59000000	-0.0278893082190198
chr10	59000001	59500000	-0.062400303905766
chr10	59500001	60000000	NA
chr10	60000001	60500000	-0.0713372954976609
chr10	60500001	61000000	-0.00309916764324997
chr10	61000001	61500000	-0.0331611074312758
chr10	61500001	62000000	5.95746517387009e-05
chr10	62000001	62500000	-0.00374946879166249
chr10	62500001	63000000	NA
chr10	63000001	63500000	0.0116489522743847
chr10	63500001	64000000	-4.06817752936876e-05
chr10	64000001	64500000	0.0130390637838256
chr10	64500001	65000000	0.0465224150929223
chr10	65000001	65500000	-0.0808139098722728
chr10	65500001	66000000	0.0101293215045026
chr10	66000001	66500000	0.0279025387625469
chr10	66500001	67000000	0.0221929368786461
chr10	67000001	67500000	0.0255856059800542
chr10	67500001	68000000	0.00880936372080483
chr10	68000001	68500000	-0.0291833329384712
chr10	68500001	69000000	-0.0453410126793151
chr10	69000001	69500000	0.0446570839719369
chr10	69500001	70000000	0.0361409246841268
chr10	70000001	70500000	0.0294951015886051
chr10	70500001	71000000	0.0271558840076189
chr10	71000001	71500000	0.070217054957628
chr10	71500001	72000000	0.197921263222304
chr10	72000001	72500000	-0.0298397687324232
chr10	72500001	73000000	-0.0364027305522725
chr10	73000001	73500000	-0.0229943195956668
chr10	73500001	74000000	-0.0927071473061874
chr10	74000001	74500000	0.160581864409365
chr10	74500001	75000000	0.1473576387022
chr10	75000001	75500000	0.0885716620711414
chr10	75500001	76000000	0.088158593747501
chr10	76000001	76500000	0.0985585642911257
chr10	76500001	77000000	-0.0376830165315429
chr10	77000001	77500000	0.0663377953513142
chr10	77500001	78000000	-0.0111277084174783
chr10	78000001	78500000	0.0122536287291826
chr10	78500001	79000000	0.0245071477357576
chr10	79000001	79500000	0.108686381429802
chr10	80000001	80500000	0.0121109004506699
chr10	80500001	81000000	0.0122280013072902
chr10	81000001	81500000	0.00892195528835681
chr10	81500001	82000000	-0.0314832403668135
chr10	82000001	82500000	-0.0195857232130453
chr10	82500001	83000000	-0.0473130689845997
chr10	83000001	83500000	-0.0211001547880367
chr10	83500001	84000000	-0.0543168568381152
chr10	84000001	84500000	0.0214406256436912
chr10	84500001	85000000	0.0303137829359404
chr10	85000001	85500000	-0.0573453821312764
chr10	85500001	86000000	-0.0983655701537055
chr10	86000001	86500000	-0.159603542903979
chr10	86500001	87000000	-0.161285747192002
chr10	87500001	88000000	-0.0787946206737757
chr10	88000001	88500000	0.135472852090283
chr10	88500001	89000000	0.0688795331365719
chr10	89000001	89500000	0.0292775385719752
chr10	89500001	90000000	-0.0700026455093802
chr10	90000001	90500000	-0.0381574035720436
chr10	90500001	91000000	-0.021272301170157
chr10	91000001	91500000	-0.04943271437428
chr10	91500001	92000000	-0.0944054495590562
chr10	92000001	92500000	-0.0577230869586081
chr10	92500001	93000000	-0.0170769136723456
chr10	93000001	93500000	0.00494171591416487
chr10	93500001	94000000	-0.0133611343818515
chr10	94000001	94500000	-0.0354163480453722
chr10	94500001	95000000	0.0539280739235803
chr10	95000001	95500000	-0.00883140285322668
chr10	95500001	96000000	-0.0527907657560763
chr10	96000001	96500000	-0.0209629361456751
chr10	96500001	97000000	0.0530672978928031
chr10	97000001	97500000	-0.0135291488705594
chr10	97500001	98000000	0.0102982749866728
chr10	98000001	98500000	-0.00982537858852923
chr10	98500001	99000000	0.000115459230391801
chr10	99000001	99500000	-0.0203327895324448
chr10	99500001	100000000	0.0356781968414842
chr10	100000001	100500000	0.056739465290227
chr10	100500001	101000000	-0.0705799594731679
chr10	101000001	101500000	-0.0439752998236559
chr10	101500001	102000000	0.0368016656315376
chr10	102000001	102500000	0.00528692186433291
chr10	102500001	103000000	-0.0282190735147767
chr10	103000001	103500000	-0.0375098449423479
chr10	103500001	104000000	-0.0282216023284572
chr10	104000001	104500000	0.0593937800352481
chr10	104500001	105000000	-0.0341074008230519
chr10	105000001	105500000	0.00823261391407865
chr10	105500001	106000000	-0.034141972784854
chr10	106000001	106500000	0.0390224219318728
chr10	106500001	107000000	-0.0222391543076273
chr10	107000001	107500000	-0.0126289475389309
chr10	107500001	108000000	-0.0114859136952885
chr10	108000001	108500000	-0.0149882987661012
chr10	108500001	109000000	-0.00391145546814525
chr10	109000001	109500000	0.00645423337149209
chr10	109500001	110000000	0.0334234499508105
chr10	110000001	110500000	0.0762861177229703
chr10	110500001	111000000	0.0302492279864632
chr10	111000001	111500000	-0.0650015150645151
chr10	111500001	112000000	0.0263703288636588
chr10	112000001	112500000	-0.0158078319559868
chr10	112500001	113000000	0.0316716168989317
chr10	113000001	113500000	0.158632841119338
chr10	113500001	114000000	0.122829265310889
chr10	114000001	114500000	NA
chr10	114500001	115000000	0.0477007438733506
chr10	115000001	115500000	-0.0557959384776062
chr10	115500001	116000000	0.0364192832196011
chr10	116000001	116500000	-0.0809046365986475
chr10	116500001	117000000	-0.0876712866493216
chr10	117000001	117500000	0.0774106357427314
chr10	117500001	118000000	-0.0856299612861825
chr10	118000001	118500000	-0.0869116965694611
chr10	118500001	119000000	-0.0933915484690048
chr10	119000001	119500000	0.0649383309185203
chr10	119500001	120000000	-0.040101782532546
chr10	120000001	120500000	-0.0311270772834842
chr10	120500001	121000000	-0.0082812736691717
chr10	121000001	121500000	-0.0232476630773588
chr10	121500001	122000000	-0.089830306937584
chr10	122000001	122500000	-0.0934106986097495
chr10	122500001	123000000	0.00228511923790929
chr10	123000001	123500000	0.00172447687947171
chr10	123500001	124000000	-0.0623200036333806
chr10	124000001	124500000	NA
chr10	124500001	125000000	0.0296929467174575
chr10	125000001	125500000	-0.0487622462991779
chr10	125500001	126000000	0.00689377750159474
chr10	126000001	126500000	0.0204268383202805
chr10	126500001	127000000	-0.0063792540619622
chr10	127000001	127500000	-0.00014409731785299
chr10	127500001	128000000	-0.0222015356769285
chr10	128000001	128500000	0.0047003216278623
chr10	128500001	129000000	-0.0520825177469451
chr10	129000001	129500000	-0.113747207765266
chr10	129500001	130000000	-0.0974367344959229
chr10	130000001	130500000	-0.11662632229819
chr10	130500001	131000000	-0.0505970033470947
chr10	131000001	131500000	-0.0149869571030048
chr10	131500001	132000000	NA
chr10	132000001	132500000	-0.0412760201700184
chr10	132500001	133000000	-0.0537082271708136
chr10	133000001	133500000	-0.0489775551624238
chr11	500001	1000000	-0.0509194986022388
chr11	1000001	1500000	-0.140716622968768
chr11	1500001	2000000	-0.0373389800462867
chr11	2000001	2500000	-0.0718109754360558
chr11	2500001	3000000	-0.0213226122715999
chr11	3500001	4000000	-0.0888800026581727
chr11	4000001	4500000	0.0125805392352412
chr11	4500001	5000000	-0.185958558264787
chr11	5000001	5500000	-0.192124253821551
chr11	5500001	6000000	-0.122166795026002
chr11	6000001	6500000	-0.0157633927072315
chr11	6500001	7000000	-0.0487423299199365
chr11	7000001	7500000	-0.217694698772535
chr11	7500001	8000000	-0.100259881093809
chr11	8000001	8500000	-0.120175530450518
chr11	8500001	9000000	-0.114518265546152
chr11	9000001	9500000	-0.135893608654825
chr11	9500001	10000000	-0.139392200120238
chr11	10000001	10500000	-0.0716693431680927
chr11	10500001	11000000	0.0455309577203248
chr11	11000001	11500000	-0.158023497800115
chr11	11500001	12000000	-0.180368585188703
chr11	12000001	12500000	-0.130218270941118
chr11	12500001	13000000	-0.215116916886432
chr11	13000001	13500000	-0.0522868440629261
chr11	13500001	14000000	-0.0692388877338252
chr11	14000001	14500000	-0.118271825653466
chr11	14500001	15000000	-0.0575401122314598
chr11	15000001	15500000	-0.0642513015216192
chr11	15500001	16000000	0.0109292261455039
chr11	16000001	16500000	-0.0262149527429778
chr11	16500001	17000000	-0.0108711594796703
chr11	17000001	17500000	-0.0402102027652265
chr11	17500001	18000000	-0.0303050105418763
chr11	18000001	18500000	-0.0959916573104978
chr11	18500001	19000000	-0.092821622718374
chr11	19000001	19500000	-0.0550856931890836
chr11	19500001	20000000	-0.0481331874765696
chr11	20000001	20500000	-0.0793392436761715
chr11	20500001	21000000	-0.0729861749914984
chr11	21000001	21500000	-0.126186368778142
chr11	21500001	22000000	-0.0962439695651066
chr11	22000001	22500000	-0.0857321796661677
chr11	22500001	23000000	-0.173636753836331
chr11	23000001	23500000	-0.0318720841199673
chr11	23500001	24000000	-0.0819131964710434
chr11	24000001	24500000	-0.0855636800684769
chr11	24500001	25000000	-0.100373867468202
chr11	25000001	25500000	0.00747052889006523
chr11	25500001	26000000	-0.0626475509724298
chr11	26000001	26500000	-0.0983477553952581
chr11	26500001	27000000	-0.105640845121932
chr11	27000001	27500000	-0.167720725585594
chr11	27500001	28000000	-0.00685113300632203
chr11	28000001	28500000	-0.0511103884019641
chr11	28500001	29000000	-0.048109771923376
chr11	29000001	29500000	-0.124975543509739
chr11	29500001	30000000	-0.00129018094250975
chr11	30000001	30500000	-0.126633177792231
chr11	30500001	31000000	-0.0617391953124677
chr11	31000001	31500000	0.00291908431096695
chr11	31500001	32000000	-0.0111154588302196
chr11	32000001	32500000	0.006400749766327
chr11	32500001	33000000	-0.00201856819639052
chr11	33000001	33500000	-0.0389771770299464
chr11	33500001	34000000	0.127576633638332
chr11	34000001	34500000	0.12788298676106
chr11	34500001	35000000	0.00860282626474258
chr11	35000001	35500000	0.0800132483853345
chr11	35500001	36000000	0.00507109546757753
chr11	36000001	36500000	0.0622337992696531
chr11	36500001	37000000	0.0631334522883971
chr11	37000001	37500000	0.00873106181284916
chr11	37500001	38000000	-0.0462584765259091
chr11	38000001	38500000	-0.0249713632156156
chr11	38500001	39000000	-0.0293185022696843
chr11	39000001	39500000	-0.0580195101481493
chr11	39500001	40000000	0.0580772361111928
chr11	40000001	40500000	0.104754771295117
chr11	40500001	41000000	0.0240740587776067
chr11	41000001	41500000	-0.0320469087393638
chr11	41500001	42000000	-0.00619937854280009
chr11	42000001	42500000	-0.00876351170661795
chr11	42500001	43000000	-0.00755300399854899
chr11	43000001	43500000	-0.0304090301113249
chr11	43500001	44000000	0.0404361161045338
chr11	44000001	44500000	-0.0168517127461974
chr11	44500001	45000000	0.0453677387490871
chr11	45000001	45500000	0.00363791175275215
chr11	45500001	46000000	-0.0256748880126038
chr11	46000001	46500000	0.0512840635673955
chr11	46500001	47000000	-0.0185567083765762
chr11	47000001	47500000	0.0523913914102828
chr11	47500001	48000000	-0.0226620014725613
chr11	48000001	48500000	-0.00293514332483255
chr11	50000001	50500000	-0.0163236740723574
chr11	56000001	56500000	-0.056936077990133
chr11	56500001	57000000	-0.0200342611935478
chr11	57000001	57500000	0.0348930466876421
chr11	57500001	58000000	0.0768880784495134
chr11	58000001	58500000	0.0285567608738765
chr11	58500001	59000000	0.0497072918969619
chr11	59000001	59500000	0.113709058162683
chr11	59500001	60000000	0.0423170387103106
chr11	60000001	60500000	0.0970884650664594
chr11	60500001	61000000	0.0236651441642246
chr11	61000001	61500000	0.00881607099404229
chr11	61500001	62000000	0.0390592671357606
chr11	62000001	62500000	-0.0240386462017923
chr11	62500001	63000000	0.0445818026093676
chr11	63000001	63500000	0.222084144918612
chr11	63500001	64000000	0.00232844906047773
chr11	64000001	64500000	0.0501172768448666
chr11	64500001	65000000	0.162537561937914
chr11	65000001	65500000	0.213646434955106
chr11	65500001	66000000	0.132644256065337
chr11	66000001	66500000	0.121537689307639
chr11	66500001	67000000	-0.0160929898118759
chr11	67000001	67500000	0.0877122567253473
chr11	68000001	68500000	-0.0546591388684128
chr11	68500001	69000000	0.0212492243455583
chr11	69000001	69500000	0.0587164927880444
chr11	69500001	70000000	0.0145486464589769
chr11	70000001	70500000	-0.051877511767882
chr11	70500001	71000000	NA
chr11	71000001	71500000	NA
chr11	72000001	72500000	0.211164679164014
chr11	72500001	73000000	0.268246618621003
chr11	73000001	73500000	0.331674059887627
chr11	73500001	74000000	0.158178465688854
chr11	74000001	74500000	0.149901692337474
chr11	74500001	75000000	0.188866519051428
chr11	75000001	75500000	0.170010534420698
chr11	75500001	76000000	0.173730747031224
chr11	76000001	76500000	0.147057930797651
chr11	76500001	77000000	0.18802641596395
chr11	77000001	77500000	0.172524754626892
chr11	77500001	78000000	0.135938008274666
chr11	78000001	78500000	0.196989812966959
chr11	78500001	79000000	0.142867675626964
chr11	79000001	79500000	0.163105330260062
chr11	79500001	80000000	0.164576111246568
chr11	80000001	80500000	0.222896574740183
chr11	80500001	81000000	0.119633053187307
chr11	81000001	81500000	0.181321895066385
chr11	81500001	82000000	0.115985465638772
chr11	82000001	82500000	0.143408250930039
chr11	82500001	83000000	0.1619279036873
chr11	83000001	83500000	0.169555251996062
chr11	83500001	84000000	0.206322661577922
chr11	84000001	84500000	0.124048215652073
chr11	84500001	85000000	0.136724319338698
chr11	85000001	85500000	0.203257024874178
chr11	85500001	86000000	0.272322360521371
chr11	86000001	86500000	0.215479028403144
chr11	86500001	87000000	0.120324764385595
chr11	87000001	87500000	0.0866370869301418
chr11	87500001	88000000	NA
chr11	88000001	88500000	NA
chr11	88500001	89000000	0.248570528852618
chr11	89000001	89500000	0.279185636890727
chr11	90000001	90500000	0.036209873177755
chr11	90500001	91000000	0.183900181275999
chr11	91000001	91500000	0.171154020034316
chr11	91500001	92000000	0.205155694530244
chr11	92000001	92500000	0.166820122894779
chr11	92500001	93000000	0.151582889774409
chr11	93000001	93500000	0.159452327024731
chr11	93500001	94000000	0.268499992244414
chr11	94000001	94500000	0.291027244444474
chr11	94500001	95000000	0.19385830330938
chr11	95000001	95500000	0.20910462210583
chr11	95500001	96000000	0.216316536254294
chr11	96000001	96500000	0.121851888342235
chr11	96500001	97000000	NA
chr11	97000001	97500000	0.169865866124569
chr11	97500001	98000000	0.1968608405774
chr11	98000001	98500000	0.0848373435832096
chr11	98500001	99000000	0.124784630003267
chr11	99000001	99500000	0.213560536810389
chr11	99500001	100000000	0.183723497165395
chr11	100000001	100500000	0.124325037348212
chr11	100500001	101000000	0.151299230748514
chr11	101000001	101500000	0.1148433249081
chr11	101500001	102000000	0.159813574079141
chr11	102000001	102500000	0.0534816411581247
chr11	102500001	103000000	0.168245873295642
chr11	103000001	103500000	0.0993626188813302
chr11	103500001	104000000	0.194562357399356
chr11	104000001	104500000	0.209593506937117
chr11	104500001	105000000	0.166039741634947
chr11	105000001	105500000	0.149209270257156
chr11	105500001	106000000	0.101962345272095
chr11	106000001	106500000	0.146957149646842
chr11	106500001	107000000	0.115420647304396
chr11	107000001	107500000	0.106759320915504
chr11	107500001	108000000	0.136902377644779
chr11	108000001	108500000	0.154917117549437
chr11	108500001	109000000	0.126684565753508
chr11	109000001	109500000	0.0951344790387104
chr11	109500001	110000000	0.130403242851614
chr11	110000001	110500000	0.140069239400906
chr11	110500001	111000000	0.0567000923817888
chr11	111000001	111500000	-0.0135095567824249
chr11	111500001	112000000	0.0268128731258329
chr11	112000001	112500000	0.104712153147525
chr11	112500001	113000000	-0.00549168837848344
chr11	113000001	113500000	-0.0117241074702272
chr11	113500001	114000000	-0.111991011538348
chr11	114000001	114500000	-0.0334595837914292
chr11	114500001	115000000	-0.0248384636749938
chr11	115000001	115500000	-0.0795689636936545
chr11	115500001	116000000	-0.0145526577477699
chr11	116000001	116500000	-0.0440855939250922
chr11	116500001	117000000	-0.0317329670276806
chr11	117000001	117500000	-0.0443680881244299
chr11	117500001	118000000	0.0440945345670556
chr11	118000001	118500000	0.0356914337831765
chr11	118500001	119000000	0.0348409355881045
chr11	119000001	119500000	0.0768040918073336
chr11	119500001	120000000	0.00965755398252116
chr11	120000001	120500000	-0.0496403089507419
chr11	120500001	121000000	-0.0196482689861919
chr11	121000001	121500000	0.0497028135662296
chr11	121500001	122000000	-0.0252796094869535
chr11	122000001	122500000	-0.0581817928325931
chr11	122500001	123000000	-0.017246011194065
chr11	123000001	123500000	-0.0811364903849345
chr11	123500001	124000000	-0.0418663446747792
chr11	124000001	124500000	-0.00833437508360356
chr11	124500001	125000000	0.00284538736343867
chr11	125000001	125500000	-0.102139681529972
chr11	125500001	126000000	-0.0768284020524338
chr11	126000001	126500000	-0.0149438445768704
chr11	126500001	127000000	-0.0536129646002946
chr11	127000001	127500000	0.0187028923027834
chr11	127500001	128000000	-0.0407622738979557
chr11	128000001	128500000	0.0407708708081436
chr11	128500001	129000000	0.0488117053518424
chr11	129000001	129500000	-0.0769343391597503
chr11	129500001	130000000	-0.0104169253456375
chr11	130000001	130500000	0.0506139519475608
chr11	130500001	131000000	0.070257691454395
chr11	131000001	131500000	-0.0101339181013733
chr11	131500001	132000000	-0.0261677800690257
chr11	132000001	132500000	0.0248880396137325
chr11	132500001	133000000	0.0374052173858574
chr11	133000001	133500000	-0.0120878418967364
chr11	133500001	134000000	-0.0772231773407695
chr11	134000001	134500000	-0.0302226588137022
chr11	134500001	135000000	-0.127321623232155
chr11	135000001	135500000	NA
chr12	1	500000	NA
chr12	500001	1000000	0.0807666315700016
chr12	1000001	1500000	-0.0418058350691923
chr12	1500001	2000000	0.042617823075559
chr12	2000001	2500000	0.02330803874591
chr12	2500001	3000000	0.0137153736003244
chr12	3000001	3500000	0.0902293099122077
chr12	3500001	4000000	0.0946654219741754
chr12	4000001	4500000	0.167183919107834
chr12	4500001	5000000	-0.00862418413552674
chr12	5000001	5500000	0.0382370940337286
chr12	5500001	6000000	0.049915616288442
chr12	6000001	6500000	0.116355784089754
chr12	6500001	7000000	NA
chr12	7000001	7500000	NA
chr12	7500001	8000000	-0.000970983144014906
chr12	8500001	9000000	0.0915986533138072
chr12	9000001	9500000	0.00920354242460411
chr12	9500001	10000000	-0.174123581962426
chr12	10000001	10500000	0.00849235616595851
chr12	10500001	11000000	0.0329983851611007
chr12	11000001	11500000	0.351641397299226
chr12	11500001	12000000	0.200484983474121
chr12	12000001	12500000	0.129633546554324
chr12	12500001	13000000	0.213740285298099
chr12	13000001	13500000	0.0678669859184313
chr12	13500001	14000000	0.0176638903219883
chr12	14000001	14500000	0.101363454952211
chr12	14500001	15000000	0.0286244281716071
chr12	15000001	15500000	-0.0349112069708605
chr12	15500001	16000000	-0.0117471048594743
chr12	16000001	16500000	0.0140349926431398
chr12	16500001	17000000	0.0262699068588714
chr12	17000001	17500000	0.0130393075883533
chr12	17500001	18000000	0.0196501355452196
chr12	18000001	18500000	-0.0312564993531656
chr12	18500001	19000000	0.0594317584500797
chr12	19000001	19500000	-0.0133805667984589
chr12	19500001	20000000	-0.07041747665566
chr12	20000001	20500000	-0.0359250786775552
chr12	20500001	21000000	-0.00225577734707494
chr12	21000001	21500000	-0.0241150803553434
chr12	21500001	22000000	-0.0505144270875749
chr12	22000001	22500000	-0.046105310341958
chr12	22500001	23000000	0.0187064269172873
chr12	23000001	23500000	0.0182110540873633
chr12	23500001	24000000	0.00382816594708439
chr12	24000001	24500000	0.00331675868142673
chr12	24500001	25000000	0.0614615638470163
chr12	25000001	25500000	0.0511176812600493
chr12	25500001	26000000	0.0368706932184711
chr12	26000001	26500000	0.0402094726276164
chr12	26500001	27000000	0.0945303435704268
chr12	27000001	27500000	0.132325941556867
chr12	27500001	28000000	0.0119325297059469
chr12	28000001	28500000	0.00991505438421085
chr12	28500001	29000000	0.072578861864339
chr12	29000001	29500000	0.123955660188008
chr12	29500001	30000000	0.0665633491516839
chr12	30000001	30500000	0.0518551587532417
chr12	30500001	31000000	0.110503953333136
chr12	31000001	31500000	0.0893189904956125
chr12	31500001	32000000	0.224591666804185
chr12	32000001	32500000	0.048793840055508
chr12	32500001	33000000	0.121973414865904
chr12	38000001	38500000	-0.0176198944401241
chr12	38500001	39000000	0.0413157354500372
chr12	39000001	39500000	-0.0257981984854182
chr12	39500001	40000000	0.000679349815450779
chr12	40000001	40500000	0.104028901527331
chr12	40500001	41000000	-0.0136329555809667
chr12	41000001	41500000	-0.0187010969759202
chr12	41500001	42000000	0.0279257262737101
chr12	42000001	42500000	-0.0150640287647704
chr12	42500001	43000000	-0.0394717937574087
chr12	43000001	43500000	0.0869693367435864
chr12	43500001	44000000	-0.00392104478472402
chr12	44000001	44500000	-0.0896298485669505
chr12	44500001	45000000	0.0407962748833176
chr12	45000001	45500000	0.0317977687555947
chr12	45500001	46000000	0.00781560020763587
chr12	46000001	46500000	0.0701459703237629
chr12	46500001	47000000	0.085183171764183
chr12	47000001	47500000	0.0609197418159714
chr12	47500001	48000000	0.0823520441498356
chr12	48000001	48500000	0.0563508357323028
chr12	48500001	49000000	0.0949709853878626
chr12	49000001	49500000	0.0736989639233872
chr12	49500001	50000000	0.0196825733886053
chr12	50000001	50500000	0.0306561684807044
chr12	50500001	51000000	0.0120460784030844
chr12	51000001	51500000	-0.00411002880810628
chr12	51500001	52000000	0.0160718908454758
chr12	52000001	52500000	0.0394612255663226
chr12	52500001	53000000	-0.00306714966303162
chr12	53000001	53500000	0.125957170611964
chr12	53500001	54000000	0.0460040850311569
chr12	54000001	54500000	0.131199800412641
chr12	54500001	55000000	0.0473397494169135
chr12	55000001	55500000	0.0166129727931173
chr12	55500001	56000000	0.132665672540644
chr12	56000001	56500000	0.108556089114407
chr12	56500001	57000000	0.012792603073321
chr12	57000001	57500000	0.105992470283861
chr12	57500001	58000000	0.0775476755265892
chr12	58000001	58500000	0.0559177896882839
chr12	58500001	59000000	0.0234459606962459
chr12	59000001	59500000	-0.0436685476283848
chr12	59500001	60000000	-0.0365976478162738
chr12	60000001	60500000	-0.00984377846772673
chr12	60500001	61000000	-0.00540986977241313
chr12	61000001	61500000	0.0262876833613802
chr12	61500001	62000000	0.0497314517444016
chr12	62000001	62500000	0.0287177235048461
chr12	62500001	63000000	0.0531106223454464
chr12	63000001	63500000	-0.0233488651801941
chr12	63500001	64000000	0.111276051134152
chr12	64000001	64500000	-0.0304765407472909
chr12	64500001	65000000	0.0560683296558653
chr12	65000001	65500000	-0.0359814517032847
chr12	65500001	66000000	-0.0587346349250721
chr12	66000001	66500000	0.0758194113648394
chr12	66500001	67000000	0.00788393346938177
chr12	67000001	67500000	-0.0867986919268261
chr12	67500001	68000000	0.0363991636886133
chr12	68000001	68500000	-0.0114353272377649
chr12	68500001	69000000	-0.0182656182553703
chr12	69000001	69500000	0.00912020326572853
chr12	69500001	70000000	0.0012588987684595
chr12	70000001	70500000	-0.0341877478557086
chr12	70500001	71000000	-0.0468638318523314
chr12	71000001	71500000	0.0526106586522269
chr12	71500001	72000000	-0.0221307312335944
chr12	72000001	72500000	-0.034567276430715
chr12	72500001	73000000	-0.0398509271550193
chr12	73000001	73500000	0.11469084664861
chr12	73500001	74000000	-0.0214160924570046
chr12	74000001	74500000	0.0107843570001613
chr12	74500001	75000000	-0.00704690755920076
chr12	75000001	75500000	-0.0187461398415965
chr12	75500001	76000000	0.0036952247754696
chr12	76000001	76500000	0.0745671295343319
chr12	76500001	77000000	0.0137446138772849
chr12	77000001	77500000	0.026860614417344
chr12	77500001	78000000	0.0285856104339882
chr12	78000001	78500000	-0.0128547424788166
chr12	78500001	79000000	-0.0394255676210526
chr12	79000001	79500000	-0.0185439692829628
chr12	79500001	80000000	-0.0170090937373377
chr12	80000001	80500000	0.0118844453482999
chr12	80500001	81000000	-0.0324597815677453
chr12	81000001	81500000	-0.0130856594693913
chr12	81500001	82000000	0.0049818445320373
chr12	82000001	82500000	0.004461862439608
chr12	82500001	83000000	-0.0980558051164444
chr12	83000001	83500000	-0.0548193669366333
chr12	83500001	84000000	0.0341601903872917
chr12	84000001	84500000	-0.0411435044330172
chr12	84500001	85000000	0.0222015027825901
chr12	85000001	85500000	-0.0592291850636378
chr12	85500001	86000000	-0.0569510049085484
chr12	86000001	86500000	-0.0531862126040104
chr12	86500001	87000000	-0.0339617569321449
chr12	87000001	87500000	0.0303549486096936
chr12	87500001	88000000	-0.0169852305974988
chr12	88000001	88500000	-0.0367665656128174
chr12	88500001	89000000	-0.0934831445595871
chr12	89000001	89500000	0.100087745524736
chr12	89500001	90000000	0.0596543094488373
chr12	90000001	90500000	-9.21170061842728e-05
chr12	90500001	91000000	-0.0591590636146007
chr12	91000001	91500000	-0.0695228539411592
chr12	91500001	92000000	0.00201530882184246
chr12	92000001	92500000	0.0815844133226432
chr12	92500001	93000000	0.0618151084677418
chr12	93000001	93500000	0.0671039533107509
chr12	93500001	94000000	0.026926843694797
chr12	94000001	94500000	0.102495545277504
chr12	94500001	95000000	0.0585422932541596
chr12	95000001	95500000	-0.106301836186166
chr12	95500001	96000000	-0.0521218495499569
chr12	96000001	96500000	-0.03016323693735
chr12	96500001	97000000	-0.0267129542246756
chr12	97000001	97500000	-0.0435825770117917
chr12	97500001	98000000	-0.011320791527373
chr12	98000001	98500000	0.0359822040428948
chr12	98500001	99000000	0.00500036382267652
chr12	99000001	99500000	0.00298488946881568
chr12	99500001	100000000	0.0123253631751983
chr12	100000001	100500000	0.0349566944005205
chr12	100500001	101000000	-0.0201506066722445
chr12	101000001	101500000	-0.0311838270291356
chr12	101500001	102000000	-0.0225404770075625
chr12	102000001	102500000	-0.0225884505802499
chr12	102500001	103000000	0.0274736238897385
chr12	103000001	103500000	-0.0476382234769122
chr12	103500001	104000000	0.0126229058695959
chr12	104000001	104500000	0.0318930733988823
chr12	104500001	105000000	0.0764569543569559
chr12	105000001	105500000	0.125208080028293
chr12	105500001	106000000	0.0166818544446975
chr12	106000001	106500000	-0.0351973171391679
chr12	106500001	107000000	-0.00324358575206753
chr12	107000001	107500000	-0.0074843933730739
chr12	107500001	108000000	0.00200343485616266
chr12	108000001	108500000	-0.0743937578423827
chr12	108500001	109000000	0.000566846538390092
chr12	109000001	109500000	-0.0400672535450232
chr12	109500001	110000000	0.0497130547603358
chr12	110000001	110500000	0.011094671281423
chr12	110500001	111000000	0.0307649506501098
chr12	111000001	111500000	-0.0643587108178628
chr12	111500001	112000000	-0.0299084359324033
chr12	112000001	112500000	0.000188600204330328
chr12	112500001	113000000	0.0143574318052307
chr12	113000001	113500000	-0.0127974956341338
chr12	113500001	114000000	0.0489519667272241
chr12	114000001	114500000	0.00204755885978292
chr12	114500001	115000000	-0.0288853054106639
chr12	115000001	115500000	0.0436259939001572
chr12	115500001	116000000	0.0206554803967612
chr12	116000001	116500000	0.0182831074077165
chr12	116500001	117000000	0.0194908467348842
chr12	117000001	117500000	-0.027005977321597
chr12	117500001	118000000	-0.0320058205119432
chr12	118000001	118500000	-0.0305594302208586
chr12	118500001	119000000	-0.0549704833423141
chr12	119000001	119500000	0.00472726749311587
chr12	119500001	120000000	-0.00162759788381522
chr12	120000001	120500000	-0.0161013954524325
chr12	120500001	121000000	-0.0412584446423123
chr12	121000001	121500000	0.0725025896790186
chr12	121500001	122000000	0.0565242710451144
chr12	122000001	122500000	NA
chr12	122500001	123000000	-0.106263714728251
chr12	123000001	123500000	NA
chr12	123500001	124000000	-0.127709025597088
chr12	124000001	124500000	-0.0708175804715229
chr12	124500001	125000000	0.0144664292773739
chr12	125000001	125500000	-0.0791373597729544
chr12	125500001	126000000	-0.102715830437559
chr12	126000001	126500000	-0.157373938156054
chr12	126500001	127000000	-0.0383827772514872
chr12	127000001	127500000	-0.117431162892726
chr12	127500001	128000000	-0.0199975567258156
chr12	128000001	128500000	-0.0625282042275273
chr12	128500001	129000000	-0.141282146958969
chr12	129000001	129500000	-0.140285579965563
chr12	129500001	130000000	-0.153009214511114
chr12	130000001	130500000	-0.193771750343502
chr12	130500001	131000000	-0.131718849982192
chr12	131000001	131500000	-0.103521031679575
chr12	131500001	132000000	-0.0744115226209319
chr12	132000001	132500000	NA
chr12	132500001	133000000	-0.0844969984975576
chr12	133000001	133500000	NA
chr13	19000001	19500000	-0.071855857513778
chr13	19500001	20000000	-0.282478114116635
chr13	20000001	20500000	-0.130961708118513
chr13	20500001	21000000	-0.142994947272561
chr13	21000001	21500000	-0.134247350067035
chr13	21500001	22000000	-0.119376964377323
chr13	22000001	22500000	-0.161389854369692
chr13	22500001	23000000	-0.196506883252436
chr13	23000001	23500000	-0.215217961093174
chr13	23500001	24000000	-0.161473930307418
chr13	24000001	24500000	-0.134596025822006
chr13	24500001	25000000	-0.112685934615216
chr13	25000001	25500000	-0.147147835196383
chr13	25500001	26000000	-0.171579041109484
chr13	26000001	26500000	-0.198979620332089
chr13	26500001	27000000	-0.175386748620035
chr13	27000001	27500000	-0.0801172769482416
chr13	27500001	28000000	-0.152463362390193
chr13	28000001	28500000	-0.203572706383056
chr13	28500001	29000000	-0.147137638985051
chr13	29000001	29500000	-0.147601110611815
chr13	29500001	30000000	-0.125996250073203
chr13	30000001	30500000	-0.0922945271418716
chr13	30500001	31000000	-0.147057028351503
chr13	31000001	31500000	-0.180952570703128
chr13	31500001	32000000	-0.166283637265053
chr13	32000001	32500000	-0.101332657014992
chr13	32500001	33000000	-0.121882691043564
chr13	33000001	33500000	-0.0633178446890851
chr13	33500001	34000000	-0.186089603026439
chr13	34000001	34500000	-0.202831470094292
chr13	34500001	35000000	-0.209661905180038
chr13	35000001	35500000	-0.162069217862622
chr13	35500001	36000000	-0.188961307685841
chr13	36000001	36500000	-0.136753945026921
chr13	36500001	37000000	-0.149833061913827
chr13	37000001	37500000	-0.198477208177737
chr13	37500001	38000000	-0.131966527594868
chr13	38000001	38500000	-0.200750821703299
chr13	38500001	39000000	-0.255892346371132
chr13	39000001	39500000	-0.205930023175333
chr13	39500001	40000000	-0.119361377867421
chr13	40000001	40500000	-0.119298124086418
chr13	40500001	41000000	-0.0656769909927928
chr13	41000001	41500000	-0.163794508131701
chr13	41500001	42000000	-0.065310087344851
chr13	42000001	42500000	-0.157547695902297
chr13	42500001	43000000	-0.0932540527239522
chr13	43000001	43500000	-0.131428256099476
chr13	43500001	44000000	-0.113037606321377
chr13	44000001	44500000	-0.186520590108585
chr13	44500001	45000000	-0.170507265523913
chr13	45000001	45500000	-0.151610956676806
chr13	45500001	46000000	-0.086612345627936
chr13	46000001	46500000	-0.0256367497501713
chr13	46500001	47000000	-0.147795430585245
chr13	47000001	47500000	-0.22147532516126
chr13	47500001	48000000	-0.100512832792033
chr13	48000001	48500000	-0.100131178853354
chr13	48500001	49000000	0.0127814905108973
chr13	49000001	49500000	-0.127826131971784
chr13	49500001	50000000	-0.162044769539006
chr13	50000001	50500000	-0.0854240803038151
chr13	50500001	51000000	-0.0780252105939764
chr13	51000001	51500000	-0.129639037036502
chr13	51500001	52000000	-0.0329888560987161
chr13	52000001	52500000	-0.132482482831192
chr13	52500001	53000000	-0.189167197742399
chr13	53000001	53500000	-0.161794374108304
chr13	53500001	54000000	-0.15655598577384
chr13	54000001	54500000	-0.158318695583732
chr13	54500001	55000000	-0.170257412898901
chr13	55000001	55500000	-0.111009064755616
chr13	55500001	56000000	-0.188618866991749
chr13	56000001	56500000	-0.144961766536051
chr13	56500001	57000000	-0.144209215211903
chr13	57000001	57500000	-0.146052761023202
chr13	57500001	58000000	-0.141005366247284
chr13	58000001	58500000	-0.168197861868039
chr13	58500001	59000000	-0.19302986355325
chr13	59000001	59500000	-0.185114667500707
chr13	59500001	60000000	-0.203841376404683
chr13	60000001	60500000	-0.184572173315705
chr13	60500001	61000000	-0.15967374461584
chr13	61000001	61500000	-0.16736070066366
chr13	61500001	62000000	-0.208484550823334
chr13	62000001	62500000	-0.207776053536546
chr13	62500001	63000000	NA
chr13	63000001	63500000	-0.125904939743766
chr13	63500001	64000000	-0.327475279260714
chr13	64000001	64500000	-0.0771729947909597
chr13	64500001	65000000	-0.163455034488377
chr13	65000001	65500000	-0.143937924279268
chr13	65500001	66000000	-0.0922559400831276
chr13	66000001	66500000	-0.134964567941389
chr13	66500001	67000000	-0.170231874687203
chr13	67000001	67500000	-0.128406016839742
chr13	67500001	68000000	-0.0976594175114727
chr13	68000001	68500000	-0.0548220867853282
chr13	68500001	69000000	NA
chr13	69000001	69500000	NA
chr13	69500001	70000000	-0.133115237691545
chr13	70000001	70500000	-0.184487975400202
chr13	70500001	71000000	-0.177133729073005
chr13	71000001	71500000	-0.191586721534036
chr13	71500001	72000000	-0.103135754949227
chr13	72000001	72500000	-0.11211757063237
chr13	72500001	73000000	-0.134576186347646
chr13	73000001	73500000	-0.208277344458129
chr13	73500001	74000000	-0.174708504663588
chr13	74000001	74500000	-0.161327615846171
chr13	74500001	75000000	-0.152801395528026
chr13	75000001	75500000	-0.180164954130852
chr13	75500001	76000000	-0.168324909824424
chr13	76000001	76500000	-0.103522550282299
chr13	76500001	77000000	-0.114107900250074
chr13	77000001	77500000	-0.191810172793917
chr13	77500001	78000000	-0.16246977006312
chr13	78000001	78500000	-0.126789540742636
chr13	78500001	79000000	-0.149028550509977
chr13	79000001	79500000	-0.218034026095918
chr13	79500001	80000000	-0.193467541988885
chr13	80000001	80500000	-0.125633191329433
chr13	80500001	81000000	-0.105699816488405
chr13	81000001	81500000	-0.135758607177826
chr13	81500001	82000000	-0.130411486732718
chr13	82000001	82500000	-0.137617603690813
chr13	82500001	83000000	-0.0997587992405363
chr13	83000001	83500000	-0.125990103302869
chr13	83500001	84000000	-0.209226454767163
chr13	84000001	84500000	-0.143118350475313
chr13	84500001	85000000	-0.182507842490308
chr13	85000001	85500000	-0.232097653437591
chr13	85500001	86000000	-0.152857090428564
chr13	86000001	86500000	NA
chr13	86500001	87000000	-0.124993334342083
chr13	87000001	87500000	-0.063984538320127
chr13	87500001	88000000	-0.129570522719416
chr13	88000001	88500000	-0.198082274092675
chr13	88500001	89000000	-0.149050328089816
chr13	89000001	89500000	-0.0726082616150201
chr13	89500001	90000000	-0.129299825478444
chr13	90000001	90500000	-0.150391290422371
chr13	90500001	91000000	-0.185457291026053
chr13	91000001	91500000	-0.194966707607065
chr13	91500001	92000000	-0.160820996993496
chr13	92000001	92500000	-0.201100688766026
chr13	92500001	93000000	-0.156914062830484
chr13	93000001	93500000	-0.186885213114935
chr13	93500001	94000000	-0.161712440908908
chr13	94000001	94500000	-0.145670376103891
chr13	94500001	95000000	0.00776805548173191
chr13	95000001	95500000	-0.0669586890464144
chr13	95500001	96000000	0.0305628403856075
chr13	96000001	96500000	-0.0106433666665688
chr13	96500001	97000000	-0.00262042221078732
chr13	97000001	97500000	-0.181420972750865
chr13	97500001	98000000	-0.158401682359691
chr13	98000001	98500000	-0.122748243794154
chr13	98500001	99000000	-0.159164929765379
chr13	99000001	99500000	-0.132518018059397
chr13	99500001	100000000	-0.126238909781169
chr13	100000001	100500000	-0.148078356658809
chr13	100500001	101000000	NA
chr13	101000001	101500000	-0.162563632005869
chr13	101500001	102000000	-0.250974922420971
chr13	102000001	102500000	-0.197499762230827
chr13	102500001	103000000	-0.173183909359611
chr13	103000001	103500000	-0.183624466131534
chr13	103500001	104000000	-0.157040191656922
chr13	104000001	104500000	-0.204049290723681
chr13	104500001	105000000	-0.164060587199199
chr13	105000001	105500000	-0.169169763067014
chr13	105500001	106000000	-0.115537136788604
chr13	106000001	106500000	-0.113924212031438
chr13	106500001	107000000	-0.167826728121265
chr13	107000001	107500000	-0.167225021835231
chr13	107500001	108000000	-0.139854828129466
chr13	108000001	108500000	-0.076785358557498
chr13	108500001	109000000	-0.210228259190592
chr13	109000001	109500000	-0.176314848912498
chr13	109500001	110000000	-0.140881959050446
chr13	110000001	110500000	-0.210717437789719
chr13	110500001	111000000	-0.157769037755087
chr13	111000001	111500000	-0.22882619419318
chr13	112000001	112500000	-0.193755889859483
chr13	112500001	113000000	-0.19878346799802
chr13	113000001	113500000	-0.190107614212911
chr13	113500001	114000000	NA
chr13	114000001	114500000	NA
chr14	20000001	20500000	0.0983070776292262
chr14	20500001	21000000	0.140803753918436
chr14	21000001	21500000	0.0639307123161752
chr14	21500001	22000000	-0.0392083717592883
chr14	22000001	22500000	-0.0217746874391112
chr14	22500001	23000000	0.104430964512113
chr14	23000001	23500000	0.0184658747534926
chr14	23500001	24000000	0.0817092639848387
chr14	24000001	24500000	0.0970241817684882
chr14	24500001	25000000	0.103284824929294
chr14	25000001	25500000	0.00918726488979774
chr14	25500001	26000000	-0.0455110472155752
chr14	26000001	26500000	0.00281612340019123
chr14	26500001	27000000	-0.0691925637692079
chr14	27000001	27500000	-0.0276328109099706
chr14	27500001	28000000	0.195071807037303
chr14	28000001	28500000	0.00955291724522648
chr14	28500001	29000000	-0.0440835428141391
chr14	29000001	29500000	-0.0119670657865797
chr14	29500001	30000000	-0.0334428109825654
chr14	30000001	30500000	-0.0562069036093275
chr14	30500001	31000000	-0.0217434032158425
chr14	31000001	31500000	0.01738316686297
chr14	31500001	32000000	-0.0143138280523983
chr14	32000001	32500000	-0.0126946928881737
chr14	32500001	33000000	-0.0569780316584597
chr14	33000001	33500000	-0.0409727448691458
chr14	33500001	34000000	-0.0517654907231075
chr14	34000001	34500000	0.0113207208593806
chr14	34500001	35000000	-0.0575726893811829
chr14	35000001	35500000	0.0240315961468059
chr14	35500001	36000000	-0.0285126525989897
chr14	36000001	36500000	-0.0743483968163093
chr14	36500001	37000000	0.0143194806688151
chr14	37000001	37500000	-0.000944211949790559
chr14	37500001	38000000	-0.0381067574712159
chr14	38000001	38500000	0.0480424642642369
chr14	38500001	39000000	-0.0150941930949074
chr14	39000001	39500000	-0.0443009818285918
chr14	39500001	40000000	0.0522728088140827
chr14	40000001	40500000	0.0389698250317483
chr14	40500001	41000000	-0.0106802735914112
chr14	41000001	41500000	-0.0379571482459554
chr14	41500001	42000000	-0.0173251568392112
chr14	42000001	42500000	-0.00694343981286731
chr14	42500001	43000000	0.0034158369461236
chr14	43000001	43500000	0.0633296361329654
chr14	43500001	44000000	-0.0623771422098321
chr14	44000001	44500000	0.044961477719586
chr14	44500001	45000000	-0.0328118009541275
chr14	45000001	45500000	-0.00142005132570405
chr14	45500001	46000000	-0.0187676655199752
chr14	46000001	46500000	-0.0254439063116529
chr14	46500001	47000000	0.0171318586691465
chr14	47000001	47500000	-0.0155964695036535
chr14	47500001	48000000	-0.033835339399088
chr14	48000001	48500000	0.0140211459784426
chr14	48500001	49000000	-0.0233226008765213
chr14	49000001	49500000	-0.0700949745390232
chr14	49500001	50000000	0.0539543779921814
chr14	50000001	50500000	0.0453689116263131
chr14	50500001	51000000	0.143578195964174
chr14	51000001	51500000	0.114179507334943
chr14	51500001	52000000	0.105263138580862
chr14	52000001	52500000	0.107110857640488
chr14	52500001	53000000	0.0811585987837862
chr14	53000001	53500000	0.0300980231052352
chr14	53500001	54000000	-0.00846789663676971
chr14	54000001	54500000	0.00204688699470565
chr14	54500001	55000000	0.0260392421712979
chr14	55000001	55500000	0.0596757532470996
chr14	55500001	56000000	0.0325004429787014
chr14	56000001	56500000	0.0304493953048261
chr14	56500001	57000000	0.00691352202261475
chr14	57000001	57500000	-0.0256480254698482
chr14	57500001	58000000	-0.0282185676779841
chr14	58000001	58500000	0.0403839488067684
chr14	58500001	59000000	0.00925589744224519
chr14	59000001	59500000	-0.0212141090127228
chr14	59500001	60000000	-0.0116897479374145
chr14	60000001	60500000	-0.011084712941145
chr14	60500001	61000000	0.00981083509683228
chr14	61000001	61500000	0.0340008876376025
chr14	61500001	62000000	0.0164178462854482
chr14	62000001	62500000	-0.0326802264324771
chr14	62500001	63000000	-0.071120942615949
chr14	63000001	63500000	-0.0327088930983353
chr14	63500001	64000000	-0.0560678499604161
chr14	64000001	64500000	0.0311678652196347
chr14	64500001	65000000	0.00947199608308867
chr14	65000001	65500000	-0.0194411440243904
chr14	65500001	66000000	-0.0538318772341245
chr14	66000001	66500000	0.0100083423848955
chr14	66500001	67000000	0.0342420315089422
chr14	67000001	67500000	0.00790866161254701
chr14	67500001	68000000	0.0870866402155729
chr14	68000001	68500000	0.044267666904475
chr14	68500001	69000000	0.106057886005224
chr14	69000001	69500000	-0.0386153808548477
chr14	69500001	70000000	0.0576071628150892
chr14	70000001	70500000	-0.00757417288822812
chr14	70500001	71000000	0.0450372945974645
chr14	71000001	71500000	0.133320284800364
chr14	71500001	72000000	0.063706494381847
chr14	72000001	72500000	0.000332383451062103
chr14	72500001	73000000	-0.0937661921348405
chr14	73000001	73500000	0.0685745371430773
chr14	73500001	74000000	-0.0808035778110746
chr14	74000001	74500000	-0.059909564637386
chr14	74500001	75000000	0.0823402164489029
chr14	75000001	75500000	0.0961336719412378
chr14	75500001	76000000	0.0852932069768378
chr14	76000001	76500000	-0.0667871752236259
chr14	76500001	77000000	0.0589910994403103
chr14	77000001	77500000	-0.00851473397865755
chr14	77500001	78000000	-0.0188448648588445
chr14	78000001	78500000	0.066214686655
chr14	78500001	79000000	0.0209503671870337
chr14	79000001	79500000	0.0275014110334684
chr14	79500001	80000000	-0.0502753746759018
chr14	80000001	80500000	0.00918853333049357
chr14	80500001	81000000	0.0153066085745807
chr14	81000001	81500000	0.0879482068340822
chr14	81500001	82000000	0.0375204064894465
chr14	82000001	82500000	0.0209345532839906
chr14	82500001	83000000	0.00218252650255527
chr14	83000001	83500000	0.0316138259164379
chr14	83500001	84000000	0.0079853252300948
chr14	84000001	84500000	0.00705611963328718
chr14	84500001	85000000	0.0679144131736785
chr14	85000001	85500000	-0.0521187495443421
chr14	85500001	86000000	0.00631521529528234
chr14	86000001	86500000	-0.0105459865327651
chr14	86500001	87000000	0.00314934281956512
chr14	87000001	87500000	0.0759308704318659
chr14	87500001	88000000	-0.0237278441503528
chr14	88000001	88500000	0.0123734321016723
chr14	88500001	89000000	-0.048512680640206
chr14	89000001	89500000	0.0857829734889866
chr14	89500001	90000000	0.104519524866601
chr14	90000001	90500000	0.00780522841492607
chr14	90500001	91000000	0.0903076706335237
chr14	91000001	91500000	0.114912756418396
chr14	91500001	92000000	-0.00867200093015287
chr14	92000001	92500000	0.0663195295926901
chr14	92500001	93000000	0.0688815145397796
chr14	93000001	93500000	-0.0483319054097168
chr14	93500001	94000000	-0.0178860054624738
chr14	94000001	94500000	0.106617458263871
chr14	94500001	95000000	-0.0833811736863741
chr14	95000001	95500000	-0.0879683939148022
chr14	95500001	96000000	-0.037157616988692
chr14	96000001	96500000	-0.0336138306284729
chr14	96500001	97000000	-0.0149239917141492
chr14	97000001	97500000	0.015060368194254
chr14	97500001	98000000	-0.0104311674998191
chr14	98000001	98500000	0.0830308744841319
chr14	98500001	99000000	0.0884739140090742
chr14	99000001	99500000	-0.0279620996647356
chr14	99500001	100000000	-0.0690659608933531
chr14	100000001	100500000	0.145635368017234
chr14	100500001	101000000	0.0171708255838338
chr14	101000001	101500000	-0.0720631211064567
chr14	101500001	102000000	-0.0391592546625003
chr14	102000001	102500000	-0.0624955567416248
chr14	102500001	103000000	0.0447743058888669
chr14	103000001	103500000	0.000236733025309716
chr14	103500001	104000000	-0.104979234592181
chr14	104000001	104500000	-0.0602725770046161
chr14	104500001	105000000	-0.034273993569444
chr14	105000001	105500000	-0.0452257184095161
chr14	106000001	106500000	0.162474370992029
chr15	23500001	24000000	0.00842327433230989
chr15	24500001	25000000	0.0059958754553337
chr15	25000001	25500000	0.0622466808350584
chr15	25500001	26000000	-0.0554048072677331
chr15	26000001	26500000	-0.0395930083265544
chr15	26500001	27000000	-0.0435433773637064
chr15	27000001	27500000	NA
chr15	27500001	28000000	-0.08915599724945
chr15	29000001	29500000	-0.0405666544299849
chr15	29500001	30000000	-0.143313829109601
chr15	31000001	31500000	0.0197985614732346
chr15	31500001	32000000	0.1104231253452
chr15	32500001	33000000	-0.1069841410341
chr15	33000001	33500000	-0.10880882691358
chr15	33500001	34000000	-0.0215836964336862
chr15	34000001	34500000	0.0175365598675767
chr15	34500001	35000000	-0.0489735052424558
chr15	35000001	35500000	-0.00725010541709747
chr15	35500001	36000000	-0.0384871153661373
chr15	36000001	36500000	-0.0512962734331245
chr15	36500001	37000000	-0.0858753853881784
chr15	37000001	37500000	0.00328981650404294
chr15	37500001	38000000	-0.0542220317546949
chr15	38000001	38500000	0.0416767062168863
chr15	38500001	39000000	0.0244654410367289
chr15	39000001	39500000	0.0205824203066327
chr15	39500001	40000000	-0.0444048921927373
chr15	40000001	40500000	0.115994445442369
chr15	40500001	41000000	0.00325709150440558
chr15	41000001	41500000	0.0458905118263324
chr15	41500001	42000000	-0.00316451095208644
chr15	42000001	42500000	-0.0116606498582297
chr15	42500001	43000000	-0.00857873506970534
chr15	43000001	43500000	-0.053103530104821
chr15	43500001	44000000	-0.211093238660517
chr15	44000001	44500000	-0.0982370866034207
chr15	44500001	45000000	-0.0571490904759154
chr15	45000001	45500000	0.0249111728397892
chr15	45500001	46000000	-0.0290298171504751
chr15	46000001	46500000	0.00272484512991112
chr15	46500001	47000000	0.0313853089102085
chr15	47000001	47500000	-0.000940778501096175
chr15	47500001	48000000	-0.036434398084362
chr15	48000001	48500000	-0.00786920985728723
chr15	48500001	49000000	0.00689720843304675
chr15	49000001	49500000	0.0102127016188596
chr15	49500001	50000000	0.0394480431650408
chr15	50000001	50500000	0.0629292856017391
chr15	50500001	51000000	-0.0277002650638616
chr15	51000001	51500000	0.0802488372029537
chr15	51500001	52000000	0.0413935829734154
chr15	52000001	52500000	0.0509264528063908
chr15	52500001	53000000	0.0249465743413589
chr15	53000001	53500000	-0.00698153771766141
chr15	53500001	54000000	-0.0310588351982743
chr15	54000001	54500000	-0.0345444710503336
chr15	54500001	55000000	-0.112054386309963
chr15	55000001	55500000	0.0168690124905014
chr15	55500001	56000000	-0.052041826133855
chr15	56000001	56500000	-0.0325846418631652
chr15	56500001	57000000	0.0462166236360284
chr15	57000001	57500000	-0.010025120142614
chr15	57500001	58000000	-0.0915877333467414
chr15	58000001	58500000	-0.00757308110963081
chr15	58500001	59000000	0.0256982025304763
chr15	59000001	59500000	0.00421339541624513
chr15	59500001	60000000	-0.0452684902779952
chr15	60000001	60500000	-0.0826061497637022
chr15	60500001	61000000	-0.0217290220275279
chr15	61000001	61500000	0.029382933714173
chr15	61500001	62000000	-0.0354277750460209
chr15	62000001	62500000	-0.0652130415042888
chr15	62500001	63000000	-0.023469437328501
chr15	63000001	63500000	0.0843722825555248
chr15	63500001	64000000	0.107127078452586
chr15	64000001	64500000	-0.0232667181301893
chr15	64500001	65000000	-0.0206139524620426
chr15	65000001	65500000	-0.0596808441379628
chr15	65500001	66000000	-0.00301737472954487
chr15	66000001	66500000	-0.0277184213605549
chr15	66500001	67000000	0.00178166107878464
chr15	67000001	67500000	0.00482327354751265
chr15	67500001	68000000	0.0100758055988702
chr15	68000001	68500000	-0.0350342122285904
chr15	68500001	69000000	0.0529293616482205
chr15	69000001	69500000	0.002180927158446
chr15	69500001	70000000	0.0970388223975379
chr15	70000001	70500000	0.152622090013334
chr15	70500001	71000000	0.06011015563305
chr15	71000001	71500000	-0.076175092100194
chr15	71500001	72000000	-0.115834673011166
chr15	72000001	72500000	-0.0364984305928014
chr15	72500001	73000000	-0.0148295528468994
chr15	73000001	73500000	-0.0205119750402135
chr15	73500001	74000000	-0.0273212898138141
chr15	74000001	74500000	-0.0285761558663135
chr15	74500001	75000000	0.00646274133643818
chr15	75000001	75500000	-0.023123217210752
chr15	75500001	76000000	0.118396074154174
chr15	76000001	76500000	0.282160231605605
chr15	76500001	77000000	0.250112917928211
chr15	77000001	77500000	0.273482474888201
chr15	77500001	78000000	0.219449406500472
chr15	78000001	78500000	0.242968123170487
chr15	78500001	79000000	0.176220173985502
chr15	79000001	79500000	0.250864536428527
chr15	79500001	80000000	0.302294335636368
chr15	80000001	80500000	0.211436327547103
chr15	80500001	81000000	0.234066161060728
chr15	81000001	81500000	0.24152762334905
chr15	81500001	82000000	0.311187711546193
chr15	82500001	83000000	0.255604437710349
chr15	83000001	83500000	0.227572155761299
chr15	83500001	84000000	0.18992110940767
chr15	84500001	85000000	0.11257521224311
chr15	85000001	85500000	0.22093509714879
chr15	85500001	86000000	0.296251230133915
chr15	86000001	86500000	0.298219698458723
chr15	86500001	87000000	0.27241219059442
chr15	87000001	87500000	0.267672015183918
chr15	87500001	88000000	0.274330723505534
chr15	88000001	88500000	0.220502829089
chr15	88500001	89000000	0.244177049142943
chr15	89000001	89500000	0.255059175855465
chr15	89500001	90000000	0.26668837742758
chr15	90000001	90500000	0.188656492568263
chr15	90500001	91000000	0.291723483404579
chr15	91000001	91500000	0.267544122856088
chr15	91500001	92000000	0.283157400987029
chr15	92000001	92500000	0.234358965626851
chr15	92500001	93000000	0.229130804235948
chr15	93000001	93500000	0.269890634100829
chr15	93500001	94000000	0.254723022452492
chr15	94000001	94500000	0.321152767554717
chr15	94500001	95000000	0.220266700019414
chr15	95000001	95500000	0.245292735455757
chr15	95500001	96000000	0.22689606613197
chr15	96000001	96500000	0.181807121359435
chr15	96500001	97000000	0.235442124958106
chr15	97000001	97500000	0.233881622000681
chr15	97500001	98000000	0.279999119758298
chr15	98000001	98500000	0.261946910395022
chr15	98500001	99000000	0.250044109565229
chr15	99000001	99500000	0.263328624282332
chr15	99500001	100000000	0.175834206865728
chr15	100000001	100500000	0.331778216936349
chr15	100500001	101000000	0.251253541526968
chr15	101000001	101500000	0.378740968079292
chr16	1	500000	NA
chr16	500001	1000000	NA
chr16	1000001	1500000	NA
chr16	1500001	2000000	0.0897899512014246
chr16	2000001	2500000	0.0247139522736638
chr16	2500001	3000000	-0.100492503363573
chr16	3000001	3500000	0.176927458269416
chr16	3500001	4000000	-0.0296456262774631
chr16	4000001	4500000	0.00244631893667294
chr16	4500001	5000000	0.0457485472548937
chr16	5000001	5500000	0.188745302930705
chr16	5500001	6000000	0.0500328204370102
chr16	6000001	6500000	0.0783464022953617
chr16	6500001	7000000	0.10445103832789
chr16	7000001	7500000	0.0315584072506943
chr16	7500001	8000000	0.0165015325886232
chr16	8000001	8500000	0.0508458069271713
chr16	8500001	9000000	0.0700882550015112
chr16	9000001	9500000	-0.00468256244287576
chr16	9500001	10000000	0.0665655127847964
chr16	10000001	10500000	-0.00473417384391847
chr16	10500001	11000000	0.129472237649377
chr16	11000001	11500000	0.113071699753156
chr16	11500001	12000000	0.0269136484174345
chr16	12000001	12500000	0.0713686823212484
chr16	12500001	13000000	0.106788561691142
chr16	13000001	13500000	0.131803671523127
chr16	13500001	14000000	0.132412887804361
chr16	14000001	14500000	0.113019041741135
chr16	15500001	16000000	0.0384207818500775
chr16	17000001	17500000	0.165676279358562
chr16	17500001	18000000	0.0575377832666747
chr16	19000001	19500000	-0.0360715227175206
chr16	19500001	20000000	0.0917110968113735
chr16	20000001	20500000	-0.0228541823751508
chr16	20500001	21000000	-0.0266910491684271
chr16	22000001	22500000	-0.197365248345521
chr16	22500001	23000000	0.012187556752503
chr16	23000001	23500000	-0.154324548250848
chr16	23500001	24000000	0.013334215616827
chr16	24000001	24500000	0.015557164523007
chr16	24500001	25000000	-0.0965467502087738
chr16	25000001	25500000	-0.117017267295965
chr16	25500001	26000000	-0.105036130913095
chr16	26000001	26500000	-0.071940240163284
chr16	26500001	27000000	-0.0850284815800003
chr16	27000001	27500000	-0.0643760867505102
chr16	27500001	28000000	0.0202291388006493
chr16	28000001	28500000	-0.188457864667214
chr16	29500001	30000000	-0.172700168014023
chr16	30500001	31000000	0.0864863173591114
chr16	31000001	31500000	0.120494040396823
chr16	31500001	32000000	0.0791561568915181
chr16	46500001	47000000	-0.0494639746321023
chr16	47000001	47500000	0.0155207590871651
chr16	47500001	48000000	-0.0200040086711047
chr16	48000001	48500000	-0.00689969323352834
chr16	48500001	49000000	0.0235480453722274
chr16	49000001	49500000	0.00412135354881894
chr16	49500001	50000000	-0.0641538602292349
chr16	50000001	50500000	-0.100725755211213
chr16	50500001	51000000	0.0237651432277348
chr16	51000001	51500000	0.00447815016819195
chr16	51500001	52000000	0.0440627887518896
chr16	52000001	52500000	-0.0131484041474552
chr16	52500001	53000000	0.0251780750232454
chr16	53000001	53500000	-0.0244008655413772
chr16	53500001	54000000	-0.0582017607557762
chr16	54000001	54500000	0.0205866984269908
chr16	54500001	55000000	0.0605773849428506
chr16	55000001	55500000	0.0345176253041503
chr16	55500001	56000000	0.0760102093271845
chr16	56000001	56500000	-0.0164057101693621
chr16	56500001	57000000	-0.00660443672324515
chr16	57000001	57500000	0.0228297259814888
chr16	57500001	58000000	0.0720191039854639
chr16	58000001	58500000	-0.0325630307025142
chr16	58500001	59000000	-0.0013247071135238
chr16	59000001	59500000	0.0545810693592886
chr16	59500001	60000000	-0.0143367054920152
chr16	60000001	60500000	-0.00999451560131934
chr16	60500001	61000000	0.05499222140964
chr16	61000001	61500000	-0.0355464803774594
chr16	61500001	62000000	-0.100148349977643
chr16	62000001	62500000	-0.16635791990539
chr16	62500001	63000000	-0.126927744710782
chr16	63000001	63500000	-0.125098967794922
chr16	63500001	64000000	-0.137016418271121
chr16	64000001	64500000	-0.188223412000323
chr16	64500001	65000000	-0.146367836330819
chr16	65000001	65500000	-0.168839600455178
chr16	65500001	66000000	-0.18711152390032
chr16	66000001	66500000	-0.162953464178082
chr16	66500001	67000000	-0.152042609076578
chr16	67000001	67500000	-0.0658766110033615
chr16	67500001	68000000	0.0015278689465856
chr16	68000001	68500000	-0.0642439223574913
chr16	68500001	69000000	-0.228002642201449
chr16	69000001	69500000	-0.173743407917042
chr16	69500001	70000000	-0.241872150459618
chr16	70500001	71000000	-0.301988921838897
chr16	71000001	71500000	-0.258649390883599
chr16	71500001	72000000	-0.182498142252572
chr16	72000001	72500000	-0.10671603423789
chr16	72500001	73000000	-0.0922800173275153
chr16	73000001	73500000	-0.105394376422219
chr16	73500001	74000000	-0.189545116049863
chr16	74000001	74500000	-0.0302565466974659
chr16	74500001	75000000	-0.164036761697996
chr16	75000001	75500000	-0.238892372925502
chr16	75500001	76000000	-0.202993678706326
chr16	76000001	76500000	-0.180945164544979
chr16	76500001	77000000	-0.174322161073335
chr16	77000001	77500000	-0.237862720000999
chr16	77500001	78000000	-0.169505825849623
chr16	78000001	78500000	-0.154245730238633
chr16	78500001	79000000	-0.177835176896775
chr16	79000001	79500000	-0.111281842408652
chr16	79500001	80000000	-0.137108350726859
chr16	80000001	80500000	-0.111680467541539
chr16	80500001	81000000	0.130782957993181
chr16	81000001	81500000	0.0611012274543362
chr16	81500001	82000000	0.109605644490885
chr16	82000001	82500000	0.00475223377496708
chr16	82500001	83000000	0.0424026424274412
chr16	83000001	83500000	0.0254846299210463
chr16	83500001	84000000	-0.0209319431843217
chr16	84000001	84500000	-0.0138457628183034
chr16	84500001	85000000	0.0454711307492711
chr16	85000001	85500000	0.00606913882851998
chr16	85500001	86000000	0.0708100157107083
chr16	86000001	86500000	-0.0598499983188461
chr16	86500001	87000000	-0.063047646072612
chr16	87000001	87500000	-0.0193193100153977
chr16	87500001	88000000	-0.0696652006852011
chr16	88000001	88500000	NA
chr16	88500001	89000000	0.0117846219053406
chr16	89000001	89500000	-0.155807796935137
chr16	89500001	90000000	-0.130046670296604
chr17	500001	1000000	-0.00802041052850909
chr17	1000001	1500000	-0.0512993314309279
chr17	1500001	2000000	-0.0448274636766645
chr17	2000001	2500000	0.0395777285126928
chr17	2500001	3000000	0.0288332611882749
chr17	3000001	3500000	-0.0343050519604948
chr17	3500001	4000000	-0.0443230323770069
chr17	4000001	4500000	-0.105545904923227
chr17	4500001	5000000	-0.0265194642897374
chr17	5000001	5500000	-0.125894798708308
chr17	5500001	6000000	-0.0915486865481041
chr17	6000001	6500000	-0.0874262590675748
chr17	6500001	7000000	-0.0357198213638117
chr17	7000001	7500000	0.0372801340158183
chr17	7500001	8000000	0.0134765296144174
chr17	8000001	8500000	0.0190746765129013
chr17	8500001	9000000	-0.00227526157295062
chr17	9000001	9500000	-0.115690262957571
chr17	9500001	10000000	-0.120470600919977
chr17	10000001	10500000	-0.0962824811335168
chr17	10500001	11000000	-0.0740384223438091
chr17	11000001	11500000	-0.0435928284956339
chr17	11500001	12000000	-0.145839433393822
chr17	12000001	12500000	-0.167469924480185
chr17	12500001	13000000	-0.260732594683957
chr17	13000001	13500000	-0.203316379158971
chr17	13500001	14000000	-0.133610584120962
chr17	14000001	14500000	-0.174917918479334
chr17	14500001	15000000	-0.17881747414834
chr17	15000001	15500000	-0.121758261505355
chr17	16000001	16500000	-0.16989336536712
chr17	17000001	17500000	-0.0604330275714612
chr17	17500001	18000000	-0.102392878373823
chr17	18000001	18500000	-0.154086416516954
chr17	19500001	20000000	-0.168183672961428
chr17	20000001	20500000	-0.151410661531087
chr17	21000001	21500000	0.00862423727459706
chr17	27500001	28000000	-0.144111262249694
chr17	28000001	28500000	-0.130140663922699
chr17	28500001	29000000	-0.0911765290668095
chr17	29000001	29500000	-0.0621845202787309
chr17	29500001	30000000	0.0130317294817295
chr17	30000001	30500000	-0.143648799380202
chr17	30500001	31000000	-0.0408040464580815
chr17	31000001	31500000	-0.105260952379486
chr17	31500001	32000000	-0.146376284907912
chr17	32000001	32500000	-0.158616112605869
chr17	32500001	33000000	-0.137002541080077
chr17	33000001	33500000	-0.207904839179945
chr17	33500001	34000000	-0.149319129069342
chr17	34000001	34500000	-0.0420949064883035
chr17	34500001	35000000	-0.164964440560421
chr17	35000001	35500000	-0.049588526699423
chr17	35500001	36000000	-0.120615026755858
chr17	36500001	37000000	-0.166301803891059
chr17	37000001	37500000	-0.134909457376263
chr17	37500001	38000000	-0.250204075237192
chr17	38500001	39000000	-0.0696227231893679
chr17	39000001	39500000	-0.12886222213494
chr17	39500001	40000000	-0.106099365462944
chr17	40000001	40500000	-0.0228774476513788
chr17	40500001	41000000	-0.187161795807039
chr17	41000001	41500000	-0.0624900548080721
chr17	41500001	42000000	-0.147556954648125
chr17	42000001	42500000	-0.0889884344120536
chr17	42500001	43000000	-0.0929741474882497
chr17	43000001	43500000	-0.209859671356811
chr17	43500001	44000000	-0.0778093429929826
chr17	44000001	44500000	-0.0812272432217887
chr17	44500001	45000000	-0.0747339280059218
chr17	45000001	45500000	-0.0216548715035755
chr17	45500001	46000000	0.0457731057073144
chr17	47000001	47500000	-0.0472292095090609
chr17	47500001	48000000	-0.0551965439161856
chr17	48000001	48500000	-0.0261858760546139
chr17	48500001	49000000	-0.0948038160428
chr17	49000001	49500000	-0.0711396621460776
chr17	49500001	50000000	0.00541536288472702
chr17	50000001	50500000	-0.0456117894448466
chr17	50500001	51000000	-0.0132724117733318
chr17	51000001	51500000	-0.0592328409414417
chr17	51500001	52000000	-0.0850948571605311
chr17	52000001	52500000	-0.0854627139180482
chr17	52500001	53000000	-0.134874632020106
chr17	53000001	53500000	-0.0499696594197834
chr17	53500001	54000000	-0.08889174941037
chr17	54000001	54500000	-0.121648510478578
chr17	54500001	55000000	-0.186804376070369
chr17	55000001	55500000	-0.0855191344268468
chr17	55500001	56000000	-0.104653444870904
chr17	56000001	56500000	-0.0851584212741196
chr17	56500001	57000000	-0.0736695539734142
chr17	57000001	57500000	-0.085299747147513
chr17	57500001	58000000	-0.0716525333016089
chr17	58000001	58500000	-0.0503222942362725
chr17	58500001	59000000	-0.136578665300195
chr17	59000001	59500000	-0.237208082571952
chr17	59500001	60000000	-0.0588270818423028
chr17	60000001	60500000	-0.134786206927015
chr17	60500001	61000000	-0.11483443881192
chr17	61000001	61500000	-0.0549021602110767
chr17	61500001	62000000	-0.113175943881926
chr17	62000001	62500000	0.00386066437981319
chr17	62500001	63000000	-0.199963345088461
chr17	63000001	63500000	-0.058669467083015
chr17	63500001	64000000	-0.0131187358741336
chr17	64000001	64500000	-0.00647449993391655
chr17	64500001	65000000	-0.127402199281433
chr17	65000001	65500000	-0.0524525611036189
chr17	65500001	66000000	-0.126206221094824
chr17	66000001	66500000	-0.101578165116423
chr17	66500001	67000000	-0.198083546081315
chr17	67000001	67500000	-0.145486571039275
chr17	67500001	68000000	-0.0839574530563616
chr17	68000001	68500000	-0.0725148596360006
chr17	68500001	69000000	-0.157018200455616
chr17	69000001	69500000	-0.107786270915635
chr17	69500001	70000000	-0.144125691788138
chr17	70000001	70500000	-0.106155312313839
chr17	70500001	71000000	-0.102606618705442
chr17	71000001	71500000	-0.145882011730958
chr17	71500001	72000000	-0.0595247150011677
chr17	72000001	72500000	-0.157129064284761
chr17	72500001	73000000	-0.0432439798397091
chr17	73000001	73500000	0.0381639908791204
chr17	73500001	74000000	-0.0699823388428683
chr17	74000001	74500000	-0.0409511345188426
chr17	74500001	75000000	0.0581188077758071
chr17	75000001	75500000	0.145949606570399
chr17	75500001	76000000	0.0871573696602733
chr17	76000001	76500000	0.138415983664881
chr17	76500001	77000000	0.0850569777591878
chr17	77000001	77500000	0.139347281524227
chr17	77500001	78000000	0.158313003087543
chr17	78000001	78500000	0.019160855587622
chr17	78500001	79000000	0.140465311841361
chr17	79000001	79500000	0.00523198377169334
chr17	79500001	80000000	0.0486686866807342
chr17	80000001	80500000	0.0103490966142956
chr17	80500001	81000000	0.0362329529147405
chr17	81000001	81500000	NA
chr17	81500001	82000000	NA
chr17	82000001	82500000	0.0950377630250401
chr17	82500001	83000000	0.0431956225165048
chr17	83000001	83500000	NA
chr18	1	500000	NA
chr18	500001	1000000	-0.0103021852872383
chr18	1000001	1500000	0.0627515457853969
chr18	1500001	2000000	-0.0716424363850858
chr18	2000001	2500000	-0.017787907362939
chr18	2500001	3000000	0.108615439065111
chr18	3000001	3500000	-0.00621567522616588
chr18	3500001	4000000	0.0545041520799156
chr18	4000001	4500000	-0.0360809752263861
chr18	4500001	5000000	0.0286300503381915
chr18	5000001	5500000	-0.0159312596174463
chr18	5500001	6000000	-0.0348126378348026
chr18	6000001	6500000	-0.0350569934763472
chr18	6500001	7000000	-0.0151361866342005
chr18	7000001	7500000	-0.0250938738798299
chr18	7500001	8000000	0.0274441003515857
chr18	8000001	8500000	-0.0557461937963549
chr18	8500001	9000000	-0.0478711218422781
chr18	9000001	9500000	0.105801611994519
chr18	9500001	10000000	0.0878853619974372
chr18	10000001	10500000	-0.0323274039106602
chr18	10500001	11000000	-0.0116322491671092
chr18	11000001	11500000	-0.0568548715667923
chr18	11500001	12000000	-0.0301092330887861
chr18	12000001	12500000	-0.0698919092726165
chr18	12500001	13000000	0.0187489604507974
chr18	13000001	13500000	0.0662793401685438
chr18	13500001	14000000	0.113297587986581
chr18	22000001	22500000	-0.00460272686379581
chr18	22500001	23000000	-0.0545811267126457
chr18	23000001	23500000	0.0472632644873944
chr18	23500001	24000000	-0.0197268459367039
chr18	24000001	24500000	-0.0629417894742745
chr18	24500001	25000000	-0.00590916005967559
chr18	25000001	25500000	-0.0365228319211729
chr18	25500001	26000000	-0.00410875990744415
chr18	26000001	26500000	-0.0528778687299622
chr18	26500001	27000000	-0.0168076210195033
chr18	27000001	27500000	-0.0328907086986988
chr18	27500001	28000000	-0.0338138406621797
chr18	28000001	28500000	0.00596467866760212
chr18	28500001	29000000	-0.109265813408922
chr18	29000001	29500000	-0.0176541375663888
chr18	29500001	30000000	0.0273066230845722
chr18	30000001	30500000	-0.0539010353842897
chr18	30500001	31000000	-0.0718136835168316
chr18	31000001	31500000	0.00311515130956061
chr18	31500001	32000000	-0.0315146926818212
chr18	32000001	32500000	-0.042527155165488
chr18	32500001	33000000	-0.00422532311783664
chr18	33000001	33500000	-0.0451088006545667
chr18	33500001	34000000	-0.034203116442071
chr18	34000001	34500000	-0.0636389948302415
chr18	34500001	35000000	-0.0265983490294383
chr18	35000001	35500000	0.0483438651829856
chr18	35500001	36000000	-0.0155754274627661
chr18	36000001	36500000	0.0275823861770116
chr18	36500001	37000000	-0.0157045510390814
chr18	37000001	37500000	0.0176252334574779
chr18	37500001	38000000	0.0580799449420365
chr18	38000001	38500000	0.0308629622232786
chr18	38500001	39000000	0.0603754987564746
chr18	39000001	39500000	0.0707394376005876
chr18	39500001	40000000	0.0322747792612357
chr18	40000001	40500000	-0.0706622212090661
chr18	40500001	41000000	-0.0126697437216294
chr18	41000001	41500000	-0.00840283946047838
chr18	41500001	42000000	-0.0114490767676339
chr18	42000001	42500000	-0.061398631760718
chr18	42500001	43000000	-0.0609009366686841
chr18	43000001	43500000	-0.0278295707491067
chr18	43500001	44000000	0.0163627989349227
chr18	44000001	44500000	0.0227001078870899
chr18	44500001	45000000	0.154521812665722
chr18	45000001	45500000	0.00858891493047308
chr18	45500001	46000000	0.104688784593547
chr18	46000001	46500000	-0.0174201149073502
chr18	46500001	47000000	NA
chr18	47000001	47500000	NA
chr18	47500001	48000000	-0.0137233460727344
chr18	48000001	48500000	-0.0260465676609135
chr18	48500001	49000000	0.0660326296497942
chr18	49000001	49500000	0.100920491637178
chr18	49500001	50000000	-0.046059088638988
chr18	50000001	50500000	-0.00718705065812131
chr18	50500001	51000000	0.0168519087093426
chr18	51000001	51500000	-0.00261829860184353
chr18	51500001	52000000	-0.0341097226028683
chr18	52000001	52500000	-0.00964537358758077
chr18	52500001	53000000	0.00591539511032088
chr18	53000001	53500000	-0.00632503021979672
chr18	53500001	54000000	-0.153009170026778
chr18	54000001	54500000	-0.144700044434101
chr18	54500001	55000000	NA
chr18	55000001	55500000	-0.158854652091608
chr18	55500001	56000000	-0.108539176899688
chr18	56000001	56500000	-0.00439768315460094
chr18	56500001	57000000	-0.155552826800323
chr18	57000001	57500000	-0.0569574299496477
chr18	57500001	58000000	-0.122965845131668
chr18	58000001	58500000	-0.160242554618096
chr18	58500001	59000000	-0.166007141254284
chr18	59000001	59500000	-0.112809833652902
chr18	59500001	60000000	-0.218121296347401
chr18	60000001	60500000	-0.192948939782803
chr18	60500001	61000000	-0.150569607683741
chr18	61000001	61500000	-0.190258727771334
chr18	61500001	62000000	-0.152889928603138
chr18	62000001	62500000	-0.0876538018960326
chr18	62500001	63000000	-0.177118341582837
chr18	63000001	63500000	-0.167700568485094
chr18	63500001	64000000	-0.186936048824145
chr18	64000001	64500000	-0.179543715127005
chr18	64500001	65000000	-0.160340056081034
chr18	65000001	65500000	-0.230626005087477
chr18	65500001	66000000	-0.100533950049646
chr18	66000001	66500000	-0.159929765856327
chr18	66500001	67000000	-0.123016021074444
chr18	67000001	67500000	-0.232302679027781
chr18	67500001	68000000	-0.21863103560106
chr18	68000001	68500000	-0.214101374508541
chr18	68500001	69000000	-0.233094376524679
chr18	69000001	69500000	-0.165013603495433
chr18	69500001	70000000	-0.14756772637739
chr18	70000001	70500000	-0.159056006918589
chr18	70500001	71000000	-0.183417494058519
chr18	71000001	71500000	-0.210159612046221
chr18	71500001	72000000	-0.246945715180162
chr18	72000001	72500000	-0.188095827664359
chr18	72500001	73000000	-0.231402594274005
chr18	73000001	73500000	-0.233873360698033
chr18	73500001	74000000	-0.240202307883037
chr18	74000001	74500000	-0.198379382660188
chr18	74500001	75000000	-0.168557329504556
chr18	75000001	75500000	-0.162196878054709
chr18	75500001	76000000	-0.208529677141793
chr18	76000001	76500000	-0.164262974482636
chr18	76500001	77000000	-0.162187273660246
chr18	77000001	77500000	-0.144104172012415
chr18	77500001	78000000	-0.269184370280861
chr18	78000001	78500000	-0.175340213015121
chr18	78500001	79000000	-0.211156966769261
chr18	79000001	79500000	-0.225898429065665
chr18	79500001	80000000	-0.162395683113188
chr19	500001	1000000	NA
chr19	1000001	1500000	NA
chr19	1500001	2000000	-0.0664491943995306
chr19	2000001	2500000	-0.0835703701314139
chr19	2500001	3000000	-0.0156146637306048
chr19	3000001	3500000	-0.0404794873910545
chr19	3500001	4000000	-0.189497029479145
chr19	4000001	4500000	-0.118887890938408
chr19	4500001	5000000	-0.0655769594697176
chr19	5000001	5500000	-0.102482354984378
chr19	5500001	6000000	-0.160208474780512
chr19	6000001	6500000	-0.145872503508147
chr19	6500001	7000000	-0.0853243245466868
chr19	7000001	7500000	-0.147339481655745
chr19	7500001	8000000	-0.123598951311603
chr19	8000001	8500000	-0.138308577294901
chr19	8500001	9000000	-0.137855657233465
chr19	9000001	9500000	-0.203131962771971
chr19	9500001	10000000	-0.0603459636551122
chr19	10000001	10500000	-0.0650249759091139
chr19	10500001	11000000	-0.107917048805232
chr19	11000001	11500000	-0.135101163487269
chr19	11500001	12000000	0.0381733454418517
chr19	12000001	12500000	0.0504991980035594
chr19	12500001	13000000	0.117463235006071
chr19	13000001	13500000	0.0459774823346081
chr19	13500001	14000000	0.0194517519346317
chr19	14000001	14500000	0.0544974158610176
chr19	14500001	15000000	0.00315290665749791
chr19	15000001	15500000	0.0176034050688238
chr19	15500001	16000000	0.0678982358584232
chr19	16000001	16500000	0.0931105527362143
chr19	16500001	17000000	0.000202516890229355
chr19	17000001	17500000	0.0368615070528267
chr19	17500001	18000000	0.0494966991554328
chr19	18000001	18500000	0.178296413680452
chr19	18500001	19000000	-0.0518379444082932
chr19	19000001	19500000	0.020717348894806
chr19	19500001	20000000	0.0937915860014242
chr19	20000001	20500000	-0.0993077801691253
chr19	20500001	21000000	0.069022684264902
chr19	21000001	21500000	0.0187075915535325
chr19	21500001	22000000	0.122200760769187
chr19	22000001	22500000	-0.0685625530131179
chr19	22500001	23000000	-0.0111682444767417
chr19	23000001	23500000	0.06208924084095
chr19	23500001	24000000	0.0318522779638801
chr19	28500001	29000000	-0.00657467297639851
chr19	29000001	29500000	-0.0342387377112987
chr19	29500001	30000000	-0.0175295776231336
chr19	30000001	30500000	-0.119197883592927
chr19	30500001	31000000	-0.0101398353147164
chr19	31000001	31500000	-0.045529325958047
chr19	31500001	32000000	0.0231231952011525
chr19	32000001	32500000	0.00221877623800999
chr19	32500001	33000000	-0.134423591601942
chr19	33000001	33500000	0.0424850015184413
chr19	33500001	34000000	-0.0867149849507808
chr19	34000001	34500000	-0.0220337043780915
chr19	34500001	35000000	0.0438641741990466
chr19	35000001	35500000	0.1220089703128
chr19	35500001	36000000	0.0693089849958342
chr19	36000001	36500000	-0.131634546455154
chr19	36500001	37000000	0.0660993943533167
chr19	37000001	37500000	-0.0712801231908051
chr19	37500001	38000000	0.0108840132302737
chr19	38000001	38500000	-0.00319767336595891
chr19	38500001	39000000	-0.0371244083486949
chr19	39000001	39500000	0.0109676794092453
chr19	39500001	40000000	0.0373021269647194
chr19	40000001	40500000	0.0671140886247196
chr19	40500001	41000000	0.0189659054910328
chr19	41000001	41500000	0.0606555988287928
chr19	41500001	42000000	0.0754544757155483
chr19	42000001	42500000	0.152594713191995
chr19	43500001	44000000	0.143208449364088
chr19	44000001	44500000	-0.0112561970988046
chr19	44500001	45000000	-0.0331103589729484
chr19	45000001	45500000	0.0648255230055644
chr19	45500001	46000000	0.064830207638077
chr19	46000001	46500000	-0.136242896556936
chr19	46500001	47000000	-0.116076349962256
chr19	47000001	47500000	0.0223995422965032
chr19	47500001	48000000	-0.137847362223945
chr19	48000001	48500000	0.046549112734637
chr19	48500001	49000000	0.00631814914045079
chr19	49000001	49500000	0.0750528777796
chr19	49500001	50000000	0.0553682511385792
chr19	50000001	50500000	-0.00958404626366245
chr19	50500001	51000000	-0.0558507268225724
chr19	51000001	51500000	0.0989751630965655
chr19	51500001	52000000	0.0531941105552264
chr19	52000001	52500000	0.0824805310765065
chr19	52500001	53000000	-0.0236796638338625
chr19	53000001	53500000	0.0439741325695355
chr19	53500001	54000000	-0.00358912784370818
chr19	54000001	54500000	0.185953014577897
chr19	54500001	55000000	0.172614066747079
chr19	55000001	55500000	0.0860573140055228
chr19	55500001	56000000	-0.0347456605864799
chr19	56000001	56500000	0.0463174903643896
chr19	56500001	57000000	0.0728176221176437
chr19	57000001	57500000	0.0367946718789008
chr19	57500001	58000000	0.105527156007702
chr19	58000001	58500000	0.0886702985368689
chr20	1	500000	NA
chr20	500001	1000000	0.0348717966103001
chr20	1000001	1500000	0.052678559737965
chr20	1500001	2000000	0.213593821376751
chr20	2000001	2500000	0.0642093530668518
chr20	2500001	3000000	0.027007177675534
chr20	3000001	3500000	0.0337441699990134
chr20	3500001	4000000	0.0106404672703711
chr20	4000001	4500000	0.0836341163613141
chr20	4500001	5000000	0.0798303968310242
chr20	5000001	5500000	0.0790498951096812
chr20	5500001	6000000	0.0960079775446224
chr20	6000001	6500000	0.0194716685230595
chr20	6500001	7000000	-0.00381057071227566
chr20	7000001	7500000	0.0643766917312912
chr20	7500001	8000000	0.0201796576814296
chr20	8000001	8500000	0.0378670964831142
chr20	8500001	9000000	-0.00693530162359813
chr20	9000001	9500000	-0.0622256137399703
chr20	9500001	10000000	-0.0448327024694761
chr20	10000001	10500000	0.00849231894792047
chr20	10500001	11000000	0.000792703806273867
chr20	11000001	11500000	0.0114893008469076
chr20	11500001	12000000	0.0530489848378117
chr20	12000001	12500000	0.00464472077772746
chr20	12500001	13000000	0.0166502834273356
chr20	13000001	13500000	-0.0247937705394995
chr20	13500001	14000000	0.0481040768989739
chr20	14000001	14500000	0.0260394631463799
chr20	14500001	15000000	-0.0369684766550282
chr20	15000001	15500000	-0.0574386470849804
chr20	15500001	16000000	-0.00674697273270269
chr20	16000001	16500000	-0.0242327762390559
chr20	16500001	17000000	-0.0440682160217948
chr20	17000001	17500000	-0.0765233072277278
chr20	17500001	18000000	0.0191637925308669
chr20	18000001	18500000	-0.12357740366204
chr20	18500001	19000000	-0.00160375920278069
chr20	19000001	19500000	0.0196660582968961
chr20	19500001	20000000	0.0211456951065589
chr20	20000001	20500000	-0.0216869905140606
chr20	20500001	21000000	0.0200590572239664
chr20	21000001	21500000	-0.00522468896157773
chr20	21500001	22000000	0.0024953919730073
chr20	22000001	22500000	-0.0616503740248658
chr20	22500001	23000000	-0.0447809832186524
chr20	23000001	23500000	0.00375238748607984
chr20	23500001	24000000	0.187106259314616
chr20	24000001	24500000	-0.0626339578536067
chr20	24500001	25000000	-0.0935737374593689
chr20	25000001	25500000	-0.0455383407082767
chr20	31500001	32000000	0.0151761762673179
chr20	32000001	32500000	-0.010106167423394
chr20	32500001	33000000	-0.00544149625287218
chr20	33000001	33500000	0.0403908356481992
chr20	33500001	34000000	0.0394003900052749
chr20	34000001	34500000	0.0185660974611056
chr20	34500001	35000000	-0.00248893841252365
chr20	35000001	35500000	0.0154492671013654
chr20	35500001	36000000	0.0349084888439341
chr20	36000001	36500000	NA
chr20	36500001	37000000	0.0404635630924715
chr20	37000001	37500000	0.0494483352413015
chr20	37500001	38000000	-0.0477792036600914
chr20	38000001	38500000	-0.000973874420949698
chr20	38500001	39000000	-0.0276573169782796
chr20	39000001	39500000	-0.0075323279022345
chr20	39500001	40000000	0.00485129117220778
chr20	40000001	40500000	-0.0495890811560005
chr20	40500001	41000000	0.0267287250449817
chr20	41000001	41500000	0.0188253421387316
chr20	41500001	42000000	-0.00354420704455943
chr20	42000001	42500000	0.0474173018721885
chr20	42500001	43000000	0.045171258936404
chr20	43000001	43500000	0.0280083954287496
chr20	43500001	44000000	0.0652254851175087
chr20	44000001	44500000	-0.0121430067147923
chr20	44500001	45000000	-0.0728905739304324
chr20	45000001	45500000	-0.0286510572425441
chr20	45500001	46000000	0.0216156960301255
chr20	46000001	46500000	0.0633549808826125
chr20	46500001	47000000	-0.0335136973142372
chr20	47000001	47500000	-0.0712069150116983
chr20	47500001	48000000	-0.0267401467312943
chr20	48000001	48500000	-0.140721689120735
chr20	48500001	49000000	0.1355918217045
chr20	49000001	49500000	-0.0677999898552705
chr20	49500001	50000000	0.0571780797414803
chr20	50000001	50500000	0.119382308404156
chr20	50500001	51000000	-0.0750637369485909
chr20	51000001	51500000	-0.0551652243426489
chr20	51500001	52000000	-0.092916911790107
chr20	52000001	52500000	-0.0505295169830359
chr20	52500001	53000000	-0.0291574258887937
chr20	53000001	53500000	0.0122088157202264
chr20	53500001	54000000	0.0470392297607979
chr20	54000001	54500000	-0.0720272677889337
chr20	54500001	55000000	-0.0519177624465142
chr20	55000001	55500000	0.0100432278800241
chr20	55500001	56000000	-0.0206208868657129
chr20	56000001	56500000	0.0223203284424248
chr20	56500001	57000000	-0.190266630906987
chr20	57000001	57500000	-0.0544467243825939
chr20	57500001	58000000	-0.0682975759151435
chr20	58000001	58500000	-0.0490159761931969
chr20	58500001	59000000	-0.0280462421714207
chr20	59000001	59500000	-0.0160978039508381
chr20	59500001	60000000	0.0112496557520624
chr20	60000001	60500000	0.112477397905807
chr20	60500001	61000000	0.0208008533623586
chr20	61000001	61500000	-0.0705292471410829
chr20	61500001	62000000	-0.0742028159501404
chr20	62000001	62500000	0.0313220026248408
chr20	62500001	63000000	0.0891423893077199
chr20	63000001	63500000	-0.0280680657979822
chr20	63500001	64000000	0.0301322221907281
chr21	14000001	14500000	-0.0472153300526654
chr21	14500001	15000000	0.0887497283031937
chr21	15000001	15500000	0.000219915726331411
chr21	15500001	16000000	-0.0131397828347492
chr21	16000001	16500000	-0.0806439916470529
chr21	16500001	17000000	-0.0355861202582335
chr21	17000001	17500000	-0.0312213259768492
chr21	17500001	18000000	-0.0326914181496084
chr21	18000001	18500000	-0.00357018578334942
chr21	18500001	19000000	0.0150551447975176
chr21	19000001	19500000	0.0307625896106255
chr21	19500001	20000000	-0.0201881872740915
chr21	20000001	20500000	0.0240524237782808
chr21	20500001	21000000	0.0304897807119824
chr21	21000001	21500000	-0.0598279118013453
chr21	21500001	22000000	0.0592137785029487
chr21	22000001	22500000	-0.0258526921726318
chr21	22500001	23000000	-0.0311164029424119
chr21	23000001	23500000	-0.0617569045200035
chr21	23500001	24000000	-0.0707511459571341
chr21	24000001	24500000	0.0471775809409346
chr21	24500001	25000000	-0.0942605742695346
chr21	25000001	25500000	-0.0894929429522336
chr21	25500001	26000000	-0.0448035672419759
chr21	26000001	26500000	-0.0236437367658654
chr21	26500001	27000000	-0.0802504233993289
chr21	27000001	27500000	-0.0932800035034319
chr21	27500001	28000000	0.092030849922727
chr21	28000001	28500000	-0.0791322551042661
chr21	28500001	29000000	0.00331394101416969
chr21	29000001	29500000	0.0560123439194069
chr21	29500001	30000000	-0.0947660617735616
chr21	30000001	30500000	-0.000880036136676952
chr21	30500001	31000000	0.009203833539189
chr21	31000001	31500000	-0.103569029541409
chr21	31500001	32000000	NA
chr21	32000001	32500000	-0.115235905299387
chr21	32500001	33000000	0.0339414853703729
chr21	33000001	33500000	0.0985161760032428
chr21	33500001	34000000	-0.021310974347669
chr21	34000001	34500000	-0.350635245241163
chr21	34500001	35000000	0.0677381318031681
chr21	35000001	35500000	-0.00453567261953837
chr21	35500001	36000000	0.00323164787630789
chr21	36000001	36500000	-0.0613655715405263
chr21	36500001	37000000	-0.0256681344135934
chr21	37000001	37500000	0.0230036843492729
chr21	37500001	38000000	0.00539786621159628
chr21	38000001	38500000	0.0723801538837119
chr21	38500001	39000000	NA
chr21	39000001	39500000	0.0400411520094996
chr21	39500001	40000000	-0.0162887464398953
chr21	40000001	40500000	-0.0407343655238167
chr21	40500001	41000000	0.00525367240243303
chr21	41000001	41500000	-0.0228097662252513
chr21	41500001	42000000	NA
chr21	42000001	42500000	-0.0261173337388375
chr21	42500001	43000000	NA
chr21	43500001	44000000	0.00106552924946116
chr21	44000001	44500000	-0.388323183399367
chr21	44500001	45000000	0.0138840623152922
chr21	45000001	45500000	-0.0854958218706175
chr21	45500001	46000000	0.0530391832800472
chr21	46000001	46500000	-0.0311596770351579
chr21	46500001	47000000	NA
chr22	17500001	18000000	-0.0120231495510582
chr22	19000001	19500000	0.0123360472957533
chr22	19500001	20000000	-0.15094967312081
chr22	20000001	20500000	-0.0732671278755784
chr22	20500001	21000000	-0.23138917173021
chr22	21500001	22000000	-0.198510987142159
chr22	22000001	22500000	-0.0141072718803321
chr22	22500001	23000000	-0.0931580502415249
chr22	23000001	23500000	-0.16528132472222
chr22	23500001	24000000	-0.105535148251588
chr22	24000001	24500000	-0.111089499140795
chr22	24500001	25000000	-0.0248978840377251
chr22	25000001	25500000	-0.140646608465636
chr22	25500001	26000000	-0.190447888374089
chr22	26000001	26500000	-0.164927139856797
chr22	26500001	27000000	-0.0618528275675154
chr22	27000001	27500000	-0.20084364049091
chr22	27500001	28000000	-0.166287121587671
chr22	28000001	28500000	-0.182549948536413
chr22	28500001	29000000	-0.172257548777672
chr22	29000001	29500000	-0.171985155710352
chr22	29500001	30000000	-0.123567198885469
chr22	30000001	30500000	-0.0698686629298665
chr22	30500001	31000000	-0.153417001602388
chr22	31000001	31500000	-0.0946056500515008
chr22	31500001	32000000	-0.19701216075801
chr22	32000001	32500000	-0.15794585238742
chr22	32500001	33000000	-0.138453688984163
chr22	33000001	33500000	-0.122285441802078
chr22	33500001	34000000	-0.17908438260255
chr22	34000001	34500000	-0.102620989546622
chr22	34500001	35000000	-0.161453680893045
chr22	35000001	35500000	-0.106831857388212
chr22	35500001	36000000	-0.137102086151917
chr22	36000001	36500000	-0.0158634064762069
chr22	36500001	37000000	0.0353038726695825
chr22	37000001	37500000	0.0587644657192675
chr22	37500001	38000000	-0.0654871238664063
chr22	38000001	38500000	-0.107582977731589
chr22	38500001	39000000	-0.141431582715755
chr22	39000001	39500000	-0.126380609038555
chr22	39500001	40000000	-0.12130399157943
chr22	40000001	40500000	-0.114800130202874
chr22	40500001	41000000	-0.167378203187087
chr22	41000001	41500000	-0.146372837979908
chr22	41500001	42000000	-0.0889763633604209
chr22	42000001	42500000	-0.101598273643906
chr22	42500001	43000000	-0.105036635471216
chr22	43000001	43500000	-0.166918739586294
chr22	43500001	44000000	-0.246909426835
chr22	44000001	44500000	-0.0712577387019457
chr22	44500001	45000000	-0.171464700693182
chr22	45000001	45500000	-0.104664622435122
chr22	45500001	46000000	-0.153508148023753
chr22	46000001	46500000	-0.228855848856705
chr22	46500001	47000000	-0.0871626404219006
chr22	47000001	47500000	-0.151589481777125
chr22	47500001	48000000	-0.201518365876937
chr22	48000001	48500000	-0.210459964904323
chr22	48500001	49000000	-0.302833200153021
chr22	49000001	49500000	-0.218950490067304
chr22	49500001	50000000	NA
chr22	50000001	50500000	-0.133537442785417
chr22	50500001	51000000	NA
chrX	3000001	3500000	-0.132610308048727
chrX	3500001	4000000	-0.238917559697415
chrX	4000001	4500000	-0.0398084990217946
chrX	4500001	5000000	-0.0471350505238393
chrX	5000001	5500000	-0.0807172668631177
chrX	5500001	6000000	0.00987613467940213
chrX	6000001	6500000	0.0338851060041268
chrX	6500001	7000000	-0.0454741956889171
chrX	7000001	7500000	-0.0929033476566082
chrX	7500001	8000000	-0.0678100389842246
chrX	8000001	8500000	-0.0634558395404764
chrX	8500001	9000000	-0.0452361418186766
chrX	9000001	9500000	-0.0424083335880556
chrX	9500001	10000000	-0.0865728122230949
chrX	10000001	10500000	-0.0569787368317577
chrX	10500001	11000000	-0.0689703558139187
chrX	11000001	11500000	0.0130647300387255
chrX	11500001	12000000	-0.0334353361212998
chrX	12000001	12500000	-0.10917495319472
chrX	12500001	13000000	-0.0177976883890255
chrX	13000001	13500000	0.000997701265715731
chrX	13500001	14000000	-0.0263816066907666
chrX	14000001	14500000	-0.0327511135515535
chrX	14500001	15000000	-0.0479790238406764
chrX	15000001	15500000	-0.0750234589643382
chrX	15500001	16000000	-0.0566247942093235
chrX	16000001	16500000	-0.053772391416087
chrX	16500001	17000000	-0.055740764903233
chrX	17000001	17500000	-0.0582288745955846
chrX	17500001	18000000	-0.102434071289857
chrX	18000001	18500000	-0.159123341649495
chrX	18500001	19000000	-0.0435596399432222
chrX	19000001	19500000	0.00905142236591018
chrX	19500001	20000000	0.00726621321690096
chrX	20000001	20500000	-0.0518683235344967
chrX	20500001	21000000	-0.0305535082024722
chrX	21000001	21500000	-0.0655333443815639
chrX	21500001	22000000	-0.103465403169936
chrX	22000001	22500000	-0.0416520283632124
chrX	22500001	23000000	-0.0485034893672184
chrX	23000001	23500000	-0.125790295405684
chrX	23500001	24000000	-0.00148442298837947
chrX	24000001	24500000	-0.0894551472488792
chrX	24500001	25000000	-0.131900131641627
chrX	25000001	25500000	-0.0501969510760065
chrX	25500001	26000000	-0.0709787469775782
chrX	26000001	26500000	-0.0455878655810781
chrX	26500001	27000000	-0.172713433833859
chrX	27000001	27500000	-0.1626381089349
chrX	27500001	28000000	-0.0478799527821696
chrX	28000001	28500000	-0.0771172245131806
chrX	28500001	29000000	-0.0147963985256651
chrX	29000001	29500000	-0.138503586006746
chrX	29500001	30000000	-0.0352049956458445
chrX	30000001	30500000	-0.0194701576207289
chrX	30500001	31000000	-0.0668230013306872
chrX	31000001	31500000	-0.0760246702885013
chrX	31500001	32000000	-0.0933377765304444
chrX	32000001	32500000	-0.0711783267675751
chrX	32500001	33000000	-0.0908668049142847
chrX	33000001	33500000	-0.0537373305994092
chrX	33500001	34000000	-0.0434034565150475
chrX	34000001	34500000	-0.1081661186749
chrX	34500001	35000000	-0.0282449171465879
chrX	35000001	35500000	-0.105089494708108
chrX	35500001	36000000	-0.11894354713015
chrX	36000001	36500000	-0.0798127265667713
chrX	36500001	37000000	-0.0869413269192876
chrX	37500001	38000000	-0.0491889796931915
chrX	38000001	38500000	-0.000283398614076842
chrX	38500001	39000000	-0.0273409553680415
chrX	39000001	39500000	0.079991987816649
chrX	39500001	40000000	-0.116278737131952
chrX	40000001	40500000	-0.0230002546872128
chrX	40500001	41000000	-0.0363707510620934
chrX	41000001	41500000	-0.0443250409359332
chrX	41500001	42000000	-0.0854154971198005
chrX	42000001	42500000	-0.0926063495994816
chrX	42500001	43000000	-0.0414800443343751
chrX	43000001	43500000	-0.0834255431908213
chrX	43500001	44000000	-0.0297401800250037
chrX	44000001	44500000	-0.148977668798066
chrX	44500001	45000000	-0.132193620703547
chrX	45000001	45500000	-0.0841841514547315
chrX	45500001	46000000	-0.00579807037730815
chrX	46000001	46500000	-0.0404605875779327
chrX	46500001	47000000	-0.0388005231488803
chrX	47000001	47500000	-0.0435297297034713
chrX	47500001	48000000	-0.0294181907301268
chrX	48500001	49000000	-0.0386990633890626
chrX	49500001	50000000	NA
chrX	50000001	50500000	NA
chrX	50500001	51000000	-0.0266540517357778
chrX	51000001	51500000	0.000142376236124142
chrX	51500001	52000000	-0.0659769765023385
chrX	52000001	52500000	-0.297536319324124
chrX	53000001	53500000	-0.0786988139202138
chrX	53500001	54000000	0.00176713387525173
chrX	54000001	54500000	-0.0271971626021289
chrX	54500001	55000000	0.0673662787319981
chrX	55000001	55500000	-0.0570768581507598
chrX	55500001	56000000	0.0654707837462975
chrX	56000001	56500000	0.0330022879895751
chrX	56500001	57000000	0.0601745478544964
chrX	57000001	57500000	0.0782717333055589
chrX	64000001	64500000	0.0620312324059714
chrX	64500001	65000000	0.0763144780244083
chrX	65000001	65500000	0.0887296264430139
chrX	65500001	66000000	0.132420701867431
chrX	66000001	66500000	0.0596147302211719
chrX	66500001	67000000	0.0699914558486735
chrX	67000001	67500000	0.0339044825290535
chrX	67500001	68000000	0.0561985367491433
chrX	68000001	68500000	0.0412433970367517
chrX	68500001	69000000	0.0571000782495799
chrX	69000001	69500000	-0.0238345991920321
chrX	69500001	70000000	0.0447504673000959
chrX	70000001	70500000	0.0485975644104917
chrX	70500001	71000000	0.0442491135966099
chrX	71000001	71500000	0.0250346390612346
chrX	71500001	72000000	-0.198342397561549
chrX	72000001	72500000	0.0288479877715104
chrX	73000001	73500000	-0.00539791525964206
chrX	73500001	74000000	-0.044778701675445
chrX	74000001	74500000	0.0169046157860438
chrX	74500001	75000000	0.0978835177362526
chrX	75000001	75500000	0.0528499313265256
chrX	75500001	76000000	0.148193906127696
chrX	76000001	76500000	-0.0422239662840156
chrX	76500001	77000000	0.0810966842786737
chrX	77000001	77500000	0.14376515864912
chrX	77500001	78000000	-0.00309210774299248
chrX	78000001	78500000	0.0305388729592333
chrX	78500001	79000000	-0.0553532088669755
chrX	79000001	79500000	0.0406350883442472
chrX	79500001	80000000	-0.0159481227417093
chrX	80000001	80500000	0.0779208512362946
chrX	80500001	81000000	-0.0414971662892343
chrX	81000001	81500000	0.0356324883114434
chrX	81500001	82000000	0.00103038787438143
chrX	82000001	82500000	0.0105527247605262
chrX	82500001	83000000	-0.0600262442566857
chrX	83000001	83500000	-0.0435385274599781
chrX	83500001	84000000	-0.134689508359341
chrX	84000001	84500000	-0.0638518595452656
chrX	84500001	85000000	-0.110179478347531
chrX	85000001	85500000	-0.127279747885176
chrX	85500001	86000000	-0.0652561490671481
chrX	86000001	86500000	-0.124049198964647
chrX	86500001	87000000	-0.0494606259381851
chrX	87000001	87500000	-0.0858060716234139
chrX	87500001	88000000	-0.0738236895744016
chrX	88000001	88500000	-0.0772503400277734
chrX	88500001	89000000	-0.0850720584110023
chrX	91000001	91500000	-0.0567546767989826
chrX	93000001	93500000	-0.0457628074190144
chrX	93500001	94000000	-0.0613789615665013
chrX	94000001	94500000	-0.09055778750487
chrX	94500001	95000000	-0.0849751783362014
chrX	95000001	95500000	-0.0639744097914969
chrX	95500001	96000000	-0.0935970630022344
chrX	96000001	96500000	-0.0570938285712547
chrX	96500001	97000000	0.0050447173932741
chrX	97000001	97500000	-0.0252332653567077
chrX	97500001	98000000	-0.0836378231737689
chrX	98000001	98500000	-0.0190345424749133
chrX	98500001	99000000	-0.0296196470615436
chrX	99000001	99500000	-0.0573664089324347
chrX	99500001	100000000	-0.117578103497097
chrX	100000001	100500000	-0.0748270519618342
chrX	100500001	101000000	-0.051514970093147
chrX	101000001	101500000	-0.0620579978196487
chrX	101500001	102000000	0.016709794979456
chrX	102500001	103000000	-0.0327692336199969
chrX	103000001	103500000	-0.0643898809082438
chrX	103500001	104000000	-0.106313914134121
chrX	104000001	104500000	-0.0856266785196426
chrX	104500001	105000000	-0.0421075049852534
chrX	105000001	105500000	-0.074890222626698
chrX	105500001	106000000	-0.0719415253563636
chrX	106000001	106500000	-0.0509297866040138
chrX	106500001	107000000	-0.0827026263639284
chrX	107000001	107500000	-0.00517565032833079
chrX	107500001	108000000	-0.0602727965325785
chrX	108000001	108500000	-0.0954346289287914
chrX	108500001	109000000	-0.130417843538674
chrX	109000001	109500000	-0.0107422645215646
chrX	109500001	110000000	-0.0617291917751489
chrX	110000001	110500000	-0.0558386836699796
chrX	110500001	111000000	-0.0286573447703429
chrX	111000001	111500000	-0.0181565819779108
chrX	111500001	112000000	-0.0582933545877532
chrX	112000001	112500000	-0.0197488394903405
chrX	112500001	113000000	-0.115952370905585
chrX	113000001	113500000	-0.051089034249214
chrX	113500001	114000000	-0.157488530218974
chrX	114000001	114500000	NA
chrX	114500001	115000000	-0.119477474107371
chrX	115000001	115500000	-0.0611842695818455
chrX	116000001	116500000	-0.0399310970083555
chrX	116500001	117000000	NA
chrX	117000001	117500000	-0.0342699849403232
chrX	117500001	118000000	0.054048946370349
chrX	118000001	118500000	-0.0793502749344298
chrX	118500001	119000000	-0.0309668191609371
chrX	119000001	119500000	-0.0455183013323248
chrX	119500001	120000000	-0.00871553858014946
chrX	120000001	120500000	-0.185305954195452
chrX	121000001	121500000	-0.0236411261822794
chrX	121500001	122000000	-0.0435204650959886
chrX	122000001	122500000	-0.024660208330149
chrX	122500001	123000000	-0.0453108506088596
chrX	123000001	123500000	-0.0560979009592236
chrX	123500001	124000000	-0.135086884757356
chrX	124000001	124500000	-0.0100246420457055
chrX	124500001	125000000	0.00925191953928748
chrX	125000001	125500000	-0.0532793689186198
chrX	125500001	126000000	-0.0229869746428885
chrX	126000001	126500000	0.00770368093861715
chrX	126500001	127000000	0.163802817371194
chrX	127000001	127500000	0.0526246712199957
chrX	127500001	128000000	0.0261309362734274
chrX	128000001	128500000	0.0104463081277648
chrX	128500001	129000000	0.0113047279863823
chrX	129000001	129500000	0.0223888517367914
chrX	129500001	130000000	0.0788573352038134
chrX	130000001	130500000	0.0396851720860897
chrX	130500001	131000000	0.0590242344951345
chrX	131000001	131500000	0.132560016971134
chrX	131500001	132000000	0.0988107094618415
chrX	132000001	132500000	0.0844320316685041
chrX	132500001	133000000	0.0478912274258343
chrX	133000001	133500000	0.0121582558908374
chrX	133500001	134000000	0.00907005483021382
chrX	134000001	134500000	0.0685654809556371
chrX	134500001	135000000	0.0513430071876087
chrX	135000001	135500000	-0.0262207959480197
chrX	136000001	136500000	0.00172542994014211
chrX	136500001	137000000	0.113451085799714
chrX	137000001	137500000	-0.009018840539525
chrX	137500001	138000000	0.0577818533779025
chrX	138000001	138500000	0.0525075155702231
chrX	138500001	139000000	0.0709739821454473
chrX	139000001	139500000	0.143313739910967
chrX	139500001	140000000	0.0476515916827736
chrX	140000001	140500000	0.0585140925444937
chrX	140500001	141000000	0.106763736796392
chrX	141000001	141500000	-0.0468154698289236
chrX	141500001	142000000	-0.054146388870795
chrX	142000001	142500000	0.0882363251163862
chrX	142500001	143000000	0.109426935019089
chrX	143000001	143500000	0.0676061256729699
chrX	143500001	144000000	0.0958464252801793
chrX	144500001	145000000	0.120027545886814
chrX	145000001	145500000	0.123385340787047
chrX	145500001	146000000	0.133276262321195
chrX	146000001	146500000	0.0989533092729746
chrX	146500001	147000000	0.0277308383471289
chrX	147000001	147500000	0.0427041431174116
chrX	147500001	148000000	0.107803745802814
chrX	148000001	148500000	0.158352612827196
chrX	148500001	149000000	0.118772048883904
chrX	149000001	149500000	0.0855277390394916
chrX	149500001	150000000	-0.18128048132745
chrX	150000001	150500000	0.120270988833335
chrX	150500001	151000000	0.124898398690033
chrX	151000001	151500000	0.150000925194068
chrX	151500001	152000000	0.103387220961627
chrX	152000001	152500000	0.0675874681301131
chrX	152500001	153000000	-0.110100850914602
chrX	153000001	153500000	-0.0812145343553033
chrX	153500001	154000000	0.17156770091386
chrX	154500001	155000000	0.00467448564538414
chrX	155000001	155500000	-0.054142547893711
