chr	start	end	log2_TNratio_corrected
chr1	1000001	1500000	NA
chr1	1500001	2000000	-0.122785187496206
chr1	2000001	2500000	-0.0196596019319203
chr1	2500001	3000000	NA
chr1	3000001	3500000	-0.0216723829226322
chr1	3500001	4000000	0.0157319590923715
chr1	4000001	4500000	0.099347534346232
chr1	4500001	5000000	0.0281110976425714
chr1	5000001	5500000	0.0228267926774174
chr1	5500001	6000000	0.146313251987542
chr1	6000001	6500000	0.0454015569614719
chr1	6500001	7000000	0.062974249279469
chr1	7000001	7500000	0.0123576491331775
chr1	7500001	8000000	-0.0828823175315271
chr1	8000001	8500000	-0.0311944756774429
chr1	8500001	9000000	-0.00740453835203169
chr1	9000001	9500000	0.0280916199004622
chr1	9500001	10000000	0.0523062149107245
chr1	10000001	10500000	0.110864154465066
chr1	10500001	11000000	-0.0608243814494853
chr1	11000001	11500000	0.0614248494596756
chr1	11500001	12000000	-0.00150710224815701
chr1	12000001	12500000	0.104928483919406
chr1	13500001	14000000	0.0237470014023861
chr1	14000001	14500000	0.0427046173597123
chr1	14500001	15000000	-0.0421069716606032
chr1	15000001	15500000	0.00350194733785994
chr1	15500001	16000000	-0.0115048149939735
chr1	16000001	16500000	0.0317323372210968
chr1	17000001	17500000	0.0991522021458453
chr1	17500001	18000000	-0.0756660267074874
chr1	18000001	18500000	0.0862873107210004
chr1	18500001	19000000	-0.0172029627320819
chr1	19000001	19500000	-0.0613985874288944
chr1	19500001	20000000	0.0499521439083803
chr1	20000001	20500000	-0.12326110081242
chr1	20500001	21000000	0.0256035757915341
chr1	21000001	21500000	0.0659465816714786
chr1	21500001	22000000	0.0365075905394776
chr1	22000001	22500000	0.0451498903311597
chr1	22500001	23000000	0.018808566088455
chr1	23000001	23500000	0.0338188749796141
chr1	23500001	24000000	0.0673990275380196
chr1	24000001	24500000	-0.0108193066902309
chr1	24500001	25000000	-0.0159378236554882
chr1	25000001	25500000	0.00641237734750478
chr1	25500001	26000000	0.0648489231903993
chr1	26000001	26500000	0.00553965133099734
chr1	26500001	27000000	0.108106555039524
chr1	27000001	27500000	0.12326049096266
chr1	27500001	28000000	0.110412842556969
chr1	28000001	28500000	0.00656515966499184
chr1	28500001	29000000	-0.0217955721410185
chr1	29000001	29500000	0.000450752643139846
chr1	29500001	30000000	NA
chr1	30000001	30500000	-0.0501664090361969
chr1	30500001	31000000	-0.00697403052221316
chr1	31000001	31500000	0.0145388291692904
chr1	31500001	32000000	-0.00956535024194005
chr1	32000001	32500000	0.0489065734627822
chr1	32500001	33000000	0.055670975831915
chr1	33000001	33500000	0.0643091062443478
chr1	33500001	34000000	0.054894008796857
chr1	34000001	34500000	0.0795955046832533
chr1	34500001	35000000	0.0455906952019703
chr1	35000001	35500000	0.0678130658663349
chr1	35500001	36000000	0.0323749823046231
chr1	36000001	36500000	0.0142914158841952
chr1	36500001	37000000	0.00314070488508095
chr1	37000001	37500000	-0.0145168759419258
chr1	37500001	38000000	0.0315544521106938
chr1	38000001	38500000	0.0372689103116145
chr1	38500001	39000000	0.0162305854482907
chr1	39000001	39500000	0.0101262178820833
chr1	39500001	40000000	0.0489759135267897
chr1	40000001	40500000	0.032179625823133
chr1	40500001	41000000	-0.0240953841621682
chr1	41000001	41500000	0.00558045284191365
chr1	41500001	42000000	0.0995881270901242
chr1	42000001	42500000	0.0129071749893274
chr1	42500001	43000000	-0.00651432480569075
chr1	43000001	43500000	-0.0468474076405758
chr1	43500001	44000000	0.051910732014787
chr1	44000001	44500000	-0.0289721078323785
chr1	44500001	45000000	0.0334703541570722
chr1	45000001	45500000	0.0355018910346725
chr1	45500001	46000000	-0.0528346003342474
chr1	46000001	46500000	0.0145339900317201
chr1	46500001	47000000	0.107894564427141
chr1	47000001	47500000	0.0405649537369811
chr1	47500001	48000000	0.0202479582946195
chr1	48000001	48500000	-0.0462180947081827
chr1	48500001	49000000	0.00385829233435526
chr1	49000001	49500000	0.0205699366602964
chr1	49500001	50000000	-0.039411578424561
chr1	50000001	50500000	0.0208775870381101
chr1	50500001	51000000	-0.0405361049849786
chr1	51000001	51500000	0.121661969109925
chr1	51500001	52000000	0.0966356468083334
chr1	52000001	52500000	0.0130633661586771
chr1	52500001	53000000	0.0650140366099912
chr1	53000001	53500000	0.0703828291729734
chr1	53500001	54000000	-0.0434909958709897
chr1	54000001	54500000	-0.00914450577503178
chr1	54500001	55000000	-0.0178073287952971
chr1	55000001	55500000	-0.00610637781365595
chr1	55500001	56000000	-0.0516326286262022
chr1	56000001	56500000	-0.018883149027339
chr1	56500001	57000000	0.0439942313239163
chr1	57000001	57500000	0.00156883378208253
chr1	57500001	58000000	-0.0225959332380188
chr1	58000001	58500000	-0.0417682814551877
chr1	58500001	59000000	0.0341308212435591
chr1	59000001	59500000	0.0939603016059451
chr1	59500001	60000000	0.0739859641764923
chr1	60000001	60500000	-0.00776169101742055
chr1	60500001	61000000	0.0876861618122754
chr1	61000001	61500000	0.0102121607239398
chr1	61500001	62000000	0.0521519860992985
chr1	62000001	62500000	-0.0167465465422149
chr1	62500001	63000000	0.0303626469108274
chr1	63000001	63500000	0.0894423821482429
chr1	63500001	64000000	0.00135120607495259
chr1	64000001	64500000	0.0542039007890118
chr1	64500001	65000000	0.0172753264675196
chr1	65000001	65500000	-0.0311862502926753
chr1	65500001	66000000	0.0340634510897379
chr1	66000001	66500000	0.0731113617266756
chr1	66500001	67000000	-0.00991129626700088
chr1	67000001	67500000	-0.0926182114319229
chr1	67500001	68000000	0.0553259862154844
chr1	68000001	68500000	0.0146486351068849
chr1	68500001	69000000	-0.0327336378892558
chr1	69000001	69500000	-0.0366261254055951
chr1	69500001	70000000	0.0803949787646896
chr1	70000001	70500000	0.0478272021708912
chr1	70500001	71000000	0.0836292247834047
chr1	71000001	71500000	0.0535458339097491
chr1	71500001	72000000	0.0119203832822725
chr1	72000001	72500000	0.0251332860306384
chr1	72500001	73000000	-0.0475830806520474
chr1	73000001	73500000	0.0626988458732806
chr1	73500001	74000000	0.0782865255644249
chr1	74000001	74500000	0.0294190467639864
chr1	74500001	75000000	0.0414287358240267
chr1	75000001	75500000	-0.00736949864099749
chr1	75500001	76000000	0.0366425038075665
chr1	76000001	76500000	0.00651372982598101
chr1	76500001	77000000	0.0522813223798062
chr1	77000001	77500000	-0.00882362178931024
chr1	77500001	78000000	-0.109838401138211
chr1	78000001	78500000	-0.0583188218288651
chr1	78500001	79000000	-0.100345533636424
chr1	79000001	79500000	0.0208003331708698
chr1	79500001	80000000	-0.0288161004042997
chr1	80000001	80500000	-0.0666385613721721
chr1	80500001	81000000	-0.0360414035025226
chr1	81000001	81500000	-0.0642280693443398
chr1	81500001	82000000	-0.0273328892711441
chr1	82000001	82500000	-0.063187216318648
chr1	82500001	83000000	-0.0616584659688746
chr1	83500001	84000000	-0.0539054913650635
chr1	84000001	84500000	-0.109950495906078
chr1	84500001	85000000	-0.078704368152587
chr1	85000001	85500000	0.00390989778367946
chr1	85500001	86000000	-0.0357285998950138
chr1	86000001	86500000	0.0461102434846976
chr1	86500001	87000000	-0.0319735335348801
chr1	87000001	87500000	0.0779281123075061
chr1	87500001	88000000	-0.0186831895476446
chr1	88000001	88500000	-0.0403287024437212
chr1	88500001	89000000	0.0354551426169087
chr1	89000001	89500000	0.108992381995672
chr1	89500001	90000000	0.0419658841867945
chr1	90000001	90500000	0.113409741539447
chr1	90500001	91000000	0.0315251937676765
chr1	91000001	91500000	0.219930093827062
chr1	91500001	92000000	0.0984552886014448
chr1	92000001	92500000	0.0908068092473458
chr1	92500001	93000000	0.0245057805454925
chr1	93000001	93500000	-0.0326783231583282
chr1	93500001	94000000	0.0112935161737313
chr1	94000001	94500000	0.0194429299797431
chr1	94500001	95000000	0.120624448496287
chr1	95000001	95500000	0.0494530798549825
chr1	95500001	96000000	0.0370789324249299
chr1	96000001	96500000	-0.0445978694645848
chr1	96500001	97000000	0.0752098533040339
chr1	97000001	97500000	-0.00884328814893184
chr1	97500001	98000000	0.0542615920123445
chr1	98000001	98500000	0.0966800540251075
chr1	98500001	99000000	0.00939438486484082
chr1	99000001	99500000	-0.00886997638103714
chr1	99500001	100000000	-0.00365701388430481
chr1	100000001	100500000	0.0745457874445469
chr1	100500001	101000000	-0.0335643269271719
chr1	101000001	101500000	-0.00810348531771064
chr1	101500001	102000000	0.0437583863419223
chr1	102000001	102500000	0.0667388622145967
chr1	102500001	103000000	0.0191915061826953
chr1	103000001	103500000	-0.0278165904363954
chr1	103500001	104000000	-0.312526727126566
chr1	104000001	104500000	-0.0667232395910053
chr1	104500001	105000000	-0.0222175605887895
chr1	105000001	105500000	0.0268624788699859
chr1	105500001	106000000	0.0541198091408629
chr1	106000001	106500000	-0.0179604616092336
chr1	106500001	107000000	-0.0447564083087094
chr1	107000001	107500000	0.013477733286945
chr1	107500001	108000000	-0.0601292802781094
chr1	108500001	109000000	0.0602250890650412
chr1	109000001	109500000	-0.0679073851480179
chr1	109500001	110000000	0.0238100098758941
chr1	110000001	110500000	0.0482497825919252
chr1	110500001	111000000	0.12686351710753
chr1	111000001	111500000	0.0641516820690672
chr1	111500001	112000000	0.0417445846746759
chr1	112000001	112500000	0.0945588277985538
chr1	112500001	113000000	-0.00244703671345135
chr1	113000001	113500000	-0.0788779141026265
chr1	113500001	114000000	-0.0316462105478155
chr1	114000001	114500000	0.0825391324370566
chr1	114500001	115000000	-0.0272412714451965
chr1	115000001	115500000	0.0744540962223022
chr1	115500001	116000000	-0.0124584423448905
chr1	116000001	116500000	-0.0137914313128057
chr1	116500001	117000000	0.0292114750625806
chr1	117000001	117500000	-0.014179517066231
chr1	117500001	118000000	-0.0053892356479244
chr1	118000001	118500000	0.071779960256673
chr1	118500001	119000000	-0.0191956727297335
chr1	119000001	119500000	0.0383204282474115
chr1	119500001	120000000	0.0679571406604632
chr1	145500001	146000000	0.00489306473256512
chr1	147000001	147500000	0.175972382879027
chr1	147500001	148000000	0.0409545317733785
chr1	150000001	150500000	0.120345423108235
chr1	150500001	151000000	0.0681294275804714
chr1	151000001	151500000	0.056350680456134
chr1	151500001	152000000	0.0100991507973961
chr1	152000001	152500000	0.162171528551148
chr1	152500001	153000000	-0.0330055954495328
chr1	153000001	153500000	-0.0140000788525679
chr1	153500001	154000000	0.121471927467757
chr1	154000001	154500000	-0.0327573487748574
chr1	154500001	155000000	0.0309863011510299
chr1	155000001	155500000	0.0747539027937953
chr1	155500001	156000000	-0.00115532034812632
chr1	156000001	156500000	0.165814879931822
chr1	156500001	157000000	0.0212737674789182
chr1	157000001	157500000	0.0827695701817024
chr1	157500001	158000000	0.113772725364651
chr1	158000001	158500000	-0.0281921369883453
chr1	158500001	159000000	0.118873609042283
chr1	159000001	159500000	0.0371711251024122
chr1	159500001	160000000	0.0879316228234604
chr1	160000001	160500000	0.0611521782027446
chr1	160500001	161000000	0.0584946595288452
chr1	161000001	161500000	0.0262643522897434
chr1	161500001	162000000	0.00415766344830388
chr1	162000001	162500000	0.0760970788602739
chr1	162500001	163000000	-0.0155756567956131
chr1	163000001	163500000	0.022685085552154
chr1	163500001	164000000	0.0633542910710531
chr1	164000001	164500000	0.0165464254699736
chr1	164500001	165000000	-0.0110965227441293
chr1	165000001	165500000	0.0843418787532806
chr1	165500001	166000000	0.0772460950662654
chr1	166000001	166500000	-0.017474316972779
chr1	166500001	167000000	0.0133253965395956
chr1	167000001	167500000	0.0313298226083224
chr1	167500001	168000000	0.0589909768809695
chr1	168000001	168500000	0.103592338884798
chr1	168500001	169000000	0.0295712626317409
chr1	169000001	169500000	-0.0253972248513016
chr1	169500001	170000000	0.127547238665321
chr1	170000001	170500000	0.0130939870885285
chr1	170500001	171000000	0.0917690323534115
chr1	171000001	171500000	0.131032261432375
chr1	171500001	172000000	0.0929446767639386
chr1	172000001	172500000	0.0688299441999617
chr1	172500001	173000000	0.108883374128248
chr1	173000001	173500000	0.108651902028225
chr1	173500001	174000000	0.129448742754482
chr1	174000001	174500000	0.0848473730678732
chr1	174500001	175000000	0.155264352934357
chr1	175000001	175500000	0.0417767936927016
chr1	175500001	176000000	0.0904333597446634
chr1	176000001	176500000	0.0774458340998702
chr1	176500001	177000000	0.137322952510571
chr1	177000001	177500000	0.0919154313871676
chr1	177500001	178000000	0.16413895043851
chr1	178000001	178500000	0.140790919829042
chr1	178500001	179000000	0.0686269129377028
chr1	179000001	179500000	0.0812730817260701
chr1	179500001	180000000	0.109257300572516
chr1	180000001	180500000	0.0886117932698611
chr1	180500001	181000000	0.1205005263339
chr1	181000001	181500000	0.121055231792607
chr1	181500001	182000000	0.0479515238201708
chr1	182000001	182500000	0.0604066633872432
chr1	182500001	183000000	0.017594361634705
chr1	183000001	183500000	0.00920476334451261
chr1	183500001	184000000	0.12711857699371
chr1	184000001	184500000	0.042088586935387
chr1	184500001	185000000	0.15786074964967
chr1	185000001	185500000	0.0380747085223625
chr1	185500001	186000000	0.118665793664604
chr1	186000001	186500000	0.0197758286268257
chr1	186500001	187000000	0.00793195944943133
chr1	187000001	187500000	-0.002548948727221
chr1	187500001	188000000	0.0233888897379399
chr1	188000001	188500000	-0.0118998991518215
chr1	188500001	189000000	0.0493248799424716
chr1	189000001	189500000	0.0171687087265386
chr1	189500001	190000000	0.0359432656613964
chr1	190000001	190500000	NA
chr1	190500001	191000000	-0.0866789296868882
chr1	191000001	191500000	0.0474659438576525
chr1	191500001	192000000	-0.0801444553807641
chr1	192000001	192500000	-0.0477667735165868
chr1	192500001	193000000	0.0605034827352641
chr1	193000001	193500000	-0.0155697627433055
chr1	193500001	194000000	-0.0324368926051874
chr1	194000001	194500000	-0.173981921151803
chr1	194500001	195000000	-0.0630723938935258
chr1	195000001	195500000	-0.0626796907871412
chr1	195500001	196000000	-0.100576329238505
chr1	196000001	196500000	-0.049272652222185
chr1	196500001	197000000	-0.134242613993119
chr1	197000001	197500000	-0.0892118615072776
chr1	197500001	198000000	-0.115406815880657
chr1	198000001	198500000	-0.100875149805621
chr1	198500001	199000000	-0.0274831049873331
chr1	199000001	199500000	-0.10252619805274
chr1	199500001	200000000	-0.0749004727227384
chr1	200000001	200500000	-0.0406716807944147
chr1	200500001	201000000	-0.02344212645435
chr1	201000001	201500000	-0.10496355396998
chr1	201500001	202000000	-0.110041932329055
chr1	202000001	202500000	0.0625824567716925
chr1	202500001	203000000	0.018981192226267
chr1	203000001	203500000	0.0572051935839587
chr1	203500001	204000000	0.00529151037199597
chr1	204000001	204500000	-0.0851951586955996
chr1	204500001	205000000	-0.0213420603268303
chr1	205000001	205500000	-0.040287117919118
chr1	205500001	206000000	-0.0746933628147363
chr1	206500001	207000000	-0.0591042371956881
chr1	207000001	207500000	-0.000965245571988113
chr1	207500001	208000000	-0.239296855800884
chr1	208000001	208500000	-0.0801920257233052
chr1	208500001	209000000	-0.0418555159334751
chr1	209000001	209500000	-0.109995938238313
chr1	209500001	210000000	-0.0044006158146941
chr1	210000001	210500000	-0.0969834109414708
chr1	210500001	211000000	0.0184304582275661
chr1	211000001	211500000	-0.143140512688568
chr1	211500001	212000000	-0.0608752546255812
chr1	212000001	212500000	-0.0155285673222199
chr1	212500001	213000000	-0.0197118086027627
chr1	213000001	213500000	-0.0569636590063733
chr1	213500001	214000000	0.0276356289901293
chr1	214000001	214500000	0.0169121750030269
chr1	214500001	215000000	-0.00254915319119614
chr1	215000001	215500000	0.00716667932985884
chr1	215500001	216000000	-0.0308762954751762
chr1	216000001	216500000	-0.0287505329722189
chr1	216500001	217000000	-0.0468673676241
chr1	217000001	217500000	0.0170614351209759
chr1	217500001	218000000	0.0141614587222926
chr1	218000001	218500000	-0.114835947260077
chr1	218500001	219000000	0.00992936003240198
chr1	219000001	219500000	0.101344356327854
chr1	219500001	220000000	0.00487420254718373
chr1	220000001	220500000	-0.0227829364846288
chr1	220500001	221000000	0.0448562976139232
chr1	221000001	221500000	-0.00929557172721432
chr1	221500001	222000000	0.0248119516447224
chr1	222000001	222500000	0.0116734831359309
chr1	222500001	223000000	-0.028862236462347
chr1	223000001	223500000	0.0249845532691234
chr1	224000001	224500000	0.0683408155352949
chr1	224500001	225000000	0.0545087181315167
chr1	225000001	225500000	0.0724805162021118
chr1	225500001	226000000	0.0303593667790457
chr1	226000001	226500000	0.0320792817772636
chr1	226500001	227000000	0.0337655715430673
chr1	227000001	227500000	-0.0279358922890688
chr1	227500001	228000000	-0.0108484877515526
chr1	228000001	228500000	-0.0341079080100742
chr1	228500001	229000000	NA
chr1	229000001	229500000	-0.0479306523610148
chr1	229500001	230000000	0.114058649059097
chr1	230000001	230500000	0.0443774997419109
chr1	230500001	231000000	-0.0367112278263675
chr1	231000001	231500000	0.0691275320903209
chr1	231500001	232000000	0.0457255955810106
chr1	232000001	232500000	0.0867334926417177
chr1	232500001	233000000	-0.0362584426326585
chr1	233000001	233500000	-0.0295577855165279
chr1	233500001	234000000	0.0544323523491191
chr1	234000001	234500000	0.0973818946131066
chr1	234500001	235000000	0.0663311863034659
chr1	235000001	235500000	0.0573293392545428
chr1	235500001	236000000	0.0931142023585484
chr1	236000001	236500000	0.105033394592339
chr1	236500001	237000000	0.140278250852976
chr1	237000001	237500000	0.0920842490153356
chr1	237500001	238000000	0.0519515652319961
chr1	238000001	238500000	0.0921690552477157
chr1	238500001	239000000	0.00266322985314153
chr1	239000001	239500000	0.0592066857715631
chr1	239500001	240000000	0.100697214230709
chr1	240000001	240500000	0.100959145685466
chr1	240500001	241000000	0.0586620779042711
chr1	241000001	241500000	0.152361053555073
chr1	241500001	242000000	0.00128239293321768
chr1	242000001	242500000	0.0698264100569827
chr1	242500001	243000000	0.134650710926393
chr1	243500001	244000000	0.0311989260803163
chr1	244000001	244500000	0.0711918078791981
chr1	244500001	245000000	0.0518944571139031
chr1	245000001	245500000	0.036892840098557
chr1	245500001	246000000	0.116989569267816
chr1	246000001	246500000	0.156854522770376
chr1	246500001	247000000	0.122258697366347
chr1	247000001	247500000	0.162590360409643
chr1	247500001	248000000	0.172742135482899
chr1	248000001	248500000	0.0390296888283125
chr1	248500001	249000000	NA
chr2	1	500000	NA
chr2	500001	1000000	-0.0721787315296739
chr2	1000001	1500000	-0.0839434354107922
chr2	1500001	2000000	-0.140726554167063
chr2	2000001	2500000	-0.0272453110415898
chr2	2500001	3000000	-0.125525223511301
chr2	3000001	3500000	-0.0337252471662854
chr2	3500001	4000000	-0.0881125988086053
chr2	4000001	4500000	-0.00320942848324583
chr2	4500001	5000000	-0.0349324089924082
chr2	5000001	5500000	-0.0796952919262585
chr2	5500001	6000000	-0.130533851884113
chr2	6000001	6500000	-0.0908385399555016
chr2	6500001	7000000	-0.0461055390101746
chr2	7000001	7500000	0.0218228087817938
chr2	7500001	8000000	-0.0754126624026881
chr2	8000001	8500000	0.00925600113257848
chr2	8500001	9000000	0.0141233419861448
chr2	9000001	9500000	-0.0639979374164764
chr2	9500001	10000000	-0.0734160324618963
chr2	10000001	10500000	-0.0718530417289364
chr2	10500001	11000000	-0.0735702760791756
chr2	11000001	11500000	-0.0980326088906625
chr2	11500001	12000000	-0.0617661727607124
chr2	12000001	12500000	-0.0198047531406683
chr2	12500001	13000000	0.0386882802011439
chr2	13000001	13500000	-0.147955467533137
chr2	13500001	14000000	0.0521380032604984
chr2	14000001	14500000	-0.124413484739934
chr2	14500001	15000000	0.00249809312628316
chr2	15000001	15500000	-0.0629451442842748
chr2	15500001	16000000	-0.0266466159210269
chr2	16000001	16500000	NA
chr2	16500001	17000000	-0.197720558673843
chr2	17000001	17500000	-0.145738841412067
chr2	17500001	18000000	-0.158428389009341
chr2	18000001	18500000	0.00895033902585071
chr2	18500001	19000000	-0.0345907596825439
chr2	19000001	19500000	0.0356606321892461
chr2	19500001	20000000	-0.0121148880041177
chr2	20000001	20500000	-0.075504219149792
chr2	20500001	21000000	NA
chr2	21000001	21500000	-0.0292095108150672
chr2	21500001	22000000	0.123551262868497
chr2	22000001	22500000	0.0572768612873729
chr2	22500001	23000000	0.0119621998021974
chr2	23000001	23500000	-0.0332750595539503
chr2	23500001	24000000	-0.0226006328781141
chr2	24000001	24500000	-0.0163471468580455
chr2	24500001	25000000	-0.00648463134150674
chr2	25000001	25500000	-0.0244105495809133
chr2	25500001	26000000	0.0285314484381607
chr2	26000001	26500000	-0.0459561318848266
chr2	26500001	27000000	-0.0366274818341158
chr2	27000001	27500000	0.0331029231515243
chr2	27500001	28000000	0.0661790084023642
chr2	28000001	28500000	0.010825698471175
chr2	28500001	29000000	0.0182321633859771
chr2	29000001	29500000	0.0409035843599961
chr2	29500001	30000000	-0.000753035885311976
chr2	30000001	30500000	-0.0145147851005133
chr2	30500001	31000000	0.0789841101295499
chr2	31000001	31500000	NA
chr2	31500001	32000000	NA
chr2	32000001	32500000	0.0630253853970435
chr2	32500001	33000000	NA
chr2	33000001	33500000	-0.10493139027033
chr2	33500001	34000000	0.00399407431716057
chr2	34000001	34500000	0.131378438495377
chr2	34500001	35000000	0.0176874989929824
chr2	35000001	35500000	0.0828613444535083
chr2	35500001	36000000	0.0705148020166095
chr2	36000001	36500000	0.073440646119715
chr2	36500001	37000000	0.0562615414655946
chr2	37000001	37500000	0.120294034155608
chr2	37500001	38000000	0.101017897083428
chr2	38000001	38500000	0.0915265006641102
chr2	38500001	39000000	0.0684944344635408
chr2	39000001	39500000	-0.0158946387995364
chr2	39500001	40000000	-0.101095887111136
chr2	40000001	40500000	0.02296170767317
chr2	40500001	41000000	0.0179429853477967
chr2	41000001	41500000	-0.102010376668085
chr2	41500001	42000000	0.101061658454071
chr2	42000001	42500000	0.161706797490852
chr2	42500001	43000000	0.191285511706849
chr2	43000001	43500000	0.138969296476559
chr2	43500001	44000000	-0.0828516937196708
chr2	44000001	44500000	0.0362900300094479
chr2	44500001	45000000	0.0101254145378047
chr2	45000001	45500000	0.100560368917305
chr2	45500001	46000000	-0.0775928499917201
chr2	46000001	46500000	0.0476529984271416
chr2	46500001	47000000	0.0670072194753576
chr2	47000001	47500000	-0.0328124441690771
chr2	47500001	48000000	-0.00721366875708311
chr2	48000001	48500000	0.122704391558032
chr2	48500001	49000000	-0.0269376750509803
chr2	49000001	49500000	0.0144240189887067
chr2	49500001	50000000	0.0782458411403502
chr2	50000001	50500000	0.0363797862706573
chr2	50500001	51000000	0.0118372311373785
chr2	51000001	51500000	0.0743134676770927
chr2	51500001	52000000	0.0832625253687423
chr2	52000001	52500000	-0.0348230021790737
chr2	52500001	53000000	-0.0477475888690417
chr2	53000001	53500000	0.0928549827768545
chr2	53500001	54000000	0.0228338422078268
chr2	54000001	54500000	0.017758699421012
chr2	54500001	55000000	0.00950506794126283
chr2	55000001	55500000	0.105985691264309
chr2	55500001	56000000	0.0133281645475365
chr2	56000001	56500000	0.036139127352362
chr2	56500001	57000000	0.0527285448721898
chr2	57000001	57500000	0.0857447498682387
chr2	57500001	58000000	0.0174813214196437
chr2	58000001	58500000	0.0840937020092378
chr2	58500001	59000000	-0.0115098206148899
chr2	59000001	59500000	-0.0692557170060765
chr2	59500001	60000000	-0.000532595095023861
chr2	60000001	60500000	0.0541050812768402
chr2	60500001	61000000	0.00881205765882107
chr2	61000001	61500000	0.0263804411925874
chr2	61500001	62000000	0.0927137874781039
chr2	62000001	62500000	0.125276512501362
chr2	62500001	63000000	0.0700462675386735
chr2	63000001	63500000	0.0578069823613303
chr2	63500001	64000000	0.0230234342522449
chr2	64000001	64500000	-0.0448244247285882
chr2	64500001	65000000	0.103385209237861
chr2	65000001	65500000	0.0581889930899242
chr2	65500001	66000000	0.0169742438391149
chr2	66000001	66500000	-0.0568682346671035
chr2	66500001	67000000	-0.00377673449338885
chr2	67000001	67500000	0.0228345227964454
chr2	67500001	68000000	-0.0346796142999915
chr2	68000001	68500000	0.0461304862013154
chr2	68500001	69000000	0.00610072400831199
chr2	69000001	69500000	0.00837857828069336
chr2	69500001	70000000	0.0764059260557301
chr2	70000001	70500000	0.0489267024456929
chr2	70500001	71000000	-0.0591223713907317
chr2	71000001	71500000	-0.00690404157299991
chr2	71500001	72000000	0.0377119363165996
chr2	72000001	72500000	0.0287030700252169
chr2	72500001	73000000	-0.0271277616335247
chr2	73000001	73500000	0.031333466931812
chr2	73500001	74000000	-0.0377248054820159
chr2	74000001	74500000	-0.0326544047280197
chr2	74500001	75000000	0.108799647179698
chr2	75000001	75500000	0.0129709941127909
chr2	75500001	76000000	-0.0421015989383814
chr2	76000001	76500000	-0.0241525414011915
chr2	76500001	77000000	0.0906176102680028
chr2	77000001	77500000	0.0235605663134621
chr2	77500001	78000000	-0.0049450907394922
chr2	78000001	78500000	-0.0644136746581294
chr2	78500001	79000000	-0.0140201912730812
chr2	79000001	79500000	0.0128044415104985
chr2	79500001	80000000	0.03071342018521
chr2	80000001	80500000	0.0189744116108777
chr2	80500001	81000000	0.121775567666894
chr2	81000001	81500000	0.0440114981725523
chr2	81500001	82000000	-0.0411995997762154
chr2	82000001	82500000	-0.00622393906024731
chr2	82500001	83000000	0.0430170963384818
chr2	83000001	83500000	-0.0811822872551913
chr2	83500001	84000000	0.0534283764560617
chr2	84000001	84500000	0.0382796207826292
chr2	84500001	85000000	0.00336624864141765
chr2	85000001	85500000	-0.0318105504426586
chr2	85500001	86000000	-0.0511615115610437
chr2	86000001	86500000	-0.0149701940093429
chr2	88000001	88500000	-0.0665134574766538
chr2	88500001	89000000	0.026604224515582
chr2	96500001	97000000	-0.0443754877920949
chr2	97500001	98000000	-0.123866449263058
chr2	98000001	98500000	0.0116939696294644
chr2	98500001	99000000	-0.0730108783034722
chr2	99000001	99500000	-0.0429011123991925
chr2	99500001	100000000	-0.0169286362853569
chr2	100000001	100500000	-0.0444238323657084
chr2	100500001	101000000	-0.0917235309683175
chr2	101000001	101500000	-0.0389398171010767
chr2	101500001	102000000	0.008884567059118
chr2	102000001	102500000	0.00924453390672417
chr2	102500001	103000000	-0.183938502213496
chr2	103000001	103500000	-0.119566290019423
chr2	103500001	104000000	-0.0945103262024831
chr2	104000001	104500000	-0.0445938049100927
chr2	104500001	105000000	-0.105377239793436
chr2	105000001	105500000	-0.0794966502155965
chr2	105500001	106000000	-0.0467235486397942
chr2	106000001	106500000	-0.0541646883130225
chr2	106500001	107000000	-0.073520466895467
chr2	107000001	107500000	-0.0799071025123095
chr2	107500001	108000000	-0.100065624089307
chr2	108000001	108500000	-0.085330997816333
chr2	108500001	109000000	-0.11556567216739
chr2	109000001	109500000	NA
chr2	110500001	111000000	-0.210554525708299
chr2	111000001	111500000	-0.0800265613671627
chr2	112000001	112500000	-0.110543592598201
chr2	112500001	113000000	0.035999314144528
chr2	113000001	113500000	0.092660120099408
chr2	113500001	114000000	-0.0537690691456717
chr2	114000001	114500000	-0.164511749172059
chr2	114500001	115000000	-0.0880381234642372
chr2	115000001	115500000	0.00887393380324646
chr2	115500001	116000000	-0.0742414788225482
chr2	116000001	116500000	-0.101937844083651
chr2	116500001	117000000	-0.0283702809131674
chr2	117000001	117500000	-0.0891726331582199
chr2	117500001	118000000	-0.0533599787628947
chr2	118000001	118500000	-0.0221515326999725
chr2	118500001	119000000	-0.0322410549693403
chr2	119000001	119500000	-0.0618875970596304
chr2	119500001	120000000	-0.0438875245639371
chr2	120000001	120500000	0.00185155743104458
chr2	120500001	121000000	-0.070196828611798
chr2	121000001	121500000	-0.1860898503567
chr2	121500001	122000000	-0.0906819198665252
chr2	122000001	122500000	-0.114474783730929
chr2	122500001	123000000	-0.0717778737592921
chr2	123000001	123500000	-0.0262371818227246
chr2	123500001	124000000	-0.0464743030874702
chr2	124000001	124500000	-0.115748473913726
chr2	124500001	125000000	-0.081373016517606
chr2	125000001	125500000	-0.0487815348760539
chr2	125500001	126000000	-0.191105189658582
chr2	126000001	126500000	-0.037851203825331
chr2	126500001	127000000	-0.0462955852712908
chr2	127000001	127500000	-0.0589552187704361
chr2	127500001	128000000	-0.105308947671413
chr2	128000001	128500000	0.00425972761170426
chr2	128500001	129000000	-0.0960765140051997
chr2	129000001	129500000	0.0778581697898289
chr2	129500001	130000000	-0.141308471508545
chr2	132500001	133000000	-0.0933998270798645
chr2	133000001	133500000	-0.0662034153408092
chr2	133500001	134000000	-0.0774004691393286
chr2	134000001	134500000	-0.0865849217617302
chr2	134500001	135000000	-0.0140860010805095
chr2	135000001	135500000	-0.0379408871781664
chr2	135500001	136000000	-0.0609944437253511
chr2	136000001	136500000	0.0714312296818861
chr2	136500001	137000000	-0.0871869600027207
chr2	137000001	137500000	-0.105736352724351
chr2	137500001	138000000	-0.134815852732594
chr2	138000001	138500000	-0.0660694805893186
chr2	138500001	139000000	-0.0418479188294386
chr2	139000001	139500000	0.0137222762782999
chr2	139500001	140000000	-0.029308399917177
chr2	140000001	140500000	0.0284902109666861
chr2	140500001	141000000	-0.0295401077926396
chr2	141000001	141500000	-0.0169077758841327
chr2	141500001	142000000	0.0171544447768999
chr2	142000001	142500000	0.0293341515573708
chr2	142500001	143000000	0.0212938591504029
chr2	143000001	143500000	0.101114655358905
chr2	143500001	144000000	0.0850526663189758
chr2	144000001	144500000	0.138196472361257
chr2	144500001	145000000	0.147598558547438
chr2	145000001	145500000	0.12453282237809
chr2	145500001	146000000	0.0196624465973704
chr2	146000001	146500000	0.0586816758346205
chr2	146500001	147000000	0.00315418492162026
chr2	147000001	147500000	0.0144028800341152
chr2	147500001	148000000	0.0212643865892966
chr2	148000001	148500000	0.145952027656848
chr2	148500001	149000000	-0.00334036784112508
chr2	149000001	149500000	-0.0413433508529715
chr2	149500001	150000000	0.0227128595041822
chr2	150000001	150500000	0.000612929212350379
chr2	150500001	151000000	0.0417731976585828
chr2	151000001	151500000	-0.0838039954433545
chr2	151500001	152000000	-0.0282892551383931
chr2	152000001	152500000	-0.0367894337086589
chr2	152500001	153000000	-0.0737845017987724
chr2	153000001	153500000	-0.239236994894785
chr2	153500001	154000000	-0.0286535232672176
chr2	154000001	154500000	-0.0182108391098504
chr2	154500001	155000000	-0.0365720178487504
chr2	155000001	155500000	-0.0788859812542526
chr2	155500001	156000000	-0.0703526259109396
chr2	156000001	156500000	-0.0539540497738307
chr2	156500001	157000000	-0.012729681244366
chr2	157000001	157500000	-0.0939081197591301
chr2	157500001	158000000	-0.128257452322807
chr2	158000001	158500000	-0.0558339449298446
chr2	158500001	159000000	-0.118240671809783
chr2	159000001	159500000	-0.140884066190476
chr2	159500001	160000000	-0.0120334204021371
chr2	160000001	160500000	-0.0297433242558977
chr2	160500001	161000000	0.0486771023862959
chr2	161000001	161500000	0.0153995630573022
chr2	161500001	162000000	-0.00206561654612555
chr2	162000001	162500000	0.0543420325789206
chr2	162500001	163000000	-0.0777735331423771
chr2	163000001	163500000	-0.087201092149695
chr2	163500001	164000000	-0.0377470413010336
chr2	164000001	164500000	0.00895394787045801
chr2	164500001	165000000	0.00923262392424307
chr2	165000001	165500000	0.0465912951748184
chr2	165500001	166000000	0.0403964061721715
chr2	166000001	166500000	-0.0858984030032875
chr2	166500001	167000000	-0.0444749559653342
chr2	167000001	167500000	-0.0516550510774915
chr2	167500001	168000000	-0.0386368410597839
chr2	168000001	168500000	-0.0835168943012906
chr2	168500001	169000000	-0.0195141757879108
chr2	169000001	169500000	-0.0466432283752475
chr2	169500001	170000000	-0.0335975195419474
chr2	170000001	170500000	0.0552366886325885
chr2	170500001	171000000	0.0164141445104413
chr2	171000001	171500000	-0.0230194719256377
chr2	171500001	172000000	0.0409049668094639
chr2	172000001	172500000	-0.0179421724942195
chr2	172500001	173000000	-0.0023988888346473
chr2	173000001	173500000	-0.0549318453963498
chr2	173500001	174000000	0.0504161301832114
chr2	174000001	174500000	-0.0363223851479844
chr2	174500001	175000000	-0.0684177063886863
chr2	175000001	175500000	-0.020239903916465
chr2	175500001	176000000	0.0350255795456008
chr2	176000001	176500000	-0.0453091134882464
chr2	176500001	177000000	-0.0469882397170731
chr2	177000001	177500000	-0.00220957432850874
chr2	177500001	178000000	-0.0259886887928653
chr2	178000001	178500000	0.024473094927128
chr2	178500001	179000000	-0.0827468663079807
chr2	179000001	179500000	-0.0135694809892007
chr2	179500001	180000000	0.0315769331914371
chr2	180000001	180500000	0.0114770702373467
chr2	180500001	181000000	-0.016296959443504
chr2	181000001	181500000	0.0153141582250224
chr2	181500001	182000000	0.0558235986838508
chr2	182000001	182500000	-0.0583700459211161
chr2	182500001	183000000	0.0417448680726963
chr2	183000001	183500000	-0.00415909982426014
chr2	183500001	184000000	0.0166967414289113
chr2	184000001	184500000	0.00115300758955416
chr2	184500001	185000000	0.00375607644565665
chr2	185000001	185500000	0.0386785256061943
chr2	185500001	186000000	-0.0488548028209227
chr2	186000001	186500000	0.0428729364132926
chr2	186500001	187000000	-0.0912077129784844
chr2	187000001	187500000	-0.0302661695613061
chr2	187500001	188000000	-0.0309030513699022
chr2	188000001	188500000	0.00502656223518867
chr2	188500001	189000000	-0.00722244690854706
chr2	189000001	189500000	-0.0676458751849327
chr2	189500001	190000000	-0.0460127111266677
chr2	190000001	190500000	-0.0622413894522911
chr2	190500001	191000000	0.00721238044810356
chr2	191000001	191500000	0.00523208162033534
chr2	191500001	192000000	-0.00693746963360552
chr2	192000001	192500000	0.047726453703793
chr2	192500001	193000000	0.039126172963794
chr2	193000001	193500000	NA
chr2	193500001	194000000	0.0542592431828352
chr2	194000001	194500000	0.00181126608319109
chr2	194500001	195000000	-0.00698518450829099
chr2	195000001	195500000	0.0446578913382307
chr2	195500001	196000000	-0.0196832668406759
chr2	196000001	196500000	-0.0157467587029501
chr2	196500001	197000000	0.061037561869661
chr2	197000001	197500000	0.0840577558920809
chr2	197500001	198000000	0.12480438540122
chr2	198000001	198500000	-0.0373407344692683
chr2	198500001	199000000	-0.0192423675144432
chr2	199000001	199500000	-0.0694818872605318
chr2	199500001	200000000	-0.0430490351894162
chr2	200000001	200500000	0.030533614424665
chr2	200500001	201000000	-0.0471671606332169
chr2	201000001	201500000	0.0203931220469678
chr2	201500001	202000000	-0.0445052144507729
chr2	202000001	202500000	-0.0111317248525918
chr2	202500001	203000000	0.00367895142114151
chr2	203000001	203500000	-0.0132653001207295
chr2	203500001	204000000	-0.0433710962672983
chr2	204000001	204500000	0.105282643995292
chr2	204500001	205000000	0.087206616003142
chr2	205000001	205500000	-0.0176987065186729
chr2	205500001	206000000	-0.042583375236535
chr2	206000001	206500000	0.0165789767407207
chr2	206500001	207000000	0.0579079647634996
chr2	207000001	207500000	0.00439854342365512
chr2	207500001	208000000	0.0759685540251365
chr2	208000001	208500000	0.119869699704935
chr2	208500001	209000000	0.0951981941891653
chr2	209000001	209500000	-0.0846284126904141
chr2	209500001	210000000	-0.00591232391798034
chr2	210000001	210500000	0.0528653712840863
chr2	210500001	211000000	0.0621494166035598
chr2	211000001	211500000	0.108761185142799
chr2	211500001	212000000	0.107592823391629
chr2	212000001	212500000	-0.160356563766974
chr2	212500001	213000000	0.035208480505451
chr2	213000001	213500000	-0.0243455623820106
chr2	213500001	214000000	0.0370066806083795
chr2	214000001	214500000	0.110322030658904
chr2	214500001	215000000	0.0250275214257096
chr2	215000001	215500000	-0.0862663137372709
chr2	215500001	216000000	-0.0368815031186121
chr2	216000001	216500000	0.0255581777383001
chr2	216500001	217000000	0.0534595340805469
chr2	217000001	217500000	0.0476321255221813
chr2	217500001	218000000	0.0168720766540444
chr2	218000001	218500000	0.117687509944984
chr2	218500001	219000000	0.0334175150136023
chr2	219000001	219500000	0.0605362864584368
chr2	219500001	220000000	0.0974940905203771
chr2	220000001	220500000	0.0409439740672579
chr2	220500001	221000000	0.115426163412075
chr2	221000001	221500000	0.0201147266056007
chr2	221500001	222000000	0.0693374438475602
chr2	222000001	222500000	0.0399076209848256
chr2	222500001	223000000	-0.00175526743293106
chr2	223000001	223500000	-0.0387608676615609
chr2	223500001	224000000	-0.0905467189386973
chr2	224000001	224500000	-0.058678901443298
chr2	224500001	225000000	-0.0597155372842611
chr2	225000001	225500000	-0.0985196253748235
chr2	225500001	226000000	-0.050502125644996
chr2	226000001	226500000	-0.0218889482551337
chr2	226500001	227000000	-0.0462179704630064
chr2	227000001	227500000	-0.109719474352104
chr2	227500001	228000000	-0.0999315402493168
chr2	228000001	228500000	-0.0933756110284197
chr2	228500001	229000000	-0.107392165600116
chr2	229000001	229500000	-0.0627080043313279
chr2	229500001	230000000	0.00339949004446584
chr2	230000001	230500000	0.0307455306496989
chr2	230500001	231000000	-0.107242647532561
chr2	231000001	231500000	-0.076549704022851
chr2	231500001	232000000	-0.0790233449697968
chr2	232000001	232500000	-0.12854244277751
chr2	232500001	233000000	-0.112845308924858
chr2	233000001	233500000	NA
chr2	233500001	234000000	-0.0638182508585997
chr2	234000001	234500000	-0.056891298427925
chr2	234500001	235000000	-0.11355598734011
chr2	235000001	235500000	-0.098853942859835
chr2	235500001	236000000	-0.0965653168351105
chr2	236000001	236500000	-0.16258099686071
chr2	236500001	237000000	-0.0533316292804575
chr2	237000001	237500000	-0.0939865046741906
chr2	237500001	238000000	-0.0927249354526878
chr2	238000001	238500000	-0.0769319166795447
chr2	238500001	239000000	NA
chr2	239000001	239500000	-0.117600001456678
chr2	239500001	240000000	NA
chr2	240000001	240500000	-0.0268458425756103
chr2	240500001	241000000	-0.121401566689699
chr2	241000001	241500000	0.0383991977122962
chr2	241500001	242000000	-0.135652384894948
chr3	1	500000	NA
chr3	500001	1000000	0.0195872167224459
chr3	1000001	1500000	0.0560559280178182
chr3	1500001	2000000	0.142211813294547
chr3	2000001	2500000	0.055238259199634
chr3	2500001	3000000	0.110066189183718
chr3	3000001	3500000	0.0177967544513886
chr3	3500001	4000000	0.0181785593680799
chr3	4000001	4500000	0.112769251955927
chr3	4500001	5000000	0.0107035761540607
chr3	5000001	5500000	0.15534144029324
chr3	5500001	6000000	0.0526746878407431
chr3	6000001	6500000	0.0522542561726183
chr3	6500001	7000000	0.151920302101772
chr3	7000001	7500000	0.0049867341124371
chr3	7500001	8000000	0.07172832683245
chr3	8000001	8500000	0.104823063142168
chr3	8500001	9000000	0.105135879426395
chr3	9000001	9500000	0.125667494269718
chr3	9500001	10000000	0.0815779512813261
chr3	10000001	10500000	0.134320575634153
chr3	10500001	11000000	0.14703485679369
chr3	11000001	11500000	0.0632307810557458
chr3	11500001	12000000	0.0603143529271285
chr3	12000001	12500000	0.130246777663139
chr3	12500001	13000000	0.0397827755281525
chr3	13000001	13500000	0.0707542870227615
chr3	13500001	14000000	0.00403639535276573
chr3	14000001	14500000	-0.000498489829507714
chr3	14500001	15000000	-0.10153815590725
chr3	15000001	15500000	0.100959875543684
chr3	15500001	16000000	0.0713525596579062
chr3	16000001	16500000	0.167937817884224
chr3	16500001	17000000	NA
chr3	17000001	17500000	0.0228531212992429
chr3	17500001	18000000	0.135179416506881
chr3	18000001	18500000	0.0820525936126381
chr3	18500001	19000000	0.0599792132166728
chr3	19000001	19500000	0.0367424034049588
chr3	19500001	20000000	0.070020228030188
chr3	20000001	20500000	0.0697832807858926
chr3	20500001	21000000	0.0232266371694586
chr3	21000001	21500000	0.0740910162289116
chr3	21500001	22000000	0.0909801545819538
chr3	22000001	22500000	0.0872491744331334
chr3	22500001	23000000	0.0572305282393206
chr3	23000001	23500000	0.029516783898685
chr3	23500001	24000000	0.0172788262878792
chr3	24000001	24500000	0.0603130310122029
chr3	24500001	25000000	0.103936090152741
chr3	25000001	25500000	0.116680681253084
chr3	25500001	26000000	0.053772165761892
chr3	26000001	26500000	0.101971766526138
chr3	26500001	27000000	0.110281570505758
chr3	27000001	27500000	0.0678706842679113
chr3	27500001	28000000	0.173946280937885
chr3	28000001	28500000	0.0939002168990475
chr3	28500001	29000000	0.117079420190994
chr3	29000001	29500000	0.0183328935600576
chr3	29500001	30000000	0.0609929553320047
chr3	30000001	30500000	0.134415381999439
chr3	30500001	31000000	0.120336472883346
chr3	31000001	31500000	0.0713760022312171
chr3	31500001	32000000	0.0773914388873483
chr3	32000001	32500000	0.150303238523876
chr3	32500001	33000000	0.173419290484985
chr3	33000001	33500000	0.0472478505877015
chr3	33500001	34000000	0.0526753251940132
chr3	34000001	34500000	0.11357222012008
chr3	34500001	35000000	0.019373583873572
chr3	35000001	35500000	0.00110404340562116
chr3	35500001	36000000	-0.0674298884748817
chr3	36000001	36500000	-0.0241944605244435
chr3	36500001	37000000	-0.00532893635973569
chr3	37000001	37500000	-0.0734250719031068
chr3	37500001	38000000	-0.0166455352553161
chr3	38000001	38500000	0.128192307463582
chr3	38500001	39000000	0.0757268643709196
chr3	39000001	39500000	0.0368541200849494
chr3	39500001	40000000	0.0312397195455975
chr3	40000001	40500000	0.0682547395980195
chr3	40500001	41000000	-0.0187932877639427
chr3	41000001	41500000	0.077916684572988
chr3	41500001	42000000	0.0114999384669916
chr3	42000001	42500000	0.052194129408669
chr3	42500001	43000000	0.0199452360586709
chr3	43000001	43500000	0.13413689137803
chr3	43500001	44000000	-0.0525528464520185
chr3	44000001	44500000	0.0822724204254354
chr3	44500001	45000000	-0.020007955205824
chr3	45000001	45500000	0.00191079518927423
chr3	45500001	46000000	0.0777645555458226
chr3	46000001	46500000	0.147941990430251
chr3	46500001	47000000	0.0522626863303691
chr3	47000001	47500000	0.0796549847102686
chr3	47500001	48000000	0.0173896562009784
chr3	48000001	48500000	-0.0803911903335424
chr3	48500001	49000000	-0.00344062806974008
chr3	49000001	49500000	0.0614293761800483
chr3	49500001	50000000	-0.0258405428441681
chr3	50000001	50500000	0.0322831956438846
chr3	50500001	51000000	-0.0179326316435517
chr3	51000001	51500000	-0.00391983157834422
chr3	51500001	52000000	0.0434847263301755
chr3	52000001	52500000	0.0471984557519545
chr3	52500001	53000000	0.00306862321165534
chr3	53000001	53500000	0.114101142349436
chr3	53500001	54000000	0.0296373299253823
chr3	54000001	54500000	-0.015154914423648
chr3	54500001	55000000	0.090599453164238
chr3	55000001	55500000	-0.0217411934030089
chr3	55500001	56000000	0.019522756187748
chr3	56000001	56500000	0.0401552098271516
chr3	56500001	57000000	-0.0291442278118706
chr3	57000001	57500000	-0.0938664783670493
chr3	57500001	58000000	0.00911954998026463
chr3	58000001	58500000	0.03500554795813
chr3	58500001	59000000	0.0344757687206212
chr3	59000001	59500000	0.0766559295149205
chr3	59500001	60000000	0.1622848643627
chr3	60000001	60500000	NA
chr3	60500001	61000000	0.12257846284303
chr3	61000001	61500000	0.0424478095032592
chr3	61500001	62000000	-0.0146722280045841
chr3	62000001	62500000	0.0132977392685064
chr3	62500001	63000000	0.0478601693207148
chr3	63000001	63500000	0.0588977158672121
chr3	63500001	64000000	0.176407570759499
chr3	64000001	64500000	0.024942654044249
chr3	64500001	65000000	0.166300916890335
chr3	65000001	65500000	0.0885834765208452
chr3	65500001	66000000	0.0363340992214763
chr3	66000001	66500000	NA
chr3	66500001	67000000	0.0883511100527919
chr3	67000001	67500000	0.0413473821608249
chr3	67500001	68000000	0.0532171486161858
chr3	68000001	68500000	0.0280611753633492
chr3	68500001	69000000	-0.0398287746708469
chr3	69000001	69500000	-0.0854108628930803
chr3	69500001	70000000	-0.0460423477459217
chr3	70000001	70500000	0.0267551541668782
chr3	70500001	71000000	-0.0987916119929252
chr3	71000001	71500000	0.0769378382640177
chr3	71500001	72000000	0.0757951434763103
chr3	72000001	72500000	0.0459016733053426
chr3	72500001	73000000	0.131213136142152
chr3	73000001	73500000	-0.0406369893026625
chr3	73500001	74000000	-0.00481177800645771
chr3	74000001	74500000	0.00419883965152855
chr3	74500001	75000000	-0.0315477693143172
chr3	75000001	75500000	0.163667760641967
chr3	76000001	76500000	-0.0468225422548088
chr3	76500001	77000000	-0.0832927411886072
chr3	77000001	77500000	0.03957096497424
chr3	77500001	78000000	0.0314244059547455
chr3	78000001	78500000	-0.00613260669691349
chr3	78500001	79000000	0.00649009582786765
chr3	79000001	79500000	-0.00770233207002442
chr3	79500001	80000000	0.0750567996184307
chr3	80000001	80500000	-0.0911321326432698
chr3	80500001	81000000	0.00822244441262136
chr3	81000001	81500000	0.0516797276767362
chr3	81500001	82000000	-0.013726934147631
chr3	82000001	82500000	-0.0194791542176244
chr3	82500001	83000000	0.0160294163172982
chr3	83000001	83500000	NA
chr3	83500001	84000000	-0.0102280604479333
chr3	84000001	84500000	0.0131787375462669
chr3	84500001	85000000	0.0300381472505447
chr3	85000001	85500000	NA
chr3	85500001	86000000	-0.00304581282226534
chr3	86000001	86500000	-0.0585272340075862
chr3	86500001	87000000	-0.0689421527955562
chr3	87000001	87500000	8.80378883733601e-05
chr3	94500001	95000000	-0.0548470603500344
chr3	95000001	95500000	-0.0283030255454928
chr3	95500001	96000000	0.119388415061233
chr3	96000001	96500000	0.0626934908343109
chr3	96500001	97000000	0.0154005323471298
chr3	97000001	97500000	-0.0100239321458643
chr3	97500001	98000000	0.0121615942124282
chr3	98000001	98500000	-0.0466681896580172
chr3	98500001	99000000	-0.0180166351271974
chr3	99000001	99500000	-0.023978437209723
chr3	99500001	100000000	-0.0187257727083187
chr3	100000001	100500000	-0.0709433827356572
chr3	100500001	101000000	0.0586991920050143
chr3	101000001	101500000	0.0315242124851161
chr3	101500001	102000000	0.00379622311401535
chr3	102000001	102500000	0.0286352903727428
chr3	102500001	103000000	0.128141554117293
chr3	103000001	103500000	-0.00122332290244939
chr3	103500001	104000000	0.0140312233672034
chr3	104000001	104500000	-0.0136295840966016
chr3	104500001	105000000	0.024330503715852
chr3	105000001	105500000	-0.0455548497464345
chr3	105500001	106000000	-0.0292053636148284
chr3	106000001	106500000	-0.0824053915171749
chr3	106500001	107000000	0.0188457577719328
chr3	107000001	107500000	0.0105042089467927
chr3	107500001	108000000	0.016944447681924
chr3	108000001	108500000	0.126173445554361
chr3	108500001	109000000	0.0954771552794081
chr3	109000001	109500000	0.0835635854414745
chr3	109500001	110000000	0.0613797597186397
chr3	110000001	110500000	0.108777804745272
chr3	110500001	111000000	0.121747760669414
chr3	111000001	111500000	0.0439524017254954
chr3	111500001	112000000	0.00982345079450681
chr3	112000001	112500000	-0.00140500719520973
chr3	112500001	113000000	0.157546156397272
chr3	113000001	113500000	0.151005575094075
chr3	113500001	114000000	0.0538398840197925
chr3	114000001	114500000	0.0903289927431764
chr3	114500001	115000000	0.128086628101041
chr3	115000001	115500000	0.0649216973368408
chr3	115500001	116000000	0.0194013058246746
chr3	116000001	116500000	0.048056900081692
chr3	116500001	117000000	0.0884458681633226
chr3	117000001	117500000	0.0928762124444097
chr3	117500001	118000000	0.111667035895775
chr3	118000001	118500000	0.15785701679996
chr3	118500001	119000000	0.129215284066873
chr3	119000001	119500000	0.0912186415195218
chr3	119500001	120000000	0.0800101706908925
chr3	120000001	120500000	0.121132889102682
chr3	120500001	121000000	0.0958064322547437
chr3	121000001	121500000	0.146361326221054
chr3	121500001	122000000	0.02424847400507
chr3	122000001	122500000	-0.000524674228228154
chr3	122500001	123000000	0.0463153239124773
chr3	123000001	123500000	0.08046684220787
chr3	123500001	124000000	0.0236443587943459
chr3	124000001	124500000	0.0772467329122836
chr3	124500001	125000000	0.0361148082349698
chr3	125000001	125500000	0.00692726940601958
chr3	126000001	126500000	0.076921108292599
chr3	126500001	127000000	0.0309957405065954
chr3	127000001	127500000	0.0379410333351961
chr3	127500001	128000000	-0.0210958373584133
chr3	128000001	128500000	0.0618189603573092
chr3	128500001	129000000	0.111473566133583
chr3	129000001	129500000	0.130175497695346
chr3	129500001	130000000	0.118731030503991
chr3	130500001	131000000	0.000170556806404598
chr3	131000001	131500000	-0.0351336074023425
chr3	131500001	132000000	0.0185381139228983
chr3	132000001	132500000	0.0269486409638679
chr3	132500001	133000000	-0.0227340547771543
chr3	133000001	133500000	-0.0236215876710844
chr3	133500001	134000000	0.0203559541940105
chr3	134000001	134500000	0.110446532945862
chr3	134500001	135000000	0.112873409319381
chr3	135000001	135500000	0.052891407804101
chr3	135500001	136000000	0.038062532714094
chr3	136000001	136500000	-0.00087233540027799
chr3	136500001	137000000	0.108371379464203
chr3	137000001	137500000	0.102962959335566
chr3	137500001	138000000	0.0659941306706057
chr3	138000001	138500000	0.0683096292197229
chr3	138500001	139000000	0.0234678485097905
chr3	139000001	139500000	0.059311452357977
chr3	139500001	140000000	0.120417815577708
chr3	140000001	140500000	0.149641325987362
chr3	140500001	141000000	0.035834954745729
chr3	141000001	141500000	0.0561514515207518
chr3	141500001	142000000	0.0621689623721132
chr3	142000001	142500000	0.0453732545981917
chr3	142500001	143000000	-0.0219911797137498
chr3	143000001	143500000	0.107087283079046
chr3	143500001	144000000	0.0208560861348931
chr3	144000001	144500000	0.00274224927724651
chr3	144500001	145000000	0.0937683374374285
chr3	145000001	145500000	0.050707435856424
chr3	145500001	146000000	0.0635893579021638
chr3	146000001	146500000	-0.0469175332162556
chr3	146500001	147000000	0.133300085567812
chr3	147000001	147500000	0.00284512759955645
chr3	147500001	148000000	0.0857238685543537
chr3	148000001	148500000	0.0095286434487412
chr3	148500001	149000000	0.120765435643567
chr3	149000001	149500000	0.0958529888019742
chr3	149500001	150000000	0.0232645880327361
chr3	150000001	150500000	0.0741415093672804
chr3	150500001	151000000	0.175554303721919
chr3	151000001	151500000	0.104905701829585
chr3	151500001	152000000	0.0909555932393434
chr3	152000001	152500000	0.11786397367722
chr3	152500001	153000000	0.122147741574978
chr3	153000001	153500000	0.140088053455553
chr3	153500001	154000000	0.0185765037229135
chr3	154000001	154500000	0.0277226037973104
chr3	154500001	155000000	0.0612388404688292
chr3	155000001	155500000	0.0808069664238698
chr3	155500001	156000000	0.137669418691192
chr3	156000001	156500000	0.0728502493494571
chr3	156500001	157000000	0.167658704810114
chr3	157000001	157500000	0.0307055852589737
chr3	157500001	158000000	-0.0191745497729547
chr3	158000001	158500000	0.0935034296968407
chr3	158500001	159000000	0.0907685130052027
chr3	159000001	159500000	0.00670550743751911
chr3	159500001	160000000	-0.0405324234059614
chr3	160000001	160500000	0.0682042285437047
chr3	160500001	161000000	0.135045119991455
chr3	161000001	161500000	0.112441531240948
chr3	161500001	162000000	0.14199691439688
chr3	162000001	162500000	0.103273735983078
chr3	162500001	163000000	-0.0107876228397511
chr3	163000001	163500000	0.100789036727131
chr3	163500001	164000000	0.106665819052936
chr3	164000001	164500000	0.193092248332167
chr3	164500001	165000000	0.131750732923452
chr3	165000001	165500000	0.177097436230541
chr3	165500001	166000000	0.0494849816300528
chr3	166000001	166500000	0.170348132072916
chr3	166500001	167000000	0.0896057153727174
chr3	167000001	167500000	0.150007854915145
chr3	167500001	168000000	0.171408384839162
chr3	168000001	168500000	0.117871441113781
chr3	168500001	169000000	0.0825817808454238
chr3	169000001	169500000	0.120262030097805
chr3	169500001	170000000	0.0960902845140134
chr3	170000001	170500000	0.201030241424674
chr3	170500001	171000000	0.141441592720078
chr3	171000001	171500000	0.129189528509155
chr3	171500001	172000000	0.160952939689267
chr3	172000001	172500000	0.199506348920245
chr3	172500001	173000000	0.1595960217245
chr3	173000001	173500000	0.0510169756870683
chr3	173500001	174000000	0.161157150657522
chr3	174000001	174500000	0.156033612091619
chr3	174500001	175000000	0.0217869344376422
chr3	175000001	175500000	0.178710283602306
chr3	175500001	176000000	0.0788861903709482
chr3	176000001	176500000	0.175532331919727
chr3	176500001	177000000	0.156009445939545
chr3	177000001	177500000	0.166207050608186
chr3	177500001	178000000	0.183038460472999
chr3	178000001	178500000	0.195575267748582
chr3	178500001	179000000	0.201123524086074
chr3	179000001	179500000	0.135830987153438
chr3	179500001	180000000	0.139528636195924
chr3	180000001	180500000	0.261965010934903
chr3	180500001	181000000	0.195501250182798
chr3	181000001	181500000	0.0699209637906292
chr3	181500001	182000000	0.124123546782009
chr3	182000001	182500000	0.167730564485411
chr3	182500001	183000000	0.246858035296186
chr3	183000001	183500000	0.160120226724833
chr3	183500001	184000000	0.138005768725463
chr3	184000001	184500000	0.161701343801763
chr3	184500001	185000000	0.138935815530023
chr3	185000001	185500000	0.103909550499251
chr3	185500001	186000000	0.038340418826115
chr3	186000001	186500000	0.237860177410511
chr3	186500001	187000000	0.116477190773566
chr3	187000001	187500000	0.0703982133893114
chr3	187500001	188000000	0.16130874288544
chr3	188000001	188500000	0.255905619752112
chr3	188500001	189000000	0.187951971225829
chr3	189000001	189500000	0.116745078809451
chr3	189500001	190000000	0.139461451230631
chr3	190000001	190500000	0.112124354590427
chr3	190500001	191000000	0.154787760100373
chr3	191000001	191500000	0.179063666758602
chr3	191500001	192000000	0.201092168509392
chr3	192000001	192500000	0.10588671871226
chr3	192500001	193000000	0.114872134143957
chr3	193000001	193500000	0.0545607931909054
chr3	193500001	194000000	0.0953956911804859
chr3	194000001	194500000	0.108970897490819
chr3	194500001	195000000	0.0147483329866756
chr3	195000001	195500000	0.0732737559289879
chr3	195500001	196000000	0.000198047491424891
chr3	196000001	196500000	0.0528944471948987
chr3	196500001	197000000	-0.0436273614847562
chr3	197000001	197500000	-0.0287549340810887
chr3	197500001	198000000	-0.135903555688957
chr4	1	500000	NA
chr4	500001	1000000	0.213411213173087
chr4	1000001	1500000	NA
chr4	1500001	2000000	0.189236470442363
chr4	2000001	2500000	0.231629137699038
chr4	2500001	3000000	0.103515359419816
chr4	3000001	3500000	0.0608460031240204
chr4	3500001	4000000	0.373691122412268
chr4	4500001	5000000	-0.0253842152481057
chr4	5000001	5500000	0.0179207703217774
chr4	5500001	6000000	0.0816858771572971
chr4	6000001	6500000	-0.0728765560305618
chr4	6500001	7000000	0.117209924519151
chr4	7000001	7500000	-0.021979471761803
chr4	7500001	8000000	-0.0520354278799953
chr4	8000001	8500000	0.0617089665730928
chr4	8500001	9000000	NA
chr4	10000001	10500000	0.0408797504253225
chr4	10500001	11000000	0.091153390127305
chr4	11000001	11500000	0.0930805908085016
chr4	11500001	12000000	0.0647425606594695
chr4	12000001	12500000	0.0574033526847806
chr4	12500001	13000000	0.0385563287329324
chr4	13000001	13500000	0.0104766208754866
chr4	13500001	14000000	0.0526212792994668
chr4	14000001	14500000	-0.110212051694311
chr4	14500001	15000000	-0.0413134516066574
chr4	15000001	15500000	-0.0108622942981842
chr4	15500001	16000000	0.148180760450309
chr4	16000001	16500000	-0.0367252545478968
chr4	16500001	17000000	-0.0616449362463809
chr4	17000001	17500000	-0.0619652470420837
chr4	17500001	18000000	0.0516631415290927
chr4	18000001	18500000	0.0122575050512736
chr4	18500001	19000000	0.0345031870866034
chr4	19000001	19500000	-0.0313646228319104
chr4	19500001	20000000	-0.0808708193970219
chr4	20000001	20500000	-0.00560621533280003
chr4	20500001	21000000	0.0332182952423786
chr4	21000001	21500000	0.0375835288097091
chr4	21500001	22000000	0.0871374997279147
chr4	22000001	22500000	0.015222102700885
chr4	22500001	23000000	0.0147126912948223
chr4	23000001	23500000	0.00177830831261122
chr4	23500001	24000000	0.0791471935893356
chr4	24000001	24500000	0.117235832905112
chr4	24500001	25000000	-0.00326405411825739
chr4	25000001	25500000	-0.0185013433045161
chr4	25500001	26000000	0.0596922103631491
chr4	26000001	26500000	0.0532607026294028
chr4	26500001	27000000	-0.0257970097863275
chr4	27000001	27500000	-0.00885423735179898
chr4	27500001	28000000	0.042538998722763
chr4	28000001	28500000	0.0228400827511948
chr4	28500001	29000000	-0.0382526344115834
chr4	29000001	29500000	0.0956184127072549
chr4	29500001	30000000	-0.0605212536492304
chr4	30000001	30500000	-0.0115358147485364
chr4	30500001	31000000	-0.0360842479539748
chr4	31000001	31500000	-0.0480351332415714
chr4	31500001	32000000	NA
chr4	32000001	32500000	0.0103197510247398
chr4	32500001	33000000	NA
chr4	33000001	33500000	-0.00696850660117185
chr4	33500001	34000000	-0.00724436495410665
chr4	34000001	34500000	-0.0460661582373096
chr4	34500001	35000000	0.0341782960289587
chr4	35000001	35500000	0.0309698197369259
chr4	35500001	36000000	0.014569443891469
chr4	36000001	36500000	0.0042501250512731
chr4	36500001	37000000	0.000478734492640763
chr4	37000001	37500000	-0.0154132041542871
chr4	37500001	38000000	0.0986485305566291
chr4	38000001	38500000	-0.0189543091130638
chr4	38500001	39000000	0.0595214497763735
chr4	39000001	39500000	0.0176822988188656
chr4	39500001	40000000	0.00579450860462893
chr4	40000001	40500000	0.0310537265828939
chr4	40500001	41000000	0.0325022457579723
chr4	41000001	41500000	-0.19242539878931
chr4	41500001	42000000	-0.0979900283637537
chr4	42000001	42500000	-0.184890480330465
chr4	42500001	43000000	-0.0791131725766925
chr4	43000001	43500000	-0.0596417353353281
chr4	43500001	44000000	-0.026683087332575
chr4	44000001	44500000	-0.129433600069694
chr4	44500001	45000000	-0.104068808290826
chr4	45000001	45500000	-0.00487461020250413
chr4	45500001	46000000	-0.0592565451735757
chr4	46000001	46500000	-0.0781814191573582
chr4	46500001	47000000	-0.0610878399519358
chr4	47000001	47500000	-0.152543650334488
chr4	47500001	48000000	-0.0665170900163406
chr4	52000001	52500000	0.0668617068216495
chr4	52500001	53000000	-0.0269780074206621
chr4	53000001	53500000	-0.0179278883960353
chr4	53500001	54000000	0.00221445447732948
chr4	54000001	54500000	0.0105295603353698
chr4	54500001	55000000	-0.0334072062052517
chr4	55000001	55500000	0.0726881503800049
chr4	55500001	56000000	-0.00440120316559085
chr4	56000001	56500000	-0.0231628987553506
chr4	56500001	57000000	0.121024730970513
chr4	57000001	57500000	-0.0357878797025601
chr4	57500001	58000000	0.00260273773321882
chr4	58000001	58500000	-0.0155390101019295
chr4	58500001	59000000	NA
chr4	59000001	59500000	-0.0555801872393893
chr4	59500001	60000000	-0.00756335194539065
chr4	60000001	60500000	-0.00415805750036721
chr4	60500001	61000000	-0.0348520584277495
chr4	61000001	61500000	0.0184539116979641
chr4	61500001	62000000	-0.0728909529249746
chr4	62000001	62500000	-0.00472504686517703
chr4	62500001	63000000	0.0515508453670847
chr4	63000001	63500000	0.0340657234098444
chr4	63500001	64000000	-0.0167375306092579
chr4	64000001	64500000	-0.00955606374006381
chr4	64500001	65000000	-0.0132218383679053
chr4	65000001	65500000	0.0678422080196484
chr4	65500001	66000000	0.059436936677694
chr4	66000001	66500000	0.12301360793921
chr4	66500001	67000000	-0.0592347561095212
chr4	67000001	67500000	-0.0063278788811013
chr4	67500001	68000000	0.00641747928322402
chr4	68000001	68500000	-0.0732944034222488
chr4	68500001	69000000	-0.157389254037601
chr4	69000001	69500000	-0.232899770002979
chr4	69500001	70000000	-0.00596678522937847
chr4	70000001	70500000	0.0668837726154647
chr4	70500001	71000000	-0.120627434851
chr4	71000001	71500000	0.0648639038667399
chr4	71500001	72000000	-0.0462326925980494
chr4	72000001	72500000	0.0580530116057126
chr4	72500001	73000000	-0.00905905388971123
chr4	73000001	73500000	-0.00416505660200638
chr4	73500001	74000000	0.00705579602512389
chr4	74000001	74500000	0.00759096116088156
chr4	74500001	75000000	0.0206147206511987
chr4	75000001	75500000	0.00659628446950214
chr4	75500001	76000000	0.0329888412705462
chr4	76000001	76500000	0.0629823379644983
chr4	76500001	77000000	0.0503475424342595
chr4	77000001	77500000	-0.00816153055894541
chr4	77500001	78000000	-0.0173582417839747
chr4	78000001	78500000	0.0267256640757106
chr4	78500001	79000000	-0.0101050863564697
chr4	79000001	79500000	0.00826593565831928
chr4	79500001	80000000	-0.0598573541741465
chr4	80000001	80500000	0.0805461600096961
chr4	80500001	81000000	-0.0178635836883089
chr4	81000001	81500000	0.0449150471292597
chr4	81500001	82000000	0.0535509335138369
chr4	82000001	82500000	0.0655275828376694
chr4	82500001	83000000	-0.00157525754785785
chr4	83000001	83500000	0.0697487379449616
chr4	83500001	84000000	-0.0352549140804145
chr4	84000001	84500000	-0.0362825632755939
chr4	84500001	85000000	-0.0168147826192076
chr4	85000001	85500000	0.00397036703657716
chr4	85500001	86000000	0.0559052801528004
chr4	86000001	86500000	-0.0326529068354903
chr4	86500001	87000000	0.112326527048849
chr4	87000001	87500000	0.12403272742687
chr4	87500001	88000000	-0.0100369825223377
chr4	88000001	88500000	0.0467352018853239
chr4	88500001	89000000	0.011996895878423
chr4	89000001	89500000	0.0406798852357443
chr4	89500001	90000000	0.0162026805899566
chr4	90000001	90500000	0.0108925851825819
chr4	90500001	91000000	-0.0267798261357244
chr4	91000001	91500000	-0.0272197334258365
chr4	91500001	92000000	0.116196972707478
chr4	92000001	92500000	0.191659810322517
chr4	92500001	93000000	0.0882979653981041
chr4	93000001	93500000	0.0979226560879726
chr4	93500001	94000000	0.00951503920365659
chr4	94000001	94500000	-0.161096779846241
chr4	94500001	95000000	-0.179388557496965
chr4	95000001	95500000	-0.0979385953462077
chr4	95500001	96000000	-0.144388216619309
chr4	96000001	96500000	0.0265085851894212
chr4	96500001	97000000	-0.143854076162665
chr4	97000001	97500000	-0.0863154540429863
chr4	97500001	98000000	-0.051786548786657
chr4	98000001	98500000	-0.0420922086338096
chr4	98500001	99000000	-0.068243979349452
chr4	99000001	99500000	-0.0536052244047747
chr4	99500001	100000000	-0.135701289376439
chr4	100000001	100500000	-0.0896291481392846
chr4	100500001	101000000	-0.0608686983540171
chr4	101000001	101500000	-0.0973061660809144
chr4	101500001	102000000	-0.10095047015737
chr4	102000001	102500000	-0.0504756628200052
chr4	102500001	103000000	-0.0114292872645768
chr4	103000001	103500000	-0.0331941042671354
chr4	103500001	104000000	-0.128031266453598
chr4	104000001	104500000	-0.130878769945394
chr4	104500001	105000000	-0.15025870221608
chr4	105000001	105500000	-0.0947990923882298
chr4	105500001	106000000	-0.129271259493755
chr4	106000001	106500000	-0.0745047024681616
chr4	106500001	107000000	-0.0906007869201812
chr4	107000001	107500000	-0.0794460392191054
chr4	107500001	108000000	-0.048644929377873
chr4	108000001	108500000	-0.145774814255538
chr4	108500001	109000000	-0.0395312454815379
chr4	109000001	109500000	-0.123667641297753
chr4	109500001	110000000	-0.105044235213973
chr4	110000001	110500000	-0.109111404611552
chr4	110500001	111000000	-0.102799978181156
chr4	111000001	111500000	-0.091758316770514
chr4	111500001	112000000	-0.0688822006186159
chr4	112000001	112500000	-0.075485764759479
chr4	112500001	113000000	-0.0998440135598752
chr4	113000001	113500000	-0.116240358737478
chr4	113500001	114000000	-0.0895774903263236
chr4	114000001	114500000	-0.042534655181533
chr4	114500001	115000000	-0.0761625869037793
chr4	115000001	115500000	-0.130981490653814
chr4	115500001	116000000	-0.0201614239680551
chr4	116000001	116500000	-0.0525453752082018
chr4	116500001	117000000	-0.0620383247173985
chr4	117000001	117500000	-0.101403802528041
chr4	117500001	118000000	-0.0838797925216362
chr4	118000001	118500000	-0.111394471717685
chr4	118500001	119000000	-0.030297349740107
chr4	119000001	119500000	-0.01447987668792
chr4	119500001	120000000	0.0186356554888879
chr4	120000001	120500000	-0.0866399353878348
chr4	120500001	121000000	-0.0608235525323284
chr4	121000001	121500000	0.0175879855296003
chr4	121500001	122000000	-0.00319073192562441
chr4	122000001	122500000	-0.0451161783823178
chr4	122500001	123000000	-0.117349103620648
chr4	123000001	123500000	0.028832100226688
chr4	123500001	124000000	0.000654573026362633
chr4	124000001	124500000	-0.0897662214626401
chr4	124500001	125000000	-0.013416399822369
chr4	125000001	125500000	-0.0224124015584377
chr4	125500001	126000000	-0.0804186615199424
chr4	126000001	126500000	-0.0953939663471406
chr4	126500001	127000000	-0.0748692691690547
chr4	127000001	127500000	-0.106758297912212
chr4	127500001	128000000	-0.0920857145217299
chr4	128000001	128500000	-0.159988615511211
chr4	128500001	129000000	0.0893016760899178
chr4	129000001	129500000	0.0229256781120086
chr4	129500001	130000000	-0.10247130523232
chr4	130000001	130500000	-0.0131080539987493
chr4	130500001	131000000	0.000802578261578528
chr4	131000001	131500000	-0.0836444318526218
chr4	132000001	132500000	0.0771871181546849
chr4	132500001	133000000	0.00653281225175815
chr4	133000001	133500000	0.0435774452596578
chr4	133500001	134000000	-0.034042654151747
chr4	134000001	134500000	0.0623435111776643
chr4	134500001	135000000	-0.105124323875415
chr4	135000001	135500000	-0.0294267232522207
chr4	135500001	136000000	-0.0543399299963442
chr4	136000001	136500000	0.0457749243562242
chr4	136500001	137000000	-0.0232124200607131
chr4	137000001	137500000	-0.0622073605253234
chr4	137500001	138000000	0.00581731951810494
chr4	138000001	138500000	-0.0300510830777179
chr4	138500001	139000000	0.0134963488976282
chr4	139000001	139500000	0.0329524363809584
chr4	139500001	140000000	-0.00905283755413869
chr4	140000001	140500000	-0.0272940059139951
chr4	140500001	141000000	0.0443007111134473
chr4	141000001	141500000	-0.0128727348033631
chr4	141500001	142000000	-0.00397132488772655
chr4	142000001	142500000	-0.0067054056296686
chr4	142500001	143000000	0.00457210473141206
chr4	143000001	143500000	-0.0534015378182943
chr4	143500001	144000000	0.181960492268279
chr4	144000001	144500000	0.0456720393560622
chr4	144500001	145000000	-0.0141103531523967
chr4	145000001	145500000	-0.0150983366310963
chr4	145500001	146000000	-0.00816502319205688
chr4	146000001	146500000	-0.0786321396041903
chr4	146500001	147000000	-0.0467348022628971
chr4	147000001	147500000	0.026717413979179
chr4	147500001	148000000	-0.0794489873991868
chr4	148000001	148500000	-0.00593543019063972
chr4	148500001	149000000	-0.0641542836664355
chr4	149000001	149500000	0.0586455959797015
chr4	149500001	150000000	-0.0474210027607699
chr4	150000001	150500000	-0.0353727583880372
chr4	150500001	151000000	-0.00183427843730225
chr4	151000001	151500000	-0.0517636785210555
chr4	151500001	152000000	-0.0447158296242847
chr4	152000001	152500000	-0.104534030439193
chr4	152500001	153000000	0.0466372134329082
chr4	153000001	153500000	-0.073590518488862
chr4	153500001	154000000	0.0284348999084633
chr4	154000001	154500000	-0.0301176312447983
chr4	154500001	155000000	0.0404682191987609
chr4	155000001	155500000	-0.0565274979091919
chr4	155500001	156000000	0.0215409049176644
chr4	156000001	156500000	0.00445439007638792
chr4	156500001	157000000	0.0473935356336115
chr4	157000001	157500000	-0.0526514365029017
chr4	157500001	158000000	-0.0548182771506615
chr4	158000001	158500000	-0.0585714824811135
chr4	158500001	159000000	-0.0100616069979797
chr4	159000001	159500000	0.0189621823805703
chr4	159500001	160000000	0.0988593378513192
chr4	160000001	160500000	-0.0283247306587664
chr4	160500001	161000000	-0.0598537733692085
chr4	161000001	161500000	-0.0670184027845176
chr4	161500001	162000000	-0.0360322329572031
chr4	162000001	162500000	-0.074253205870756
chr4	162500001	163000000	-0.0660834803611617
chr4	163000001	163500000	-0.109303999797816
chr4	163500001	164000000	-0.23246372684301
chr4	164000001	164500000	-0.161326836724327
chr4	164500001	165000000	-0.0751556897381284
chr4	165000001	165500000	-0.00686521922318968
chr4	165500001	166000000	-0.00711120578940991
chr4	166000001	166500000	0.00889102384549622
chr4	166500001	167000000	0.0295955583427351
chr4	167000001	167500000	0.0113849369462758
chr4	167500001	168000000	-0.00454527483704201
chr4	168000001	168500000	-0.0426424996909626
chr4	168500001	169000000	0.0168815180645951
chr4	169000001	169500000	-0.0604429694249739
chr4	169500001	170000000	0.0548723288718838
chr4	170000001	170500000	-0.0180168666561112
chr4	170500001	171000000	-0.0403943719823794
chr4	171000001	171500000	-0.0865444149238806
chr4	171500001	172000000	-0.0256774866130365
chr4	172000001	172500000	0.0123069771827777
chr4	172500001	173000000	-0.0042056760122316
chr4	173000001	173500000	-0.0175183617921671
chr4	173500001	174000000	0.0580362018598933
chr4	174000001	174500000	-0.0360183062438249
chr4	174500001	175000000	-0.075347138672049
chr4	175000001	175500000	0.0754108840858671
chr4	175500001	176000000	-0.0220776027525012
chr4	176000001	176500000	0.0124259043777424
chr4	176500001	177000000	0.0716992124072352
chr4	177000001	177500000	-0.0971968616077571
chr4	177500001	178000000	-0.0613856698108976
chr4	178000001	178500000	-0.0230914561721124
chr4	178500001	179000000	0.0134925546983683
chr4	179000001	179500000	0.0115648662383516
chr4	179500001	180000000	0.0225894699009022
chr4	180000001	180500000	-0.047016644193527
chr4	180500001	181000000	-0.033626141280594
chr4	181000001	181500000	0.04290026800548
chr4	181500001	182000000	-0.00359915830436355
chr4	182000001	182500000	0.0186583626852861
chr4	182500001	183000000	0.00731175896483049
chr4	183000001	183500000	-0.0796593493252696
chr4	183500001	184000000	0.00977095479113153
chr4	184000001	184500000	0.10375683795414
chr4	184500001	185000000	0.0986872151041382
chr4	185000001	185500000	-0.0627751183696086
chr4	185500001	186000000	0.0439911255114343
chr4	186000001	186500000	-0.101188355789922
chr4	186500001	187000000	-0.0290430214881632
chr4	187000001	187500000	0.00275814750271185
chr4	187500001	188000000	0.0308478279401158
chr4	188000001	188500000	-0.00820841070143959
chr4	188500001	189000000	0.101320058990266
chr4	189000001	189500000	-0.0604612039991247
chr5	1	500000	NA
chr5	500001	1000000	0.0871633554293393
chr5	1000001	1500000	-0.0717653054774995
chr5	1500001	2000000	0.0296547301815827
chr5	2000001	2500000	-0.0622097920303982
chr5	2500001	3000000	-0.011542667548163
chr5	3000001	3500000	0.0533615688220085
chr5	3500001	4000000	-0.0810673554690865
chr5	4000001	4500000	0.0617082088450221
chr5	4500001	5000000	-0.0733569211416784
chr5	5000001	5500000	0.00175484059947397
chr5	5500001	6000000	0.0127867174383317
chr5	6000001	6500000	0.010831939083269
chr5	6500001	7000000	0.00862880149539513
chr5	7000001	7500000	0.0603878863997663
chr5	7500001	8000000	-0.0540451122706474
chr5	8000001	8500000	0.03091261574114
chr5	8500001	9000000	0.0354083180260166
chr5	9000001	9500000	-0.0335973775846421
chr5	9500001	10000000	-0.0472745500762166
chr5	10000001	10500000	0.0772141502261428
chr5	10500001	11000000	0.137879541432746
chr5	11000001	11500000	0.0414381743457333
chr5	11500001	12000000	-0.0459664271853469
chr5	12000001	12500000	0.0281773388948475
chr5	12500001	13000000	0.0776759958335799
chr5	13000001	13500000	-0.021312372604641
chr5	13500001	14000000	0.0699399256434893
chr5	14000001	14500000	0.040365015719582
chr5	14500001	15000000	-0.0100519201847679
chr5	15000001	15500000	0.0714991476065907
chr5	15500001	16000000	-0.0383084373496242
chr5	16000001	16500000	-0.0284846474992573
chr5	16500001	17000000	0.0612986346824671
chr5	17000001	17500000	0.0300467067673049
chr5	17500001	18000000	NA
chr5	18000001	18500000	-0.00117009272176617
chr5	18500001	19000000	-0.038038050908783
chr5	19000001	19500000	-0.0437735714549329
chr5	19500001	20000000	-0.0252508618658069
chr5	20000001	20500000	-0.0955894629674693
chr5	20500001	21000000	-0.0110155702240521
chr5	21500001	22000000	0.174229777937079
chr5	22000001	22500000	-0.000962743163482516
chr5	22500001	23000000	-0.14202919948155
chr5	23000001	23500000	-0.0556485027087298
chr5	23500001	24000000	0.0665015669466497
chr5	24000001	24500000	0.0388633165427922
chr5	24500001	25000000	-0.0230008382316855
chr5	25000001	25500000	-0.00383864444998839
chr5	25500001	26000000	0.0230749882820898
chr5	26000001	26500000	-0.00119156868916462
chr5	26500001	27000000	0.0862915750483028
chr5	27000001	27500000	0.00392613098397066
chr5	27500001	28000000	-0.00675606703090338
chr5	28000001	28500000	0.0705664940414441
chr5	28500001	29000000	-0.0763896285321842
chr5	29000001	29500000	-0.0176802370269866
chr5	29500001	30000000	-0.0203834601364395
chr5	30000001	30500000	0.130560364715489
chr5	30500001	31000000	0.0841832550143084
chr5	31000001	31500000	0.0845986007196419
chr5	31500001	32000000	-0.0452621773943815
chr5	32000001	32500000	0.00425583183450445
chr5	32500001	33000000	0.0203272216783711
chr5	33000001	33500000	0.00817232135949194
chr5	33500001	34000000	0.0348212646691615
chr5	34500001	35000000	-0.0189222060577985
chr5	35000001	35500000	0.0565464812496555
chr5	35500001	36000000	0.0338605582204455
chr5	36000001	36500000	0.00955324035550437
chr5	36500001	37000000	0.00569744171108613
chr5	37000001	37500000	0.00240873871293772
chr5	37500001	38000000	0.05060464417235
chr5	38000001	38500000	-0.00712231139149694
chr5	38500001	39000000	-0.0111464758188291
chr5	39000001	39500000	0.0354333302793333
chr5	39500001	40000000	-0.0429285461950363
chr5	40000001	40500000	0.101990160288255
chr5	40500001	41000000	0.0112135584644903
chr5	41000001	41500000	-0.0411440426157121
chr5	41500001	42000000	-0.0127504435187207
chr5	42000001	42500000	0.101326623512481
chr5	42500001	43000000	0.0275670628136618
chr5	43000001	43500000	-0.0589572767690966
chr5	43500001	44000000	0.0801133694455678
chr5	44000001	44500000	0.039240793992247
chr5	44500001	45000000	-0.0163412807003795
chr5	45000001	45500000	0.0297785571658998
chr5	51500001	52000000	-0.132861696090617
chr5	52000001	52500000	-0.0415945210582898
chr5	52500001	53000000	-0.152890850260771
chr5	53000001	53500000	-0.0888526262433662
chr5	53500001	54000000	-0.0786644486876177
chr5	54000001	54500000	-0.121091945159362
chr5	54500001	55000000	-0.0519657137463693
chr5	55000001	55500000	-0.139703745265763
chr5	55500001	56000000	-0.118890561646526
chr5	56000001	56500000	0.0549278000782532
chr5	56500001	57000000	-0.0844333362493869
chr5	57000001	57500000	-0.0480273006943281
chr5	57500001	58000000	-0.104002001163592
chr5	58000001	58500000	-0.0736377001597846
chr5	58500001	59000000	0.00765448277190668
chr5	59000001	59500000	-0.067955049152658
chr5	59500001	60000000	-0.206016085794783
chr5	60000001	60500000	-0.0931362100744905
chr5	60500001	61000000	-0.0719972729010893
chr5	61000001	61500000	-0.0765919433430135
chr5	61500001	62000000	-0.0602150633186205
chr5	62000001	62500000	-0.0126072391741484
chr5	62500001	63000000	0.00828548019307113
chr5	63000001	63500000	-0.053958325791001
chr5	63500001	64000000	-0.0509081202501448
chr5	64000001	64500000	-0.0263809101474462
chr5	64500001	65000000	-0.0599448085732008
chr5	65000001	65500000	-0.0795919842770833
chr5	65500001	66000000	-0.0507341842897431
chr5	66000001	66500000	-0.0364137356939474
chr5	66500001	67000000	-0.0840925887876225
chr5	67000001	67500000	-0.0524453373601644
chr5	67500001	68000000	0.00133005433194781
chr5	68000001	68500000	-0.0749883193215593
chr5	68500001	69000000	-0.131290366164763
chr5	69000001	69500000	-0.0896962445670609
chr5	71500001	72000000	-0.101218114739394
chr5	72000001	72500000	-0.109056776848959
chr5	72500001	73000000	-0.0567118813337074
chr5	73000001	73500000	-0.0669426388025701
chr5	73500001	74000000	-0.0786394479399189
chr5	74000001	74500000	-0.0688913944212404
chr5	74500001	75000000	-0.0673868821118327
chr5	75000001	75500000	-0.01157122352496
chr5	75500001	76000000	-0.0231925206242075
chr5	76000001	76500000	-0.143682860900042
chr5	76500001	77000000	-0.0767210110156664
chr5	77000001	77500000	0.0029083414245893
chr5	77500001	78000000	-0.0880530790424841
chr5	78000001	78500000	-0.162852636967338
chr5	78500001	79000000	-0.168691060652347
chr5	79000001	79500000	-0.016646376055205
chr5	79500001	80000000	-0.017601245272984
chr5	80000001	80500000	-0.0380364711590247
chr5	80500001	81000000	-0.0253795327577914
chr5	81000001	81500000	-0.0665095274322647
chr5	81500001	82000000	0.0205475560056966
chr5	82000001	82500000	-0.0457562240970669
chr5	82500001	83000000	-0.0654833075918377
chr5	83000001	83500000	-0.0533911012583883
chr5	83500001	84000000	-0.101640206915243
chr5	84000001	84500000	-0.0920314523606043
chr5	84500001	85000000	-0.0245802444531086
chr5	85000001	85500000	-0.0509707036735837
chr5	85500001	86000000	-0.0601375730531931
chr5	86000001	86500000	-0.0248199947478802
chr5	86500001	87000000	-0.104889357216517
chr5	87000001	87500000	-0.0369986002710747
chr5	87500001	88000000	0.0010946889327544
chr5	88000001	88500000	-0.080449773514947
chr5	88500001	89000000	-0.0164611366829586
chr5	89000001	89500000	0.0225793056316491
chr5	89500001	90000000	-0.0657459268426192
chr5	90000001	90500000	-0.0631309308559701
chr5	90500001	91000000	-0.0955031776001706
chr5	91000001	91500000	0.0429351500277699
chr5	91500001	92000000	-0.0561760078459811
chr5	92000001	92500000	-0.100640749274062
chr5	92500001	93000000	-0.0651375373650023
chr5	93000001	93500000	-0.0709482018166599
chr5	93500001	94000000	-0.0495823845891942
chr5	94000001	94500000	-0.0836051973921015
chr5	94500001	95000000	-0.0270912992644656
chr5	95000001	95500000	-0.026897852321723
chr5	95500001	96000000	0.0226993112758057
chr5	96000001	96500000	0.0525582948656941
chr5	96500001	97000000	-0.0536691542719343
chr5	97000001	97500000	0.0998199115513666
chr5	97500001	98000000	-0.0431950874351038
chr5	98000001	98500000	-0.0187537999614456
chr5	98500001	99000000	0.0243159023115294
chr5	99000001	99500000	-0.0166263997318668
chr5	99500001	100000000	-0.0292044008599872
chr5	100000001	100500000	-0.0292238624349208
chr5	100500001	101000000	-0.0371613899451792
chr5	101000001	101500000	-0.095419143275957
chr5	101500001	102000000	0.00401596609673403
chr5	102000001	102500000	0.008631690289327
chr5	102500001	103000000	0.0908047760713193
chr5	103000001	103500000	-0.0233880654933087
chr5	103500001	104000000	0.0274384380780294
chr5	104000001	104500000	0.0123609945906838
chr5	104500001	105000000	-0.102959994971255
chr5	105000001	105500000	0.00863681155196312
chr5	105500001	106000000	0.0510414313767741
chr5	106000001	106500000	0.00714175464389361
chr5	106500001	107000000	0.0718335129469684
chr5	107000001	107500000	0.0157809270688688
chr5	107500001	108000000	0.0248863343891931
chr5	108000001	108500000	-0.0171133499389528
chr5	108500001	109000000	-0.080986171671303
chr5	109000001	109500000	0.0570255055831103
chr5	109500001	110000000	-0.126754242332886
chr5	110000001	110500000	0.0212512703527631
chr5	110500001	111000000	-0.0485416086649198
chr5	111000001	111500000	0.0694026427512158
chr5	111500001	112000000	0.0692126557307742
chr5	112000001	112500000	-0.0231812084455352
chr5	112500001	113000000	0.0507851893858738
chr5	113000001	113500000	0.037513527374468
chr5	113500001	114000000	0.027937433939144
chr5	114000001	114500000	0.060182824782709
chr5	114500001	115000000	0.0558397550132124
chr5	115000001	115500000	0.0518633405293148
chr5	115500001	116000000	-0.00374047942994037
chr5	116000001	116500000	-0.0224648893543785
chr5	116500001	117000000	-0.0662679810513626
chr5	117000001	117500000	-0.0029405687924993
chr5	117500001	118000000	0.010857399932565
chr5	118000001	118500000	0.00701197647834631
chr5	118500001	119000000	0.0417784540436561
chr5	119000001	119500000	0.0341489199279513
chr5	119500001	120000000	0.0094822927213668
chr5	120000001	120500000	0.061166457429324
chr5	120500001	121000000	0.0154999321426503
chr5	121000001	121500000	-0.0514588630327698
chr5	121500001	122000000	-0.0867625490511427
chr5	122000001	122500000	-0.0777114591814885
chr5	122500001	123000000	-0.0963667244806874
chr5	123000001	123500000	-0.00689925175244076
chr5	123500001	124000000	-0.0490865752468719
chr5	124000001	124500000	-0.0483092386080153
chr5	124500001	125000000	-0.0905649995835947
chr5	125000001	125500000	-0.0430465095077237
chr5	125500001	126000000	-0.0389787726328455
chr5	126000001	126500000	-0.0621517092478322
chr5	126500001	127000000	-0.00494937610040593
chr5	127000001	127500000	-0.0920884395357992
chr5	127500001	128000000	-0.0376954620849669
chr5	128000001	128500000	-0.093551092986287
chr5	128500001	129000000	-0.0167445726793523
chr5	129000001	129500000	-0.131242765821071
chr5	129500001	130000000	-0.173636707314683
chr5	130000001	130500000	-0.147140764633865
chr5	130500001	131000000	-0.000413935360959937
chr5	131000001	131500000	-0.00530738345492286
chr5	131500001	132000000	-0.0153507727415216
chr5	132000001	132500000	-0.0551549467346255
chr5	132500001	133000000	0.0170550464112927
chr5	133000001	133500000	-0.0373621979944521
chr5	133500001	134000000	-0.131760067773602
chr5	134000001	134500000	0.0853386789357001
chr5	134500001	135000000	-0.099768544398421
chr5	135000001	135500000	-0.176725073892056
chr5	135500001	136000000	-0.146619083311343
chr5	136000001	136500000	0.0221850357100821
chr5	136500001	137000000	0.0736632501510858
chr5	137000001	137500000	0.0436423708214001
chr5	137500001	138000000	0.111764723613741
chr5	138000001	138500000	0.014335835510761
chr5	138500001	139000000	0.00937853016112841
chr5	139000001	139500000	NA
chr5	139500001	140000000	-0.0132574602639633
chr5	140000001	140500000	0.0447678835019461
chr5	140500001	141000000	0.133108186116881
chr5	141000001	141500000	0.0342100256536869
chr5	141500001	142000000	0.0522327177501222
chr5	142000001	142500000	-0.0587670570295884
chr5	142500001	143000000	0.0866897389394242
chr5	143000001	143500000	0.00772042144609034
chr5	143500001	144000000	-0.0326156847200411
chr5	144000001	144500000	0.0265205441716796
chr5	144500001	145000000	-0.0161595444343559
chr5	145000001	145500000	-0.0214822242730062
chr5	145500001	146000000	-0.0776930046460802
chr5	146000001	146500000	-0.114223409090487
chr5	146500001	147000000	-0.0376191488749111
chr5	147000001	147500000	-0.122487076790541
chr5	147500001	148000000	-0.170912968570396
chr5	148000001	148500000	-0.0711298290445415
chr5	148500001	149000000	-0.0228179561972016
chr5	149000001	149500000	-0.0801443768924461
chr5	149500001	150000000	-0.0451340312921304
chr5	150000001	150500000	-0.0494321443822808
chr5	150500001	151000000	0.0404734998496795
chr5	151000001	151500000	-0.157241307802224
chr5	151500001	152000000	-0.128085901339188
chr5	152000001	152500000	-0.0628471340423528
chr5	152500001	153000000	-0.00482468593559226
chr5	153000001	153500000	-0.10794843210203
chr5	153500001	154000000	0.00213769222357772
chr5	154000001	154500000	-0.018304759842093
chr5	154500001	155000000	-0.125062023900159
chr5	155000001	155500000	-0.0527760358610128
chr5	155500001	156000000	NA
chr5	156000001	156500000	-0.0696640099805458
chr5	156500001	157000000	-0.0864216821744635
chr5	157000001	157500000	0.0177013852102571
chr5	157500001	158000000	0.0357999559454578
chr5	158000001	158500000	-0.0315944579157997
chr5	158500001	159000000	-0.209810899470022
chr5	159000001	159500000	-0.0846413416735229
chr5	159500001	160000000	0.00630782237512558
chr5	160000001	160500000	0.0088612533378201
chr5	160500001	161000000	-0.146932511925173
chr5	161000001	161500000	-0.0436437263383086
chr5	161500001	162000000	-0.116127978879775
chr5	162000001	162500000	-0.0254179239072849
chr5	162500001	163000000	-0.100749533789606
chr5	163000001	163500000	-0.0772162445536438
chr5	163500001	164000000	-0.0296306193490911
chr5	164000001	164500000	-0.0693455115054485
chr5	164500001	165000000	-0.0906136805828168
chr5	165000001	165500000	-0.0461576803973049
chr5	165500001	166000000	-0.0993581517214213
chr5	166000001	166500000	-0.123963730381532
chr5	166500001	167000000	-0.0664216930248066
chr5	167000001	167500000	0.0880873137236396
chr5	167500001	168000000	-0.0901539821851094
chr5	168000001	168500000	-0.127542083999654
chr5	168500001	169000000	-0.161442995098813
chr5	169000001	169500000	-0.0352671409306264
chr5	169500001	170000000	-0.0318598607674173
chr5	170000001	170500000	0.0358614837041903
chr5	170500001	171000000	-0.0284956695448208
chr5	171000001	171500000	-0.103157111494752
chr5	171500001	172000000	0.043194484823147
chr5	172000001	172500000	-0.0568863323326615
chr5	172500001	173000000	-0.0881555395594621
chr5	173000001	173500000	-0.0994034730107156
chr5	173500001	174000000	-0.0329852606594033
chr5	174000001	174500000	-0.0626329866935433
chr5	174500001	175000000	-0.0272833658718928
chr5	175000001	175500000	-0.0166552196829185
chr5	175500001	176000000	-0.0193952992218501
chr5	176500001	177000000	-0.0421915873763378
chr5	177000001	177500000	-0.0386778985478891
chr5	178000001	178500000	-0.020555794745344
chr5	178500001	179000000	-0.0852204169714462
chr5	179000001	179500000	-0.073604813017341
chr5	179500001	180000000	-0.0118197492645821
chr5	180000001	180500000	-0.0920904405832164
chr5	180500001	181000000	-0.0290932826255151
chr6	500001	1000000	0.104812809274624
chr6	1000001	1500000	-0.0335514883589902
chr6	1500001	2000000	0.0867017273344371
chr6	2000001	2500000	0.0893158132614462
chr6	2500001	3000000	0.132379214958902
chr6	3000001	3500000	0.105652992079858
chr6	3500001	4000000	0.0808784586546129
chr6	4000001	4500000	0.0408543364683506
chr6	4500001	5000000	0.0674434647099943
chr6	5000001	5500000	0.123786508702713
chr6	5500001	6000000	0.0751354913098634
chr6	6000001	6500000	0.157847724447174
chr6	6500001	7000000	0.145538391297509
chr6	7000001	7500000	0.176745746438576
chr6	7500001	8000000	0.0773719838361998
chr6	8000001	8500000	0.0513926726959629
chr6	8500001	9000000	0.098946846252393
chr6	9000001	9500000	0.0790065699730187
chr6	9500001	10000000	0.0786326005462077
chr6	10000001	10500000	0.0372918297522625
chr6	10500001	11000000	0.145026235625862
chr6	11000001	11500000	0.224159868741323
chr6	11500001	12000000	0.143849201653992
chr6	12000001	12500000	0.0708592288747092
chr6	12500001	13000000	0.169682286314543
chr6	13000001	13500000	0.180024902351976
chr6	13500001	14000000	0.100922752402966
chr6	14000001	14500000	0.183704156986735
chr6	14500001	15000000	0.103611426361246
chr6	15000001	15500000	0.0908531408461841
chr6	15500001	16000000	-0.0207495583403121
chr6	16000001	16500000	0.0412897064246629
chr6	16500001	17000000	0.0929061909644854
chr6	17000001	17500000	0.0575235366770676
chr6	17500001	18000000	0.0829795443552512
chr6	18000001	18500000	0.181210699744816
chr6	18500001	19000000	0.0554280273727322
chr6	19000001	19500000	0.0644565140955374
chr6	19500001	20000000	0.0601721939905745
chr6	20000001	20500000	0.181530062478204
chr6	20500001	21000000	0.0805596143568437
chr6	21000001	21500000	0.104972994003756
chr6	21500001	22000000	0.0538390384423717
chr6	22000001	22500000	-0.036683098703329
chr6	22500001	23000000	-0.0368903028118588
chr6	23000001	23500000	0.0405995789459839
chr6	23500001	24000000	0.0291034665570057
chr6	24000001	24500000	0.0371439557906338
chr6	24500001	25000000	0.108364263478523
chr6	25000001	25500000	-0.0217117687108891
chr6	25500001	26000000	-0.0352253908844245
chr6	26000001	26500000	-0.0270689694159503
chr6	27000001	27500000	-0.00740712815344272
chr6	27500001	28000000	-0.11830308581385
chr6	28000001	28500000	-0.104816134853785
chr6	28500001	29000000	-0.0356762648386061
chr6	29000001	29500000	-0.170366808790337
chr6	29500001	30000000	-0.00474062624103086
chr6	30000001	30500000	0.00406130432463754
chr6	30500001	31000000	-0.0600509699568261
chr6	31000001	31500000	-0.0511102720563195
chr6	31500001	32000000	0.116229676991143
chr6	32000001	32500000	-0.068312485511209
chr6	32500001	33000000	0.0344051977193732
chr6	33000001	33500000	-0.0727465375650485
chr6	33500001	34000000	-0.0514594520513059
chr6	34000001	34500000	-0.074754074483529
chr6	34500001	35000000	-0.0684514686763734
chr6	35000001	35500000	0.0101477295388921
chr6	35500001	36000000	0.0181986483807669
chr6	36000001	36500000	-0.0231614858659685
chr6	36500001	37000000	-0.0955731859390593
chr6	37000001	37500000	-0.0654691378229892
chr6	37500001	38000000	-0.0879595627279237
chr6	38000001	38500000	0.0141750256943024
chr6	38500001	39000000	-0.0825650825814791
chr6	39000001	39500000	-0.055413561201818
chr6	39500001	40000000	-0.0405648455896024
chr6	40000001	40500000	-0.0196305772922159
chr6	40500001	41000000	-0.130121520746887
chr6	41000001	41500000	-0.0816586746113533
chr6	41500001	42000000	-0.120717368654294
chr6	42000001	42500000	-0.0670813044567076
chr6	42500001	43000000	-0.016319777304522
chr6	43000001	43500000	0.0731149858013033
chr6	43500001	44000000	0.126803768993293
chr6	44000001	44500000	0.103802155848046
chr6	44500001	45000000	0.0446844311015534
chr6	45000001	45500000	0.13555578893295
chr6	45500001	46000000	0.00624129882255973
chr6	46000001	46500000	-0.0240467540341537
chr6	46500001	47000000	-0.069097287341357
chr6	47000001	47500000	0.0332449318696096
chr6	47500001	48000000	0.0285485926584328
chr6	48000001	48500000	-0.00411952870216098
chr6	48500001	49000000	0.00899724603477655
chr6	49000001	49500000	-0.0566675720237518
chr6	49500001	50000000	-0.0216567130571723
chr6	50000001	50500000	-0.0137547743663984
chr6	50500001	51000000	0.0215461993795374
chr6	51000001	51500000	-0.0178301392535801
chr6	51500001	52000000	0.00248401707041234
chr6	52000001	52500000	0.0797565236400743
chr6	52500001	53000000	-0.0166016137532344
chr6	53000001	53500000	0.0614337402268476
chr6	53500001	54000000	-0.0467788571127801
chr6	54000001	54500000	-0.0301827198456879
chr6	54500001	55000000	0.0714417216816992
chr6	55000001	55500000	-0.0439100869810893
chr6	55500001	56000000	-0.0118811675339031
chr6	56000001	56500000	0.0570420118913174
chr6	56500001	57000000	-0.0113802967208606
chr6	57000001	57500000	-0.0182269767548218
chr6	63000001	63500000	-0.043838178561885
chr6	63500001	64000000	0.0525951033549178
chr6	64000001	64500000	0.0221528972124339
chr6	64500001	65000000	0.0305918427061178
chr6	65000001	65500000	-8.17343856005012e-05
chr6	65500001	66000000	0.00863197563849771
chr6	66000001	66500000	-0.0169493552996283
chr6	66500001	67000000	0.0574263973810374
chr6	67000001	67500000	NA
chr6	67500001	68000000	9.54900340543324e-05
chr6	68000001	68500000	-0.00478843934096512
chr6	68500001	69000000	0.0208417603665077
chr6	69000001	69500000	-0.03179878161923
chr6	69500001	70000000	0.137076768939426
chr6	70000001	70500000	0.00295201451171763
chr6	70500001	71000000	-0.0955358485826046
chr6	71000001	71500000	-0.103252658663277
chr6	71500001	72000000	-0.105711916697806
chr6	72000001	72500000	-0.193747731183211
chr6	72500001	73000000	-0.099828371949929
chr6	73000001	73500000	-0.138480611012895
chr6	73500001	74000000	-0.0179671987360641
chr6	74000001	74500000	-0.0509937960155932
chr6	74500001	75000000	-0.0759378568512391
chr6	75000001	75500000	-0.157353428172429
chr6	75500001	76000000	-0.168503426980466
chr6	76000001	76500000	-0.102886653199701
chr6	76500001	77000000	0.00525186741347974
chr6	77000001	77500000	-0.0332166149255559
chr6	77500001	78000000	-0.118603344124282
chr6	78000001	78500000	-0.1661696163213
chr6	78500001	79000000	-0.0569810237919092
chr6	79000001	79500000	-0.112013321240411
chr6	79500001	80000000	0.0198295302521071
chr6	80000001	80500000	-0.0688545479932746
chr6	80500001	81000000	-0.0601757825013409
chr6	81000001	81500000	-0.121003781969625
chr6	81500001	82000000	-0.093662468972618
chr6	82000001	82500000	-0.136610431774149
chr6	82500001	83000000	-0.0282698184894426
chr6	83000001	83500000	-0.111206390633218
chr6	83500001	84000000	-0.118495677557143
chr6	84000001	84500000	-0.0253906761339997
chr6	84500001	85000000	-0.0714556501674368
chr6	85000001	85500000	-0.114938484886852
chr6	85500001	86000000	-0.0882182166829181
chr6	86000001	86500000	-0.0794206023869174
chr6	86500001	87000000	-0.0367666603810653
chr6	87000001	87500000	0.0469873900650935
chr6	87500001	88000000	-0.0623671056893178
chr6	88000001	88500000	-0.0975373380655372
chr6	88500001	89000000	-0.0557349731772735
chr6	89000001	89500000	-0.0703968612814679
chr6	89500001	90000000	-0.175055238006389
chr6	90000001	90500000	-0.081941485627432
chr6	90500001	91000000	-0.084233249317007
chr6	91000001	91500000	-0.141333669136728
chr6	91500001	92000000	-0.0658180333423649
chr6	92000001	92500000	-0.068986267205077
chr6	92500001	93000000	-0.0571567357034543
chr6	93000001	93500000	-0.0732143972049428
chr6	93500001	94000000	-0.0729432141794065
chr6	94000001	94500000	-0.0724179439276008
chr6	94500001	95000000	-0.0727261289910589
chr6	95000001	95500000	NA
chr6	95500001	96000000	-0.110319374954377
chr6	96000001	96500000	-0.0856964907957433
chr6	96500001	97000000	-0.0778574545859128
chr6	97000001	97500000	-0.0299801586308884
chr6	97500001	98000000	-0.0229251498514136
chr6	98000001	98500000	-0.0982463590326421
chr6	98500001	99000000	-0.00959805321374304
chr6	99000001	99500000	-0.0728535264284585
chr6	99500001	100000000	-0.0255910111976442
chr6	100000001	100500000	-0.202205409023798
chr6	100500001	101000000	-0.157284529203719
chr6	101000001	101500000	-0.0560411210055012
chr6	101500001	102000000	-0.0966646165620982
chr6	102000001	102500000	-0.0577401748740222
chr6	102500001	103000000	-0.0874383292518645
chr6	103000001	103500000	-0.114495088205022
chr6	103500001	104000000	-0.136885160479777
chr6	104000001	104500000	-0.0598458045104011
chr6	104500001	105000000	-0.0961361225729015
chr6	105000001	105500000	-0.109187742841711
chr6	105500001	106000000	-0.0601039613543048
chr6	106000001	106500000	-0.141586123165557
chr6	106500001	107000000	-0.0228027616940172
chr6	107000001	107500000	-0.0467050432550893
chr6	107500001	108000000	-0.0802938108348885
chr6	108000001	108500000	-0.0686321868269644
chr6	108500001	109000000	-0.0290879397966546
chr6	109000001	109500000	-0.0611635131713864
chr6	109500001	110000000	0.108940445217313
chr6	110000001	110500000	-0.114795912420323
chr6	110500001	111000000	-0.0563469196743761
chr6	111000001	111500000	-0.0506479862666685
chr6	111500001	112000000	0.0161070386077149
chr6	112000001	112500000	-0.0940675273785478
chr6	112500001	113000000	-0.14757516061444
chr6	113000001	113500000	-0.0590709631009575
chr6	113500001	114000000	-0.0898247174047655
chr6	114000001	114500000	-0.102936755402746
chr6	114500001	115000000	-0.060192746749446
chr6	115000001	115500000	NA
chr6	115500001	116000000	-0.110297459445619
chr6	116000001	116500000	0.0263106970605564
chr6	116500001	117000000	0.0556074485451762
chr6	117000001	117500000	0.031853741364891
chr6	117500001	118000000	-0.0449948131816135
chr6	118000001	118500000	-0.104454383390217
chr6	118500001	119000000	-0.037011222312431
chr6	119000001	119500000	-0.0849431063062726
chr6	119500001	120000000	-0.141931389324684
chr6	120000001	120500000	-0.0130166415364208
chr6	120500001	121000000	-0.120231823194447
chr6	121000001	121500000	-0.0890620647854855
chr6	121500001	122000000	-0.118715728730861
chr6	122000001	122500000	-0.105617807748362
chr6	122500001	123000000	-0.0254811211967268
chr6	123000001	123500000	-0.0237855202779469
chr6	123500001	124000000	-0.130030716763809
chr6	124000001	124500000	-0.0408013927621086
chr6	124500001	125000000	-0.028588195853802
chr6	125000001	125500000	-0.100556774788809
chr6	125500001	126000000	-0.0894692577844123
chr6	126000001	126500000	-0.132527248027874
chr6	126500001	127000000	-0.0293515736375408
chr6	127000001	127500000	-0.00653058860828186
chr6	127500001	128000000	-0.17396277547855
chr6	128000001	128500000	-0.0495447268720455
chr6	128500001	129000000	-0.0906156404697055
chr6	129000001	129500000	-0.111166863687522
chr6	129500001	130000000	-0.0585342063802569
chr6	130000001	130500000	-0.12655258263208
chr6	130500001	131000000	-0.0632559501422021
chr6	131000001	131500000	0.00150574428088428
chr6	131500001	132000000	-0.0473412079059587
chr6	132000001	132500000	-0.10321363344019
chr6	132500001	133000000	-0.109593871164755
chr6	133000001	133500000	-0.0603494773303913
chr6	133500001	134000000	-0.104307248855354
chr6	134000001	134500000	-0.228202368865471
chr6	134500001	135000000	-0.154899743337046
chr6	135000001	135500000	-0.0318973709577714
chr6	135500001	136000000	-0.11322834389249
chr6	136000001	136500000	-0.0479832832458409
chr6	136500001	137000000	-0.0110697050651696
chr6	137000001	137500000	-0.0236391023777439
chr6	137500001	138000000	0.000301446356678361
chr6	138000001	138500000	-0.0300671998199951
chr6	138500001	139000000	-0.0733373716273024
chr6	139000001	139500000	0.0694978190806813
chr6	139500001	140000000	-0.0283147915301371
chr6	140000001	140500000	-0.0746394814669739
chr6	140500001	141000000	0.00261268745921241
chr6	141000001	141500000	-0.111987164430507
chr6	141500001	142000000	-0.0948470876137404
chr6	142000001	142500000	0.0124446862430543
chr6	142500001	143000000	-0.0685985518980037
chr6	143000001	143500000	-0.111758987065297
chr6	143500001	144000000	-0.1152116310623
chr6	144000001	144500000	-0.04024934625181
chr6	144500001	145000000	-0.0489139368571307
chr6	145000001	145500000	-0.0868814105491789
chr6	145500001	146000000	-0.0156830470122068
chr6	146000001	146500000	-0.0948368627007865
chr6	146500001	147000000	-0.137840735710169
chr6	147000001	147500000	-0.181624244608008
chr6	147500001	148000000	-0.0320895284386095
chr6	148000001	148500000	-0.06477680318797
chr6	148500001	149000000	-0.0376815078336825
chr6	149000001	149500000	-0.0792744880196837
chr6	149500001	150000000	-0.0377026776058288
chr6	150000001	150500000	-0.0646183607864413
chr6	150500001	151000000	-0.0780922412604155
chr6	151000001	151500000	0.0438443416906957
chr6	151500001	152000000	-0.0572261708665929
chr6	152000001	152500000	-0.031488308620146
chr6	152500001	153000000	-0.0489112044177859
chr6	153000001	153500000	-0.101559420945506
chr6	153500001	154000000	-0.0126357103952326
chr6	154000001	154500000	-0.0626405558402512
chr6	154500001	155000000	-0.0953471359727698
chr6	155000001	155500000	-0.0506503564235791
chr6	155500001	156000000	-0.0314070074050667
chr6	156000001	156500000	-0.0173327150234658
chr6	156500001	157000000	-0.048853335313622
chr6	157000001	157500000	-0.0328200539249043
chr6	157500001	158000000	-0.102380814933862
chr6	158000001	158500000	-0.105386762705114
chr6	158500001	159000000	-0.0540003846193222
chr6	159000001	159500000	-0.0335278741499887
chr6	159500001	160000000	0.00066287105191136
chr6	160000001	160500000	0.0812472152816688
chr6	160500001	161000000	-0.0817069769283043
chr6	161000001	161500000	0.00368663083544511
chr6	161500001	162000000	-0.0536933342291466
chr6	162000001	162500000	-0.0205383989501311
chr6	162500001	163000000	-0.102219925895857
chr6	163000001	163500000	-0.0796245063712653
chr6	163500001	164000000	0.0493992654503315
chr6	164000001	164500000	-0.114403083300431
chr6	164500001	165000000	-0.0967356008954891
chr6	165000001	165500000	-0.0467813681472952
chr6	165500001	166000000	-0.107418420935707
chr6	166000001	166500000	-0.0898289458456713
chr6	166500001	167000000	-0.109856727065276
chr6	167000001	167500000	-0.0686908946924643
chr6	167500001	168000000	NA
chr6	168000001	168500000	-0.0842229891351931
chr6	168500001	169000000	-0.0772723698908804
chr6	169000001	169500000	-0.0505154860415616
chr6	169500001	170000000	-0.0592146412119003
chr6	170000001	170500000	-0.0623794746565212
chr7	1	500000	NA
chr7	500001	1000000	-0.135586781043472
chr7	1000001	1500000	-0.0611424724136761
chr7	1500001	2000000	-0.213915752037099
chr7	2000001	2500000	-0.103625639281625
chr7	2500001	3000000	-0.0730160620187656
chr7	3000001	3500000	-0.0336885321477825
chr7	3500001	4000000	-0.0605173603678996
chr7	4000001	4500000	-0.144503808373612
chr7	4500001	5000000	-0.0932303947017866
chr7	5000001	5500000	-0.075671867991887
chr7	5500001	6000000	-0.226212388820715
chr7	6000001	6500000	-0.000467647655845282
chr7	7000001	7500000	-0.0733737881937362
chr7	7500001	8000000	-0.0636052244311171
chr7	8000001	8500000	-0.0814551970808361
chr7	8500001	9000000	0.0151404180361131
chr7	9000001	9500000	-0.0778004896818844
chr7	9500001	10000000	-0.103938386596828
chr7	10000001	10500000	-0.152187563509688
chr7	10500001	11000000	-0.149130617569411
chr7	11000001	11500000	-0.165122712268489
chr7	11500001	12000000	-0.120509040571412
chr7	12000001	12500000	-0.0129252968067984
chr7	12500001	13000000	-0.0767236869905828
chr7	13000001	13500000	-0.145149291288304
chr7	13500001	14000000	-0.142404890574098
chr7	14000001	14500000	-0.0835731774195312
chr7	14500001	15000000	-0.0956190407592685
chr7	15000001	15500000	-0.0292646289695031
chr7	15500001	16000000	-0.0578525423178736
chr7	16000001	16500000	-0.150135157990552
chr7	16500001	17000000	-0.0347584206496315
chr7	17000001	17500000	-0.00523866530027741
chr7	17500001	18000000	0.0200259804445809
chr7	18000001	18500000	0.0289225553752878
chr7	18500001	19000000	-0.0393154267328352
chr7	19000001	19500000	-0.0133828915739449
chr7	19500001	20000000	0.0284104309793687
chr7	20000001	20500000	0.078522501076085
chr7	20500001	21000000	-0.0259917591739172
chr7	21000001	21500000	0.0688882231836579
chr7	21500001	22000000	-0.0382103458817152
chr7	22000001	22500000	0.00396671941009257
chr7	22500001	23000000	0.0476673028426607
chr7	23000001	23500000	0.0525461328053564
chr7	23500001	24000000	-0.0359439258002822
chr7	24000001	24500000	0.0108383935790801
chr7	24500001	25000000	-0.0092229267536383
chr7	25000001	25500000	0.0334993264008583
chr7	25500001	26000000	-0.0214038980406952
chr7	26000001	26500000	0.0531603484205486
chr7	26500001	27000000	0.0887769489527198
chr7	27000001	27500000	0.0262193258615307
chr7	27500001	28000000	0.0100637283467847
chr7	28000001	28500000	-0.0876096923005627
chr7	28500001	29000000	0.0567299155931801
chr7	29000001	29500000	0.07842305927905
chr7	29500001	30000000	0.233710825579529
chr7	30000001	30500000	0.0338573284072279
chr7	30500001	31000000	-0.0811480984786079
chr7	31000001	31500000	-0.0176809321847166
chr7	31500001	32000000	0.079485872934007
chr7	32000001	32500000	0.0572100349115765
chr7	32500001	33000000	0.0418119532934875
chr7	33000001	33500000	-0.0236396352949357
chr7	33500001	34000000	-0.00476816014175984
chr7	34000001	34500000	0.026758773922919
chr7	34500001	35000000	0.0531474802127678
chr7	35000001	35500000	0.237645573170532
chr7	35500001	36000000	0.0105095331730062
chr7	36000001	36500000	0.0512683373431868
chr7	36500001	37000000	0.0990864648922107
chr7	37000001	37500000	0.0471547191489845
chr7	37500001	38000000	0.0540464513333168
chr7	38000001	38500000	-0.00654741484748968
chr7	38500001	39000000	0.0149029791965967
chr7	39000001	39500000	-0.0260996769559729
chr7	39500001	40000000	-0.0437416030916223
chr7	40000001	40500000	0.0312973463285874
chr7	40500001	41000000	-0.086946639721986
chr7	41000001	41500000	-0.0227747985105675
chr7	41500001	42000000	0.0423411849638752
chr7	42000001	42500000	-0.0119121765984479
chr7	42500001	43000000	-0.0445305148368139
chr7	43000001	43500000	0.0464655357177142
chr7	43500001	44000000	0.0405831965153357
chr7	44000001	44500000	0.0273665918382684
chr7	44500001	45000000	-0.00283910664118453
chr7	45000001	45500000	0.0242945084848628
chr7	45500001	46000000	0.114190843081884
chr7	46000001	46500000	-0.170813758410134
chr7	46500001	47000000	-0.0698139044222218
chr7	47000001	47500000	-0.0436725871483471
chr7	47500001	48000000	-0.0563067874113879
chr7	48000001	48500000	-0.0186341726386091
chr7	48500001	49000000	0.0841771093797446
chr7	49000001	49500000	-0.0052873371998762
chr7	49500001	50000000	-0.0558606800877997
chr7	50000001	50500000	0.10968382922445
chr7	50500001	51000000	0.0363832667359291
chr7	51000001	51500000	-0.0387605316245049
chr7	51500001	52000000	-0.00510018070050111
chr7	52000001	52500000	0.00185235640301702
chr7	52500001	53000000	-0.0125550928733313
chr7	53000001	53500000	0.0238524082442647
chr7	53500001	54000000	-0.0341363621357524
chr7	54000001	54500000	0.0234174751422428
chr7	54500001	55000000	-0.0518980410745662
chr7	55000001	55500000	-0.0260704294217737
chr7	55500001	56000000	-0.0681007371526022
chr7	56000001	56500000	0.0193603850280689
chr7	57000001	57500000	-0.126200987879698
chr7	62500001	63000000	NA
chr7	64000001	64500000	-0.00741651865653475
chr7	64500001	65000000	0.0649078429241651
chr7	66000001	66500000	0.0533548957900018
chr7	66500001	67000000	0.0932332302912808
chr7	67000001	67500000	0.142566929620472
chr7	67500001	68000000	-0.0323600642895837
chr7	68000001	68500000	0.0118990776787549
chr7	68500001	69000000	0.0281640333274999
chr7	69000001	69500000	0.0262995951937736
chr7	69500001	70000000	-0.0217557020861969
chr7	70000001	70500000	0.0028159228031001
chr7	70500001	71000000	0.133720631472698
chr7	71000001	71500000	0.0159719505867459
chr7	71500001	72000000	0.0607896932143059
chr7	72000001	72500000	0.0226119833873195
chr7	73500001	74000000	-0.0281710263840105
chr7	74000001	74500000	-0.0170249632026315
chr7	75500001	76000000	0.0939352516443177
chr7	76000001	76500000	-0.0111355126347862
chr7	77000001	77500000	-0.0191597440250277
chr7	77500001	78000000	0.0758525099396041
chr7	78000001	78500000	-0.0303042979782898
chr7	78500001	79000000	0.0387117518989971
chr7	79000001	79500000	-0.036612344707101
chr7	79500001	80000000	0.0848939164240426
chr7	80000001	80500000	0.0261387924391178
chr7	80500001	81000000	-0.00276595130543528
chr7	81000001	81500000	-0.0118121513580651
chr7	81500001	82000000	-0.00355246600896321
chr7	82000001	82500000	0.00486061686571244
chr7	82500001	83000000	0.0292706864871306
chr7	83000001	83500000	0.0315540871305593
chr7	83500001	84000000	-0.0622946396801681
chr7	84000001	84500000	-0.0720784394643108
chr7	84500001	85000000	-0.0773505610576019
chr7	85000001	85500000	-0.0112938354768434
chr7	85500001	86000000	-0.0270759608310247
chr7	86000001	86500000	0.0152331612515736
chr7	86500001	87000000	-0.0229117579704728
chr7	87000001	87500000	0.0455840181620331
chr7	87500001	88000000	0.00210258197953642
chr7	88000001	88500000	-0.0132430701704621
chr7	88500001	89000000	0.0698660562196811
chr7	89000001	89500000	-0.0242798838446802
chr7	89500001	90000000	0.0521385372220196
chr7	90000001	90500000	-0.00409277570833069
chr7	90500001	91000000	-0.00914952054360538
chr7	91000001	91500000	-0.0083196562840244
chr7	91500001	92000000	0.053024433304785
chr7	92000001	92500000	-0.0334723282300776
chr7	92500001	93000000	-0.0641315540183154
chr7	93000001	93500000	0.00112550180672339
chr7	93500001	94000000	0.0158858478091837
chr7	94000001	94500000	-0.00169259721110944
chr7	94500001	95000000	-0.0762452133150317
chr7	95000001	95500000	0.0268049010525505
chr7	95500001	96000000	0.015363366058545
chr7	96000001	96500000	-0.0222699660980999
chr7	96500001	97000000	3.20449396511028e-05
chr7	97000001	97500000	0.0109235027812408
chr7	97500001	98000000	0.155151901646951
chr7	98000001	98500000	0.117440173192386
chr7	98500001	99000000	-0.00252053233505496
chr7	99000001	99500000	-0.081173509867199
chr7	99500001	100000000	-0.018618514275618
chr7	100000001	100500000	-0.0516107874843362
chr7	100500001	101000000	0.109978719302708
chr7	101000001	101500000	-0.00449865192068366
chr7	101500001	102000000	0.0507090641202215
chr7	102000001	102500000	0.0113592311220327
chr7	103000001	103500000	0.185981962444421
chr7	103500001	104000000	0.00760535863511123
chr7	104000001	104500000	0.0283893535714073
chr7	104500001	105000000	0.11356892460386
chr7	105000001	105500000	0.145225157692158
chr7	105500001	106000000	0.150212436936428
chr7	106000001	106500000	0.187422781874706
chr7	106500001	107000000	0.0942699046546822
chr7	107000001	107500000	0.112585026398452
chr7	107500001	108000000	0.22980551131688
chr7	108000001	108500000	0.138652472102549
chr7	108500001	109000000	0.112928785568289
chr7	109000001	109500000	0.100210490592616
chr7	109500001	110000000	0.142121442227206
chr7	110000001	110500000	0.0917935616476689
chr7	110500001	111000000	0.118228562960408
chr7	111000001	111500000	0.0761131724186763
chr7	111500001	112000000	-0.000545376420043951
chr7	112000001	112500000	-0.00412319405969379
chr7	112500001	113000000	0.0922884659228198
chr7	113000001	113500000	0.0890648702461138
chr7	113500001	114000000	0.0448010716937613
chr7	114000001	114500000	0.0590808700485236
chr7	114500001	115000000	-0.0176918754564316
chr7	115000001	115500000	0.0351036338533754
chr7	115500001	116000000	0.0033510752433728
chr7	116000001	116500000	0.113866847479848
chr7	116500001	117000000	0.00653068275113011
chr7	117000001	117500000	0.0488648198838961
chr7	117500001	118000000	-0.00141384363663524
chr7	118000001	118500000	0.033971254654369
chr7	118500001	119000000	0.0352059680131155
chr7	119000001	119500000	0.0217459447468342
chr7	119500001	120000000	0.154760265877423
chr7	120000001	120500000	0.0922513013200415
chr7	120500001	121000000	0.079547205841993
chr7	121000001	121500000	0.0431349671050061
chr7	121500001	122000000	0.0831688319588989
chr7	122000001	122500000	0.0917467686001469
chr7	122500001	123000000	0.0220615032074825
chr7	123000001	123500000	0.189683141022253
chr7	123500001	124000000	0.129095172743118
chr7	124000001	124500000	0.144459165704815
chr7	124500001	125000000	0.0153897451821283
chr7	125000001	125500000	0.0137283844882555
chr7	125500001	126000000	0.103629029422736
chr7	126000001	126500000	0.0234126199615948
chr7	126500001	127000000	0.108876830654489
chr7	127000001	127500000	0.0821618485831899
chr7	127500001	128000000	0.109680840487246
chr7	128000001	128500000	0.125375669888698
chr7	128500001	129000000	0.220193246628216
chr7	129000001	129500000	0.147664000848632
chr7	129500001	130000000	0.0947782347349857
chr7	130000001	130500000	0.146773950110237
chr7	130500001	131000000	0.110066103856338
chr7	131000001	131500000	0.110604572938117
chr7	131500001	132000000	0.00721526134421854
chr7	132000001	132500000	0.039074308529523
chr7	132500001	133000000	0.172572399621495
chr7	133000001	133500000	0.118436909735198
chr7	133500001	134000000	0.0714472354599889
chr7	134000001	134500000	0.14507723467663
chr7	134500001	135000000	0.144232938559692
chr7	135000001	135500000	0.19832099006288
chr7	135500001	136000000	0.156642077044074
chr7	136000001	136500000	0.23844432792892
chr7	136500001	137000000	0.165541756936621
chr7	137000001	137500000	0.0939226140306472
chr7	137500001	138000000	0.219558363133176
chr7	138000001	138500000	0.204888868133528
chr7	138500001	139000000	0.163056940458535
chr7	139000001	139500000	0.167450497371965
chr7	139500001	140000000	0.208029282578833
chr7	140000001	140500000	0.286852094179094
chr7	140500001	141000000	0.138186527201527
chr7	141000001	141500000	0.142477714035407
chr7	141500001	142000000	0.171352883727714
chr7	142000001	142500000	0.188297451190054
chr7	142500001	143000000	0.1922033101774
chr7	143000001	143500000	0.135699110335082
chr7	144000001	144500000	0.136495260520304
chr7	144500001	145000000	0.0657516432549227
chr7	145000001	145500000	0.142063940731261
chr7	145500001	146000000	0.11486660145821
chr7	146000001	146500000	0.162597316138649
chr7	146500001	147000000	0.105353798575142
chr7	147000001	147500000	0.161903677262309
chr7	147500001	148000000	0.120719737215634
chr7	148000001	148500000	0.148613079809153
chr7	148500001	149000000	0.18650048649012
chr7	149000001	149500000	0.225799396835376
chr7	149500001	150000000	0.189073623882025
chr7	150500001	151000000	0.203901855820977
chr7	151000001	151500000	0.0586334263354721
chr7	151500001	152000000	0.151937473428288
chr7	152000001	152500000	0.171286521735696
chr7	152500001	153000000	0.17869319417068
chr7	153000001	153500000	0.309256672047765
chr7	153500001	154000000	0.251267130255794
chr7	154000001	154500000	0.257521808766759
chr7	154500001	155000000	NA
chr7	155000001	155500000	0.241750340869331
chr7	155500001	156000000	0.240139705952718
chr7	156000001	156500000	0.213620754098599
chr7	156500001	157000000	0.223673815621892
chr7	157000001	157500000	0.0660531062819124
chr7	157500001	158000000	0.143933924536797
chr7	158000001	158500000	0.205179131869767
chr7	158500001	159000000	0.173912305191752
chr7	159000001	159500000	NA
chr8	500001	1000000	-0.0449444312809939
chr8	1000001	1500000	-0.100365113607871
chr8	1500001	2000000	-0.0622110075744589
chr8	2500001	3000000	-0.0130620339183917
chr8	3000001	3500000	-0.0832617097365289
chr8	3500001	4000000	-0.122616476456699
chr8	4000001	4500000	-0.0743244042499361
chr8	4500001	5000000	-0.172439273689087
chr8	5000001	5500000	-0.101053664751138
chr8	5500001	6000000	-0.0879043655286327
chr8	6000001	6500000	-0.0521967773943769
chr8	6500001	7000000	-0.0188626492901318
chr8	8500001	9000000	-0.0490585208925909
chr8	9000001	9500000	-0.0732965371981981
chr8	9500001	10000000	-0.152259336967563
chr8	10000001	10500000	-0.017712758995433
chr8	10500001	11000000	-0.201793298708051
chr8	11000001	11500000	-0.081466869157911
chr8	11500001	12000000	-0.12032961994373
chr8	13000001	13500000	-0.0360926786263799
chr8	13500001	14000000	-0.0327467674545269
chr8	14000001	14500000	-0.0167411125773477
chr8	14500001	15000000	-0.131575584854987
chr8	15000001	15500000	-0.0416511885682536
chr8	15500001	16000000	-0.221945855993165
chr8	16000001	16500000	-0.116070423423476
chr8	16500001	17000000	-0.0406979975421057
chr8	17000001	17500000	-0.0778820448961209
chr8	17500001	18000000	-0.0391010958533694
chr8	18000001	18500000	-0.0719105269319695
chr8	18500001	19000000	-0.0063644226908874
chr8	19000001	19500000	-0.081863521336737
chr8	19500001	20000000	-0.017138413704715
chr8	20000001	20500000	-0.118797475717974
chr8	20500001	21000000	-0.136130592829136
chr8	21000001	21500000	-0.0989237366371194
chr8	21500001	22000000	-0.0652162406369829
chr8	22000001	22500000	-0.164856485338168
chr8	22500001	23000000	0.0422800420937641
chr8	23000001	23500000	-0.028397733341861
chr8	23500001	24000000	-0.0653240381907373
chr8	24000001	24500000	-0.0677628514234339
chr8	24500001	25000000	-0.0511465596055943
chr8	25000001	25500000	0.0314222262189778
chr8	25500001	26000000	-0.133229991032916
chr8	26000001	26500000	-0.0661553596928028
chr8	26500001	27000000	0.00606233858865669
chr8	27000001	27500000	-0.0446954229431633
chr8	27500001	28000000	-0.0742184602002092
chr8	28000001	28500000	0.0292997590814279
chr8	28500001	29000000	-0.0179141934396018
chr8	29000001	29500000	-0.0791295142224453
chr8	29500001	30000000	0.00110650498833367
chr8	30000001	30500000	-0.0327944265583686
chr8	30500001	31000000	-0.0590635519455217
chr8	31000001	31500000	-0.0656740473416212
chr8	31500001	32000000	-0.089332665101925
chr8	32000001	32500000	-0.0657154498886324
chr8	32500001	33000000	-0.118005490373369
chr8	33000001	33500000	-0.140469872008105
chr8	33500001	34000000	-0.135053247990199
chr8	34000001	34500000	-0.0683512823021769
chr8	34500001	35000000	-0.147927626421861
chr8	35000001	35500000	-0.0882931626353737
chr8	35500001	36000000	-0.144639493447308
chr8	36000001	36500000	0.049015151747051
chr8	36500001	37000000	-0.0763622007578454
chr8	37000001	37500000	-0.0849621587343331
chr8	37500001	38000000	-0.0430051268593495
chr8	38000001	38500000	-0.0241929640693446
chr8	38500001	39000000	-0.0663877795382897
chr8	39000001	39500000	-0.0276907950737817
chr8	39500001	40000000	-0.13465876707678
chr8	40000001	40500000	0.0667653993607387
chr8	40500001	41000000	-0.000365153957079499
chr8	41000001	41500000	-0.0621396528763389
chr8	41500001	42000000	0.0605533809803301
chr8	42000001	42500000	-0.074469250010198
chr8	42500001	43000000	0.00718110507462097
chr8	47500001	48000000	0.115189513039212
chr8	48000001	48500000	0.0341563633212279
chr8	48500001	49000000	0.0164673030330914
chr8	49000001	49500000	-0.030970434984531
chr8	49500001	50000000	0.113488862905372
chr8	50000001	50500000	0.0318799401562845
chr8	50500001	51000000	0.103202303876896
chr8	51000001	51500000	0.0633948346274018
chr8	51500001	52000000	0.0362365325978987
chr8	52000001	52500000	0.0921557407331689
chr8	52500001	53000000	0.166425037084232
chr8	53000001	53500000	0.128263703896769
chr8	53500001	54000000	0.125634220051202
chr8	54000001	54500000	0.0482537239518339
chr8	54500001	55000000	0.135341139650388
chr8	55000001	55500000	0.103779853693049
chr8	55500001	56000000	0.133996251307108
chr8	56000001	56500000	0.112877715483365
chr8	56500001	57000000	0.161082470671951
chr8	57000001	57500000	0.0792514655966049
chr8	57500001	58000000	0.19753149226673
chr8	58000001	58500000	0.187780679971144
chr8	58500001	59000000	0.106941263921104
chr8	59000001	59500000	0.214599220052159
chr8	59500001	60000000	0.111642577641179
chr8	60000001	60500000	0.016696991986554
chr8	60500001	61000000	0.192551179857411
chr8	61000001	61500000	0.229254541230474
chr8	61500001	62000000	0.0948635356479436
chr8	62000001	62500000	0.137752603881843
chr8	62500001	63000000	0.179199018746438
chr8	63000001	63500000	0.187818884330445
chr8	63500001	64000000	0.190378351556853
chr8	64000001	64500000	0.188159959488153
chr8	64500001	65000000	0.202476914142782
chr8	65000001	65500000	0.213070697556647
chr8	65500001	66000000	0.174971128816697
chr8	66000001	66500000	0.213100191543912
chr8	66500001	67000000	0.110457046838562
chr8	67000001	67500000	0.185016707555308
chr8	67500001	68000000	0.194638186889524
chr8	68000001	68500000	0.117423010332393
chr8	68500001	69000000	0.171813204313831
chr8	69000001	69500000	0.148765896982297
chr8	69500001	70000000	0.152299806914138
chr8	70000001	70500000	0.196778814936773
chr8	70500001	71000000	0.165085368566504
chr8	71000001	71500000	0.0828548298790048
chr8	71500001	72000000	0.160076920395809
chr8	72000001	72500000	0.19444023262531
chr8	72500001	73000000	0.170059994062223
chr8	73000001	73500000	0.184912886794564
chr8	73500001	74000000	0.189469862902613
chr8	74000001	74500000	0.234665598040708
chr8	74500001	75000000	0.0722462722346844
chr8	75000001	75500000	0.0981773614599019
chr8	75500001	76000000	0.117595806433156
chr8	76000001	76500000	0.126292802859613
chr8	76500001	77000000	0.161385302012375
chr8	77000001	77500000	0.182954819772653
chr8	77500001	78000000	0.109967537893366
chr8	78000001	78500000	0.129465345303836
chr8	78500001	79000000	0.12460385475888
chr8	79000001	79500000	0.16484631306331
chr8	79500001	80000000	0.137441094299585
chr8	80000001	80500000	0.0570314789452005
chr8	80500001	81000000	0.118604854617088
chr8	81000001	81500000	0.174949828999073
chr8	81500001	82000000	0.13413268428623
chr8	82000001	82500000	0.165831397817205
chr8	82500001	83000000	0.0786872147500955
chr8	83000001	83500000	0.176223673467579
chr8	83500001	84000000	0.13020962789684
chr8	84000001	84500000	0.145540280373634
chr8	84500001	85000000	0.202384805831349
chr8	85000001	85500000	0.142479833386031
chr8	86000001	86500000	0.11405213812195
chr8	86500001	87000000	0.144785847796459
chr8	87000001	87500000	0.222005245420447
chr8	87500001	88000000	0.150190091822042
chr8	88000001	88500000	0.108615027158232
chr8	88500001	89000000	0.0897418045791591
chr8	89000001	89500000	0.0439906010258767
chr8	89500001	90000000	0.0614115476694521
chr8	90000001	90500000	0.16137951961656
chr8	90500001	91000000	0.0845476357815268
chr8	91000001	91500000	0.0941278279765644
chr8	91500001	92000000	0.10652193333779
chr8	92000001	92500000	0.183645202616698
chr8	92500001	93000000	0.0777087729408196
chr8	93000001	93500000	0.10085423515074
chr8	93500001	94000000	0.104668826141428
chr8	94000001	94500000	0.0564222388118444
chr8	94500001	95000000	0.100116902178651
chr8	95000001	95500000	0.0740738251829585
chr8	95500001	96000000	0.0869546792714253
chr8	96000001	96500000	0.0996953005363267
chr8	96500001	97000000	0.175378258491149
chr8	97000001	97500000	0.171306049343076
chr8	97500001	98000000	0.108900474730368
chr8	98000001	98500000	0.0825267198249025
chr8	98500001	99000000	0.147036224197118
chr8	99000001	99500000	0.0770892856542223
chr8	99500001	100000000	0.0131505413464855
chr8	100000001	100500000	0.0767810172252829
chr8	100500001	101000000	0.150919328447246
chr8	101000001	101500000	0.0850498402486808
chr8	101500001	102000000	0.0962965992020158
chr8	102000001	102500000	0.031410401023865
chr8	102500001	103000000	0.176458937317668
chr8	103000001	103500000	0.190777823399823
chr8	103500001	104000000	0.0165312829150557
chr8	104000001	104500000	-0.0397585885867329
chr8	104500001	105000000	0.0748082847693005
chr8	105000001	105500000	0.0908836379354982
chr8	105500001	106000000	-0.0243460410798784
chr8	106000001	106500000	-0.027873177569736
chr8	106500001	107000000	0.0819212340597289
chr8	107000001	107500000	0.0265898525193569
chr8	107500001	108000000	0.0862426626171034
chr8	108000001	108500000	0.0527867889855747
chr8	108500001	109000000	0.108062052365707
chr8	109000001	109500000	0.133055735463823
chr8	109500001	110000000	0.0966112891511727
chr8	110000001	110500000	0.109471326066484
chr8	110500001	111000000	0.104048583471021
chr8	111000001	111500000	0.118695106952197
chr8	111500001	112000000	-0.000285374901848342
chr8	112000001	112500000	0.172564705914557
chr8	112500001	113000000	NA
chr8	113000001	113500000	0.118999030587348
chr8	113500001	114000000	0.177339868227968
chr8	114000001	114500000	0.16197817809767
chr8	114500001	115000000	0.132696404981044
chr8	115000001	115500000	0.0677040240685146
chr8	115500001	116000000	0.204067197991815
chr8	116000001	116500000	0.174757132058379
chr8	116500001	117000000	0.121095769731619
chr8	117000001	117500000	0.138167306036448
chr8	117500001	118000000	0.115716814036642
chr8	118000001	118500000	0.0656949696335927
chr8	118500001	119000000	0.133509875441202
chr8	119000001	119500000	-0.000205211632337242
chr8	119500001	120000000	0.0559870647410381
chr8	120000001	120500000	0.0911683018392108
chr8	120500001	121000000	0.110778429704301
chr8	121000001	121500000	0.0913383704795198
chr8	121500001	122000000	0.0382220643405865
chr8	122000001	122500000	0.112243768540843
chr8	122500001	123000000	0.143045466518293
chr8	123000001	123500000	0.0725131515753647
chr8	123500001	124000000	0.0813824876184166
chr8	124000001	124500000	0.114247274911271
chr8	124500001	125000000	0.150897158121737
chr8	125000001	125500000	0.0986626646593497
chr8	125500001	126000000	0.106759269488848
chr8	126000001	126500000	0.107513421134443
chr8	126500001	127000000	0.0430534121976796
chr8	127000001	127500000	0.0943676540925204
chr8	127500001	128000000	0.228957660090374
chr8	128000001	128500000	0.274361026935695
chr8	128500001	129000000	0.0585286865795085
chr8	129000001	129500000	0.0984767862220817
chr8	129500001	130000000	0.206243978189274
chr8	130000001	130500000	0.0887458905405554
chr8	130500001	131000000	0.0696916590189268
chr8	131000001	131500000	-0.0396000120666204
chr8	131500001	132000000	0.0459261160332506
chr8	132000001	132500000	-0.0194481164639968
chr8	132500001	133000000	0.110179396802548
chr8	133000001	133500000	0.0329836452998702
chr8	133500001	134000000	0.0493871490360744
chr8	134000001	134500000	-0.0166317060828427
chr8	134500001	135000000	0.0912727471762017
chr8	135000001	135500000	-0.000492562287021648
chr8	135500001	136000000	0.0203590781725699
chr8	136000001	136500000	0.117737956464733
chr8	136500001	137000000	0.0678461676077379
chr8	137000001	137500000	0.0384579711290218
chr8	137500001	138000000	0.077518611869495
chr8	138000001	138500000	0.064951917846519
chr8	138500001	139000000	-0.0258910759059409
chr8	139000001	139500000	0.0435991679875406
chr8	139500001	140000000	0.0486565573808661
chr8	140000001	140500000	0.025509104674594
chr8	140500001	141000000	-0.0602505950564812
chr8	141000001	141500000	0.105102281054375
chr8	141500001	142000000	0.038800959293261
chr8	142000001	142500000	-0.0329002237225748
chr8	142500001	143000000	-0.0595170428604668
chr8	143000001	143500000	0.0988412645735467
chr8	143500001	144000000	0.0655673178186572
chr8	144000001	144500000	0.0776380642545337
chr8	144500001	145000000	0.0703392738876309
chr9	500001	1000000	-0.0393158021455996
chr9	1000001	1500000	-0.0656660029059702
chr9	1500001	2000000	-0.0708859881232637
chr9	2000001	2500000	0.0632854783953418
chr9	2500001	3000000	0.0223866953250521
chr9	3000001	3500000	-0.0272574072128514
chr9	3500001	4000000	-0.0807859449140808
chr9	4000001	4500000	0.0774662910462961
chr9	4500001	5000000	0.0408192283951701
chr9	5000001	5500000	0.0554117576935165
chr9	5500001	6000000	0.0154933462719398
chr9	6000001	6500000	0.0812429936525991
chr9	6500001	7000000	0.160135640262128
chr9	7000001	7500000	0.041749187538327
chr9	7500001	8000000	0.0980765790956565
chr9	8000001	8500000	-0.0931085355205669
chr9	8500001	9000000	0.0126780877428289
chr9	9000001	9500000	0.0517500409011447
chr9	9500001	10000000	0.106899643886911
chr9	10000001	10500000	-0.0818198342968073
chr9	10500001	11000000	0.037588992643754
chr9	11000001	11500000	-0.0176122800963498
chr9	11500001	12000000	0.0245570012434903
chr9	12000001	12500000	-0.0541728214758862
chr9	12500001	13000000	-0.0606464054537915
chr9	13000001	13500000	0.0024749123366
chr9	13500001	14000000	0.0334678931039228
chr9	14000001	14500000	-0.0533262876061695
chr9	14500001	15000000	0.00790109330724133
chr9	15000001	15500000	0.00871101822984913
chr9	15500001	16000000	0.105754406716718
chr9	16000001	16500000	0.0408161250583348
chr9	16500001	17000000	0.00255429133492868
chr9	17000001	17500000	-0.0280081127509416
chr9	17500001	18000000	-0.04573565699695
chr9	18000001	18500000	-0.0104770620054374
chr9	18500001	19000000	-0.0423772587262565
chr9	19000001	19500000	-0.0268079181478456
chr9	19500001	20000000	-0.0301534780557956
chr9	20000001	20500000	-0.0443092266978774
chr9	20500001	21000000	-0.0742234946054278
chr9	21000001	21500000	0.0455970620111408
chr9	21500001	22000000	0.0390452422467674
chr9	22000001	22500000	-0.0162970726641726
chr9	22500001	23000000	-0.0193763745217123
chr9	23000001	23500000	0.0164142472787045
chr9	23500001	24000000	-0.0278629630977791
chr9	24000001	24500000	0.0187405833664972
chr9	24500001	25000000	-0.0387584289981548
chr9	25000001	25500000	-0.104269821144495
chr9	25500001	26000000	-0.0427456345619687
chr9	26000001	26500000	0.0682292664500423
chr9	26500001	27000000	-0.015346355810086
chr9	27000001	27500000	-0.0240530102559866
chr9	27500001	28000000	-0.116569252982425
chr9	28000001	28500000	0.0717339983590667
chr9	28500001	29000000	0.0438279913018779
chr9	29000001	29500000	0.0742784003205945
chr9	29500001	30000000	-0.0858003154821916
chr9	30000001	30500000	-0.00578938579780817
chr9	30500001	31000000	0.0188238963755887
chr9	31000001	31500000	-0.00128814598822708
chr9	31500001	32000000	-0.029895522233509
chr9	32000001	32500000	0.0015477801222243
chr9	32500001	33000000	0.192056824895674
chr9	33000001	33500000	0.00907661626551781
chr9	33500001	34000000	0.039280959965764
chr9	34000001	34500000	0.0503888294753217
chr9	34500001	35000000	0.0503931377133181
chr9	35000001	35500000	0.00142378855421316
chr9	35500001	36000000	0.0104587998442429
chr9	36000001	36500000	-0.0216720703005164
chr9	36500001	37000000	-0.10842871556534
chr9	37000001	37500000	0.0386259090928399
chr9	37500001	38000000	0.0443209529472439
chr9	38000001	38500000	-0.101384539023783
chr9	68500001	69000000	-0.0497871768352813
chr9	69000001	69500000	-0.0825297288089313
chr9	69500001	70000000	-0.0160808820714976
chr9	70000001	70500000	-0.0947307828396586
chr9	70500001	71000000	-0.147105881404736
chr9	71000001	71500000	-0.0943163396143876
chr9	71500001	72000000	-0.041512365248978
chr9	72000001	72500000	-0.068841011583305
chr9	72500001	73000000	-0.0857557518758705
chr9	73000001	73500000	-0.0578179683615848
chr9	73500001	74000000	-0.180697411029075
chr9	74000001	74500000	-0.103441418248904
chr9	74500001	75000000	-0.0359999610599887
chr9	75000001	75500000	0.00374629458446776
chr9	75500001	76000000	-0.096105317897437
chr9	76000001	76500000	-0.041778557028658
chr9	76500001	77000000	-0.0733272230696876
chr9	77000001	77500000	-0.0533338150225376
chr9	77500001	78000000	-0.0291415711573688
chr9	78000001	78500000	-0.00945424017333188
chr9	78500001	79000000	0.016221107760883
chr9	79000001	79500000	-0.00916424699075323
chr9	79500001	80000000	-0.0263815573016529
chr9	80000001	80500000	0.00664742829711411
chr9	80500001	81000000	-0.0233073953403151
chr9	81000001	81500000	-0.055024652146218
chr9	81500001	82000000	-0.0544095039426613
chr9	82000001	82500000	-0.138451039095054
chr9	82500001	83000000	-0.0362474647027957
chr9	83000001	83500000	-0.0792634711339833
chr9	83500001	84000000	-0.124900894890488
chr9	84000001	84500000	-0.0734829087860174
chr9	84500001	85000000	-0.0496669851539806
chr9	85000001	85500000	-0.11932875122967
chr9	85500001	86000000	-0.0116331592311534
chr9	86000001	86500000	-0.102598134174637
chr9	86500001	87000000	-0.0476670810686822
chr9	87000001	87500000	-0.0563041308648582
chr9	87500001	88000000	-0.0315500577445806
chr9	88000001	88500000	-0.048214510106899
chr9	88500001	89000000	-0.0127005949273579
chr9	89000001	89500000	-0.0797364132938491
chr9	89500001	90000000	NA
chr9	90000001	90500000	-0.0463674171814789
chr9	90500001	91000000	-0.0480164594128684
chr9	91000001	91500000	-0.0952298098909499
chr9	91500001	92000000	-0.0696121055069816
chr9	92000001	92500000	-0.0187850367932101
chr9	92500001	93000000	-0.00506797528304255
chr9	93000001	93500000	0.0800057559389958
chr9	93500001	94000000	-0.0468540015965917
chr9	94000001	94500000	-0.0822101539326814
chr9	94500001	95000000	-0.0428793833841032
chr9	95000001	95500000	-0.144814902506809
chr9	95500001	96000000	-0.0144031815469965
chr9	96000001	96500000	-0.143401425688064
chr9	96500001	97000000	-0.164252754651657
chr9	97000001	97500000	-0.0298756484090798
chr9	97500001	98000000	-0.0482925775630889
chr9	98000001	98500000	0.00803654694304982
chr9	98500001	99000000	0.0101951795352344
chr9	99000001	99500000	-0.0635850326224954
chr9	99500001	100000000	-0.141979540867443
chr9	100000001	100500000	-0.129121428854011
chr9	100500001	101000000	-0.0473064954976285
chr9	101000001	101500000	-0.0629172889354079
chr9	101500001	102000000	-0.0095688091020607
chr9	102000001	102500000	-0.0607272210557129
chr9	102500001	103000000	-0.132555774713364
chr9	103000001	103500000	0.01019671378573
chr9	103500001	104000000	-0.0189288999485339
chr9	104000001	104500000	-0.143857518606787
chr9	104500001	105000000	-0.111687943613804
chr9	105000001	105500000	-0.00874776896299667
chr9	105500001	106000000	-0.10461066176885
chr9	106000001	106500000	0.0434824556727733
chr9	106500001	107000000	0.0110317254781198
chr9	107000001	107500000	-0.0113699057422034
chr9	107500001	108000000	0.0134407960107577
chr9	108000001	108500000	-0.040104536535108
chr9	108500001	109000000	-0.0716584791317052
chr9	109000001	109500000	-0.0366883474801812
chr9	109500001	110000000	-0.0876715613029394
chr9	110000001	110500000	-0.0785307816977123
chr9	110500001	111000000	-0.0390672012091873
chr9	111000001	111500000	-0.0742016086747906
chr9	111500001	112000000	-0.0518880447679599
chr9	112000001	112500000	-0.0778552481763737
chr9	112500001	113000000	0.133396947640497
chr9	113000001	113500000	0.00404508362737588
chr9	113500001	114000000	-0.099484944334379
chr9	114000001	114500000	-0.0385128837501213
chr9	114500001	115000000	-0.0597486200576249
chr9	115000001	115500000	-0.0597026084727358
chr9	115500001	116000000	-0.0196082391812754
chr9	116000001	116500000	0.0176167165314107
chr9	116500001	117000000	0.0546303974092128
chr9	117000001	117500000	0.0585834802118016
chr9	117500001	118000000	0.144988958460761
chr9	118000001	118500000	-0.00963691187686519
chr9	118500001	119000000	-0.0134247053085139
chr9	119000001	119500000	-0.00833989485070002
chr9	119500001	120000000	0.014164260194595
chr9	120000001	120500000	0.0357060861501776
chr9	120500001	121000000	0.0764917408359351
chr9	121000001	121500000	0.1369098208842
chr9	121500001	122000000	-0.0590163396060965
chr9	122000001	122500000	0.012116284991462
chr9	122500001	123000000	-0.023994449867356
chr9	123000001	123500000	0.0310298264256813
chr9	123500001	124000000	0.100927591566136
chr9	124000001	124500000	0.0201882609419562
chr9	124500001	125000000	0.094746875820048
chr9	125000001	125500000	0.00177407117162965
chr9	125500001	126000000	-0.0464073232541377
chr9	126000001	126500000	0.000316122612193687
chr9	126500001	127000000	0.00805895843068962
chr9	127000001	127500000	0.00855481417115615
chr9	127500001	128000000	0.0183481711872397
chr9	128000001	128500000	-0.00298819850307403
chr9	128500001	129000000	-0.0778405435841578
chr9	129000001	129500000	0.110617583054642
chr9	129500001	130000000	0.170396898488709
chr9	130000001	130500000	-0.181832720321563
chr9	130500001	131000000	-0.117535780539227
chr9	131000001	131500000	-0.0871777890818737
chr9	131500001	132000000	-0.0171509958489272
chr9	132000001	132500000	-0.0796214855281395
chr9	132500001	133000000	-0.0338063859846814
chr9	133000001	133500000	-0.0786394975806649
chr9	133500001	134000000	-0.123575487544984
chr9	134000001	134500000	NA
chr9	134500001	135000000	-0.103952071998256
chr9	135000001	135500000	-0.0743083669639564
chr9	135500001	136000000	-0.0620193284966269
chr9	136000001	136500000	-0.082653108651089
chr9	136500001	137000000	-0.0956638593650125
chr9	137000001	137500000	NA
chr9	137500001	138000000	-0.0521572604663418
chr10	1	500000	NA
chr10	500001	1000000	-0.045122686906273
chr10	1000001	1500000	0.0467956615220415
chr10	1500001	2000000	0.146571192334967
chr10	2000001	2500000	0.0535149914311843
chr10	2500001	3000000	0.0329618099520551
chr10	3000001	3500000	0.00542937547482652
chr10	3500001	4000000	0.023933566781163
chr10	4000001	4500000	-0.0505549065926336
chr10	4500001	5000000	-0.0227586804676085
chr10	5000001	5500000	0.084962051895523
chr10	5500001	6000000	0.0749844650725129
chr10	6000001	6500000	0.0679742453428975
chr10	6500001	7000000	0.00531766674514048
chr10	7000001	7500000	0.0371780449161043
chr10	7500001	8000000	0.0128401406841458
chr10	8000001	8500000	-0.0100438753723238
chr10	8500001	9000000	-0.0379690049729198
chr10	9000001	9500000	0.0536614132710206
chr10	9500001	10000000	-0.0336805361182096
chr10	10000001	10500000	-0.0152222919728306
chr10	10500001	11000000	0.0363396357884203
chr10	11000001	11500000	0.108030998761236
chr10	11500001	12000000	0.0156822363122064
chr10	12000001	12500000	0.0763877413259478
chr10	12500001	13000000	0.0185310862252429
chr10	13000001	13500000	-0.0467708628522522
chr10	13500001	14000000	-0.0756798617385691
chr10	14000001	14500000	0.0513435163861104
chr10	14500001	15000000	0.0997124067555297
chr10	15000001	15500000	0.0931290007408654
chr10	15500001	16000000	0.0605259226096692
chr10	16000001	16500000	0.0784746452031274
chr10	16500001	17000000	0.0282622111930339
chr10	17000001	17500000	-0.0360242457520609
chr10	17500001	18000000	0.0334894043673311
chr10	18000001	18500000	-0.0508296021377033
chr10	18500001	19000000	-0.061196012726611
chr10	19000001	19500000	-0.027549836969714
chr10	19500001	20000000	-0.0508584652696801
chr10	20000001	20500000	0.0265721436912789
chr10	20500001	21000000	0.0833230178542125
chr10	21000001	21500000	-0.0471698811502286
chr10	21500001	22000000	0.0683909721339722
chr10	22000001	22500000	0.0440776326633444
chr10	22500001	23000000	0.0285820471959687
chr10	23000001	23500000	0.052333006849561
chr10	23500001	24000000	0.0853815626226392
chr10	24000001	24500000	-0.0271123714113219
chr10	24500001	25000000	0.00863455707872417
chr10	25000001	25500000	-0.0355376097187766
chr10	25500001	26000000	0.0885568781869402
chr10	26000001	26500000	0.0382799442427249
chr10	26500001	27000000	-0.0112279214530286
chr10	27000001	27500000	0.0806303239950241
chr10	27500001	28000000	-0.0210616313030073
chr10	28000001	28500000	0.141524171893952
chr10	28500001	29000000	0.0285207846809132
chr10	29000001	29500000	0.0355766662623593
chr10	29500001	30000000	0.168764865272606
chr10	30000001	30500000	0.0798115588477064
chr10	30500001	31000000	0.0190860438025303
chr10	31000001	31500000	-0.00355711444614978
chr10	31500001	32000000	0.0595296795142198
chr10	32000001	32500000	-0.00654944619101234
chr10	32500001	33000000	0.0909642504671224
chr10	33000001	33500000	0.0216180648549644
chr10	33500001	34000000	0.0478431873762466
chr10	34000001	34500000	-0.012078673374547
chr10	34500001	35000000	-0.018558574359316
chr10	35000001	35500000	-0.0263865279552876
chr10	35500001	36000000	0.00443495016285235
chr10	36000001	36500000	-0.0219580964944481
chr10	36500001	37000000	-0.0182214501586049
chr10	37000001	37500000	-0.0471633352966823
chr10	42500001	43000000	0.00468238780171847
chr10	43000001	43500000	-0.0353538033277971
chr10	43500001	44000000	0.0280878811222432
chr10	44000001	44500000	-0.0273206106179348
chr10	44500001	45000000	-0.0568410295380218
chr10	45000001	45500000	0.0634261835683417
chr10	47000001	47500000	-0.0444559590584281
chr10	48000001	48500000	-0.276415651078659
chr10	48500001	49000000	-0.0748748441239859
chr10	49000001	49500000	-0.0278265284007357
chr10	49500001	50000000	0.0521935486644626
chr10	50000001	50500000	0.0251784642339256
chr10	50500001	51000000	0.0356118513727844
chr10	51000001	51500000	-0.0760191144077254
chr10	51500001	52000000	-0.072177915081635
chr10	52000001	52500000	-0.0566085947210141
chr10	52500001	53000000	-0.14165590623577
chr10	53000001	53500000	NA
chr10	53500001	54000000	0.0663104151122131
chr10	54000001	54500000	-0.100224048787449
chr10	54500001	55000000	-0.123981315921985
chr10	55000001	55500000	-0.0282459088453099
chr10	55500001	56000000	-0.104102646888576
chr10	56000001	56500000	-0.0808455072936627
chr10	56500001	57000000	-0.0793048636555316
chr10	57000001	57500000	-0.055763228424341
chr10	57500001	58000000	-0.0622488296935764
chr10	58000001	58500000	NA
chr10	58500001	59000000	0.0261207403453416
chr10	59000001	59500000	0.0389029154504042
chr10	59500001	60000000	NA
chr10	60000001	60500000	-0.0497510875984749
chr10	60500001	61000000	0.0481350976545863
chr10	61000001	61500000	-0.00452347181570121
chr10	61500001	62000000	0.101209286133024
chr10	62000001	62500000	-0.0311836290587526
chr10	62500001	63000000	NA
chr10	63000001	63500000	0.00228611642500844
chr10	63500001	64000000	0.0563109176867901
chr10	64000001	64500000	0.02293223539839
chr10	64500001	65000000	-0.0258091062280456
chr10	65000001	65500000	-0.0709733131519723
chr10	65500001	66000000	-0.0662996327541975
chr10	66000001	66500000	0.0229899303189894
chr10	66500001	67000000	0.0403582341566391
chr10	67000001	67500000	-0.0461003455605268
chr10	67500001	68000000	-0.000675679136542005
chr10	68000001	68500000	-0.114423537243858
chr10	68500001	69000000	-0.0867108408784925
chr10	69000001	69500000	-0.0421172699242965
chr10	69500001	70000000	-0.112725097943473
chr10	70000001	70500000	-0.122271331670256
chr10	70500001	71000000	-0.065020686004727
chr10	71000001	71500000	0.0621380031946477
chr10	71500001	72000000	0.03903219699388
chr10	72000001	72500000	-0.112740338505939
chr10	72500001	73000000	-0.0104242180976352
chr10	73000001	73500000	-0.149598717386297
chr10	73500001	74000000	-0.162389106663871
chr10	74000001	74500000	-0.020779339414027
chr10	74500001	75000000	-0.000505580171341787
chr10	75000001	75500000	0.000990167232274151
chr10	75500001	76000000	0.0156532510843748
chr10	76000001	76500000	0.0172596588403921
chr10	76500001	77000000	-0.007058576270782
chr10	77000001	77500000	0.0274105625815653
chr10	77500001	78000000	0.248842807978785
chr10	78000001	78500000	0.167220537579756
chr10	78500001	79000000	0.153035186484635
chr10	79000001	79500000	0.233278852234447
chr10	80000001	80500000	0.173445355892188
chr10	80500001	81000000	0.183569486474003
chr10	81000001	81500000	0.108920864519857
chr10	81500001	82000000	0.142618452649893
chr10	82000001	82500000	0.120205829419876
chr10	82500001	83000000	0.107744470005274
chr10	83000001	83500000	0.132536364249181
chr10	83500001	84000000	0.133050677726929
chr10	84000001	84500000	0.0119906719531827
chr10	84500001	85000000	0.134635087621004
chr10	85000001	85500000	0.0699169746290544
chr10	85500001	86000000	0.0409516295094711
chr10	86000001	86500000	0.0310653080960176
chr10	86500001	87000000	0.0193553002211793
chr10	87500001	88000000	-0.0478129949648022
chr10	88000001	88500000	0.1515507847611
chr10	88500001	89000000	0.0364105565338761
chr10	89000001	89500000	0.123712701560207
chr10	89500001	90000000	0.0640403073832336
chr10	90000001	90500000	0.164725373384177
chr10	90500001	91000000	-0.0176824569471386
chr10	91000001	91500000	0.00782711071408072
chr10	91500001	92000000	0.0613657813797186
chr10	92000001	92500000	0.0466449323833984
chr10	92500001	93000000	0.003002148015905
chr10	93000001	93500000	0.132318673197105
chr10	93500001	94000000	0.052434813275229
chr10	94000001	94500000	0.0807876347451407
chr10	94500001	95000000	0.146316237570529
chr10	95000001	95500000	0.0607861815671989
chr10	95500001	96000000	0.1280755193043
chr10	96000001	96500000	0.163095050444089
chr10	96500001	97000000	0.123353575379137
chr10	97000001	97500000	0.0442127131263372
chr10	97500001	98000000	0.0686518100791454
chr10	98000001	98500000	0.0290514986899716
chr10	98500001	99000000	0.0252633634512073
chr10	99000001	99500000	0.0980502275926914
chr10	99500001	100000000	0.141997991358559
chr10	100000001	100500000	0.0684376693322847
chr10	100500001	101000000	0.0290785642278613
chr10	101000001	101500000	0.0543254460231591
chr10	101500001	102000000	0.140602558548132
chr10	102000001	102500000	0.0800325794125839
chr10	102500001	103000000	0.0724244555441905
chr10	103000001	103500000	0.107371237025745
chr10	103500001	104000000	0.0956268732224906
chr10	104000001	104500000	0.118010489121976
chr10	104500001	105000000	0.0960694329145284
chr10	105000001	105500000	0.134726392711724
chr10	105500001	106000000	0.0681134834018731
chr10	106000001	106500000	0.106645044048624
chr10	106500001	107000000	0.0257385895351676
chr10	107000001	107500000	0.0717316211172851
chr10	107500001	108000000	0.0569406637501968
chr10	108000001	108500000	0.129544588259736
chr10	108500001	109000000	0.194030920566592
chr10	109000001	109500000	0.12259450577964
chr10	109500001	110000000	0.165931127676065
chr10	110000001	110500000	0.106558475448148
chr10	110500001	111000000	0.143253268720768
chr10	111000001	111500000	0.0749603086749051
chr10	111500001	112000000	0.138116249852563
chr10	112000001	112500000	0.0456075341552502
chr10	112500001	113000000	0.0573204447474169
chr10	113000001	113500000	0.0466703878302614
chr10	113500001	114000000	0.0465148244229006
chr10	114000001	114500000	NA
chr10	114500001	115000000	0.000250902747104754
chr10	115000001	115500000	0.00753433169854917
chr10	115500001	116000000	0.00384424126252939
chr10	116000001	116500000	0.0487151105078135
chr10	116500001	117000000	-0.0117497472434256
chr10	117000001	117500000	0.0556091564035995
chr10	117500001	118000000	-0.110910612052752
chr10	118000001	118500000	0.00203798118852838
chr10	118500001	119000000	0.00925931865679529
chr10	119000001	119500000	0.0657339607563373
chr10	119500001	120000000	0.0368899692624325
chr10	120000001	120500000	0.00935210389821313
chr10	120500001	121000000	-0.0443374084410504
chr10	121000001	121500000	0.0911871126958574
chr10	121500001	122000000	0.0387512595417637
chr10	122000001	122500000	0.0824084131297515
chr10	122500001	123000000	0.0237370172918491
chr10	123000001	123500000	0.0130307172404358
chr10	123500001	124000000	-0.0619029233029172
chr10	124000001	124500000	NA
chr10	124500001	125000000	-0.150035557836696
chr10	125000001	125500000	-0.119793281898588
chr10	125500001	126000000	-0.143324382332091
chr10	126000001	126500000	-0.101595045525396
chr10	126500001	127000000	-0.0743670167746792
chr10	127000001	127500000	-0.0917079260399672
chr10	127500001	128000000	-0.0927001191576017
chr10	128000001	128500000	-0.12482395185851
chr10	128500001	129000000	-0.211282290006939
chr10	129000001	129500000	-0.179329652248166
chr10	129500001	130000000	-0.14179474820382
chr10	130000001	130500000	-0.101300312515561
chr10	130500001	131000000	-0.125795843117729
chr10	131000001	131500000	-0.134425304376343
chr10	131500001	132000000	NA
chr10	132000001	132500000	-0.147566763367177
chr10	132500001	133000000	-0.0147159256337505
chr10	133000001	133500000	-0.0754284906948341
chr11	500001	1000000	0.0486974405165914
chr11	1000001	1500000	-0.053508504713404
chr11	1500001	2000000	0.0433480583739386
chr11	2000001	2500000	-0.0918553087395325
chr11	2500001	3000000	-0.167767040191444
chr11	3500001	4000000	0.0402541269644992
chr11	4000001	4500000	-0.0551310564873034
chr11	4500001	5000000	0.0284581324104766
chr11	5000001	5500000	-0.141048601325189
chr11	5500001	6000000	-0.0144710752696336
chr11	6000001	6500000	0.040506262168739
chr11	6500001	7000000	-0.0594046452172861
chr11	7000001	7500000	-0.0490515890571026
chr11	7500001	8000000	-0.130030694480071
chr11	8000001	8500000	0.00938014823632527
chr11	8500001	9000000	-0.0854649619130209
chr11	9000001	9500000	-0.0795240675071276
chr11	9500001	10000000	-0.044695036546421
chr11	10000001	10500000	-0.0547638116224108
chr11	10500001	11000000	0.0220194980615127
chr11	11000001	11500000	-0.044483625204598
chr11	11500001	12000000	-0.0775785609051916
chr11	12000001	12500000	-0.0603452134134243
chr11	12500001	13000000	-0.11226327480878
chr11	13000001	13500000	-0.0132270800010575
chr11	13500001	14000000	0.0282927104878986
chr11	14000001	14500000	-0.0307861303681676
chr11	14500001	15000000	-0.0498922884776776
chr11	15000001	15500000	-0.0927236701605719
chr11	15500001	16000000	-0.00129031179826597
chr11	16000001	16500000	-0.0174020654330531
chr11	16500001	17000000	-0.0644037180169933
chr11	17000001	17500000	-0.0867916229817751
chr11	17500001	18000000	-0.141215451947784
chr11	18000001	18500000	-0.0375063523147989
chr11	18500001	19000000	-0.0472366994970274
chr11	19000001	19500000	-0.0617808253415685
chr11	19500001	20000000	-0.142964444853614
chr11	20000001	20500000	0.0216437264074147
chr11	20500001	21000000	-0.137500741816104
chr11	21000001	21500000	-0.0435697893584393
chr11	21500001	22000000	-0.0579842797157878
chr11	22000001	22500000	-0.102790206625317
chr11	22500001	23000000	-0.142686090731809
chr11	23000001	23500000	-0.0888564232994028
chr11	23500001	24000000	-0.0497424321015764
chr11	24000001	24500000	-0.101975869881508
chr11	24500001	25000000	-0.00216212169359482
chr11	25000001	25500000	-0.177944882180617
chr11	25500001	26000000	-0.101152717552108
chr11	26000001	26500000	-0.190349055483009
chr11	26500001	27000000	-0.105429352913595
chr11	27000001	27500000	-0.100781937246548
chr11	27500001	28000000	-0.0583445722023393
chr11	28000001	28500000	-0.115427594292823
chr11	28500001	29000000	-0.0619846405758687
chr11	29000001	29500000	-0.0627721070771429
chr11	29500001	30000000	-0.0512288795109326
chr11	30000001	30500000	-0.0889258295117881
chr11	30500001	31000000	-0.116393731057682
chr11	31000001	31500000	-0.0407835840328199
chr11	31500001	32000000	-0.104259311823171
chr11	32000001	32500000	-0.0558245140569055
chr11	32500001	33000000	-0.154234785873955
chr11	33000001	33500000	-0.047834637231287
chr11	33500001	34000000	0.0367636322766028
chr11	34000001	34500000	-0.0297667137965
chr11	34500001	35000000	-0.0729117741970576
chr11	35000001	35500000	-0.0750336586869658
chr11	35500001	36000000	-0.099899408469243
chr11	36000001	36500000	-0.0155370572249283
chr11	36500001	37000000	-0.0468162145092981
chr11	37000001	37500000	-0.0811135389693487
chr11	37500001	38000000	-0.12202674492801
chr11	38000001	38500000	-0.0568220922709341
chr11	38500001	39000000	-0.0911293333120514
chr11	39000001	39500000	-0.090836978177621
chr11	39500001	40000000	-0.0438246417977322
chr11	40000001	40500000	-0.161385572287627
chr11	40500001	41000000	-0.0884805885794364
chr11	41000001	41500000	-0.167765342185127
chr11	41500001	42000000	-0.049063776835099
chr11	42000001	42500000	-0.0321441020700414
chr11	42500001	43000000	-0.0863461327068873
chr11	43000001	43500000	-0.135337564104165
chr11	43500001	44000000	-0.033579066091924
chr11	44000001	44500000	-0.0130029393443477
chr11	44500001	45000000	-0.0200845267892606
chr11	45000001	45500000	0.0280878687148483
chr11	45500001	46000000	-0.0232752343962142
chr11	46000001	46500000	0.0820381745410893
chr11	46500001	47000000	-0.0444780788333194
chr11	47000001	47500000	0.0467341888065671
chr11	47500001	48000000	0.0536702240280314
chr11	48000001	48500000	0.0665259779001747
chr11	50000001	50500000	-0.014054235871226
chr11	56000001	56500000	-0.0248667086944598
chr11	56500001	57000000	0.0928464748417642
chr11	57000001	57500000	-0.0272990721523804
chr11	57500001	58000000	0.0653384175033693
chr11	58000001	58500000	-0.116385230824252
chr11	58500001	59000000	0.0382305268214605
chr11	59000001	59500000	0.0520714843533474
chr11	59500001	60000000	0.0429764383262098
chr11	60000001	60500000	0.0808854427619767
chr11	60500001	61000000	0.0364406456790449
chr11	61000001	61500000	-0.0621397315398476
chr11	61500001	62000000	0.0384125659815126
chr11	62000001	62500000	0.0862170843618395
chr11	62500001	63000000	-0.00539370271220474
chr11	63000001	63500000	0.203651451104437
chr11	63500001	64000000	-0.0750225016260809
chr11	64000001	64500000	0.0921367062252298
chr11	64500001	65000000	0.131353098307235
chr11	65000001	65500000	0.115409763632672
chr11	65500001	66000000	0.0835090822833066
chr11	66000001	66500000	0.0275874954542999
chr11	66500001	67000000	0.0100479191882513
chr11	67000001	67500000	0.0273208442897234
chr11	68000001	68500000	-0.0727232530307585
chr11	68500001	69000000	0.0640191316582054
chr11	69000001	69500000	0.00646496275671379
chr11	69500001	70000000	0.10305543677575
chr11	70000001	70500000	0.0667643620613452
chr11	70500001	71000000	NA
chr11	71000001	71500000	NA
chr11	72000001	72500000	0.227742371910827
chr11	72500001	73000000	0.0951176415261328
chr11	73000001	73500000	0.109565575340016
chr11	73500001	74000000	0.0501417698508686
chr11	74000001	74500000	0.166902391189001
chr11	74500001	75000000	0.126030526029429
chr11	75000001	75500000	0.141126648484072
chr11	75500001	76000000	0.160486385480141
chr11	76000001	76500000	0.195348248074563
chr11	76500001	77000000	0.154787047941891
chr11	77000001	77500000	0.170362064665357
chr11	77500001	78000000	0.110988674150786
chr11	78000001	78500000	0.167509264026602
chr11	78500001	79000000	0.156420922197044
chr11	79000001	79500000	0.0494199178876052
chr11	79500001	80000000	0.127123898493281
chr11	80000001	80500000	0.0685283746530017
chr11	80500001	81000000	0.0569016334030936
chr11	81000001	81500000	0.0390275350932839
chr11	81500001	82000000	0.00458538531558964
chr11	82000001	82500000	0.0727836790610365
chr11	82500001	83000000	0.0804363020868062
chr11	83000001	83500000	0.140409772391375
chr11	83500001	84000000	0.11657122257052
chr11	84000001	84500000	0.149562309165773
chr11	84500001	85000000	0.0508024506162057
chr11	85000001	85500000	0.0862675437064154
chr11	85500001	86000000	0.0564631101211565
chr11	86000001	86500000	0.106405986988725
chr11	86500001	87000000	0.0848459192482141
chr11	87000001	87500000	0.102103049561334
chr11	87500001	88000000	NA
chr11	88000001	88500000	NA
chr11	88500001	89000000	0.156719940131655
chr11	89000001	89500000	0.21494727513721
chr11	90000001	90500000	0.126728185117945
chr11	90500001	91000000	0.137487717400165
chr11	91000001	91500000	0.0779706564423283
chr11	91500001	92000000	0.15400822735966
chr11	92000001	92500000	0.0629746144172568
chr11	92500001	93000000	0.0264784158784741
chr11	93000001	93500000	0.0803125554482345
chr11	93500001	94000000	0.163222454898422
chr11	94000001	94500000	0.233240679377152
chr11	94500001	95000000	0.13465869303428
chr11	95000001	95500000	0.0854424806762633
chr11	95500001	96000000	0.121480142443441
chr11	96000001	96500000	0.0652336522154597
chr11	96500001	97000000	NA
chr11	97000001	97500000	0.09659390371916
chr11	97500001	98000000	0.115210284508781
chr11	98000001	98500000	0.0663231581010616
chr11	98500001	99000000	0.0389758904918225
chr11	99000001	99500000	0.14482934261235
chr11	99500001	100000000	0.15931077477952
chr11	100000001	100500000	0.0451158280578288
chr11	100500001	101000000	0.0939848803780977
chr11	101000001	101500000	0.00211439971900713
chr11	101500001	102000000	0.121743276765245
chr11	102000001	102500000	0.0753978531791339
chr11	102500001	103000000	-0.0356596568528812
chr11	103000001	103500000	0.070317584165576
chr11	103500001	104000000	0.112316385006591
chr11	104000001	104500000	0.0832704914313802
chr11	104500001	105000000	0.128516098322721
chr11	105000001	105500000	0.127115402121608
chr11	105500001	106000000	0.14386872975244
chr11	106000001	106500000	0.0871640108475722
chr11	106500001	107000000	0.0494850021285945
chr11	107000001	107500000	0.0121754621883566
chr11	107500001	108000000	0.0738812467955147
chr11	108000001	108500000	0.159301877636679
chr11	108500001	109000000	0.032178416023736
chr11	109000001	109500000	0.0531101817162042
chr11	109500001	110000000	0.0619897193899679
chr11	110000001	110500000	0.0495729760242783
chr11	110500001	111000000	0.166088701241463
chr11	111000001	111500000	0.101956711803774
chr11	111500001	112000000	0.0129311465699166
chr11	112000001	112500000	0.0968631436165162
chr11	112500001	113000000	0.115110489074864
chr11	113000001	113500000	0.000978654834314696
chr11	113500001	114000000	0.0182746021550752
chr11	114000001	114500000	0.100505865902574
chr11	114500001	115000000	0.0550172860557294
chr11	115000001	115500000	0.0322089285891923
chr11	115500001	116000000	0.130020238603073
chr11	116000001	116500000	0.103632342807995
chr11	116500001	117000000	0.132143314091106
chr11	117000001	117500000	0.0814330725030734
chr11	117500001	118000000	0.033893277392465
chr11	118000001	118500000	0.147110057516932
chr11	118500001	119000000	0.119006095438516
chr11	119000001	119500000	0.0548056122755289
chr11	119500001	120000000	0.0976858242594428
chr11	120000001	120500000	0.0201470578497443
chr11	120500001	121000000	-0.0242574209397886
chr11	121000001	121500000	0.0795018090613592
chr11	121500001	122000000	0.0829528454558402
chr11	122000001	122500000	0.053029303602662
chr11	122500001	123000000	0.0017469800173542
chr11	123000001	123500000	0.0518481667027428
chr11	123500001	124000000	-0.0023203948845478
chr11	124000001	124500000	0.0106795967940736
chr11	124500001	125000000	-0.0387821500620532
chr11	125000001	125500000	-0.0616518268930459
chr11	125500001	126000000	-0.0103196411297628
chr11	126000001	126500000	0.0718113334057978
chr11	126500001	127000000	0.0224584643608418
chr11	127000001	127500000	0.0194924645816736
chr11	127500001	128000000	8.60715547671767e-05
chr11	128000001	128500000	0.074532717696383
chr11	128500001	129000000	0.112223821691749
chr11	129000001	129500000	0.0674154703749512
chr11	129500001	130000000	0.0523067421855457
chr11	130000001	130500000	0.0766491017585047
chr11	130500001	131000000	0.0822465448654578
chr11	131000001	131500000	0.00859130588544128
chr11	131500001	132000000	0.0627714033648555
chr11	132000001	132500000	0.112040081840067
chr11	132500001	133000000	0.0133772733212495
chr11	133000001	133500000	0.0839433307383234
chr11	133500001	134000000	0.0574888388014358
chr11	134000001	134500000	-0.00197392359274813
chr11	134500001	135000000	0.012879166412742
chr11	135000001	135500000	NA
chr12	1	500000	NA
chr12	500001	1000000	0.0395311965590117
chr12	1000001	1500000	-0.0105408064102837
chr12	1500001	2000000	0.0415270161824861
chr12	2000001	2500000	-0.092373508970181
chr12	2500001	3000000	0.000387763101356978
chr12	3000001	3500000	-0.0755934829007878
chr12	3500001	4000000	-0.052905556995767
chr12	4000001	4500000	0.0630652846954425
chr12	4500001	5000000	-0.00238242764472997
chr12	5000001	5500000	0.000940566469085941
chr12	5500001	6000000	-0.12728381323058
chr12	6000001	6500000	0.0745394129100203
chr12	6500001	7000000	NA
chr12	7000001	7500000	NA
chr12	7500001	8000000	0.0847708199156884
chr12	8500001	9000000	-0.013788217497571
chr12	9000001	9500000	-0.0763222704733845
chr12	9500001	10000000	-0.224796027131907
chr12	10000001	10500000	-0.00217916267663028
chr12	10500001	11000000	-0.0903723535505626
chr12	11000001	11500000	-0.0434487368626906
chr12	11500001	12000000	-0.0869510006917328
chr12	12000001	12500000	-0.112319512255393
chr12	12500001	13000000	-0.0181112653270775
chr12	13000001	13500000	-0.0559794271084188
chr12	13500001	14000000	-0.0276505385000849
chr12	14000001	14500000	0.0477152870974878
chr12	14500001	15000000	-0.0361747834414728
chr12	15000001	15500000	-0.166448849022317
chr12	15500001	16000000	-0.138133351708738
chr12	16000001	16500000	-0.111573252749006
chr12	16500001	17000000	-0.0220654059622249
chr12	17000001	17500000	-0.137161203760733
chr12	17500001	18000000	-0.0966978067464987
chr12	18000001	18500000	-0.090060731944227
chr12	18500001	19000000	-0.083599500809762
chr12	19000001	19500000	-0.0711877573393651
chr12	19500001	20000000	-0.0918214919458619
chr12	20000001	20500000	-0.0813087468027597
chr12	20500001	21000000	0.0261238044640369
chr12	21000001	21500000	-0.103595002190561
chr12	21500001	22000000	0.00864609328075779
chr12	22000001	22500000	0.0439177905094768
chr12	22500001	23000000	0.0356001168549217
chr12	23000001	23500000	0.0381247633943529
chr12	23500001	24000000	-0.067194097889104
chr12	24000001	24500000	0.141694008864815
chr12	24500001	25000000	0.00492040133705271
chr12	25000001	25500000	-0.0230433024340169
chr12	25500001	26000000	0.0484694172163934
chr12	26000001	26500000	0.0330495089327398
chr12	26500001	27000000	0.033966264311837
chr12	27000001	27500000	-0.00847665737724557
chr12	27500001	28000000	-0.0838404075094466
chr12	28000001	28500000	-0.0198678904618478
chr12	28500001	29000000	0.0235183113198266
chr12	29000001	29500000	-0.0361233484150971
chr12	29500001	30000000	-0.000241059171739479
chr12	30000001	30500000	0.019841014709096
chr12	30500001	31000000	-0.060865211177564
chr12	31000001	31500000	0.0619785172434986
chr12	31500001	32000000	0.141447302325354
chr12	32000001	32500000	0.031044265330127
chr12	32500001	33000000	0.106052406235041
chr12	38000001	38500000	0.0542266910170058
chr12	38500001	39000000	0.0374456563330055
chr12	39000001	39500000	0.0660203350904542
chr12	39500001	40000000	-0.000353645821951281
chr12	40000001	40500000	0.127171319337381
chr12	40500001	41000000	0.0270265996538313
chr12	41000001	41500000	0.0585131913121502
chr12	41500001	42000000	0.0159051784867965
chr12	42000001	42500000	-0.0652780690158511
chr12	42500001	43000000	-0.0878281121360388
chr12	43000001	43500000	0.0352468289134088
chr12	43500001	44000000	0.0526955078508326
chr12	44000001	44500000	0.00465488478694825
chr12	44500001	45000000	0.0394341011946597
chr12	45000001	45500000	0.0608048792698441
chr12	45500001	46000000	0.0261541254563561
chr12	46000001	46500000	0.0128975211175963
chr12	46500001	47000000	0.0382332194691904
chr12	47000001	47500000	0.013900681689508
chr12	47500001	48000000	-0.0335026414402605
chr12	48000001	48500000	-0.0988149452848442
chr12	48500001	49000000	-0.0893262859037564
chr12	49000001	49500000	-0.0334300528444939
chr12	49500001	50000000	-0.0378837764985159
chr12	50000001	50500000	-0.0703103198086978
chr12	50500001	51000000	0.0288192849911011
chr12	51000001	51500000	-0.0133958871066783
chr12	51500001	52000000	-0.0760134286832107
chr12	52000001	52500000	-0.107199474599861
chr12	52500001	53000000	-0.095249092572088
chr12	53000001	53500000	0.075181676787171
chr12	53500001	54000000	0.0736058126679674
chr12	54000001	54500000	0.108901412408643
chr12	54500001	55000000	0.0169645439176145
chr12	55000001	55500000	0.0848795037966519
chr12	55500001	56000000	0.211017154086044
chr12	56000001	56500000	0.0291971247336436
chr12	56500001	57000000	-0.0153684647198388
chr12	57000001	57500000	0.0135316470570629
chr12	57500001	58000000	0.0989203064527869
chr12	58000001	58500000	-0.0630098026919471
chr12	58500001	59000000	-0.0732059385919844
chr12	59000001	59500000	-0.0156939711664577
chr12	59500001	60000000	0.0285813268826274
chr12	60000001	60500000	-0.0184099756500233
chr12	60500001	61000000	-0.0109035622745551
chr12	61000001	61500000	0.0301953213497532
chr12	61500001	62000000	0.0425954548264135
chr12	62000001	62500000	0.0457325224518175
chr12	62500001	63000000	0.0886818421001427
chr12	63000001	63500000	-0.00198384441048065
chr12	63500001	64000000	0.160006531625676
chr12	64000001	64500000	-0.0446929908283354
chr12	64500001	65000000	0.0776413688776514
chr12	65000001	65500000	0.0266786996139028
chr12	65500001	66000000	-0.00364753456249532
chr12	66000001	66500000	0.0892554501736566
chr12	66500001	67000000	-0.021176346758538
chr12	67000001	67500000	-0.085391578850948
chr12	67500001	68000000	0.0905344607023713
chr12	68000001	68500000	0.0793005907681641
chr12	68500001	69000000	-0.0556842277050609
chr12	69000001	69500000	0.0198627344829073
chr12	69500001	70000000	0.0591063718374107
chr12	70000001	70500000	-0.0436423468034798
chr12	70500001	71000000	0.0328955825588591
chr12	71000001	71500000	-0.0148722740823202
chr12	71500001	72000000	0.0155333017882473
chr12	72000001	72500000	0.0104458134592001
chr12	72500001	73000000	0.0314915402867367
chr12	73000001	73500000	-0.0115524909558775
chr12	73500001	74000000	-0.0933682212651317
chr12	74000001	74500000	-0.0550657563856912
chr12	74500001	75000000	0.0205676984838498
chr12	75000001	75500000	-0.0630947816391492
chr12	75500001	76000000	-0.0550081242213239
chr12	76000001	76500000	0.00342807935651791
chr12	76500001	77000000	-0.00661485344228005
chr12	77000001	77500000	0.00248919893195676
chr12	77500001	78000000	0.011886776576663
chr12	78000001	78500000	-0.0708657964281388
chr12	78500001	79000000	-0.0191537026868999
chr12	79000001	79500000	0.0392265561184897
chr12	79500001	80000000	0.0253940077197557
chr12	80000001	80500000	0.0492916634486665
chr12	80500001	81000000	-0.00264495351827726
chr12	81000001	81500000	-0.0337632533587514
chr12	81500001	82000000	0.00110594775659094
chr12	82000001	82500000	0.00788172483737759
chr12	82500001	83000000	-0.0434409880170119
chr12	83000001	83500000	0.0344647702713355
chr12	83500001	84000000	0.00878742882334511
chr12	84000001	84500000	0.0180023030125891
chr12	84500001	85000000	-0.0395207691805781
chr12	85000001	85500000	0.0256351237955438
chr12	85500001	86000000	-0.0641772427959095
chr12	86000001	86500000	0.00183030285161203
chr12	86500001	87000000	0.0745188703653508
chr12	87000001	87500000	-0.032062879382572
chr12	87500001	88000000	0.0199870271894836
chr12	88000001	88500000	0.0835841662531593
chr12	88500001	89000000	-0.011312124052091
chr12	89000001	89500000	0.0138810038900527
chr12	89500001	90000000	0.0177894986061381
chr12	90000001	90500000	0.011313617615237
chr12	90500001	91000000	0.00576144741931658
chr12	91000001	91500000	-0.108470914050616
chr12	91500001	92000000	0.0104930469047207
chr12	92000001	92500000	0.101051282547394
chr12	92500001	93000000	0.0394250565784574
chr12	93000001	93500000	0.0802712777795595
chr12	93500001	94000000	0.082506894951477
chr12	94000001	94500000	0.0307538683760741
chr12	94500001	95000000	0.0512102808193627
chr12	95000001	95500000	0.116614298265185
chr12	95500001	96000000	0.038549907479849
chr12	96000001	96500000	-0.0442771247255768
chr12	96500001	97000000	-0.0280838123118597
chr12	97000001	97500000	-0.104023345655173
chr12	97500001	98000000	0.00429389730902963
chr12	98000001	98500000	0.0231371427075404
chr12	98500001	99000000	0.0738082151991209
chr12	99000001	99500000	0.0550425903356987
chr12	99500001	100000000	-0.0730326630105979
chr12	100000001	100500000	-0.0327959183351045
chr12	100500001	101000000	-0.0394216277413082
chr12	101000001	101500000	-0.0686154179893041
chr12	101500001	102000000	0.0547621373219465
chr12	102000001	102500000	0.0225589736016335
chr12	102500001	103000000	0.0730676997588746
chr12	103000001	103500000	-5.1949067318792e-05
chr12	103500001	104000000	-0.00378145864187455
chr12	104000001	104500000	0.0616087843068549
chr12	104500001	105000000	0.112539570461573
chr12	105000001	105500000	0.0870620627795749
chr12	105500001	106000000	0.0319468519934404
chr12	106000001	106500000	0.0940900050272828
chr12	106500001	107000000	-0.0625100991616147
chr12	107000001	107500000	-0.0383311495535563
chr12	107500001	108000000	0.011428033718715
chr12	108000001	108500000	-0.0294614460040458
chr12	108500001	109000000	0.0652040600821781
chr12	109000001	109500000	-0.0238300156800403
chr12	109500001	110000000	0.0323758973618707
chr12	110000001	110500000	0.0374645091732867
chr12	110500001	111000000	0.0529100152665965
chr12	111000001	111500000	0.0129921569609671
chr12	111500001	112000000	-0.0107005978223325
chr12	112000001	112500000	0.0145603570373352
chr12	112500001	113000000	0.0476565657284947
chr12	113000001	113500000	-0.0450311624607103
chr12	113500001	114000000	-0.00349974324029183
chr12	114000001	114500000	0.0196241106499224
chr12	114500001	115000000	-0.0628770637106961
chr12	115000001	115500000	0.064131515576916
chr12	115500001	116000000	0.0252653631396111
chr12	116000001	116500000	0.0696792225948425
chr12	116500001	117000000	-0.0655964012593535
chr12	117000001	117500000	-0.0288750071323241
chr12	117500001	118000000	-0.039379210114761
chr12	118000001	118500000	0.00437070688077128
chr12	118500001	119000000	0.0477383998809535
chr12	119000001	119500000	0.00920129280812357
chr12	119500001	120000000	0.0222268078372816
chr12	120000001	120500000	0.0879597777320835
chr12	120500001	121000000	0.0299802910098547
chr12	121000001	121500000	0.0541878759754693
chr12	121500001	122000000	0.0338443955560961
chr12	122000001	122500000	NA
chr12	122500001	123000000	0.0102455556382957
chr12	123000001	123500000	NA
chr12	123500001	124000000	0.0184911673042569
chr12	124000001	124500000	0.020014270361988
chr12	124500001	125000000	-0.0796225282102812
chr12	125000001	125500000	-0.039687114341328
chr12	125500001	126000000	0.0820571123660132
chr12	126000001	126500000	-0.0517364617378567
chr12	126500001	127000000	-0.0425177979773843
chr12	127000001	127500000	-0.0853011836931982
chr12	127500001	128000000	-0.0413162615603497
chr12	128000001	128500000	-0.0530515601601165
chr12	128500001	129000000	-0.0983673903184159
chr12	129000001	129500000	-0.0564787021786943
chr12	129500001	130000000	-0.0692521920384936
chr12	130000001	130500000	-0.123653373368997
chr12	130500001	131000000	0.0223622665365588
chr12	131000001	131500000	-0.0541912736834237
chr12	131500001	132000000	-0.0337233862516252
chr12	132000001	132500000	NA
chr12	132500001	133000000	-0.020668979461072
chr12	133000001	133500000	NA
chr13	19000001	19500000	0.0276142102159945
chr13	19500001	20000000	-0.095686305829123
chr13	20000001	20500000	0.00922870064163982
chr13	20500001	21000000	-0.0941947409139135
chr13	21000001	21500000	-0.136007118506435
chr13	21500001	22000000	-0.00116365196796483
chr13	22000001	22500000	-0.0651015269118301
chr13	22500001	23000000	-0.128281451616308
chr13	23000001	23500000	-0.0568545721420877
chr13	23500001	24000000	-0.0962884153057623
chr13	24000001	24500000	-0.146561322728619
chr13	24500001	25000000	0.0755097232699629
chr13	25000001	25500000	-0.0586871346728249
chr13	25500001	26000000	-0.0267296482549228
chr13	26000001	26500000	-0.126494604537655
chr13	26500001	27000000	-0.198417209388013
chr13	27000001	27500000	-0.0182846535623222
chr13	27500001	28000000	-0.0943247476264019
chr13	28000001	28500000	-0.0498702014527848
chr13	28500001	29000000	-0.0764782118730051
chr13	29000001	29500000	-0.0900157373623402
chr13	29500001	30000000	-0.0487884175340428
chr13	30000001	30500000	-0.026594159813226
chr13	30500001	31000000	0.00671491423079589
chr13	31000001	31500000	-0.0959335487576717
chr13	31500001	32000000	-0.0774363505942805
chr13	32000001	32500000	-0.0178140697758245
chr13	32500001	33000000	-0.118835238572844
chr13	33000001	33500000	-0.182549803533107
chr13	33500001	34000000	-0.174091136231465
chr13	34000001	34500000	-0.0880348020842543
chr13	34500001	35000000	-0.0347492525019991
chr13	35000001	35500000	-0.113388533389529
chr13	35500001	36000000	-0.0714758317951002
chr13	36000001	36500000	-0.0288479432701344
chr13	36500001	37000000	-0.088099023098467
chr13	37000001	37500000	-0.150897289813601
chr13	37500001	38000000	-0.081905499168505
chr13	38000001	38500000	-0.0444787773255426
chr13	38500001	39000000	-0.0972326299569857
chr13	39000001	39500000	-0.10157359345345
chr13	39500001	40000000	-0.113506365775177
chr13	40000001	40500000	-0.072633145498486
chr13	40500001	41000000	-0.0480709952109152
chr13	41000001	41500000	-0.0667385807303594
chr13	41500001	42000000	-0.108111230308322
chr13	42000001	42500000	-0.0696039319618699
chr13	42500001	43000000	-0.0468763420613222
chr13	43000001	43500000	-0.0939168355448729
chr13	43500001	44000000	-0.031077121365167
chr13	44000001	44500000	-0.0612295245970108
chr13	44500001	45000000	0.0096949954081153
chr13	45000001	45500000	-0.00698991700093034
chr13	45500001	46000000	-0.0530921683684136
chr13	46000001	46500000	-0.114946517769942
chr13	46500001	47000000	-0.147332507837371
chr13	47000001	47500000	-0.025502270413099
chr13	47500001	48000000	-0.0152569429526518
chr13	48000001	48500000	0.0129336736421088
chr13	48500001	49000000	-0.0211927794971777
chr13	49000001	49500000	-0.115051267317471
chr13	49500001	50000000	-0.0600429358298305
chr13	50000001	50500000	-0.023696310980584
chr13	50500001	51000000	-0.0401704195435067
chr13	51000001	51500000	-0.0279010372672568
chr13	51500001	52000000	-0.00203312300084273
chr13	52000001	52500000	-0.0963739234990244
chr13	52500001	53000000	-0.0897086559391011
chr13	53000001	53500000	-0.0137661709658175
chr13	53500001	54000000	-0.0469327463252423
chr13	54000001	54500000	-0.0271701469521114
chr13	54500001	55000000	-0.0112401019851637
chr13	55000001	55500000	-0.0752081891203731
chr13	55500001	56000000	-0.0963360111794167
chr13	56000001	56500000	-0.00774665576906998
chr13	56500001	57000000	-0.102191683125626
chr13	57000001	57500000	-0.115705917976898
chr13	57500001	58000000	-0.0441539879856247
chr13	58000001	58500000	-0.00861581338043562
chr13	58500001	59000000	-0.0723060488735509
chr13	59000001	59500000	-0.121495555296561
chr13	59500001	60000000	-0.0249947904852262
chr13	60000001	60500000	-0.0189244005926714
chr13	60500001	61000000	-0.0399281669784308
chr13	61000001	61500000	-0.0575685870311309
chr13	61500001	62000000	-0.155559932684855
chr13	62000001	62500000	-0.0561961185067008
chr13	62500001	63000000	NA
chr13	63000001	63500000	-0.0630492157369727
chr13	63500001	64000000	-0.276647483649032
chr13	64000001	64500000	-0.128943530184851
chr13	64500001	65000000	-0.0246386417994067
chr13	65000001	65500000	-0.124480271641614
chr13	65500001	66000000	-0.103223380550474
chr13	66000001	66500000	-0.0922250545694515
chr13	66500001	67000000	-0.0549133795569055
chr13	67000001	67500000	-0.161401992972091
chr13	67500001	68000000	0.00526922920169222
chr13	68000001	68500000	-0.0468030186117078
chr13	68500001	69000000	NA
chr13	69000001	69500000	NA
chr13	69500001	70000000	-0.0234644011057127
chr13	70000001	70500000	-0.0151184491732167
chr13	70500001	71000000	-0.0627233531638886
chr13	71000001	71500000	-0.140441503321758
chr13	71500001	72000000	-0.0635161876310816
chr13	72000001	72500000	-0.0957890819375542
chr13	72500001	73000000	-0.137489958840437
chr13	73000001	73500000	-0.0659893528257668
chr13	73500001	74000000	-0.0680675532405948
chr13	74000001	74500000	-0.0869466490377105
chr13	74500001	75000000	0.026059745831684
chr13	75000001	75500000	-0.0437579517885137
chr13	75500001	76000000	-0.0869668316653283
chr13	76000001	76500000	-0.0108091749989565
chr13	76500001	77000000	-0.031247302653836
chr13	77000001	77500000	-0.0737126275977213
chr13	77500001	78000000	-0.127892085598975
chr13	78000001	78500000	-0.112764785325474
chr13	78500001	79000000	-0.0213980052682751
chr13	79000001	79500000	-0.0455480325768445
chr13	79500001	80000000	-0.117938094909437
chr13	80000001	80500000	0.0197742224959805
chr13	80500001	81000000	-0.0629317197795653
chr13	81000001	81500000	-0.127560302805386
chr13	81500001	82000000	-0.0662181684805083
chr13	82000001	82500000	-0.0604025549610586
chr13	82500001	83000000	0.060096813466876
chr13	83000001	83500000	-0.0931871489600044
chr13	83500001	84000000	-0.0898083639054241
chr13	84000001	84500000	-0.0780136203458763
chr13	84500001	85000000	-0.0416513005774725
chr13	85000001	85500000	-0.0602053593821811
chr13	85500001	86000000	-0.131660192865748
chr13	86000001	86500000	NA
chr13	86500001	87000000	-0.0484073607487179
chr13	87000001	87500000	0.0393623657502163
chr13	87500001	88000000	-0.0907353096575651
chr13	88000001	88500000	-0.0254497033680131
chr13	88500001	89000000	-0.139481831683671
chr13	89000001	89500000	-0.0520310641121976
chr13	89500001	90000000	-0.0661491170390958
chr13	90000001	90500000	-0.0676221933107059
chr13	90500001	91000000	-0.116275809907031
chr13	91000001	91500000	-0.0800955119030577
chr13	91500001	92000000	-0.0779463434700225
chr13	92000001	92500000	-0.060575155563553
chr13	92500001	93000000	-0.0504303165662452
chr13	93000001	93500000	-0.0483028999924857
chr13	93500001	94000000	-0.127648243468861
chr13	94000001	94500000	-0.116992336411906
chr13	94500001	95000000	-0.0954651308779729
chr13	95000001	95500000	-0.117907686576358
chr13	95500001	96000000	-0.0584475059183183
chr13	96000001	96500000	0.00519678582906522
chr13	96500001	97000000	-0.100659388515132
chr13	97000001	97500000	-0.106070430438865
chr13	97500001	98000000	-0.0880344788984433
chr13	98000001	98500000	-0.169503526165928
chr13	98500001	99000000	0.0128355642042355
chr13	99000001	99500000	-0.0756685664731709
chr13	99500001	100000000	-0.0345159815243007
chr13	100000001	100500000	0.0221955538934282
chr13	100500001	101000000	NA
chr13	101000001	101500000	-0.0144722182294627
chr13	101500001	102000000	-0.0584364498661982
chr13	102000001	102500000	-0.0547888254294351
chr13	102500001	103000000	-0.00173152147534299
chr13	103000001	103500000	0.119056790051835
chr13	103500001	104000000	-0.0163415105966544
chr13	104000001	104500000	0.00559967356410073
chr13	104500001	105000000	0.0836052186416577
chr13	105000001	105500000	-0.0919295962591712
chr13	105500001	106000000	0.00440628018187296
chr13	106000001	106500000	0.0420806306843344
chr13	106500001	107000000	0.00504740521977215
chr13	107000001	107500000	-0.056153997752572
chr13	107500001	108000000	0.0238017497663394
chr13	108000001	108500000	-0.0437582506888429
chr13	108500001	109000000	-0.00596453948582487
chr13	109000001	109500000	0.0919774949195668
chr13	109500001	110000000	0.0423631202995818
chr13	110000001	110500000	-0.00355677446368969
chr13	110500001	111000000	0.00621079440874595
chr13	111000001	111500000	-0.108752928746748
chr13	112000001	112500000	-0.0252821369911009
chr13	112500001	113000000	-9.0332462993243e-05
chr13	113000001	113500000	-0.0488708898958581
chr13	113500001	114000000	NA
chr13	114000001	114500000	NA
chr14	20000001	20500000	-0.00040646217912392
chr14	20500001	21000000	0.060450006843553
chr14	21000001	21500000	-0.054795557880208
chr14	21500001	22000000	-0.0985748106863502
chr14	22000001	22500000	-0.113387844533777
chr14	22500001	23000000	-0.0573916447814324
chr14	23000001	23500000	0.0134321685916249
chr14	23500001	24000000	-0.104460982884744
chr14	24000001	24500000	-0.0484509665681629
chr14	24500001	25000000	-0.0590733870696212
chr14	25000001	25500000	-0.01591780121808
chr14	25500001	26000000	-0.0783677359720262
chr14	26000001	26500000	-0.0703961603964732
chr14	26500001	27000000	-0.0414255113011033
chr14	27000001	27500000	-0.0479520773785461
chr14	27500001	28000000	0.151100055320933
chr14	28000001	28500000	-0.0366360369602434
chr14	28500001	29000000	-0.134318954283363
chr14	29000001	29500000	-0.170751656178392
chr14	29500001	30000000	-0.0671861648500936
chr14	30000001	30500000	-0.178373413804789
chr14	30500001	31000000	-0.0554956321994981
chr14	31000001	31500000	-0.0425532775720053
chr14	31500001	32000000	0.00374273471228974
chr14	32000001	32500000	-0.0165896522240369
chr14	32500001	33000000	-0.127654863799173
chr14	33000001	33500000	-0.0768280967676253
chr14	33500001	34000000	-0.122389922419221
chr14	34000001	34500000	-0.0846431957916192
chr14	34500001	35000000	-0.00186839502082395
chr14	35000001	35500000	-0.0518715244600919
chr14	35500001	36000000	-0.0665973447067995
chr14	36000001	36500000	-0.191835383039592
chr14	36500001	37000000	-0.0986900931639962
chr14	37000001	37500000	-0.0506354880504453
chr14	37500001	38000000	-0.053670915927387
chr14	38000001	38500000	0.0102023534219548
chr14	38500001	39000000	-0.0218470300620065
chr14	39000001	39500000	-0.0893075422112612
chr14	39500001	40000000	-0.0681403466224512
chr14	40000001	40500000	-0.0353944246664006
chr14	40500001	41000000	-0.0810232760247237
chr14	41000001	41500000	-0.174374983053018
chr14	41500001	42000000	-0.0554502362962739
chr14	42000001	42500000	-0.126519271475933
chr14	42500001	43000000	-0.0664993200756809
chr14	43000001	43500000	-0.1432712021554
chr14	43500001	44000000	-0.0402423287191183
chr14	44000001	44500000	-0.0846367722437978
chr14	44500001	45000000	-0.112097237862669
chr14	45000001	45500000	-0.0300042317467332
chr14	45500001	46000000	-0.15954329154614
chr14	46000001	46500000	-0.125985013019176
chr14	46500001	47000000	-0.0431949914700323
chr14	47000001	47500000	-0.120419958490354
chr14	47500001	48000000	-0.15785086564944
chr14	48000001	48500000	-0.0422382681508349
chr14	48500001	49000000	-0.0830700013939754
chr14	49000001	49500000	-0.0313113237534363
chr14	49500001	50000000	-0.0610300532988414
chr14	50000001	50500000	-0.0648285420557409
chr14	50500001	51000000	0.0324478416854565
chr14	51000001	51500000	-0.042544846491731
chr14	51500001	52000000	-0.0166055456246771
chr14	52000001	52500000	0.0132002678356212
chr14	52500001	53000000	-0.133173285131057
chr14	53000001	53500000	-0.050276921886897
chr14	53500001	54000000	0.015465697319356
chr14	54000001	54500000	-0.115573022140667
chr14	54500001	55000000	-0.0437865018487992
chr14	55000001	55500000	-0.0340707498655329
chr14	55500001	56000000	-0.116672751198002
chr14	56000001	56500000	-0.123482113310162
chr14	56500001	57000000	-0.0677232881488329
chr14	57000001	57500000	-0.113445517445352
chr14	57500001	58000000	-0.148046031495152
chr14	58000001	58500000	-0.100440454093066
chr14	58500001	59000000	-0.0849445455249477
chr14	59000001	59500000	-0.0910357737451036
chr14	59500001	60000000	-0.145544110138816
chr14	60000001	60500000	-0.06146464644994
chr14	60500001	61000000	-0.142256656210253
chr14	61000001	61500000	-0.0206385749351975
chr14	61500001	62000000	-0.201986286164661
chr14	62000001	62500000	-0.120545056930509
chr14	62500001	63000000	-0.184812401786718
chr14	63000001	63500000	-0.12340877328629
chr14	63500001	64000000	-0.0748047958555874
chr14	64000001	64500000	-0.120225715390106
chr14	64500001	65000000	-0.00776096753777519
chr14	65000001	65500000	-0.0328411054610601
chr14	65500001	66000000	-0.0182197835393601
chr14	66000001	66500000	-0.0884609956062668
chr14	66500001	67000000	-0.0578570140301501
chr14	67000001	67500000	-0.0944294295869451
chr14	67500001	68000000	0.00106244243720352
chr14	68000001	68500000	-0.139144443055601
chr14	68500001	69000000	0.0686341644312076
chr14	69000001	69500000	-0.0299679134977355
chr14	69500001	70000000	0.00646586071245187
chr14	70000001	70500000	-0.0592415236653681
chr14	70500001	71000000	0.0511665379282819
chr14	71000001	71500000	-0.0890477953469836
chr14	71500001	72000000	-0.0462868166223274
chr14	72000001	72500000	-0.019987115268376
chr14	72500001	73000000	-0.071204059139681
chr14	73000001	73500000	-0.0241842604599348
chr14	73500001	74000000	-0.0456470738954731
chr14	74000001	74500000	-0.0458411910927024
chr14	74500001	75000000	-0.0195380968105177
chr14	75000001	75500000	0.164850378203419
chr14	75500001	76000000	-0.00339224525185845
chr14	76000001	76500000	-0.103185434862065
chr14	76500001	77000000	0.0383826125080356
chr14	77000001	77500000	-0.02952086325216
chr14	77500001	78000000	0.108017499081734
chr14	78000001	78500000	0.131326797010396
chr14	78500001	79000000	0.00969224644593666
chr14	79000001	79500000	0.0266509148498087
chr14	79500001	80000000	0.0378578730811161
chr14	80000001	80500000	0.01180292372948
chr14	80500001	81000000	-0.0519399981570553
chr14	81000001	81500000	0.0529484855009228
chr14	81500001	82000000	0.029685114098342
chr14	82000001	82500000	-0.0230942581740062
chr14	82500001	83000000	0.00428357245736355
chr14	83000001	83500000	-0.0238555191911897
chr14	83500001	84000000	0.0292387794214528
chr14	84000001	84500000	-0.0253081713695807
chr14	84500001	85000000	0.065160134644862
chr14	85000001	85500000	-0.0363426280819728
chr14	85500001	86000000	0.0947388155151175
chr14	86000001	86500000	-0.0069915794757176
chr14	86500001	87000000	0.021762111364652
chr14	87000001	87500000	-0.0088508905448835
chr14	87500001	88000000	0.0424109041889567
chr14	88000001	88500000	0.00251147306788101
chr14	88500001	89000000	-0.000123480000500447
chr14	89000001	89500000	0.0329737362621363
chr14	89500001	90000000	0.0893095555150235
chr14	90000001	90500000	0.0191870032992106
chr14	90500001	91000000	0.0105086317747377
chr14	91000001	91500000	-0.0125725865283995
chr14	91500001	92000000	0.0311734391407209
chr14	92000001	92500000	0.0762836520413825
chr14	92500001	93000000	0.0311641458041432
chr14	93000001	93500000	0.0421161935275311
chr14	93500001	94000000	0.0231989838635102
chr14	94000001	94500000	0.0695914930039186
chr14	94500001	95000000	0.0099425477235026
chr14	95000001	95500000	-0.047912024879814
chr14	95500001	96000000	0.0583962616668536
chr14	96000001	96500000	0.000431652951066994
chr14	96500001	97000000	0.0262159396787467
chr14	97000001	97500000	0.0630204979963246
chr14	97500001	98000000	-0.00736215565757828
chr14	98000001	98500000	-0.00387846068944946
chr14	98500001	99000000	-0.00168132415952639
chr14	99000001	99500000	-0.0137151001766319
chr14	99500001	100000000	-0.0482226084836284
chr14	100000001	100500000	0.0522475060437566
chr14	100500001	101000000	0.102641910943893
chr14	101000001	101500000	-0.0917197284566505
chr14	101500001	102000000	0.0122096651683131
chr14	102000001	102500000	0.237306454235006
chr14	102500001	103000000	0.0664524823888672
chr14	103000001	103500000	0.00740432539281391
chr14	103500001	104000000	0.0863939883514808
chr14	104000001	104500000	0.0211934280415968
chr14	104500001	105000000	0.195614075738083
chr14	105000001	105500000	0.100020498216902
chr14	106000001	106500000	0.256646682864037
chr15	23500001	24000000	-0.0563103231244858
chr15	24500001	25000000	0.0607118586309272
chr15	25000001	25500000	-0.048205355427729
chr15	25500001	26000000	-0.0967169104212422
chr15	26000001	26500000	-0.025892322797877
chr15	26500001	27000000	-0.0178953870861408
chr15	27000001	27500000	NA
chr15	27500001	28000000	-0.0757279942867307
chr15	29000001	29500000	-0.00701089555389403
chr15	29500001	30000000	-0.0434347169404606
chr15	31000001	31500000	0.0474083322830144
chr15	31500001	32000000	0.248564730405912
chr15	32500001	33000000	0.0318841795693838
chr15	33000001	33500000	-0.0389100392506866
chr15	33500001	34000000	-0.104034902130692
chr15	34000001	34500000	0.104707229599726
chr15	34500001	35000000	0.0385956683985504
chr15	35000001	35500000	0.0488502737171397
chr15	35500001	36000000	0.0135464671233527
chr15	36000001	36500000	2.86118895255864e-05
chr15	36500001	37000000	-0.0590541658398222
chr15	37000001	37500000	0.0422091736280784
chr15	37500001	38000000	-0.0471896085129747
chr15	38000001	38500000	-0.0260742180499242
chr15	38500001	39000000	-0.0179494811805823
chr15	39000001	39500000	0.045660093354854
chr15	39500001	40000000	-0.00893742880473108
chr15	40000001	40500000	0.0949726904815795
chr15	40500001	41000000	0.0454716959236842
chr15	41000001	41500000	0.0416658138821402
chr15	41500001	42000000	-0.0645624932548509
chr15	42000001	42500000	0.0727655111787194
chr15	42500001	43000000	-0.0108617071220636
chr15	43000001	43500000	-0.127234071157521
chr15	43500001	44000000	-0.136697411776904
chr15	44000001	44500000	-0.00906634993496683
chr15	44500001	45000000	0.0317356937409655
chr15	45000001	45500000	0.038187482071658
chr15	45500001	46000000	0.0277541301570915
chr15	46000001	46500000	0.00335245282530546
chr15	46500001	47000000	0.00122054553328935
chr15	47000001	47500000	-0.0430919769040957
chr15	47500001	48000000	-0.0122120901975656
chr15	48000001	48500000	0.0449854958704279
chr15	48500001	49000000	-0.0350569037034248
chr15	49000001	49500000	-0.0341882884198939
chr15	49500001	50000000	0.0665480135179695
chr15	50000001	50500000	0.0159582375881213
chr15	50500001	51000000	0.0563775621258661
chr15	51000001	51500000	0.105909303195662
chr15	51500001	52000000	0.0312349909461085
chr15	52000001	52500000	-0.0194002150441592
chr15	52500001	53000000	-0.0626521150086012
chr15	53000001	53500000	0.0689566618349533
chr15	53500001	54000000	-0.00508918731736428
chr15	54000001	54500000	-0.00370708207331123
chr15	54500001	55000000	-0.12594499482891
chr15	55000001	55500000	0.101838317917609
chr15	55500001	56000000	0.0636145223245354
chr15	56000001	56500000	0.101745282166312
chr15	56500001	57000000	-0.0547044969750362
chr15	57000001	57500000	-0.019992703155073
chr15	57500001	58000000	-0.059626022678902
chr15	58000001	58500000	-0.0299711641101157
chr15	58500001	59000000	-0.0243805850602164
chr15	59000001	59500000	0.0156528901846361
chr15	59500001	60000000	-0.0498713357438732
chr15	60000001	60500000	0.0795777761530061
chr15	60500001	61000000	0.0129647609404886
chr15	61000001	61500000	0.109795505789019
chr15	61500001	62000000	0.0425422999934833
chr15	62000001	62500000	-0.0041296600332864
chr15	62500001	63000000	-0.027891924287651
chr15	63000001	63500000	0.00926743324307737
chr15	63500001	64000000	-0.0275073611203021
chr15	64000001	64500000	-0.0240937542249417
chr15	64500001	65000000	0.0251773865756801
chr15	65000001	65500000	-0.0396354862739379
chr15	65500001	66000000	0.0906548502950664
chr15	66000001	66500000	-0.0719190213874766
chr15	66500001	67000000	0.043709188566276
chr15	67000001	67500000	-0.0758768688514398
chr15	67500001	68000000	-0.00966643878954164
chr15	68000001	68500000	0.0424316308767835
chr15	68500001	69000000	0.0566246941545877
chr15	69000001	69500000	0.135669177856626
chr15	69500001	70000000	0.155609662301051
chr15	70000001	70500000	0.0599836560588129
chr15	70500001	71000000	0.0557974211760655
chr15	71000001	71500000	0.0564351058784045
chr15	71500001	72000000	0.0735331226746428
chr15	72000001	72500000	0.0859394130194196
chr15	72500001	73000000	0.0523013622538484
chr15	73000001	73500000	0.0831713744554351
chr15	73500001	74000000	0.0389351754268372
chr15	74000001	74500000	0.035252311738916
chr15	74500001	75000000	0.190927069378889
chr15	75000001	75500000	-0.107760000330871
chr15	75500001	76000000	-0.00500813451706642
chr15	76000001	76500000	0.0665655992439899
chr15	76500001	77000000	0.00911833009891214
chr15	77000001	77500000	0.0930947973626873
chr15	77500001	78000000	0.209838366422258
chr15	78000001	78500000	0.227503663578628
chr15	78500001	79000000	0.129507052164187
chr15	79000001	79500000	0.181949859324752
chr15	79500001	80000000	0.223982888839592
chr15	80000001	80500000	0.203560260275248
chr15	80500001	81000000	0.193511804019194
chr15	81000001	81500000	0.231290066535137
chr15	81500001	82000000	0.24330746062764
chr15	82500001	83000000	0.124012365086462
chr15	83000001	83500000	0.112758057767692
chr15	83500001	84000000	0.16978009217073
chr15	84500001	85000000	0.130207306274068
chr15	85000001	85500000	0.20926953677432
chr15	85500001	86000000	0.167049255309338
chr15	86000001	86500000	0.281449359163267
chr15	86500001	87000000	0.173553060838136
chr15	87000001	87500000	0.195559433187205
chr15	87500001	88000000	0.209994097351221
chr15	88000001	88500000	0.120376712520983
chr15	88500001	89000000	0.103687294743341
chr15	89000001	89500000	0.194505940993852
chr15	89500001	90000000	0.209567252978927
chr15	90000001	90500000	0.135662958651868
chr15	90500001	91000000	0.255288109187642
chr15	91000001	91500000	0.14011467017093
chr15	91500001	92000000	0.164252573335868
chr15	92000001	92500000	0.106033463523548
chr15	92500001	93000000	0.214465453773471
chr15	93000001	93500000	0.0982691557570746
chr15	93500001	94000000	0.0849332638031326
chr15	94000001	94500000	0.100373841032248
chr15	94500001	95000000	0.105334711311952
chr15	95000001	95500000	0.11783723335276
chr15	95500001	96000000	0.0597863568716479
chr15	96000001	96500000	-0.0286177927067506
chr15	96500001	97000000	0.0293883109423884
chr15	97000001	97500000	0.0938931947667596
chr15	97500001	98000000	0.0945290898732577
chr15	98000001	98500000	0.0311170875805518
chr15	98500001	99000000	0.111380487764202
chr15	99000001	99500000	0.160939738275912
chr15	99500001	100000000	0.124665834101137
chr15	100000001	100500000	0.126479201497685
chr15	100500001	101000000	0.115619831780856
chr15	101000001	101500000	0.126928270349445
chr16	1	500000	NA
chr16	500001	1000000	NA
chr16	1000001	1500000	NA
chr16	1500001	2000000	0.00775942158093738
chr16	2000001	2500000	-0.00562569067064972
chr16	2500001	3000000	-0.242858652757312
chr16	3000001	3500000	0.0407170840584494
chr16	3500001	4000000	0.0225974470531102
chr16	4000001	4500000	-0.0270951583859822
chr16	4500001	5000000	0.00441117172855207
chr16	5000001	5500000	0.156475035361821
chr16	5500001	6000000	0.0475743670195348
chr16	6000001	6500000	0.0160099862339474
chr16	6500001	7000000	-0.0139863067198935
chr16	7000001	7500000	-0.0132493119095264
chr16	7500001	8000000	-0.00517695347063752
chr16	8000001	8500000	-0.017003289032411
chr16	8500001	9000000	-0.0197808322253266
chr16	9000001	9500000	-0.0664753680923489
chr16	9500001	10000000	0.0342570223068798
chr16	10000001	10500000	-0.0396345265920262
chr16	10500001	11000000	0.0539882025652684
chr16	11000001	11500000	0.0389913416958265
chr16	11500001	12000000	0.0705951597025257
chr16	12000001	12500000	0.0735789998850667
chr16	12500001	13000000	0.100641536565714
chr16	13000001	13500000	0.101292033956797
chr16	13500001	14000000	0.0412056851701447
chr16	14000001	14500000	-0.081659328031881
chr16	15500001	16000000	-0.00135223190779672
chr16	17000001	17500000	0.157247071061735
chr16	17500001	18000000	-0.073072426959882
chr16	19000001	19500000	-0.0149980175282622
chr16	19500001	20000000	-0.0192313607709426
chr16	20000001	20500000	0.104893949058331
chr16	20500001	21000000	-0.00670060289926017
chr16	22000001	22500000	-0.0709470361572136
chr16	22500001	23000000	0.358086879471472
chr16	23000001	23500000	-0.0171592133582616
chr16	23500001	24000000	-0.0105318990677705
chr16	24000001	24500000	0.047532094877943
chr16	24500001	25000000	0.0141825968342345
chr16	25000001	25500000	0.0698676127652658
chr16	25500001	26000000	-0.0388397702149514
chr16	26000001	26500000	-0.0342586564508382
chr16	26500001	27000000	-0.0338705766128852
chr16	27000001	27500000	0.06456270096906
chr16	27500001	28000000	-0.052139069677266
chr16	28000001	28500000	-0.170756230782027
chr16	29500001	30000000	-0.113736286873126
chr16	30500001	31000000	0.0214758000950193
chr16	31000001	31500000	0.0574670247984214
chr16	31500001	32000000	0.0167034938284418
chr16	46500001	47000000	-0.105086740193798
chr16	47000001	47500000	-0.0212166189081935
chr16	47500001	48000000	-0.0244358936021827
chr16	48000001	48500000	-0.0684534850577139
chr16	48500001	49000000	-0.0759584832086117
chr16	49000001	49500000	-0.0636788359837285
chr16	49500001	50000000	-0.146481175081436
chr16	50000001	50500000	-0.0984815318754882
chr16	50500001	51000000	-0.151085013176864
chr16	51000001	51500000	-0.118853943740539
chr16	51500001	52000000	-0.0611538368003905
chr16	52000001	52500000	-0.0975408870625299
chr16	52500001	53000000	-0.0483684086521791
chr16	53000001	53500000	-0.0463556892549214
chr16	53500001	54000000	-0.0603816373783114
chr16	54000001	54500000	-0.0889511309567781
chr16	54500001	55000000	-0.0123868580844427
chr16	55000001	55500000	-0.0641098476706704
chr16	55500001	56000000	-0.076350503085723
chr16	56000001	56500000	-0.079756698164937
chr16	56500001	57000000	-0.120425054156783
chr16	57000001	57500000	-0.106168038727351
chr16	57500001	58000000	-0.0962581182660456
chr16	58000001	58500000	-0.00910661978012177
chr16	58500001	59000000	-0.0960874252325941
chr16	59000001	59500000	-0.0607313675486766
chr16	59500001	60000000	-0.0722830049059147
chr16	60000001	60500000	-0.00756830812850436
chr16	60500001	61000000	-0.123685907528369
chr16	61000001	61500000	-0.0557040400062719
chr16	61500001	62000000	-0.0776232876623108
chr16	62000001	62500000	-0.0230721359353789
chr16	62500001	63000000	-0.0910870661291488
chr16	63000001	63500000	-0.106758452804092
chr16	63500001	64000000	-0.0876000494102489
chr16	64000001	64500000	-0.178766386757766
chr16	64500001	65000000	-0.0535193612542441
chr16	65000001	65500000	-0.0109096386215302
chr16	65500001	66000000	-0.0467935102331711
chr16	66000001	66500000	0.0239676925372594
chr16	66500001	67000000	-0.0147456249259919
chr16	67000001	67500000	-0.0936046656430796
chr16	67500001	68000000	-0.059879987270238
chr16	68000001	68500000	-0.0580263832163244
chr16	68500001	69000000	-0.106521535679555
chr16	69000001	69500000	-0.0737733208687883
chr16	69500001	70000000	-0.129259348150092
chr16	70500001	71000000	-0.146945303277488
chr16	71000001	71500000	-0.128012958188485
chr16	71500001	72000000	-0.0462819300980819
chr16	72000001	72500000	-0.0978890599523025
chr16	72500001	73000000	-0.00176586817423622
chr16	73000001	73500000	-0.133284292215482
chr16	73500001	74000000	-0.0979287490445437
chr16	74000001	74500000	-0.0969838388889999
chr16	74500001	75000000	-0.157538496700649
chr16	75000001	75500000	-0.145741266780936
chr16	75500001	76000000	-0.0942763456331044
chr16	76000001	76500000	-0.0823384645155762
chr16	76500001	77000000	-0.103912272465645
chr16	77000001	77500000	-0.105567366780169
chr16	77500001	78000000	-0.161953930696631
chr16	78000001	78500000	-0.0279449997787793
chr16	78500001	79000000	-0.130458606649671
chr16	79000001	79500000	-0.131708185997301
chr16	79500001	80000000	-0.10669400428413
chr16	80000001	80500000	-0.0329853585166513
chr16	80500001	81000000	-0.00656783672710077
chr16	81000001	81500000	-0.0482418199111841
chr16	81500001	82000000	-0.00525332840250969
chr16	82000001	82500000	-0.0839192953905517
chr16	82500001	83000000	-0.111365280163814
chr16	83000001	83500000	-0.0919874018973992
chr16	83500001	84000000	-0.0304463427712551
chr16	84000001	84500000	-0.0789753031317471
chr16	84500001	85000000	0.00842527655291217
chr16	85000001	85500000	-0.17890506446696
chr16	85500001	86000000	-0.0941952668415188
chr16	86000001	86500000	-0.010927337023786
chr16	86500001	87000000	-0.142593263101216
chr16	87000001	87500000	-0.0460436422292276
chr16	87500001	88000000	0.00987543002033828
chr16	88000001	88500000	NA
chr16	88500001	89000000	-0.00244845811768882
chr16	89000001	89500000	-0.0333596983671843
chr16	89500001	90000000	-0.124460759560833
chr17	500001	1000000	0.0297520693244236
chr17	1000001	1500000	-0.0627446208974827
chr17	1500001	2000000	0.0954137887951608
chr17	2000001	2500000	-0.128993544373702
chr17	2500001	3000000	0.00916227500221593
chr17	3000001	3500000	-0.0285265220430112
chr17	3500001	4000000	-0.0150632953542012
chr17	4000001	4500000	0.106473085602406
chr17	4500001	5000000	0.156154575834656
chr17	5000001	5500000	-0.0414057971994711
chr17	5500001	6000000	0.0449763729945213
chr17	6000001	6500000	-0.0518438156972438
chr17	6500001	7000000	-0.00727869580537509
chr17	7000001	7500000	0.0458760799177534
chr17	7500001	8000000	0.101091453437292
chr17	8000001	8500000	0.0146645038689401
chr17	8500001	9000000	0.0321936421582594
chr17	9000001	9500000	-0.0212409984537478
chr17	9500001	10000000	0.0276019942345252
chr17	10000001	10500000	-0.0143308249237754
chr17	10500001	11000000	-0.0732136527616216
chr17	11000001	11500000	0.00947309929030316
chr17	11500001	12000000	0.000196894164531395
chr17	12000001	12500000	0.0332916334816903
chr17	12500001	13000000	-0.144348881374541
chr17	13000001	13500000	-0.0673661213759753
chr17	13500001	14000000	-0.129726047760836
chr17	14000001	14500000	0.0124309545542854
chr17	14500001	15000000	-0.00606149053837784
chr17	15000001	15500000	-0.05977437124474
chr17	16000001	16500000	-0.0446065624553432
chr17	17000001	17500000	-0.0849857158020341
chr17	17500001	18000000	-0.0470770874915102
chr17	18000001	18500000	-0.0592150685703827
chr17	19500001	20000000	-0.136741674250212
chr17	20000001	20500000	-0.0647776023118127
chr17	21000001	21500000	0.0946643917401169
chr17	27500001	28000000	-0.0133810523069086
chr17	28000001	28500000	-0.0263298372726333
chr17	28500001	29000000	0.0740948493027303
chr17	29000001	29500000	-0.0814753185938191
chr17	29500001	30000000	0.0955066623820731
chr17	30000001	30500000	-0.0658136091961927
chr17	30500001	31000000	-0.0856199370770943
chr17	31000001	31500000	-0.056897211338038
chr17	31500001	32000000	-0.070935972321002
chr17	32000001	32500000	-0.0899499277167243
chr17	32500001	33000000	-0.174972469858039
chr17	33000001	33500000	-0.137961209779235
chr17	33500001	34000000	-0.0460364328705269
chr17	34000001	34500000	-0.0341461270891303
chr17	34500001	35000000	0.0293363293004664
chr17	35000001	35500000	0.0118110434992065
chr17	35500001	36000000	0.0168020947089943
chr17	36500001	37000000	-0.0388299099332749
chr17	37000001	37500000	-0.0402442414326702
chr17	37500001	38000000	-0.265368015252811
chr17	38500001	39000000	0.00094630421659412
chr17	39000001	39500000	-0.237809247524884
chr17	39500001	40000000	-0.020346052209931
chr17	40000001	40500000	-0.0604099486859274
chr17	40500001	41000000	0.0124254878582074
chr17	41000001	41500000	0.0138105175949634
chr17	41500001	42000000	-0.0366133568324102
chr17	42000001	42500000	-0.0675595267253791
chr17	42500001	43000000	-0.0891396472312373
chr17	43000001	43500000	-0.276814847917768
chr17	43500001	44000000	-0.122331729454752
chr17	44000001	44500000	-0.0953156500001294
chr17	44500001	45000000	-0.0863849776517496
chr17	45000001	45500000	-0.104774629079707
chr17	45500001	46000000	0.102071951901832
chr17	47000001	47500000	0.0179007649776374
chr17	47500001	48000000	-0.12968037252683
chr17	48000001	48500000	-0.0582902888309573
chr17	48500001	49000000	-0.0173025443913484
chr17	49000001	49500000	-0.0864195174258745
chr17	49500001	50000000	-0.00673345699889798
chr17	50000001	50500000	0.0610862222319703
chr17	50500001	51000000	-0.0707337289041554
chr17	51000001	51500000	-0.0147738328444744
chr17	51500001	52000000	-0.0711287960858864
chr17	52000001	52500000	0.0283172256651886
chr17	52500001	53000000	-0.11944416413102
chr17	53000001	53500000	-0.0849297464999771
chr17	53500001	54000000	-0.027435133140198
chr17	54000001	54500000	-0.0360376329864598
chr17	54500001	55000000	-0.087117260990468
chr17	55000001	55500000	-0.057610892061297
chr17	55500001	56000000	-0.032153631363444
chr17	56000001	56500000	0.0132805914591855
chr17	56500001	57000000	-0.048416102690192
chr17	57000001	57500000	-0.0514289593133467
chr17	57500001	58000000	-0.0530043965608113
chr17	58000001	58500000	0.0146496186215102
chr17	58500001	59000000	-0.0533313878901944
chr17	59000001	59500000	-0.127893082357328
chr17	59500001	60000000	-0.0841414989224675
chr17	60000001	60500000	-0.148778029426535
chr17	60500001	61000000	-0.0837620225673638
chr17	61000001	61500000	-0.102842665005483
chr17	61500001	62000000	-0.116540424445899
chr17	62000001	62500000	0.293736531033561
chr17	62500001	63000000	0.00204769700387296
chr17	63000001	63500000	-0.0390216921898086
chr17	63500001	64000000	0.084402715574708
chr17	64000001	64500000	0.0799440063740304
chr17	64500001	65000000	-0.145189288397117
chr17	65000001	65500000	-0.00439734419403412
chr17	65500001	66000000	-0.0670678653801442
chr17	66000001	66500000	-0.00404964716631473
chr17	66500001	67000000	0.0355606106849075
chr17	67000001	67500000	-0.0152261847621281
chr17	67500001	68000000	0.00610873580681416
chr17	68000001	68500000	0.142123250945059
chr17	68500001	69000000	0.0146690097755146
chr17	69000001	69500000	0.0767713499428216
chr17	69500001	70000000	0.0155922266171514
chr17	70000001	70500000	0.0838229939373228
chr17	70500001	71000000	-0.0226187287842022
chr17	71000001	71500000	0.0505931305681904
chr17	71500001	72000000	0.00481741795787706
chr17	72000001	72500000	0.0556404072854372
chr17	72500001	73000000	0.034455937434498
chr17	73000001	73500000	0.104055759831798
chr17	73500001	74000000	0.0295839572183871
chr17	74000001	74500000	-0.00654734633769943
chr17	74500001	75000000	0.099269989738226
chr17	75000001	75500000	0.072393853631544
chr17	75500001	76000000	0.0325864198509925
chr17	76000001	76500000	0.0484317288370106
chr17	76500001	77000000	0.0683904065360474
chr17	77000001	77500000	-0.0380478414341632
chr17	77500001	78000000	-0.0136533256947435
chr17	78000001	78500000	0.0162362338233758
chr17	78500001	79000000	-0.071925941562196
chr17	79000001	79500000	-0.066844987442293
chr17	79500001	80000000	-0.0365094199661567
chr17	80000001	80500000	-0.103159076657499
chr17	80500001	81000000	-0.105130018432115
chr17	81000001	81500000	NA
chr17	81500001	82000000	NA
chr17	82000001	82500000	0.0836627389726974
chr17	82500001	83000000	0.00324287036270239
chr17	83000001	83500000	NA
chr18	1	500000	NA
chr18	500001	1000000	-0.0688967420723267
chr18	1000001	1500000	-0.0986475020837411
chr18	1500001	2000000	-0.0587910206414907
chr18	2000001	2500000	-0.0213089920576992
chr18	2500001	3000000	0.13581393747885
chr18	3000001	3500000	-0.0176375026436694
chr18	3500001	4000000	-0.0394872969297949
chr18	4000001	4500000	-0.0204366654969751
chr18	4500001	5000000	-0.0317346291373489
chr18	5000001	5500000	-0.0597830559231249
chr18	5500001	6000000	0.0528964133942737
chr18	6000001	6500000	-0.00174831410274789
chr18	6500001	7000000	-0.0308924981218074
chr18	7000001	7500000	0.0452765368841993
chr18	7500001	8000000	-0.0721166248776925
chr18	8000001	8500000	0.0629986503474334
chr18	8500001	9000000	0.0317823743680725
chr18	9000001	9500000	0.134937037352027
chr18	9500001	10000000	0.0986416988017673
chr18	10000001	10500000	0.0324536249032613
chr18	10500001	11000000	-0.0224668954296991
chr18	11000001	11500000	0.00434906791539956
chr18	11500001	12000000	0.030327946185439
chr18	12000001	12500000	-0.154899579644811
chr18	12500001	13000000	-0.0407091844226554
chr18	13000001	13500000	-0.0265622918635821
chr18	13500001	14000000	0.144883421460853
chr18	22000001	22500000	0.0481112997714129
chr18	22500001	23000000	0.0697380817172106
chr18	23000001	23500000	-0.0118106748936852
chr18	23500001	24000000	0.0273576046718191
chr18	24000001	24500000	0.0689245280121435
chr18	24500001	25000000	0.0519753039600616
chr18	25000001	25500000	0.0477376995378814
chr18	25500001	26000000	0.0564990110717327
chr18	26000001	26500000	-0.0108301891755264
chr18	26500001	27000000	-0.0447489131717976
chr18	27000001	27500000	0.0375866800091178
chr18	27500001	28000000	0.0893400641811521
chr18	28000001	28500000	0.109870755146636
chr18	28500001	29000000	-0.0383595552081901
chr18	29000001	29500000	0.0838659183532799
chr18	29500001	30000000	0.159527762627025
chr18	30000001	30500000	0.0960511858930899
chr18	30500001	31000000	0.0809194969640361
chr18	31000001	31500000	0.0762798862779256
chr18	31500001	32000000	0.127353901471625
chr18	32000001	32500000	0.155725076098916
chr18	32500001	33000000	0.0632989966714139
chr18	33000001	33500000	0.130414405039242
chr18	33500001	34000000	0.115863840755519
chr18	34000001	34500000	0.130548376471487
chr18	34500001	35000000	0.0775348042923795
chr18	35000001	35500000	0.156935654183518
chr18	35500001	36000000	0.191780060225651
chr18	36000001	36500000	0.139264581508455
chr18	36500001	37000000	0.00212561583271981
chr18	37000001	37500000	0.00302347691540425
chr18	37500001	38000000	0.00112927523160259
chr18	38000001	38500000	-0.00583762425657226
chr18	38500001	39000000	-0.0828978542578901
chr18	39000001	39500000	-0.0482033636753334
chr18	39500001	40000000	0.0205960694116612
chr18	40000001	40500000	0.0348868608435651
chr18	40500001	41000000	-0.00859259725211386
chr18	41000001	41500000	-0.0340270975101516
chr18	41500001	42000000	0.00853223197468197
chr18	42000001	42500000	-0.0110547185233778
chr18	42500001	43000000	-0.0644641921640928
chr18	43000001	43500000	-0.0672272038121851
chr18	43500001	44000000	-0.0592038310994596
chr18	44000001	44500000	-0.0817379535171589
chr18	44500001	45000000	-0.04085483037846
chr18	45000001	45500000	-0.0226843586335919
chr18	45500001	46000000	-0.0307343535984821
chr18	46000001	46500000	0.074709615262465
chr18	46500001	47000000	NA
chr18	47000001	47500000	NA
chr18	47500001	48000000	0.00231874836608599
chr18	48000001	48500000	-0.0424266855435257
chr18	48500001	49000000	0.00386030116724207
chr18	49000001	49500000	0.0554545382957409
chr18	49500001	50000000	0.0530061533650093
chr18	50000001	50500000	0.00292373764985219
chr18	50500001	51000000	-0.0787713353349414
chr18	51000001	51500000	0.0635116327764256
chr18	51500001	52000000	-0.0218807801390902
chr18	52000001	52500000	-0.112542291314384
chr18	52500001	53000000	-0.0548288026564595
chr18	53000001	53500000	0.0214537814509909
chr18	53500001	54000000	-0.00987311167048754
chr18	54000001	54500000	-0.0249291485185367
chr18	54500001	55000000	NA
chr18	55000001	55500000	-0.0992542510862733
chr18	55500001	56000000	-0.0214009655363147
chr18	56000001	56500000	0.0881991402033681
chr18	56500001	57000000	-0.0523149786927609
chr18	57000001	57500000	0.0532206390451237
chr18	57500001	58000000	-0.0665158947409411
chr18	58000001	58500000	-0.115962592269254
chr18	58500001	59000000	-0.0550801978609781
chr18	59000001	59500000	0.081920488972988
chr18	59500001	60000000	0.00134259451491889
chr18	60000001	60500000	0.00522516966088227
chr18	60500001	61000000	0.0155384577657284
chr18	61000001	61500000	-0.00447009137706153
chr18	61500001	62000000	-0.095954822602428
chr18	62000001	62500000	0.0445841727892556
chr18	62500001	63000000	-0.112070422282286
chr18	63000001	63500000	-0.0816897554327165
chr18	63500001	64000000	-0.0930680698602792
chr18	64000001	64500000	0.0158244098527687
chr18	64500001	65000000	-0.0581794639551912
chr18	65000001	65500000	-0.055135057006618
chr18	65500001	66000000	-0.0380644137678605
chr18	66000001	66500000	-0.0685836775567965
chr18	66500001	67000000	-0.0121043506225608
chr18	67000001	67500000	-0.0685361221550712
chr18	67500001	68000000	0.0344110960134139
chr18	68000001	68500000	-0.00520922492977529
chr18	68500001	69000000	-0.115861467411164
chr18	69000001	69500000	0.0649240447745939
chr18	69500001	70000000	0.0175864425273822
chr18	70000001	70500000	0.0488475243207475
chr18	70500001	71000000	0.0291587035077886
chr18	71000001	71500000	-0.0807108864666194
chr18	71500001	72000000	-0.101907091542786
chr18	72000001	72500000	-0.0942467302650277
chr18	72500001	73000000	-0.0915591031225062
chr18	73000001	73500000	-0.0843275459394744
chr18	73500001	74000000	0.00443542926141589
chr18	74000001	74500000	-3.49642997045478e-05
chr18	74500001	75000000	-0.0584614691554773
chr18	75000001	75500000	-0.0321812453359439
chr18	75500001	76000000	-0.0112201077181665
chr18	76000001	76500000	-0.0963822910481788
chr18	76500001	77000000	-0.0406306619286629
chr18	77000001	77500000	0.0137354558261794
chr18	77500001	78000000	0.024038000537595
chr18	78000001	78500000	-0.102191662887509
chr18	78500001	79000000	-0.0550220258970365
chr18	79000001	79500000	-0.108901339658908
chr18	79500001	80000000	-0.0360945211618687
chr19	500001	1000000	NA
chr19	1000001	1500000	NA
chr19	1500001	2000000	-0.163298302603862
chr19	2000001	2500000	0.000590309892485763
chr19	2500001	3000000	-0.0727057873365734
chr19	3000001	3500000	-0.105962804674475
chr19	3500001	4000000	-0.0723051963747216
chr19	4000001	4500000	-0.00792282671815359
chr19	4500001	5000000	-0.0738969704979482
chr19	5000001	5500000	-0.0557562306236187
chr19	5500001	6000000	-0.111928494466777
chr19	6000001	6500000	-0.0804458632230922
chr19	6500001	7000000	-0.00643797087005188
chr19	7000001	7500000	-0.0246513383404559
chr19	7500001	8000000	-0.0136511778640128
chr19	8000001	8500000	-0.0590136346158932
chr19	8500001	9000000	-0.255812461182769
chr19	9000001	9500000	-0.0871095160353048
chr19	9500001	10000000	-0.0590337462903949
chr19	10000001	10500000	-0.101388090619348
chr19	10500001	11000000	-0.047175551741069
chr19	11000001	11500000	-0.0376138516704554
chr19	11500001	12000000	-0.0500509581246279
chr19	12000001	12500000	0.0236515283151335
chr19	12500001	13000000	0.119654586310809
chr19	13000001	13500000	0.0337029101271279
chr19	13500001	14000000	0.02270514387413
chr19	14000001	14500000	0.0706935330013517
chr19	14500001	15000000	0.108160057691455
chr19	15000001	15500000	-0.0260576417203983
chr19	15500001	16000000	0.113940205934145
chr19	16000001	16500000	0.0259820729018277
chr19	16500001	17000000	0.119763482346256
chr19	17000001	17500000	0.0507163241173988
chr19	17500001	18000000	0.0466063966146844
chr19	18000001	18500000	0.102543773182042
chr19	18500001	19000000	0.0243118114324077
chr19	19000001	19500000	0.0439337790985019
chr19	19500001	20000000	0.0118536628655919
chr19	20000001	20500000	-0.0844868399637901
chr19	20500001	21000000	0.124944263965358
chr19	21000001	21500000	0.021639696467811
chr19	21500001	22000000	0.207938673796252
chr19	22000001	22500000	-0.00153696811930893
chr19	22500001	23000000	-0.0150220759308919
chr19	23000001	23500000	0.0790065639892665
chr19	23500001	24000000	-0.0197634705431492
chr19	28500001	29000000	0.0520557382587785
chr19	29000001	29500000	0.0170121163124623
chr19	29500001	30000000	-0.0607338512113871
chr19	30000001	30500000	0.0454368462851081
chr19	30500001	31000000	0.0164941807233498
chr19	31000001	31500000	0.00641665102734691
chr19	31500001	32000000	0.0325721865750033
chr19	32000001	32500000	0.0540615748408516
chr19	32500001	33000000	-0.0459939461538385
chr19	33000001	33500000	0.0756640134289102
chr19	33500001	34000000	-0.0516949508069533
chr19	34000001	34500000	-0.0515430864158131
chr19	34500001	35000000	-0.0725056152546622
chr19	35000001	35500000	0.090978103839441
chr19	35500001	36000000	0.0488904328143635
chr19	36000001	36500000	-0.119596270806885
chr19	36500001	37000000	0.120802079741389
chr19	37000001	37500000	-0.124432200646843
chr19	37500001	38000000	-0.0339788633708672
chr19	38000001	38500000	0.00974947141180718
chr19	38500001	39000000	0.0156376844171097
chr19	39000001	39500000	0.0211779893617201
chr19	39500001	40000000	0.07812574332184
chr19	40000001	40500000	-0.0110254039593133
chr19	40500001	41000000	0.0606943426711477
chr19	41000001	41500000	0.0317422834043455
chr19	41500001	42000000	0.094897376009588
chr19	42000001	42500000	0.0326861201090186
chr19	43500001	44000000	0.0347711519073386
chr19	44000001	44500000	0.132004457827337
chr19	44500001	45000000	0.026354242161211
chr19	45000001	45500000	-0.0898939955587736
chr19	45500001	46000000	0.0412661813808774
chr19	46000001	46500000	-0.114287459846423
chr19	46500001	47000000	0.0672958764321189
chr19	47000001	47500000	0.120162389054308
chr19	47500001	48000000	-0.00118528186199124
chr19	48000001	48500000	0.0711965570836342
chr19	48500001	49000000	0.0836488987786206
chr19	49000001	49500000	0.0561522211655074
chr19	49500001	50000000	0.0528933379026544
chr19	50000001	50500000	-0.0480779364760939
chr19	50500001	51000000	0.0265846919890139
chr19	51000001	51500000	0.0330338178635891
chr19	51500001	52000000	0.153508401835526
chr19	52000001	52500000	0.0825702305098562
chr19	52500001	53000000	-0.0160247699367358
chr19	53000001	53500000	0.0995970816094791
chr19	53500001	54000000	-0.0847291584386274
chr19	54000001	54500000	0.0894738186064689
chr19	54500001	55000000	-0.016465872963295
chr19	55000001	55500000	0.00758825660664844
chr19	55500001	56000000	-0.00585661502619395
chr19	56000001	56500000	-0.0749618400137549
chr19	56500001	57000000	0.0316804375033549
chr19	57000001	57500000	0.088522194603835
chr19	57500001	58000000	0.0670940360784203
chr19	58000001	58500000	0.0163278477131503
chr20	1	500000	NA
chr20	500001	1000000	-0.00581061734065409
chr20	1000001	1500000	0.0363480789264828
chr20	1500001	2000000	0.114996651020946
chr20	2000001	2500000	0.0734276424012502
chr20	2500001	3000000	0.0646975902262382
chr20	3000001	3500000	-0.00876639485335053
chr20	3500001	4000000	0.0420447736663159
chr20	4000001	4500000	0.00947885630956381
chr20	4500001	5000000	0.0423645448386026
chr20	5000001	5500000	0.114028932843956
chr20	5500001	6000000	0.138378605203017
chr20	6000001	6500000	-0.0454518359536617
chr20	6500001	7000000	-0.0222452827150364
chr20	7000001	7500000	-0.020269692826833
chr20	7500001	8000000	0.0257151947219476
chr20	8000001	8500000	0.0107866112111387
chr20	8500001	9000000	0.0284452700038605
chr20	9000001	9500000	0.05595088458737
chr20	9500001	10000000	-0.125149355836937
chr20	10000001	10500000	0.075452512392896
chr20	10500001	11000000	0.0707144426624472
chr20	11000001	11500000	-0.063435076208262
chr20	11500001	12000000	0.0638758761431317
chr20	12000001	12500000	0.047079434077999
chr20	12500001	13000000	-0.00497770564394878
chr20	13000001	13500000	0.0176037396527066
chr20	13500001	14000000	0.065591394656808
chr20	14000001	14500000	0.0658189601721623
chr20	14500001	15000000	-0.0519479752569621
chr20	15000001	15500000	-0.00769720924856345
chr20	15500001	16000000	0.0578896786645339
chr20	16000001	16500000	0.0820621485080055
chr20	16500001	17000000	0.0453622610073646
chr20	17000001	17500000	0.0329988930941105
chr20	17500001	18000000	0.0357708794665395
chr20	18000001	18500000	-0.00420193640278669
chr20	18500001	19000000	-0.0239951355297649
chr20	19000001	19500000	0.0304285321951628
chr20	19500001	20000000	-0.0590242245221399
chr20	20000001	20500000	0.0522673985352462
chr20	20500001	21000000	0.0578604594851108
chr20	21000001	21500000	-0.0678682816650877
chr20	21500001	22000000	0.00219029378758197
chr20	22000001	22500000	0.0297650451991516
chr20	22500001	23000000	-0.0233798695875743
chr20	23000001	23500000	0.0713462079312279
chr20	23500001	24000000	0.0819136079748152
chr20	24000001	24500000	0.02736132502503
chr20	24500001	25000000	-0.104534431182067
chr20	25000001	25500000	-0.0105060791937264
chr20	31500001	32000000	0.0126081201743684
chr20	32000001	32500000	0.131714225568793
chr20	32500001	33000000	0.047833680072152
chr20	33000001	33500000	0.02625002797132
chr20	33500001	34000000	0.0673855664860177
chr20	34000001	34500000	0.0523147804590685
chr20	34500001	35000000	0.0862289048876489
chr20	35000001	35500000	0.125603003688642
chr20	35500001	36000000	0.040338659909412
chr20	36000001	36500000	NA
chr20	36500001	37000000	-0.0530194420158198
chr20	37000001	37500000	0.042995094983044
chr20	37500001	38000000	0.0509035124698072
chr20	38000001	38500000	0.0520649665633988
chr20	38500001	39000000	-0.0456256786726129
chr20	39000001	39500000	0.0574199756101565
chr20	39500001	40000000	-0.0324595968203255
chr20	40000001	40500000	-0.0306210707747962
chr20	40500001	41000000	0.0663150325093141
chr20	41000001	41500000	-0.00319950444315738
chr20	41500001	42000000	0.0133804507481021
chr20	42000001	42500000	0.0471352892874374
chr20	42500001	43000000	-0.0557502519262151
chr20	43000001	43500000	-0.0505915899172073
chr20	43500001	44000000	0.075528383175969
chr20	44000001	44500000	-0.0342604279618203
chr20	44500001	45000000	-0.0200140668948146
chr20	45000001	45500000	0.0750537019176171
chr20	45500001	46000000	0.0235075809611781
chr20	46000001	46500000	-0.0227324120134362
chr20	46500001	47000000	0.127095806818331
chr20	47000001	47500000	-0.0332378430050528
chr20	47500001	48000000	0.0848540831374072
chr20	48000001	48500000	-0.00545174666052212
chr20	48500001	49000000	0.0906206474473959
chr20	49000001	49500000	0.124397361655727
chr20	49500001	50000000	0.153809869842354
chr20	50000001	50500000	0.101773802851423
chr20	50500001	51000000	-0.0286190515421995
chr20	51000001	51500000	-0.0831297242821357
chr20	51500001	52000000	-0.108489913664325
chr20	52000001	52500000	0.0522106214492223
chr20	52500001	53000000	0.0815159174563085
chr20	53000001	53500000	-0.0211825283776103
chr20	53500001	54000000	0.0960960734645312
chr20	54000001	54500000	-0.0314921622110545
chr20	54500001	55000000	-0.00103507060408822
chr20	55000001	55500000	0.0121400006696149
chr20	55500001	56000000	-0.0891403830876557
chr20	56000001	56500000	-0.0303899302936163
chr20	56500001	57000000	-0.0247594998154296
chr20	57000001	57500000	-0.0504479232013712
chr20	57500001	58000000	-0.0371450619475509
chr20	58000001	58500000	0.0358325828415097
chr20	58500001	59000000	-0.023997414436186
chr20	59000001	59500000	0.0197384745655954
chr20	59500001	60000000	0.0301223354286938
chr20	60000001	60500000	0.0900267456859651
chr20	60500001	61000000	-0.0234413759002486
chr20	61000001	61500000	-0.0139119231725379
chr20	61500001	62000000	-0.0945070317703806
chr20	62000001	62500000	0.0428420999018326
chr20	62500001	63000000	0.0114458890977526
chr20	63000001	63500000	0.0612836999563456
chr20	63500001	64000000	0.0190943187166561
chr21	14000001	14500000	-0.0356759943977683
chr21	14500001	15000000	0.119713376392653
chr21	15000001	15500000	-0.0970972272652024
chr21	15500001	16000000	-0.0425360859922859
chr21	16000001	16500000	0.0327665544212004
chr21	16500001	17000000	0.0367488494030722
chr21	17000001	17500000	0.0504807733429045
chr21	17500001	18000000	0.00793167508235854
chr21	18000001	18500000	-0.0354279353407351
chr21	18500001	19000000	-0.00830832175645992
chr21	19000001	19500000	0.109620343430851
chr21	19500001	20000000	0.00539232137491599
chr21	20000001	20500000	-0.044389219645994
chr21	20500001	21000000	0.0265249743037163
chr21	21000001	21500000	0.0593203604862865
chr21	21500001	22000000	-0.0341545860573497
chr21	22000001	22500000	0.0718634941600023
chr21	22500001	23000000	0.0306518108997786
chr21	23000001	23500000	-0.0133464091174381
chr21	23500001	24000000	0.084299641146818
chr21	24000001	24500000	-0.0176718983141933
chr21	24500001	25000000	0.0169067259028817
chr21	25000001	25500000	0.0443613425567045
chr21	25500001	26000000	0.0325326492786002
chr21	26000001	26500000	-0.104013335385744
chr21	26500001	27000000	-0.0305798325795922
chr21	27000001	27500000	-0.0899787948474524
chr21	27500001	28000000	-0.0127979757801534
chr21	28000001	28500000	0.0122957904722591
chr21	28500001	29000000	-0.0234662722494977
chr21	29000001	29500000	0.0639738183115888
chr21	29500001	30000000	-0.0289971290832751
chr21	30000001	30500000	-0.0906750889882943
chr21	30500001	31000000	0.0189997860851333
chr21	31000001	31500000	0.00581598052257105
chr21	31500001	32000000	NA
chr21	32000001	32500000	0.0363389640782726
chr21	32500001	33000000	-0.00552175907463994
chr21	33000001	33500000	-0.0383116182824587
chr21	33500001	34000000	-0.0562135901740809
chr21	34000001	34500000	-0.223507058254541
chr21	34500001	35000000	0.119747899969958
chr21	35000001	35500000	0.0794233099751057
chr21	35500001	36000000	0.0135768372603058
chr21	36000001	36500000	-0.0568602011730645
chr21	36500001	37000000	0.0577045855133686
chr21	37000001	37500000	0.0324304307406258
chr21	37500001	38000000	0.0362809809014677
chr21	38000001	38500000	0.0836139365048033
chr21	38500001	39000000	NA
chr21	39000001	39500000	-0.0367989394516828
chr21	39500001	40000000	0.0156547817596064
chr21	40000001	40500000	0.075071445366496
chr21	40500001	41000000	-0.00408974400761648
chr21	41000001	41500000	-0.0571875748935469
chr21	41500001	42000000	NA
chr21	42000001	42500000	-0.0142575990983447
chr21	42500001	43000000	NA
chr21	43500001	44000000	-0.0315775811383991
chr21	44000001	44500000	-0.37734381959894
chr21	44500001	45000000	-0.0860224427981039
chr21	45000001	45500000	-0.032072854404994
chr21	45500001	46000000	0.0557026770570762
chr21	46000001	46500000	-0.0282266852077072
chr21	46500001	47000000	NA
chr22	17500001	18000000	0.0461694741236902
chr22	19000001	19500000	0.119471816605074
chr22	19500001	20000000	-0.0266625540099027
chr22	20000001	20500000	0.0411424939633583
chr22	20500001	21000000	0.00552411439416069
chr22	21500001	22000000	-0.101409568814337
chr22	22000001	22500000	0.240797443681542
chr22	22500001	23000000	-0.0287037820332987
chr22	23000001	23500000	0.0487068535222832
chr22	23500001	24000000	0.0748526980426557
chr22	24000001	24500000	0.138782898333148
chr22	24500001	25000000	0.183490812652599
chr22	25000001	25500000	-0.0367940603671786
chr22	25500001	26000000	0.0662441348552008
chr22	26000001	26500000	0.0219890876727124
chr22	26500001	27000000	0.0061765806232873
chr22	27000001	27500000	-0.00632315635972437
chr22	27500001	28000000	-0.0356246722938815
chr22	28000001	28500000	-0.00996571892811461
chr22	28500001	29000000	-0.0629424198224136
chr22	29000001	29500000	-0.0356200222259289
chr22	29500001	30000000	-0.0480899866819533
chr22	30000001	30500000	0.0770575033532524
chr22	30500001	31000000	-0.0707442442170471
chr22	31000001	31500000	0.0822484608803222
chr22	31500001	32000000	-0.0700268212118658
chr22	32000001	32500000	0.0832916170542422
chr22	32500001	33000000	-0.0359541839604013
chr22	33000001	33500000	0.0202749063281708
chr22	33500001	34000000	-0.0529023245415634
chr22	34000001	34500000	-0.07784637665094
chr22	34500001	35000000	0.0228285938378253
chr22	35000001	35500000	-0.0389425048770442
chr22	35500001	36000000	0.0241424908003409
chr22	36000001	36500000	0.0824807248536846
chr22	36500001	37000000	0.160225999549697
chr22	37000001	37500000	0.0672116410782824
chr22	37500001	38000000	-0.0352399477518135
chr22	38000001	38500000	-0.0472922802112959
chr22	38500001	39000000	-0.0404855602288575
chr22	39000001	39500000	-0.00403550280537701
chr22	39500001	40000000	0.0408500307344457
chr22	40000001	40500000	0.0119547935035148
chr22	40500001	41000000	0.0338827616945752
chr22	41000001	41500000	0.0635163552314746
chr22	41500001	42000000	0.0191967402936376
chr22	42000001	42500000	-0.0615187847224479
chr22	42500001	43000000	-0.00582842904056688
chr22	43000001	43500000	-0.0948074253646543
chr22	43500001	44000000	-0.164521792918143
chr22	44000001	44500000	-0.0973166757604464
chr22	44500001	45000000	-0.165911727580429
chr22	45000001	45500000	-0.157478143076799
chr22	45500001	46000000	-0.118083974333417
chr22	46000001	46500000	-0.166699451445695
chr22	46500001	47000000	-0.076646816945395
chr22	47000001	47500000	-0.0971151559522655
chr22	47500001	48000000	-0.129953920866503
chr22	48000001	48500000	-0.253367006584282
chr22	48500001	49000000	-0.0825335318533191
chr22	49000001	49500000	-0.12802682392431
chr22	49500001	50000000	NA
chr22	50000001	50500000	-0.0819998183057368
chr22	50500001	51000000	NA
chrX	3000001	3500000	0.0750965566306657
chrX	3500001	4000000	-0.24719632968247
chrX	4000001	4500000	0.142851002618368
chrX	4500001	5000000	0.111107853183202
chrX	5000001	5500000	0.0712496844433211
chrX	5500001	6000000	-0.00776932840610212
chrX	6000001	6500000	0.0413376453181195
chrX	6500001	7000000	0.159789593208496
chrX	7000001	7500000	0.040337897239928
chrX	7500001	8000000	-0.00763941960071791
chrX	8000001	8500000	0.162386145247738
chrX	8500001	9000000	0.0458657427649231
chrX	9000001	9500000	0.116447910190345
chrX	9500001	10000000	0.0245213374165036
chrX	10000001	10500000	0.0107787683528777
chrX	10500001	11000000	-0.00987083846754486
chrX	11000001	11500000	0.0443996462210031
chrX	11500001	12000000	-0.00968517033709666
chrX	12000001	12500000	-0.0346942682090948
chrX	12500001	13000000	0.061885676072233
chrX	13000001	13500000	0.0284711081633311
chrX	13500001	14000000	0.0664867714103712
chrX	14000001	14500000	0.0888378471107521
chrX	14500001	15000000	0.12826955089873
chrX	15000001	15500000	0.0522497256077396
chrX	15500001	16000000	0.0993238254639886
chrX	16000001	16500000	0.108537121771242
chrX	16500001	17000000	0.032944345398295
chrX	17000001	17500000	0.15382553065607
chrX	17500001	18000000	0.0914860830756493
chrX	18000001	18500000	0.136568205203118
chrX	18500001	19000000	0.143790590730916
chrX	19000001	19500000	0.146989191503995
chrX	19500001	20000000	0.197513260383348
chrX	20000001	20500000	0.16036660637188
chrX	20500001	21000000	0.060617150575712
chrX	21000001	21500000	0.0952155695748903
chrX	21500001	22000000	0.183098720137999
chrX	22000001	22500000	0.13746155218238
chrX	22500001	23000000	0.0734076236479763
chrX	23000001	23500000	0.133516096243103
chrX	23500001	24000000	0.118419130133006
chrX	24000001	24500000	0.172272355327341
chrX	24500001	25000000	0.171275048974316
chrX	25000001	25500000	0.0848263254692994
chrX	25500001	26000000	0.234879574827737
chrX	26000001	26500000	0.142543960930005
chrX	26500001	27000000	0.0803399087411943
chrX	27000001	27500000	0.136740232100583
chrX	27500001	28000000	0.111340464635854
chrX	28000001	28500000	0.186865824029711
chrX	28500001	29000000	-0.00859871656261655
chrX	29000001	29500000	0.177566507678529
chrX	29500001	30000000	0.160545713668843
chrX	30000001	30500000	0.06691078981244
chrX	30500001	31000000	0.0123225586855644
chrX	31000001	31500000	-0.0723798691903779
chrX	31500001	32000000	-0.0168015590167018
chrX	32000001	32500000	-0.0358655468980273
chrX	32500001	33000000	-0.0489934341185638
chrX	33000001	33500000	-0.0914094214050266
chrX	33500001	34000000	-0.0964251509878588
chrX	34000001	34500000	0.00382081547479984
chrX	34500001	35000000	-0.0988537324165958
chrX	35000001	35500000	-0.0318793921300874
chrX	35500001	36000000	-0.0520351946533314
chrX	36000001	36500000	-0.0631353572469517
chrX	36500001	37000000	-0.142041840862022
chrX	37500001	38000000	-0.0451449391593853
chrX	38000001	38500000	-0.049353198984637
chrX	38500001	39000000	-0.0360494478278569
chrX	39000001	39500000	-0.00677741064321391
chrX	39500001	40000000	-0.0313987119614801
chrX	40000001	40500000	0.0237046382106208
chrX	40500001	41000000	-0.0324930851606734
chrX	41000001	41500000	-0.0924232524938117
chrX	41500001	42000000	-0.0883915189099444
chrX	42000001	42500000	-0.00155907787658856
chrX	42500001	43000000	-0.00696933916763873
chrX	43000001	43500000	-0.0148380045154847
chrX	43500001	44000000	-0.00871956786503161
chrX	44000001	44500000	-0.0580672359612323
chrX	44500001	45000000	-0.102107973640756
chrX	45000001	45500000	-0.0934259453800684
chrX	45500001	46000000	-0.0724966136823632
chrX	46000001	46500000	-0.0646505297930425
chrX	46500001	47000000	0.127440586142107
chrX	47000001	47500000	-0.0576882811594608
chrX	47500001	48000000	0.0691832208260488
chrX	48500001	49000000	0.108412210785418
chrX	49500001	50000000	NA
chrX	50000001	50500000	NA
chrX	50500001	51000000	-0.089229161076136
chrX	51000001	51500000	0.043419715954036
chrX	51500001	52000000	-0.0715231422163979
chrX	52000001	52500000	-0.146999773246078
chrX	53000001	53500000	-0.0419476169248234
chrX	53500001	54000000	-0.039559623037456
chrX	54000001	54500000	-0.0836488892204458
chrX	54500001	55000000	0.0126952823970722
chrX	55000001	55500000	-0.167451575681874
chrX	55500001	56000000	-0.1017019307345
chrX	56000001	56500000	0.106158877133433
chrX	56500001	57000000	-0.0239019334584046
chrX	57000001	57500000	-0.0466563961306177
chrX	64000001	64500000	0.031255701596646
chrX	64500001	65000000	-0.000324834963765337
chrX	65000001	65500000	-0.0229216623954056
chrX	65500001	66000000	-0.0131813391888597
chrX	66000001	66500000	-0.0079626429067425
chrX	66500001	67000000	-0.0607839974773992
chrX	67000001	67500000	-0.0424618857650711
chrX	67500001	68000000	-0.0745317262822859
chrX	68000001	68500000	0.00708499005617682
chrX	68500001	69000000	-0.105804015365802
chrX	69000001	69500000	-0.00149052846928562
chrX	69500001	70000000	-0.0168538767713283
chrX	70000001	70500000	0.0349026274022054
chrX	70500001	71000000	-0.132636375262851
chrX	71000001	71500000	-0.0228699811011119
chrX	71500001	72000000	-0.222814567279396
chrX	72000001	72500000	-0.0118304198159747
chrX	73000001	73500000	-0.0343529536402693
chrX	73500001	74000000	-0.128515560914484
chrX	74000001	74500000	-0.0811218568314725
chrX	74500001	75000000	-0.0526215823761624
chrX	75000001	75500000	0.065925972891954
chrX	75500001	76000000	-0.00621660785677756
chrX	76000001	76500000	-0.0590403749309645
chrX	76500001	77000000	0.0131537214000565
chrX	77000001	77500000	0.00809677740896841
chrX	77500001	78000000	-0.133732727164288
chrX	78000001	78500000	-0.0886814420968166
chrX	78500001	79000000	-0.0422019549967566
chrX	79000001	79500000	0.00292961587548976
chrX	79500001	80000000	0.0166003417790734
chrX	80000001	80500000	0.0727428854621603
chrX	80500001	81000000	0.0211699444042337
chrX	81000001	81500000	-0.00701876148603867
chrX	81500001	82000000	0.0389446769656796
chrX	82000001	82500000	0.00185622014481127
chrX	82500001	83000000	0.0286516172135995
chrX	83000001	83500000	0.0385070364163786
chrX	83500001	84000000	0.0303782374449562
chrX	84000001	84500000	-0.0184687301129249
chrX	84500001	85000000	-0.0652193698311064
chrX	85000001	85500000	0.0288313847125226
chrX	85500001	86000000	-0.010626561697883
chrX	86000001	86500000	-0.0111283536336627
chrX	86500001	87000000	0.00751139209004911
chrX	87000001	87500000	0.00190516605119641
chrX	87500001	88000000	0.0560066417694891
chrX	88000001	88500000	0.0332401884283471
chrX	88500001	89000000	0.0256118856739655
chrX	91000001	91500000	0.0454324040319055
chrX	93000001	93500000	0.0802852316800347
chrX	93500001	94000000	0.0341826841030044
chrX	94000001	94500000	0.0597339859643532
chrX	94500001	95000000	-0.0156452701396187
chrX	95000001	95500000	0.0399221054582344
chrX	95500001	96000000	0.0555130178563094
chrX	96000001	96500000	0.0315365447491349
chrX	96500001	97000000	-0.0218096982490895
chrX	97000001	97500000	-0.0252555865757716
chrX	97500001	98000000	0.0122848329375547
chrX	98000001	98500000	-0.00929725972356065
chrX	98500001	99000000	-0.0398802273163048
chrX	99000001	99500000	0.0187292993892005
chrX	99500001	100000000	-0.0311293633834022
chrX	100000001	100500000	-0.0139292828403735
chrX	100500001	101000000	0.00617631989855416
chrX	101000001	101500000	-0.00241776743063509
chrX	101500001	102000000	0.027774579154804
chrX	102500001	103000000	0.0523400621202908
chrX	103000001	103500000	-0.00966433696134749
chrX	103500001	104000000	-0.0407649216970178
chrX	104000001	104500000	0.0474154740736074
chrX	104500001	105000000	0.0121364620873306
chrX	105000001	105500000	-0.0517669380372084
chrX	105500001	106000000	-0.0154025147042954
chrX	106000001	106500000	0.0417642827286006
chrX	106500001	107000000	-0.0341690698988313
chrX	107000001	107500000	0.0452007902577251
chrX	107500001	108000000	-0.0701842980185824
chrX	108000001	108500000	-0.0174578952312716
chrX	108500001	109000000	-0.00246688637073908
chrX	109000001	109500000	-0.0641143926599929
chrX	109500001	110000000	-0.0440995632888748
chrX	110000001	110500000	0.0428958800571373
chrX	110500001	111000000	-0.0225519370270073
chrX	111000001	111500000	0.00131138897813284
chrX	111500001	112000000	0.109529790150809
chrX	112000001	112500000	0.0248702735655971
chrX	112500001	113000000	0.051232007756527
chrX	113000001	113500000	0.0408407972175232
chrX	113500001	114000000	-0.00335210505071114
chrX	114000001	114500000	NA
chrX	114500001	115000000	-0.032707937693592
chrX	115000001	115500000	0.0555833898863537
chrX	116000001	116500000	-0.0146920930460502
chrX	116500001	117000000	NA
chrX	117000001	117500000	0.000437361312542007
chrX	117500001	118000000	0.0368660207764689
chrX	118000001	118500000	-0.0370944159932882
chrX	118500001	119000000	-0.0441128545616602
chrX	119000001	119500000	0.0171580032075728
chrX	119500001	120000000	0.0372911845868263
chrX	120000001	120500000	-0.104619753468881
chrX	121000001	121500000	-0.0182833355188484
chrX	121500001	122000000	-0.0317931272598847
chrX	122000001	122500000	0.0436752655007084
chrX	122500001	123000000	-0.0106861054791326
chrX	123000001	123500000	0.051772343741595
chrX	123500001	124000000	-0.0117588138710559
chrX	124000001	124500000	0.0282071180945566
chrX	124500001	125000000	0.00140475010826468
chrX	125000001	125500000	-0.0224220955617047
chrX	125500001	126000000	-0.0158341293599064
chrX	126000001	126500000	-0.0405735192729083
chrX	126500001	127000000	0.0592335137266255
chrX	127000001	127500000	0.0804913616896108
chrX	127500001	128000000	-0.0459860743868297
chrX	128000001	128500000	-0.0602687698465733
chrX	128500001	129000000	-0.00977386016891665
chrX	129000001	129500000	-0.00715631688702659
chrX	129500001	130000000	0.0831682495672787
chrX	130000001	130500000	0.0344410550839515
chrX	130500001	131000000	0.0028783376891123
chrX	131000001	131500000	-0.0330342385576061
chrX	131500001	132000000	-0.0140173480005225
chrX	132000001	132500000	-0.0344837057737654
chrX	132500001	133000000	-0.0428753098346721
chrX	133000001	133500000	0.0215571494138878
chrX	133500001	134000000	0.0180804326705544
chrX	134000001	134500000	0.0175892514414084
chrX	134500001	135000000	0.0040022634269687
chrX	135000001	135500000	-0.115592384577494
chrX	136000001	136500000	-0.027341105820039
chrX	136500001	137000000	-0.0335577558924226
chrX	137000001	137500000	-0.00510973927038082
chrX	137500001	138000000	-0.0195308702450244
chrX	138000001	138500000	0.0349206227064025
chrX	138500001	139000000	-0.0272404236217417
chrX	139000001	139500000	-0.00600924855858015
chrX	139500001	140000000	-0.051618607745254
chrX	140000001	140500000	-0.0603660564115314
chrX	140500001	141000000	-0.0272534440653579
chrX	141000001	141500000	-0.177225715857784
chrX	141500001	142000000	-0.165168474925262
chrX	142000001	142500000	0.0925106385582512
chrX	142500001	143000000	-0.0283228394158748
chrX	143000001	143500000	-0.0264404774168534
chrX	143500001	144000000	-0.00512486629016266
chrX	144500001	145000000	0.0398818840506456
chrX	145000001	145500000	0.0385176427942715
chrX	145500001	146000000	0.017198724633314
chrX	146000001	146500000	-0.0202718544121112
chrX	146500001	147000000	0.0330357235778703
chrX	147000001	147500000	0.0268863617519787
chrX	147500001	148000000	0.0287493549694178
chrX	148000001	148500000	0.105596708789503
chrX	148500001	149000000	0.0777448601808447
chrX	149000001	149500000	-0.063471162467714
chrX	149500001	150000000	-0.372440391836767
chrX	150000001	150500000	-0.011359572776812
chrX	150500001	151000000	0.0268342861503014
chrX	151000001	151500000	0.0500343959116063
chrX	151500001	152000000	0.00411228981242497
chrX	152000001	152500000	0.168340196677136
chrX	152500001	153000000	-0.139234171822579
chrX	153000001	153500000	-0.191292732774466
chrX	153500001	154000000	0.0224711218454914
chrX	154500001	155000000	-0.103040635095882
chrX	155000001	155500000	-0.168776660062232
