chr	start	end	log2_TNratio_corrected
chr1	1000001	1500000	NA
chr1	1500001	2000000	-0.0961939660126261
chr1	2000001	2500000	-0.0562261144698996
chr1	2500001	3000000	NA
chr1	3000001	3500000	-0.112948095287484
chr1	3500001	4000000	-0.0196606664964018
chr1	4000001	4500000	-0.146788427713215
chr1	4500001	5000000	0.0134937376045055
chr1	5000001	5500000	0.0243563522734268
chr1	5500001	6000000	-0.0449601297367774
chr1	6000001	6500000	-0.0603813746587547
chr1	6500001	7000000	-0.0180386594233082
chr1	7000001	7500000	-0.14451055461001
chr1	7500001	8000000	-0.0815310507748492
chr1	8000001	8500000	-0.0238925062345861
chr1	8500001	9000000	-0.0851832401032691
chr1	9000001	9500000	-0.0528219328280539
chr1	9500001	10000000	-0.0068298896295392
chr1	10000001	10500000	0.10879661825917
chr1	10500001	11000000	-0.0776745436109481
chr1	11000001	11500000	0.00214484449517735
chr1	11500001	12000000	0.000965095564956393
chr1	12000001	12500000	0.0237348601193609
chr1	13500001	14000000	0.0427515808536005
chr1	14000001	14500000	-0.106149525901457
chr1	14500001	15000000	-0.0691189119944729
chr1	15000001	15500000	-0.0379802242254125
chr1	15500001	16000000	-0.0557349207232882
chr1	16000001	16500000	-0.0188884918343201
chr1	17000001	17500000	0.0147513594670104
chr1	17500001	18000000	-0.0254406477257726
chr1	18000001	18500000	0.0524893414728501
chr1	18500001	19000000	-0.0941478765814572
chr1	19000001	19500000	0.00363017906379965
chr1	19500001	20000000	-0.0423608853393573
chr1	20000001	20500000	-0.0695635848769631
chr1	20500001	21000000	0.0739500544376682
chr1	21000001	21500000	0.0255014993279398
chr1	21500001	22000000	-0.0597365323786636
chr1	22000001	22500000	-0.0287856369242087
chr1	22500001	23000000	-0.0466835964894608
chr1	23000001	23500000	0.0592881560806859
chr1	23500001	24000000	0.135879037559469
chr1	24000001	24500000	0.00224687257335236
chr1	24500001	25000000	-0.0176201849891236
chr1	25000001	25500000	-0.263520535717189
chr1	25500001	26000000	0.0293155861360452
chr1	26000001	26500000	0.00972305425902228
chr1	26500001	27000000	0.0381753853400535
chr1	27000001	27500000	0.0950882627289152
chr1	27500001	28000000	0.0542430348314508
chr1	28000001	28500000	0.0518699275499754
chr1	28500001	29000000	-0.133529298794313
chr1	29000001	29500000	-0.0660829470532231
chr1	29500001	30000000	NA
chr1	30000001	30500000	0.0184792085788781
chr1	30500001	31000000	0.000842629588945328
chr1	31000001	31500000	-0.05622546569499
chr1	31500001	32000000	0.0297951091057203
chr1	32000001	32500000	-0.0234733690724598
chr1	32500001	33000000	0.00266196054292328
chr1	33000001	33500000	0.097164564280403
chr1	33500001	34000000	0.0380948299022985
chr1	34000001	34500000	-0.000387801357357609
chr1	34500001	35000000	-0.0525664948659944
chr1	35000001	35500000	0.0598459629355762
chr1	35500001	36000000	0.0714671521929923
chr1	36000001	36500000	0.0997146164568398
chr1	36500001	37000000	-0.00727432613673992
chr1	37000001	37500000	0.0490607421250041
chr1	37500001	38000000	0.0740783681312364
chr1	38000001	38500000	-0.000935911189604385
chr1	38500001	39000000	0.0394959979339306
chr1	39000001	39500000	0.143237639486444
chr1	39500001	40000000	0.0117683556332721
chr1	40000001	40500000	0.212504461929643
chr1	40500001	41000000	0.0983956621970083
chr1	41000001	41500000	-0.046575800924998
chr1	41500001	42000000	0.113120266508393
chr1	42000001	42500000	0.0208450848348647
chr1	42500001	43000000	0.0250159419104561
chr1	43000001	43500000	0.00735054293048474
chr1	43500001	44000000	0.00438765594864463
chr1	44000001	44500000	0.000696232891931804
chr1	44500001	45000000	0.13357071190128
chr1	45000001	45500000	0.0357188929476426
chr1	45500001	46000000	0.0558485479876618
chr1	46000001	46500000	0.0245959598450709
chr1	46500001	47000000	0.147133651144447
chr1	47000001	47500000	0.0619326466919035
chr1	47500001	48000000	0.0359677790421431
chr1	48000001	48500000	0.0219897250400991
chr1	48500001	49000000	0.102436946998653
chr1	49000001	49500000	0.0490590401817736
chr1	49500001	50000000	0.0641903473228291
chr1	50000001	50500000	-0.00497000099479672
chr1	50500001	51000000	0.0246459062291136
chr1	51000001	51500000	0.128368400006129
chr1	51500001	52000000	0.0500987039051645
chr1	52000001	52500000	0.0546385912791268
chr1	52500001	53000000	-0.00546771423785797
chr1	53000001	53500000	0.0206489980292052
chr1	53500001	54000000	-0.0443074851943351
chr1	54000001	54500000	0.0608982988765439
chr1	54500001	55000000	0.0796363947664894
chr1	55000001	55500000	0.0302237281101022
chr1	55500001	56000000	0.000615007080644436
chr1	56000001	56500000	0.173144858045241
chr1	56500001	57000000	0.0569665582314719
chr1	57000001	57500000	0.00239352568437846
chr1	57500001	58000000	-0.0693431216306088
chr1	58000001	58500000	0.112340296884835
chr1	58500001	59000000	0.14567904073007
chr1	59000001	59500000	0.0113378436234784
chr1	59500001	60000000	0.0349501691669233
chr1	60000001	60500000	-0.0383288772044168
chr1	60500001	61000000	-0.0237363093427228
chr1	61000001	61500000	0.0532515983087158
chr1	61500001	62000000	0.0409871865181535
chr1	62000001	62500000	-0.0553072326367869
chr1	62500001	63000000	-0.021057796169915
chr1	63000001	63500000	0.0242253574719035
chr1	63500001	64000000	0.0660109204184588
chr1	64000001	64500000	-0.0170590089597702
chr1	64500001	65000000	0.0521756411550986
chr1	65000001	65500000	0.0629891894193017
chr1	65500001	66000000	0.0694685348749363
chr1	66000001	66500000	0.0222757289803215
chr1	66500001	67000000	-0.026059168360977
chr1	67000001	67500000	-0.0493231276665775
chr1	67500001	68000000	-0.0387831663590006
chr1	68000001	68500000	0.0319515029471826
chr1	68500001	69000000	-0.00447556225968517
chr1	69000001	69500000	0.0576731026778347
chr1	69500001	70000000	-0.00435291212293908
chr1	70000001	70500000	0.0375764977332895
chr1	70500001	71000000	-0.0310349431695398
chr1	71000001	71500000	-0.043097859423589
chr1	71500001	72000000	-0.0105780246308155
chr1	72000001	72500000	0.0332381171011985
chr1	72500001	73000000	0.00893965267092695
chr1	73000001	73500000	-0.0518067126336365
chr1	73500001	74000000	-0.014884948522722
chr1	74000001	74500000	0.0736638187168601
chr1	74500001	75000000	-0.0425101808080035
chr1	75000001	75500000	-0.0726886879129827
chr1	75500001	76000000	-0.021822288457795
chr1	76000001	76500000	-0.0379529324034191
chr1	76500001	77000000	-0.0820690291824662
chr1	77000001	77500000	-0.0554640446021802
chr1	77500001	78000000	-0.0724063846951617
chr1	78000001	78500000	-0.0449904814483595
chr1	78500001	79000000	-0.0651247284997041
chr1	79000001	79500000	-0.0946644168154308
chr1	79500001	80000000	-0.0277980070951105
chr1	80000001	80500000	0.0406001049623903
chr1	80500001	81000000	-0.0894834326336457
chr1	81000001	81500000	0.0192066478896454
chr1	81500001	82000000	-0.0299300693247982
chr1	82000001	82500000	-0.0333416321790169
chr1	82500001	83000000	-0.0630745452497955
chr1	83500001	84000000	0.0411709229330363
chr1	84000001	84500000	-0.0112961413237229
chr1	84500001	85000000	-0.0483014815102577
chr1	85000001	85500000	-0.0943534013466558
chr1	85500001	86000000	-0.0969929478112563
chr1	86000001	86500000	-0.0237175285716774
chr1	86500001	87000000	-0.0154130180674159
chr1	87000001	87500000	0.0233481016114073
chr1	87500001	88000000	-0.0798617570053648
chr1	88000001	88500000	-0.0161798931167708
chr1	88500001	89000000	0.0300394427334289
chr1	89000001	89500000	0.0110014972062491
chr1	89500001	90000000	-0.0154663168244524
chr1	90000001	90500000	-0.0126894027988223
chr1	90500001	91000000	-0.0105865180947873
chr1	91000001	91500000	0.00666421427154657
chr1	91500001	92000000	-0.117256943368713
chr1	92000001	92500000	0.0024585553147406
chr1	92500001	93000000	-0.0983484985138712
chr1	93000001	93500000	-0.0067418672660048
chr1	93500001	94000000	0.0682433331240782
chr1	94000001	94500000	-0.0132576907147926
chr1	94500001	95000000	-0.0212563571830737
chr1	95000001	95500000	-0.00189154351648885
chr1	95500001	96000000	0.0931832282132386
chr1	96000001	96500000	-0.0272148479920988
chr1	96500001	97000000	-0.0537590997159323
chr1	97000001	97500000	0.018106023619711
chr1	97500001	98000000	0.0104041358892603
chr1	98000001	98500000	-0.026096069361438
chr1	98500001	99000000	-0.0719774281900444
chr1	99000001	99500000	-0.0107327448971945
chr1	99500001	100000000	-0.041652215724157
chr1	100000001	100500000	-0.0732939552566351
chr1	100500001	101000000	-0.0297713781527421
chr1	101000001	101500000	0.0607478962056047
chr1	101500001	102000000	0.00345937362355201
chr1	102000001	102500000	-0.0390176223549898
chr1	102500001	103000000	-0.0198698356591103
chr1	103000001	103500000	-0.0423493544114593
chr1	103500001	104000000	-0.263560282556675
chr1	104000001	104500000	-0.0595946274871965
chr1	104500001	105000000	-0.0103032306820046
chr1	105000001	105500000	0.00354840565529831
chr1	105500001	106000000	-0.0394801257770053
chr1	106000001	106500000	0.00881231228137359
chr1	106500001	107000000	0.00582600346080397
chr1	107000001	107500000	-0.105769947142972
chr1	107500001	108000000	0.0484469736111355
chr1	108500001	109000000	-0.00280055806187753
chr1	109000001	109500000	0.0698201065023251
chr1	109500001	110000000	0.0834991425415242
chr1	110000001	110500000	-0.021355591424319
chr1	110500001	111000000	0.0836990495854618
chr1	111000001	111500000	0.00671057362428785
chr1	111500001	112000000	0.10466749127474
chr1	112000001	112500000	-0.067189309620004
chr1	112500001	113000000	-0.0214924761830067
chr1	113000001	113500000	0.0105842349252716
chr1	113500001	114000000	0.052761083682894
chr1	114000001	114500000	-0.0119262173180432
chr1	114500001	115000000	-0.0342242965261955
chr1	115000001	115500000	0.108448458678154
chr1	115500001	116000000	-0.0131954840410018
chr1	116000001	116500000	0.0420130261304665
chr1	116500001	117000000	0.121082107675483
chr1	117000001	117500000	-0.118035497215455
chr1	117500001	118000000	-0.0414596711213631
chr1	118000001	118500000	-0.0434687874208528
chr1	118500001	119000000	0.0183983614713396
chr1	119000001	119500000	0.0864848093611759
chr1	119500001	120000000	-0.0238400269493534
chr1	145500001	146000000	0.0799748518731711
chr1	147000001	147500000	0.0220966854904441
chr1	147500001	148000000	0.109902423663059
chr1	150000001	150500000	0.0257664069517259
chr1	150500001	151000000	0.0900652208451324
chr1	151000001	151500000	0.114913618429026
chr1	151500001	152000000	0.116897312552899
chr1	152000001	152500000	0.119612838180779
chr1	152500001	153000000	-0.0192840393095019
chr1	153000001	153500000	0.157248561964254
chr1	153500001	154000000	0.135801732837071
chr1	154000001	154500000	0.0319175213552192
chr1	154500001	155000000	0.0565980491222546
chr1	155000001	155500000	0.0890797841874724
chr1	155500001	156000000	0.0828664145380809
chr1	156000001	156500000	0.0560208787700759
chr1	156500001	157000000	0.0120920491567153
chr1	157000001	157500000	0.0304887598938722
chr1	157500001	158000000	0.0702556728146666
chr1	158000001	158500000	0.143147219538441
chr1	158500001	159000000	0.100319969089432
chr1	159000001	159500000	0.130397897430162
chr1	159500001	160000000	0.0880407056700859
chr1	160000001	160500000	0.0991797826586874
chr1	160500001	161000000	0.151261980615375
chr1	161000001	161500000	0.0674414010878074
chr1	161500001	162000000	-0.0673360333067045
chr1	162000001	162500000	0.0927870364000328
chr1	162500001	163000000	-0.0336603445489042
chr1	163000001	163500000	0.0402113097438341
chr1	163500001	164000000	0.0657819468223004
chr1	164000001	164500000	0.0681406152849365
chr1	164500001	165000000	0.0103868074834479
chr1	165000001	165500000	0.0480143742510172
chr1	165500001	166000000	0.039229854977012
chr1	166000001	166500000	0.0851926260141637
chr1	166500001	167000000	-0.0185477241055511
chr1	167000001	167500000	0.0637560020017654
chr1	167500001	168000000	0.113545248183306
chr1	168000001	168500000	0.0971942995999522
chr1	168500001	169000000	0.114387555278266
chr1	169000001	169500000	-0.0157969156956641
chr1	169500001	170000000	0.0276703699300433
chr1	170000001	170500000	-0.0231325706252984
chr1	170500001	171000000	-0.02097755919685
chr1	171000001	171500000	0.0360609630661888
chr1	171500001	172000000	0.087877488632962
chr1	172000001	172500000	0.0249345337269875
chr1	172500001	173000000	0.084656166918205
chr1	173000001	173500000	0.048804881983216
chr1	173500001	174000000	0.0332849034172114
chr1	174000001	174500000	0.129755651782139
chr1	174500001	175000000	0.0708139225623496
chr1	175000001	175500000	0.0862851819342746
chr1	175500001	176000000	0.121151154997574
chr1	176000001	176500000	0.139788271083123
chr1	176500001	177000000	0.0743533590650273
chr1	177000001	177500000	0.0656108345421638
chr1	177500001	178000000	0.130304401717277
chr1	178000001	178500000	0.0290681635060019
chr1	178500001	179000000	0.136600385715967
chr1	179000001	179500000	0.0525498052228208
chr1	179500001	180000000	-0.0031916941145217
chr1	180000001	180500000	0.0365969832473289
chr1	180500001	181000000	-0.0759788229860614
chr1	181000001	181500000	0.0246263709897479
chr1	181500001	182000000	0.0185622376208675
chr1	182000001	182500000	0.101710813929929
chr1	182500001	183000000	0.00737318451165447
chr1	183000001	183500000	0.0994435111989545
chr1	183500001	184000000	0.085654703537911
chr1	184000001	184500000	-0.0151859052176817
chr1	184500001	185000000	0.0323156890250357
chr1	185000001	185500000	0.0625207230706903
chr1	185500001	186000000	0.0247722815095822
chr1	186000001	186500000	-0.0353455628869679
chr1	186500001	187000000	0.0992439255769955
chr1	187000001	187500000	-0.0178249080381416
chr1	187500001	188000000	0.0161543104878996
chr1	188000001	188500000	0.0461694753151863
chr1	188500001	189000000	-0.0572560405024665
chr1	189000001	189500000	-0.0522040461883491
chr1	189500001	190000000	-0.0179603879872352
chr1	190000001	190500000	NA
chr1	190500001	191000000	-0.0183574987906422
chr1	191000001	191500000	-0.0796452719208158
chr1	191500001	192000000	-0.0480830020843077
chr1	192000001	192500000	-0.0418387612746083
chr1	192500001	193000000	0.0142498421781603
chr1	193000001	193500000	-0.0680232250914977
chr1	193500001	194000000	-0.0784549530559764
chr1	194000001	194500000	-0.0525756072233608
chr1	194500001	195000000	-0.103019489704445
chr1	195000001	195500000	-0.0285393418813153
chr1	195500001	196000000	-0.120259840383244
chr1	196000001	196500000	-0.0109011996172067
chr1	196500001	197000000	0.0511348470959119
chr1	197000001	197500000	-0.0449952592038823
chr1	197500001	198000000	0.00653602536063675
chr1	198000001	198500000	0.0110825024797562
chr1	198500001	199000000	0.103566816829995
chr1	199000001	199500000	-0.072799141870109
chr1	199500001	200000000	0.0335701295812929
chr1	200000001	200500000	-0.0235531065785345
chr1	200500001	201000000	0.0763499684632471
chr1	201000001	201500000	-0.00639727262219614
chr1	201500001	202000000	-0.0433424963407871
chr1	202000001	202500000	0.0357398001458189
chr1	202500001	203000000	0.0681372629879992
chr1	203000001	203500000	0.159729917791563
chr1	203500001	204000000	0.110767128858523
chr1	204000001	204500000	0.0218256539964093
chr1	204500001	205000000	0.00785992204168331
chr1	205000001	205500000	-0.0248667304228786
chr1	205500001	206000000	0.0199744100172794
chr1	206500001	207000000	0.0109286885904703
chr1	207000001	207500000	-0.00553023925189193
chr1	207500001	208000000	-0.225562054065728
chr1	208000001	208500000	0.0340438227003051
chr1	208500001	209000000	-0.000720854356340492
chr1	209000001	209500000	0.00588283697905696
chr1	209500001	210000000	-0.0826131663844707
chr1	210000001	210500000	-0.0817488590594585
chr1	210500001	211000000	-0.0453511596014462
chr1	211000001	211500000	-0.0153019130615115
chr1	211500001	212000000	0.0390937408575794
chr1	212000001	212500000	0.014115080370631
chr1	212500001	213000000	0.0343241052301999
chr1	213000001	213500000	0.0293839081993114
chr1	213500001	214000000	-0.0843893748926939
chr1	214000001	214500000	-0.0405260880512249
chr1	214500001	215000000	-0.0300476358405714
chr1	215000001	215500000	-0.0250436298743337
chr1	215500001	216000000	-0.0594007430173487
chr1	216000001	216500000	-0.166141743144797
chr1	216500001	217000000	0.00323754206934829
chr1	217000001	217500000	-0.0547136000874456
chr1	217500001	218000000	-0.0362301855932377
chr1	218000001	218500000	-0.15828471662479
chr1	218500001	219000000	-0.0602092063395253
chr1	219000001	219500000	-0.116939365307118
chr1	219500001	220000000	0.0277089505901287
chr1	220000001	220500000	-0.00735241957644575
chr1	220500001	221000000	-0.0469368913459856
chr1	221000001	221500000	-0.00907212971084814
chr1	221500001	222000000	0.0694812463691613
chr1	222000001	222500000	-0.124882254648962
chr1	222500001	223000000	-0.0487509838188801
chr1	223000001	223500000	-0.100703059139229
chr1	224000001	224500000	0.00141851240127798
chr1	224500001	225000000	0.0113625386023793
chr1	225000001	225500000	-0.0523840181032938
chr1	225500001	226000000	0.0100874032239089
chr1	226000001	226500000	0.00116344856138717
chr1	226500001	227000000	-0.0314598962427257
chr1	227000001	227500000	-0.0437331397636179
chr1	227500001	228000000	-0.0424124174812014
chr1	228000001	228500000	0.0419855862316996
chr1	228500001	229000000	NA
chr1	229000001	229500000	0.0972273736315868
chr1	229500001	230000000	0.00930669776715755
chr1	230000001	230500000	0.0379119163262251
chr1	230500001	231000000	-0.0811369327934529
chr1	231000001	231500000	0.0410449662940589
chr1	231500001	232000000	0.147224146388861
chr1	232000001	232500000	-0.00620569515233584
chr1	232500001	233000000	-0.0127995966918124
chr1	233000001	233500000	-0.0148348141343217
chr1	233500001	234000000	0.00271100903845048
chr1	234000001	234500000	-0.0282621711915525
chr1	234500001	235000000	0.0996768225298553
chr1	235000001	235500000	-0.0444145446407961
chr1	235500001	236000000	0.0504117839924436
chr1	236000001	236500000	0.0598386844024277
chr1	236500001	237000000	-0.0380150649949417
chr1	237000001	237500000	0.0668504647631372
chr1	237500001	238000000	-0.0354713831121486
chr1	238000001	238500000	-0.00197268482482894
chr1	238500001	239000000	-0.079714721627994
chr1	239000001	239500000	0.00507980554559335
chr1	239500001	240000000	-0.0520382160205395
chr1	240000001	240500000	0.0190392643099479
chr1	240500001	241000000	0.0144435424996993
chr1	241000001	241500000	-0.0177807698072976
chr1	241500001	242000000	-0.0840195885175657
chr1	242000001	242500000	-0.0166711349548816
chr1	242500001	243000000	0.0503960764513099
chr1	243500001	244000000	-0.00894712959202721
chr1	244000001	244500000	0.0311579069566159
chr1	244500001	245000000	0.0162661934376439
chr1	245000001	245500000	0.0190391060206225
chr1	245500001	246000000	-0.0233543730200603
chr1	246000001	246500000	0.0300029429676793
chr1	246500001	247000000	-0.0163755838630214
chr1	247000001	247500000	-0.00601118224869039
chr1	247500001	248000000	0.0195450454667757
chr1	248000001	248500000	0.026383995398134
chr1	248500001	249000000	NA
chr2	1	500000	NA
chr2	500001	1000000	-0.0485066135455722
chr2	1000001	1500000	-0.115092617577865
chr2	1500001	2000000	-0.0859947570905383
chr2	2000001	2500000	0.0368542699265418
chr2	2500001	3000000	0.019870728477522
chr2	3000001	3500000	0.0147116597338947
chr2	3500001	4000000	-0.0450773771358336
chr2	4000001	4500000	0.0360776210780588
chr2	4500001	5000000	-0.0113344223725905
chr2	5000001	5500000	0.0344687607978074
chr2	5500001	6000000	0.0599492926813662
chr2	6000001	6500000	-0.151514032107735
chr2	6500001	7000000	0.0807079012868639
chr2	7000001	7500000	0.0178164450913098
chr2	7500001	8000000	0.00953588583868177
chr2	8000001	8500000	0.0368962380153654
chr2	8500001	9000000	0.0786172570715164
chr2	9000001	9500000	0.0734024731409239
chr2	9500001	10000000	0.00262041119328152
chr2	10000001	10500000	-0.0133818092802581
chr2	10500001	11000000	0.0211031051297704
chr2	11000001	11500000	-0.0353587769935413
chr2	11500001	12000000	-0.0411571982389402
chr2	12000001	12500000	0.0471860727998638
chr2	12500001	13000000	0.0318425443622986
chr2	13000001	13500000	-0.0198708953792641
chr2	13500001	14000000	0.0560091115661249
chr2	14000001	14500000	0.00657433768399106
chr2	14500001	15000000	-0.0108508478708083
chr2	15000001	15500000	0.0302599350343359
chr2	15500001	16000000	0.0453640869062528
chr2	16000001	16500000	NA
chr2	16500001	17000000	0.0580588683373293
chr2	17000001	17500000	0.0267549156958315
chr2	17500001	18000000	0.037424952843068
chr2	18000001	18500000	0.0148327485100822
chr2	18500001	19000000	0.0907687320313897
chr2	19000001	19500000	0.0559973650297053
chr2	19500001	20000000	0.00216675873836047
chr2	20000001	20500000	-0.0286848140255909
chr2	20500001	21000000	NA
chr2	21000001	21500000	0.0497889945233254
chr2	21500001	22000000	0.0687642544727464
chr2	22000001	22500000	0.027007817121467
chr2	22500001	23000000	0.0659570466434697
chr2	23000001	23500000	0.00340608310491519
chr2	23500001	24000000	0.0119789805531463
chr2	24000001	24500000	-0.0201147864695642
chr2	24500001	25000000	0.0862473918043865
chr2	25000001	25500000	0.0163425623212527
chr2	25500001	26000000	0.0473155983834261
chr2	26000001	26500000	0.0543439154738496
chr2	26500001	27000000	-0.00279271123912385
chr2	27000001	27500000	0.0615325134665834
chr2	27500001	28000000	0.0267205252069009
chr2	28000001	28500000	0.0197131251752946
chr2	28500001	29000000	0.00191645443753433
chr2	29000001	29500000	0.051162214814951
chr2	29500001	30000000	0.0604400272507291
chr2	30000001	30500000	0.00737602578431175
chr2	30500001	31000000	0.0474380921928151
chr2	31000001	31500000	NA
chr2	31500001	32000000	NA
chr2	32000001	32500000	0.0325980601598517
chr2	32500001	33000000	NA
chr2	33000001	33500000	-0.0461441108552068
chr2	33500001	34000000	-0.0122328071734539
chr2	34000001	34500000	0.0937297585101109
chr2	34500001	35000000	-0.0242851350396155
chr2	35000001	35500000	-0.0099113955471743
chr2	35500001	36000000	0.138447866228913
chr2	36000001	36500000	0.0519690057472122
chr2	36500001	37000000	0.0731497558848468
chr2	37000001	37500000	0.0607796005731462
chr2	37500001	38000000	0.0541232471047948
chr2	38000001	38500000	0.0634954775108162
chr2	38500001	39000000	0.067038668676398
chr2	39000001	39500000	0.0219595274316607
chr2	39500001	40000000	-0.0601719165189325
chr2	40000001	40500000	0.0576245363162991
chr2	40500001	41000000	0.026426563082897
chr2	41000001	41500000	-0.00258939410965119
chr2	41500001	42000000	0.0367177746932259
chr2	42000001	42500000	0.0129944285871948
chr2	42500001	43000000	0.0332660302888177
chr2	43000001	43500000	0.142637716836428
chr2	43500001	44000000	0.0430573728063403
chr2	44000001	44500000	0.105539596834369
chr2	44500001	45000000	0.0234175155883349
chr2	45000001	45500000	0.0189934767308519
chr2	45500001	46000000	-0.0412861664641999
chr2	46000001	46500000	0.0409526939111578
chr2	46500001	47000000	0.0914123011300506
chr2	47000001	47500000	0.0552049009016899
chr2	47500001	48000000	-0.00745983644989215
chr2	48000001	48500000	0.0526075252202224
chr2	48500001	49000000	0.0947305718411857
chr2	49000001	49500000	0.0936222646980342
chr2	49500001	50000000	-0.0304152980999211
chr2	50000001	50500000	0.0738744109403623
chr2	50500001	51000000	-0.0571245183281963
chr2	51000001	51500000	0.0794996510873895
chr2	51500001	52000000	0.204988590573497
chr2	52000001	52500000	0.0156077127294043
chr2	52500001	53000000	0.0324407181139049
chr2	53000001	53500000	-0.0485674609137269
chr2	53500001	54000000	0.0690020866105402
chr2	54000001	54500000	0.0880445878122703
chr2	54500001	55000000	0.0575200960544613
chr2	55000001	55500000	0.076422108423111
chr2	55500001	56000000	-0.00605526021112503
chr2	56000001	56500000	-0.0185635498237613
chr2	56500001	57000000	0.0154639253707071
chr2	57000001	57500000	0.0221770416194063
chr2	57500001	58000000	0.0132221815949747
chr2	58000001	58500000	0.134851981182533
chr2	58500001	59000000	0.039323421522593
chr2	59000001	59500000	0.0247263672706742
chr2	59500001	60000000	0.0832264457145968
chr2	60000001	60500000	0.111000259663775
chr2	60500001	61000000	0.0387470278395702
chr2	61000001	61500000	0.0492833137898974
chr2	61500001	62000000	0.00337942197107375
chr2	62000001	62500000	0.0588781254669226
chr2	62500001	63000000	0.0262980596471185
chr2	63000001	63500000	0.075177255331372
chr2	63500001	64000000	0.0295347157383082
chr2	64000001	64500000	0.00825420741599794
chr2	64500001	65000000	0.00795577016716954
chr2	65000001	65500000	-0.0272814354800819
chr2	65500001	66000000	0.0129335524476606
chr2	66000001	66500000	0.0138866582446008
chr2	66500001	67000000	-0.00939160670288726
chr2	67000001	67500000	0.0356618136817672
chr2	67500001	68000000	0.0506851821574974
chr2	68000001	68500000	0.0678849449316076
chr2	68500001	69000000	0.0345170644487067
chr2	69000001	69500000	0.0266848688595952
chr2	69500001	70000000	0.0796181698455074
chr2	70000001	70500000	0.108393466263853
chr2	70500001	71000000	0.0280460399084198
chr2	71000001	71500000	-0.0518445366606399
chr2	71500001	72000000	0.0332823419670437
chr2	72000001	72500000	0.0304904556301535
chr2	72500001	73000000	0.0712376497644682
chr2	73000001	73500000	0.0107046210863707
chr2	73500001	74000000	-0.0111484327682476
chr2	74000001	74500000	0.0108119511093614
chr2	74500001	75000000	0.123938057160982
chr2	75000001	75500000	0.115774765659682
chr2	75500001	76000000	-0.0598249704929034
chr2	76000001	76500000	0.00120132414823776
chr2	76500001	77000000	0.0727452854744149
chr2	77000001	77500000	0.0102766223268096
chr2	77500001	78000000	-0.0220231562448187
chr2	78000001	78500000	-0.0347192256217194
chr2	78500001	79000000	0.127824417698166
chr2	79000001	79500000	-0.00882821238866208
chr2	79500001	80000000	0.00695773640194361
chr2	80000001	80500000	0.0566962445952069
chr2	80500001	81000000	0.0122574986874878
chr2	81000001	81500000	0.0930855521547525
chr2	81500001	82000000	0.076731955562136
chr2	82000001	82500000	0.00295395113963897
chr2	82500001	83000000	0.0676016034659683
chr2	83000001	83500000	0.0886431671345464
chr2	83500001	84000000	0.0746519994990842
chr2	84000001	84500000	0.0626504927628175
chr2	84500001	85000000	0.127020811007155
chr2	85000001	85500000	-0.0899045321362261
chr2	85500001	86000000	0.0336245782071621
chr2	86000001	86500000	0.0554185258229895
chr2	88000001	88500000	0.0270343949113127
chr2	88500001	89000000	0.0929487538771137
chr2	96500001	97000000	0.0138951907866942
chr2	97500001	98000000	-0.180580713345419
chr2	98000001	98500000	-0.0216769276633527
chr2	98500001	99000000	0.0798609204369729
chr2	99000001	99500000	0.0397092864546198
chr2	99500001	100000000	0.0358102854125725
chr2	100000001	100500000	0.0345937044653428
chr2	100500001	101000000	-0.0115420071319569
chr2	101000001	101500000	0.0855037559199947
chr2	101500001	102000000	0.0743547664712205
chr2	102000001	102500000	0.0841505183265863
chr2	102500001	103000000	0.0131147812874012
chr2	103000001	103500000	-0.0925355060266581
chr2	103500001	104000000	-0.0183718916818729
chr2	104000001	104500000	0.0307456011778448
chr2	104500001	105000000	-0.00704271874657757
chr2	105000001	105500000	0.00708981342945415
chr2	105500001	106000000	0.0318360820424614
chr2	106000001	106500000	-0.00900908865919633
chr2	106500001	107000000	0.0518307093226035
chr2	107000001	107500000	0.0164918485345886
chr2	107500001	108000000	0.114105869922879
chr2	108000001	108500000	-0.0564528765070175
chr2	108500001	109000000	0.0277668207938973
chr2	109000001	109500000	NA
chr2	110500001	111000000	-0.179282425192629
chr2	111000001	111500000	-0.13432646023832
chr2	112000001	112500000	-0.0967290812006504
chr2	112500001	113000000	0.15496233293837
chr2	113000001	113500000	0.11177385483926
chr2	113500001	114000000	0.0429761544609907
chr2	114000001	114500000	-0.0424602334817557
chr2	114500001	115000000	-0.0578058058136308
chr2	115000001	115500000	0.100844933232184
chr2	115500001	116000000	0.0280576854560183
chr2	116000001	116500000	0.000154659100567452
chr2	116500001	117000000	-0.0182139361762921
chr2	117000001	117500000	-0.0278369742677118
chr2	117500001	118000000	0.0264083096081228
chr2	118000001	118500000	0.066400449796471
chr2	118500001	119000000	0.0200465101983006
chr2	119000001	119500000	-0.0596866607168098
chr2	119500001	120000000	-0.0290339685302709
chr2	120000001	120500000	-0.121049141870669
chr2	120500001	121000000	-0.134711495171549
chr2	121000001	121500000	-0.068802399201291
chr2	121500001	122000000	-0.0246324944712177
chr2	122000001	122500000	-0.0531743300832816
chr2	122500001	123000000	0.0310146376489214
chr2	123000001	123500000	-0.0330953763575563
chr2	123500001	124000000	-0.0037177168866734
chr2	124000001	124500000	-0.0857459009944117
chr2	124500001	125000000	0.0541717011732835
chr2	125000001	125500000	0.00912699374217745
chr2	125500001	126000000	-0.0632396228923239
chr2	126000001	126500000	0.102393220807081
chr2	126500001	127000000	0.0496621660936139
chr2	127000001	127500000	0.020644812390509
chr2	127500001	128000000	0.00559844102138036
chr2	128000001	128500000	-0.0583596618006068
chr2	128500001	129000000	0.0091617374020854
chr2	129000001	129500000	-0.0344855422517501
chr2	129500001	130000000	-0.110428083648425
chr2	132500001	133000000	0.00485460891183643
chr2	133000001	133500000	-0.0122800682909506
chr2	133500001	134000000	-0.00760427311051629
chr2	134000001	134500000	0.113956517211104
chr2	134500001	135000000	0.104160941464388
chr2	135000001	135500000	0.022223912322688
chr2	135500001	136000000	0.14542622888079
chr2	136000001	136500000	0.129554559707852
chr2	136500001	137000000	-0.0378577844013358
chr2	137000001	137500000	-0.0433953150249734
chr2	137500001	138000000	-0.00216678487740048
chr2	138000001	138500000	-0.0144567577303167
chr2	138500001	139000000	0.000130814468316046
chr2	139000001	139500000	-0.0261946853564899
chr2	139500001	140000000	-0.0342859574667375
chr2	140000001	140500000	-0.0191140960227484
chr2	140500001	141000000	-0.0824625409737536
chr2	141000001	141500000	-0.0183468743476192
chr2	141500001	142000000	0.0521928727721682
chr2	142000001	142500000	0.0690603339027906
chr2	142500001	143000000	-0.0458182009035506
chr2	143000001	143500000	-0.0231525047943981
chr2	143500001	144000000	0.0324688979220212
chr2	144000001	144500000	0.0829764858673747
chr2	144500001	145000000	0.0397544924112026
chr2	145000001	145500000	0.0887207567211175
chr2	145500001	146000000	0.0224622957306356
chr2	146000001	146500000	-0.0281375632805172
chr2	146500001	147000000	-0.0029231813501002
chr2	147000001	147500000	0.0252776154259574
chr2	147500001	148000000	-0.00491264534472847
chr2	148000001	148500000	-0.0729278488884404
chr2	148500001	149000000	-0.0307290612694747
chr2	149000001	149500000	0.0234746079321795
chr2	149500001	150000000	-0.0640590004399009
chr2	150000001	150500000	-0.0623804594607063
chr2	150500001	151000000	-0.0073085814261703
chr2	151000001	151500000	-0.0902863555848864
chr2	151500001	152000000	0.0826904701336834
chr2	152000001	152500000	0.00991004484755181
chr2	152500001	153000000	-0.0672515470132156
chr2	153000001	153500000	-0.143578363769277
chr2	153500001	154000000	0.0231243876958773
chr2	154000001	154500000	-0.0907818800622969
chr2	154500001	155000000	-0.0705524238033142
chr2	155000001	155500000	-0.13673817989278
chr2	155500001	156000000	-0.00641524371774587
chr2	156000001	156500000	-0.0148688636962927
chr2	156500001	157000000	0.0379353747782152
chr2	157000001	157500000	-0.0253681659113574
chr2	157500001	158000000	-0.0729796181190484
chr2	158000001	158500000	0.0419110921791775
chr2	158500001	159000000	-0.0681582806727951
chr2	159000001	159500000	0.0342381673547241
chr2	159500001	160000000	-0.0280582242280492
chr2	160000001	160500000	0.054642433191984
chr2	160500001	161000000	-0.072533109465168
chr2	161000001	161500000	0.00449997432711932
chr2	161500001	162000000	-0.00418451243003133
chr2	162000001	162500000	0.0744647430313657
chr2	162500001	163000000	-0.0366989098516643
chr2	163000001	163500000	0.0741004906492935
chr2	163500001	164000000	0.000169433992453526
chr2	164000001	164500000	0.0154345295527714
chr2	164500001	165000000	-0.028941240942128
chr2	165000001	165500000	0.0897085390542879
chr2	165500001	166000000	0.00508344125337192
chr2	166000001	166500000	-0.0494361280657066
chr2	166500001	167000000	-0.0657470189371505
chr2	167000001	167500000	0.0323172920182639
chr2	167500001	168000000	-0.06651052197503
chr2	168000001	168500000	-0.0139953250822407
chr2	168500001	169000000	-0.000995475919200236
chr2	169000001	169500000	0.0216533193678958
chr2	169500001	170000000	0.0222146900484533
chr2	170000001	170500000	0.0243655525208536
chr2	170500001	171000000	-0.0726235958075901
chr2	171000001	171500000	-0.0338152393233371
chr2	171500001	172000000	-0.063764009260929
chr2	172000001	172500000	0.023731075782481
chr2	172500001	173000000	0.0606517336884587
chr2	173000001	173500000	-0.0168283622574006
chr2	173500001	174000000	0.0162607988870252
chr2	174000001	174500000	0.031419635514815
chr2	174500001	175000000	0.0151488464105546
chr2	175000001	175500000	-0.043048108912274
chr2	175500001	176000000	0.0493188381262315
chr2	176000001	176500000	-0.0394535825511684
chr2	176500001	177000000	-0.0361974778943593
chr2	177000001	177500000	-0.0438905573034605
chr2	177500001	178000000	-0.047682386114492
chr2	178000001	178500000	-0.0436264835183785
chr2	178500001	179000000	-0.064952801275966
chr2	179000001	179500000	-0.0746787819694039
chr2	179500001	180000000	-0.0184038604878524
chr2	180000001	180500000	-0.0132489854352214
chr2	180500001	181000000	-0.0958857393787281
chr2	181000001	181500000	-0.0816330557818095
chr2	181500001	182000000	-0.0104386239621243
chr2	182000001	182500000	-0.0768233466766099
chr2	182500001	183000000	-0.0524361069761535
chr2	183000001	183500000	-0.149906910742333
chr2	183500001	184000000	-0.0907868510051777
chr2	184000001	184500000	-0.08438297162893
chr2	184500001	185000000	-0.0261789155524241
chr2	185000001	185500000	0.0549775515439188
chr2	185500001	186000000	0.00339624663626378
chr2	186000001	186500000	0.0909298221259752
chr2	186500001	187000000	0.0569389180132212
chr2	187000001	187500000	0.0456869405390233
chr2	187500001	188000000	0.0517924086781551
chr2	188000001	188500000	-0.0110096773157136
chr2	188500001	189000000	0.00178661593739769
chr2	189000001	189500000	0.0188885320012918
chr2	189500001	190000000	-0.0388773882523795
chr2	190000001	190500000	0.0641275694061565
chr2	190500001	191000000	0.0609984567554278
chr2	191000001	191500000	-0.0311996704132353
chr2	191500001	192000000	0.021912267755396
chr2	192000001	192500000	0.0388595363785229
chr2	192500001	193000000	0.0903994962479672
chr2	193000001	193500000	NA
chr2	193500001	194000000	-0.0737076714108615
chr2	194000001	194500000	-0.0756132663545671
chr2	194500001	195000000	0.081854749710524
chr2	195000001	195500000	-0.0876938945407829
chr2	195500001	196000000	-0.0409821071785822
chr2	196000001	196500000	0.000715628228185178
chr2	196500001	197000000	0.0350807505296797
chr2	197000001	197500000	0.116582845796839
chr2	197500001	198000000	0.0398862355068452
chr2	198000001	198500000	-0.0123871618186841
chr2	198500001	199000000	0.00819385919267279
chr2	199000001	199500000	-0.029907601167106
chr2	199500001	200000000	-0.0209759111139609
chr2	200000001	200500000	0.016735360578531
chr2	200500001	201000000	-0.068136435301318
chr2	201000001	201500000	0.0315736412809325
chr2	201500001	202000000	-0.0433170657354741
chr2	202000001	202500000	0.0539518917201466
chr2	202500001	203000000	-0.00973641324523537
chr2	203000001	203500000	0.0430165278326914
chr2	203500001	204000000	-0.0495847288972647
chr2	204000001	204500000	0.122292217456062
chr2	204500001	205000000	-0.0573560969671699
chr2	205000001	205500000	0.0425277098278809
chr2	205500001	206000000	-0.0360363138740201
chr2	206000001	206500000	0.0388676837504846
chr2	206500001	207000000	0.0583612822037698
chr2	207000001	207500000	0.0560524906906859
chr2	207500001	208000000	0.0899326067146682
chr2	208000001	208500000	0.049231750012108
chr2	208500001	209000000	0.0623108554032011
chr2	209000001	209500000	0.0248942738189359
chr2	209500001	210000000	0.0295120323363072
chr2	210000001	210500000	0.0601263456894815
chr2	210500001	211000000	0.0047916982510376
chr2	211000001	211500000	0.00917650070184618
chr2	211500001	212000000	0.0753916761001691
chr2	212000001	212500000	-0.0571057304481037
chr2	212500001	213000000	0.0343896724370372
chr2	213000001	213500000	0.105014476443716
chr2	213500001	214000000	0.00950479611327205
chr2	214000001	214500000	0.0397664973582104
chr2	214500001	215000000	0.0297561728783941
chr2	215000001	215500000	0.111064266164601
chr2	215500001	216000000	0.00793227485384717
chr2	216000001	216500000	0.0672716394237092
chr2	216500001	217000000	-0.0311783024905618
chr2	217000001	217500000	0.0988954044645885
chr2	217500001	218000000	-0.0356946954460126
chr2	218000001	218500000	0.123515375902756
chr2	218500001	219000000	0.0777351508217626
chr2	219000001	219500000	0.0667015413797107
chr2	219500001	220000000	0.0362443020450193
chr2	220000001	220500000	-0.0127197486709127
chr2	220500001	221000000	0.117515029075978
chr2	221000001	221500000	0.0581741092148674
chr2	221500001	222000000	0.020495743063685
chr2	222000001	222500000	0.0689751567923103
chr2	222500001	223000000	0.153818256324752
chr2	223000001	223500000	0.0944890203074421
chr2	223500001	224000000	0.0445400376215302
chr2	224000001	224500000	-0.00930871246509186
chr2	224500001	225000000	0.0593100944500461
chr2	225000001	225500000	-0.0188850177197208
chr2	225500001	226000000	0.0290169031514685
chr2	226000001	226500000	0.132791671130071
chr2	226500001	227000000	0.0183394246135305
chr2	227000001	227500000	0.0241038082875851
chr2	227500001	228000000	-0.0193877713917391
chr2	228000001	228500000	-0.0185753269828216
chr2	228500001	229000000	0.014145973013443
chr2	229000001	229500000	0.0195782880391218
chr2	229500001	230000000	-0.00108776437475886
chr2	230000001	230500000	0.130029179717093
chr2	230500001	231000000	-0.0118175662811255
chr2	231000001	231500000	0.0903701961028203
chr2	231500001	232000000	0.0163008219786004
chr2	232000001	232500000	-0.00404522608474586
chr2	232500001	233000000	-0.0182536622454054
chr2	233000001	233500000	NA
chr2	233500001	234000000	0.0158462761763681
chr2	234000001	234500000	-0.0349888925006846
chr2	234500001	235000000	0.030551252546298
chr2	235000001	235500000	-0.0453593481786857
chr2	235500001	236000000	-0.107165064218359
chr2	236000001	236500000	-0.0450925087434181
chr2	236500001	237000000	-0.042659037852819
chr2	237000001	237500000	0.0141865190166242
chr2	237500001	238000000	-0.0796843775993176
chr2	238000001	238500000	0.0126488240062754
chr2	238500001	239000000	NA
chr2	239000001	239500000	-0.032430884831375
chr2	239500001	240000000	NA
chr2	240000001	240500000	-0.0463035734052574
chr2	240500001	241000000	0.0665426302515113
chr2	241000001	241500000	0.00531547791701832
chr2	241500001	242000000	-0.0909978513717807
chr3	1	500000	NA
chr3	500001	1000000	-0.0609179003076843
chr3	1000001	1500000	-0.00533557228196499
chr3	1500001	2000000	-0.0802861810102236
chr3	2000001	2500000	0.0129503514954998
chr3	2500001	3000000	0.0115662000855489
chr3	3000001	3500000	-0.01718631764765
chr3	3500001	4000000	-0.00534837577989878
chr3	4000001	4500000	0.0394545487360384
chr3	4500001	5000000	0.0594167154040829
chr3	5000001	5500000	0.0258628227405171
chr3	5500001	6000000	0.0807399774010641
chr3	6000001	6500000	0.0143025351162013
chr3	6500001	7000000	-0.0216015784512777
chr3	7000001	7500000	0.00511152097231266
chr3	7500001	8000000	-0.0327429849346065
chr3	8000001	8500000	-0.0218506559098216
chr3	8500001	9000000	0.0725755624167887
chr3	9000001	9500000	-0.0276673800231082
chr3	9500001	10000000	-0.0152265352442181
chr3	10000001	10500000	0.0180412329918831
chr3	10500001	11000000	0.0469709681154372
chr3	11000001	11500000	0.0741143372374106
chr3	11500001	12000000	-0.051206275761811
chr3	12000001	12500000	0.0215369719933031
chr3	12500001	13000000	0.0907937813553055
chr3	13000001	13500000	-0.0219363500412252
chr3	13500001	14000000	-0.0865712583969067
chr3	14000001	14500000	0.0180573300578702
chr3	14500001	15000000	-0.0204778664317727
chr3	15000001	15500000	-0.0113689407091673
chr3	15500001	16000000	-0.00614387509088597
chr3	16000001	16500000	0.00590481837653567
chr3	16500001	17000000	NA
chr3	17000001	17500000	-0.0200715068175716
chr3	17500001	18000000	0.0923380299180718
chr3	18000001	18500000	-0.0419458370048559
chr3	18500001	19000000	-0.00801394263287235
chr3	19000001	19500000	0.0163355300212417
chr3	19500001	20000000	-0.00849803181514459
chr3	20000001	20500000	-0.0771748533649125
chr3	20500001	21000000	-0.070746794577323
chr3	21000001	21500000	-0.0195963512907789
chr3	21500001	22000000	0.0730570031606775
chr3	22000001	22500000	0.0572980258305006
chr3	22500001	23000000	-0.0215359715425185
chr3	23000001	23500000	-0.0331488111905504
chr3	23500001	24000000	0.000255129891501959
chr3	24000001	24500000	0.059945792300206
chr3	24500001	25000000	-0.0712887452063551
chr3	25000001	25500000	-0.0179695021635673
chr3	25500001	26000000	0.119979965879152
chr3	26000001	26500000	-0.0675703904917431
chr3	26500001	27000000	-0.0256441577264787
chr3	27000001	27500000	-0.0315788733362842
chr3	27500001	28000000	0.0129853218838656
chr3	28000001	28500000	0.0659582823587029
chr3	28500001	29000000	0.00459164640672664
chr3	29000001	29500000	-0.112583132521617
chr3	29500001	30000000	0.0391684179373948
chr3	30000001	30500000	-0.032263040703154
chr3	30500001	31000000	0.0473593894368801
chr3	31000001	31500000	0.0942120197697861
chr3	31500001	32000000	0.0212657837750885
chr3	32000001	32500000	0.0489802265956578
chr3	32500001	33000000	-0.0488663355920702
chr3	33000001	33500000	-0.103255215724243
chr3	33500001	34000000	0.026905583081594
chr3	34000001	34500000	0.0143085763650052
chr3	34500001	35000000	-0.0545806044947154
chr3	35000001	35500000	0.0128306360019165
chr3	35500001	36000000	-0.0795678398080291
chr3	36000001	36500000	-0.0316419085791339
chr3	36500001	37000000	0.0265934584283279
chr3	37000001	37500000	0.0076575345877748
chr3	37500001	38000000	-0.066791071053081
chr3	38000001	38500000	0.0691961178491581
chr3	38500001	39000000	-0.012356382255119
chr3	39000001	39500000	0.0083231962104379
chr3	39500001	40000000	0.0616823010962405
chr3	40000001	40500000	-0.0199772876402393
chr3	40500001	41000000	-0.0356360493943265
chr3	41000001	41500000	0.010655774649986
chr3	41500001	42000000	-0.0305400687177099
chr3	42000001	42500000	0.00608886393668642
chr3	42500001	43000000	-0.0315826502059347
chr3	43000001	43500000	0.0890063429472928
chr3	43500001	44000000	-0.0169101626954134
chr3	44000001	44500000	0.0730508769652199
chr3	44500001	45000000	-0.0620594056751257
chr3	45000001	45500000	0.0585750607401171
chr3	45500001	46000000	-0.0303813295434079
chr3	46000001	46500000	0.140484475852889
chr3	46500001	47000000	-0.062833690917518
chr3	47000001	47500000	-0.109825325871362
chr3	47500001	48000000	0.0154474714264817
chr3	48000001	48500000	-0.0686522153148239
chr3	48500001	49000000	0.0216904003283327
chr3	49000001	49500000	0.0735184989869558
chr3	49500001	50000000	0.0657704096487882
chr3	50000001	50500000	0.00815253904523676
chr3	50500001	51000000	0.0635042989018352
chr3	51000001	51500000	-0.0630553674497469
chr3	51500001	52000000	-0.0148910889465355
chr3	52000001	52500000	-0.0265303225015651
chr3	52500001	53000000	-0.00529671117434777
chr3	53000001	53500000	-0.0034024149697863
chr3	53500001	54000000	0.00944148940319242
chr3	54000001	54500000	-0.0199398697347738
chr3	54500001	55000000	-0.00942455150707756
chr3	55000001	55500000	-0.0413176726448503
chr3	55500001	56000000	-0.0585252108170183
chr3	56000001	56500000	0.000652605896420185
chr3	56500001	57000000	0.0229450548745035
chr3	57000001	57500000	0.0415560513779163
chr3	57500001	58000000	-0.0273512447618799
chr3	58000001	58500000	0.0683851855104472
chr3	58500001	59000000	0.0429589982620734
chr3	59000001	59500000	-0.00103058472740828
chr3	59500001	60000000	0.123726192827948
chr3	60000001	60500000	NA
chr3	60500001	61000000	0.0874314235600491
chr3	61000001	61500000	-0.00505599791402836
chr3	61500001	62000000	0.0285268065617736
chr3	62000001	62500000	-0.0802350369217739
chr3	62500001	63000000	0.0182076583077661
chr3	63000001	63500000	0.0191230225913835
chr3	63500001	64000000	-0.0188408828708225
chr3	64000001	64500000	0.0742235655000412
chr3	64500001	65000000	0.0278176587444617
chr3	65000001	65500000	-0.0992228213103552
chr3	65500001	66000000	-0.107536581818818
chr3	66000001	66500000	NA
chr3	66500001	67000000	-0.0211294857104015
chr3	67000001	67500000	0.0220066353687132
chr3	67500001	68000000	-0.00740095774324509
chr3	68000001	68500000	-0.0824780341271205
chr3	68500001	69000000	-0.0505913230907547
chr3	69000001	69500000	0.0258739899030811
chr3	69500001	70000000	0.0681733154110708
chr3	70000001	70500000	0.000362659864422535
chr3	70500001	71000000	-0.0151777580085492
chr3	71000001	71500000	0.00128521136452109
chr3	71500001	72000000	0.0897615109940022
chr3	72000001	72500000	0.0167709967221698
chr3	72500001	73000000	-0.0168243369664356
chr3	73000001	73500000	-0.125703253311136
chr3	73500001	74000000	0.021933440812435
chr3	74000001	74500000	-0.0824651664442759
chr3	74500001	75000000	-0.0763975301237065
chr3	75000001	75500000	-0.0764742983336891
chr3	76000001	76500000	-0.075647795924981
chr3	76500001	77000000	0.0519140800220636
chr3	77000001	77500000	-0.0463993291272004
chr3	77500001	78000000	-0.103894955606624
chr3	78000001	78500000	-0.0448837498630365
chr3	78500001	79000000	-0.0951871426512552
chr3	79000001	79500000	-0.0602343443412086
chr3	79500001	80000000	0.0213606163821614
chr3	80000001	80500000	0.00323466515737533
chr3	80500001	81000000	0.0423694692139283
chr3	81000001	81500000	0.0565423352657164
chr3	81500001	82000000	0.0147011140722393
chr3	82000001	82500000	0.0985313902371842
chr3	82500001	83000000	0.0100646648444492
chr3	83000001	83500000	NA
chr3	83500001	84000000	-0.0506045046633404
chr3	84000001	84500000	-0.116764626019806
chr3	84500001	85000000	0.0246192016096195
chr3	85000001	85500000	NA
chr3	85500001	86000000	0.0861176365206345
chr3	86000001	86500000	-0.0227786786505101
chr3	86500001	87000000	-0.0262015480460967
chr3	87000001	87500000	0.0254586828675831
chr3	94500001	95000000	-0.0467711683324742
chr3	95000001	95500000	-0.0160191800477246
chr3	95500001	96000000	-0.0634346891367675
chr3	96000001	96500000	0.0310625040682268
chr3	96500001	97000000	-0.0196130653309867
chr3	97000001	97500000	-0.00561908419142433
chr3	97500001	98000000	-0.0535168940428882
chr3	98000001	98500000	-0.0388653848173635
chr3	98500001	99000000	0.0746982677814007
chr3	99000001	99500000	0.0415309579670374
chr3	99500001	100000000	0.0273610099591234
chr3	100000001	100500000	-0.055612633691452
chr3	100500001	101000000	0.00580221446700597
chr3	101000001	101500000	0.00559308517824662
chr3	101500001	102000000	0.00102713504269331
chr3	102000001	102500000	0.0632876983629236
chr3	102500001	103000000	-0.0569876943531676
chr3	103000001	103500000	-0.0623993470425195
chr3	103500001	104000000	0.000746568634124689
chr3	104000001	104500000	0.0867902838301169
chr3	104500001	105000000	-0.0211905026864301
chr3	105000001	105500000	0.0814284057325275
chr3	105500001	106000000	0.0647568266612092
chr3	106000001	106500000	0.0133824012033394
chr3	106500001	107000000	-0.064777614417548
chr3	107000001	107500000	0.0193455108810198
chr3	107500001	108000000	0.036339165296821
chr3	108000001	108500000	0.113771279168254
chr3	108500001	109000000	0.0192701560608505
chr3	109000001	109500000	-0.101310930889747
chr3	109500001	110000000	-0.0297774406675443
chr3	110000001	110500000	-0.103229710983084
chr3	110500001	111000000	-0.030717415072442
chr3	111000001	111500000	-0.00911189958103129
chr3	111500001	112000000	-0.0575957848603006
chr3	112000001	112500000	0.0667618562915215
chr3	112500001	113000000	0.0746827211802237
chr3	113000001	113500000	0.0736840365909482
chr3	113500001	114000000	0.0135830082099136
chr3	114000001	114500000	0.0485896179018104
chr3	114500001	115000000	0.0665964416378972
chr3	115000001	115500000	-0.015282225179607
chr3	115500001	116000000	0.027212505618
chr3	116000001	116500000	-0.032473229915836
chr3	116500001	117000000	0.0263202556388133
chr3	117000001	117500000	0.0514921199322613
chr3	117500001	118000000	-0.0408814500062672
chr3	118000001	118500000	-0.0702166419348106
chr3	118500001	119000000	0.0779712520744112
chr3	119000001	119500000	0.0246776251918965
chr3	119500001	120000000	0.0764049399606157
chr3	120000001	120500000	0.141628299476775
chr3	120500001	121000000	-0.0167651199620281
chr3	121000001	121500000	0.107660926375383
chr3	121500001	122000000	0.0260307670364398
chr3	122000001	122500000	0.102385408940684
chr3	122500001	123000000	0.0494470414152203
chr3	123000001	123500000	-0.0421454019364852
chr3	123500001	124000000	0.00757640103742752
chr3	124000001	124500000	-0.00621832208600188
chr3	124500001	125000000	-0.00797258847513926
chr3	125000001	125500000	0.0768546226462449
chr3	126000001	126500000	-0.0445306303306604
chr3	126500001	127000000	0.0798268127907321
chr3	127000001	127500000	-0.0580427798496498
chr3	127500001	128000000	-0.139047861398899
chr3	128000001	128500000	0.0531151964799964
chr3	128500001	129000000	0.0289317429030458
chr3	129000001	129500000	-0.0216361695252866
chr3	129500001	130000000	0.0399174509666525
chr3	130500001	131000000	0.0264168931066221
chr3	131000001	131500000	0.0727920662821357
chr3	131500001	132000000	-0.0299054276580436
chr3	132000001	132500000	0.0606896559330337
chr3	132500001	133000000	-0.0169161062246101
chr3	133000001	133500000	0.0733687149550268
chr3	133500001	134000000	0.0911710979287721
chr3	134000001	134500000	0.0918001301327564
chr3	134500001	135000000	0.0737319932620354
chr3	135000001	135500000	0.0351712777183112
chr3	135500001	136000000	0.0369759860113307
chr3	136000001	136500000	-0.00996864228971922
chr3	136500001	137000000	0.0732484955144273
chr3	137000001	137500000	-0.0232459304440889
chr3	137500001	138000000	-0.0376832705980174
chr3	138000001	138500000	0.0137876567780141
chr3	138500001	139000000	0.00453711577911503
chr3	139000001	139500000	0.0431061239484421
chr3	139500001	140000000	0.0667088150525755
chr3	140000001	140500000	-0.0284029453755066
chr3	140500001	141000000	0.0151589825849438
chr3	141000001	141500000	0.0132675238499842
chr3	141500001	142000000	0.0340457599564893
chr3	142000001	142500000	0.124011620157281
chr3	142500001	143000000	0.0392930341025837
chr3	143000001	143500000	0.0843562535665618
chr3	143500001	144000000	0.0808758253918367
chr3	144000001	144500000	0.0667180422361761
chr3	144500001	145000000	0.0567347276574742
chr3	145000001	145500000	0.0553767631468179
chr3	145500001	146000000	0.0563768428622142
chr3	146000001	146500000	-0.0197204721375632
chr3	146500001	147000000	0.0298633042507138
chr3	147000001	147500000	0.0466262887736207
chr3	147500001	148000000	0.0715445821930277
chr3	148000001	148500000	0.100815549592705
chr3	148500001	149000000	0.0501752048112251
chr3	149000001	149500000	0.0940314874132353
chr3	149500001	150000000	0.0523492217315106
chr3	150000001	150500000	0.0489391412296163
chr3	150500001	151000000	0.10440611638794
chr3	151000001	151500000	0.0923068699583613
chr3	151500001	152000000	0.0263792255963829
chr3	152000001	152500000	0.0875099285562292
chr3	152500001	153000000	0.0640771002056697
chr3	153000001	153500000	0.0316285933157212
chr3	153500001	154000000	0.106115901746126
chr3	154000001	154500000	0.0275740943355344
chr3	154500001	155000000	0.063555930137566
chr3	155000001	155500000	0.0433306254494157
chr3	155500001	156000000	0.107500884831571
chr3	156000001	156500000	0.0301535350849271
chr3	156500001	157000000	0.00367014503319712
chr3	157000001	157500000	0.105407862832362
chr3	157500001	158000000	0.112777726597524
chr3	158000001	158500000	0.155772640969828
chr3	158500001	159000000	0.168546223764016
chr3	159000001	159500000	0.058763375435102
chr3	159500001	160000000	0.0864706652612438
chr3	160000001	160500000	0.0562730744828412
chr3	160500001	161000000	0.140379399040316
chr3	161000001	161500000	0.0694309991414611
chr3	161500001	162000000	0.0970701865357447
chr3	162000001	162500000	0.0828646590550686
chr3	162500001	163000000	0.245997132511988
chr3	163000001	163500000	0.104334709093027
chr3	163500001	164000000	0.0603401370645052
chr3	164000001	164500000	0.101247393470136
chr3	164500001	165000000	0.17331354641139
chr3	165000001	165500000	0.189892889510308
chr3	165500001	166000000	0.111231738434172
chr3	166000001	166500000	0.0919538877151095
chr3	166500001	167000000	0.126747777924907
chr3	167000001	167500000	0.0795882121984182
chr3	167500001	168000000	0.0302013345177885
chr3	168000001	168500000	0.110235728027112
chr3	168500001	169000000	0.0992336966234546
chr3	169000001	169500000	0.0230176465837182
chr3	169500001	170000000	0.137882820322962
chr3	170000001	170500000	0.0922372267248559
chr3	170500001	171000000	0.0726860823460038
chr3	171000001	171500000	0.152606824011685
chr3	171500001	172000000	0.0989320269652054
chr3	172000001	172500000	0.122213162102645
chr3	172500001	173000000	0.0874769695631673
chr3	173000001	173500000	0.0883461505140469
chr3	173500001	174000000	0.0468448548472063
chr3	174000001	174500000	0.0744308880078218
chr3	174500001	175000000	0.0291419394346553
chr3	175000001	175500000	0.156618620291153
chr3	175500001	176000000	0.084155053065884
chr3	176000001	176500000	0.159987390763391
chr3	176500001	177000000	0.122703237534565
chr3	177000001	177500000	0.125141311079437
chr3	177500001	178000000	0.149259451098952
chr3	178000001	178500000	0.203379114742147
chr3	178500001	179000000	0.0809581935913609
chr3	179000001	179500000	0.0568811973961023
chr3	179500001	180000000	0.104908577584989
chr3	180000001	180500000	0.0146246044559469
chr3	180500001	181000000	0.0256822366056974
chr3	181000001	181500000	0.083318736543998
chr3	181500001	182000000	-0.0520110714827165
chr3	182000001	182500000	-0.0282660548442233
chr3	182500001	183000000	0.0904207647611836
chr3	183000001	183500000	0.112240391564853
chr3	183500001	184000000	0.109853199507194
chr3	184000001	184500000	0.0884350755604779
chr3	184500001	185000000	0.103768268719856
chr3	185000001	185500000	0.122585169469408
chr3	185500001	186000000	-0.00554329550464505
chr3	186000001	186500000	0.0951141880898831
chr3	186500001	187000000	0.183164937747698
chr3	187000001	187500000	0.0787363339376461
chr3	187500001	188000000	0.101013569566297
chr3	188000001	188500000	0.0659361751032491
chr3	188500001	189000000	0.0552981578432927
chr3	189000001	189500000	0.0650583654312446
chr3	189500001	190000000	0.106371611802478
chr3	190000001	190500000	0.0668427995566396
chr3	190500001	191000000	0.104628339236531
chr3	191000001	191500000	0.0449113757048164
chr3	191500001	192000000	0.0432221668129015
chr3	192000001	192500000	0.106973554441783
chr3	192500001	193000000	0.0421770217220706
chr3	193000001	193500000	-0.0105926524508476
chr3	193500001	194000000	0.0423960837133466
chr3	194000001	194500000	0.0617597568992615
chr3	194500001	195000000	0.080485229635014
chr3	195000001	195500000	0.0740464244618733
chr3	195500001	196000000	0.250605037232043
chr3	196000001	196500000	0.0871336438185548
chr3	196500001	197000000	0.0237896123197529
chr3	197000001	197500000	0.0500697068355825
chr3	197500001	198000000	0.0275274477046573
chr4	1	500000	NA
chr4	500001	1000000	-0.0167012674835125
chr4	1000001	1500000	NA
chr4	1500001	2000000	-0.0424536013647886
chr4	2000001	2500000	-0.0444162000048564
chr4	2500001	3000000	-0.0410777477172707
chr4	3000001	3500000	-0.204373714253303
chr4	3500001	4000000	0.111670619265937
chr4	4500001	5000000	-0.0740465268765944
chr4	5000001	5500000	0.0174957292958151
chr4	5500001	6000000	-0.026915592099063
chr4	6000001	6500000	-0.0630644057151348
chr4	6500001	7000000	-0.0239360420089979
chr4	7000001	7500000	-0.141573614938252
chr4	7500001	8000000	-0.124941877056047
chr4	8000001	8500000	-0.035004330084822
chr4	8500001	9000000	NA
chr4	10000001	10500000	0.11604061362329
chr4	10500001	11000000	-0.0308012281511132
chr4	11000001	11500000	0.022635875200415
chr4	11500001	12000000	0.0426126610860695
chr4	12000001	12500000	-0.0128077666309292
chr4	12500001	13000000	-0.0360905947571044
chr4	13000001	13500000	-0.0976397832802549
chr4	13500001	14000000	-0.00491034969632137
chr4	14000001	14500000	0.0520630534630228
chr4	14500001	15000000	0.0598576220247829
chr4	15000001	15500000	-0.0527093899694415
chr4	15500001	16000000	0.159250483701183
chr4	16000001	16500000	0.0290351172683987
chr4	16500001	17000000	-0.0397282028511828
chr4	17000001	17500000	0.0188447180838364
chr4	17500001	18000000	-0.0338649344461919
chr4	18000001	18500000	0.116924835252559
chr4	18500001	19000000	0.0267871288527224
chr4	19000001	19500000	0.0539495455540543
chr4	19500001	20000000	0.0804617326262675
chr4	20000001	20500000	0.0599465370502275
chr4	20500001	21000000	-0.0246670188699197
chr4	21000001	21500000	0.0325607912626108
chr4	21500001	22000000	-0.0575484194695729
chr4	22000001	22500000	-0.0191368177255446
chr4	22500001	23000000	-0.0190567713064614
chr4	23000001	23500000	-0.0381041535439243
chr4	23500001	24000000	-0.0533465974008928
chr4	24000001	24500000	-0.0110768620228846
chr4	24500001	25000000	0.0122418132037288
chr4	25000001	25500000	-0.0602842228063116
chr4	25500001	26000000	0.0159906815244665
chr4	26000001	26500000	0.033619390519287
chr4	26500001	27000000	-0.0392002159049609
chr4	27000001	27500000	0.0222061368635752
chr4	27500001	28000000	0.113607030426538
chr4	28000001	28500000	0.000200906851829212
chr4	28500001	29000000	-0.0635281226860056
chr4	29000001	29500000	-0.0146220811045658
chr4	29500001	30000000	-0.06006626202458
chr4	30000001	30500000	-0.0447457182153235
chr4	30500001	31000000	-0.00074574830386695
chr4	31000001	31500000	0.0195567397827709
chr4	31500001	32000000	NA
chr4	32000001	32500000	-0.0885787597614567
chr4	32500001	33000000	NA
chr4	33000001	33500000	0.0422047276253419
chr4	33500001	34000000	-0.0416613276053757
chr4	34000001	34500000	0.0393855952502701
chr4	34500001	35000000	-0.0874667715074848
chr4	35000001	35500000	0.0316337036882329
chr4	35500001	36000000	-0.0528961844811289
chr4	36000001	36500000	0.0437923030371577
chr4	36500001	37000000	-0.00554640592521653
chr4	37000001	37500000	-0.0414082669289517
chr4	37500001	38000000	-0.0119304337773439
chr4	38000001	38500000	0.0796356346009113
chr4	38500001	39000000	0.0338618808037352
chr4	39000001	39500000	-0.0486823568835548
chr4	39500001	40000000	-0.029995579278118
chr4	40000001	40500000	0.0848319149124974
chr4	40500001	41000000	0.0839289772862076
chr4	41000001	41500000	0.0883346296659976
chr4	41500001	42000000	0.00825601595399089
chr4	42000001	42500000	-0.0727572149496706
chr4	42500001	43000000	-0.127126910973591
chr4	43000001	43500000	-0.0112904097756854
chr4	43500001	44000000	-0.0438802637449004
chr4	44000001	44500000	0.00208971529758095
chr4	44500001	45000000	-0.0693976950540316
chr4	45000001	45500000	-0.103974938997042
chr4	45500001	46000000	-0.0680096784715191
chr4	46000001	46500000	-0.082269291891928
chr4	46500001	47000000	-0.0247194008777872
chr4	47000001	47500000	-0.095135571357158
chr4	47500001	48000000	-0.0477445747238917
chr4	52000001	52500000	0.101653379679055
chr4	52500001	53000000	-0.0399316216294946
chr4	53000001	53500000	-0.0401418999265938
chr4	53500001	54000000	-0.0115537315661888
chr4	54000001	54500000	0.0557490275487994
chr4	54500001	55000000	0.0689987165689243
chr4	55000001	55500000	0.0163249052922307
chr4	55500001	56000000	-0.0510756852711898
chr4	56000001	56500000	-0.0307713816432349
chr4	56500001	57000000	-0.00281454732554458
chr4	57000001	57500000	0.0436558307995406
chr4	57500001	58000000	-0.0785278947898981
chr4	58000001	58500000	0.0222226253564134
chr4	58500001	59000000	NA
chr4	59000001	59500000	0.0362562335242985
chr4	59500001	60000000	0.0617458063408058
chr4	60000001	60500000	-0.0167786826567385
chr4	60500001	61000000	-0.0464184755452614
chr4	61000001	61500000	-0.0778018101433236
chr4	61500001	62000000	-0.0375612466855607
chr4	62000001	62500000	0.00364243995967324
chr4	62500001	63000000	0.0418409559180513
chr4	63000001	63500000	-0.0565783846504203
chr4	63500001	64000000	0.0687005036075674
chr4	64000001	64500000	-0.00344172399680394
chr4	64500001	65000000	-0.0875880609968187
chr4	65000001	65500000	0.00255160748370231
chr4	65500001	66000000	0.00214222037654306
chr4	66000001	66500000	-0.0458946719598081
chr4	66500001	67000000	-0.142593115387686
chr4	67000001	67500000	-0.116163858907132
chr4	67500001	68000000	-0.0607734519252092
chr4	68000001	68500000	0.0436093618111881
chr4	68500001	69000000	-0.108823869643465
chr4	69000001	69500000	0.0176033395481933
chr4	69500001	70000000	-0.163921628729297
chr4	70000001	70500000	-0.0649435637606109
chr4	70500001	71000000	-0.0537239745237464
chr4	71000001	71500000	-0.0340813589595311
chr4	71500001	72000000	-0.0174923221680546
chr4	72000001	72500000	-0.049881626528581
chr4	72500001	73000000	-0.0805887692984533
chr4	73000001	73500000	-0.0256037627185739
chr4	73500001	74000000	-0.024810293834542
chr4	74000001	74500000	-0.0560115579775477
chr4	74500001	75000000	-0.0666590315169049
chr4	75000001	75500000	0.0667111486819014
chr4	75500001	76000000	-0.0413444828144548
chr4	76000001	76500000	-0.0617810907106318
chr4	76500001	77000000	-0.0420603135628651
chr4	77000001	77500000	-0.103154334082413
chr4	77500001	78000000	-0.0146925215197554
chr4	78000001	78500000	-0.016925225748481
chr4	78500001	79000000	-0.0326956011195253
chr4	79000001	79500000	0.000993871652648921
chr4	79500001	80000000	-0.0250441454834454
chr4	80000001	80500000	0.0617945398578154
chr4	80500001	81000000	-0.11808133963387
chr4	81000001	81500000	-0.0983731374077784
chr4	81500001	82000000	0.0108324900689427
chr4	82000001	82500000	-0.029039212627753
chr4	82500001	83000000	-0.0201488006491414
chr4	83000001	83500000	0.0550912565555721
chr4	83500001	84000000	-0.030802541786202
chr4	84000001	84500000	-0.0578919421301267
chr4	84500001	85000000	-0.0365015580038359
chr4	85000001	85500000	-0.0192208503630148
chr4	85500001	86000000	-0.00295995185867107
chr4	86000001	86500000	-0.123032296863712
chr4	86500001	87000000	-0.0191249763912881
chr4	87000001	87500000	-0.000320236479870478
chr4	87500001	88000000	0.0274870299044511
chr4	88000001	88500000	-0.0521566629492556
chr4	88500001	89000000	0.0186018177537278
chr4	89000001	89500000	0.0428033758256103
chr4	89500001	90000000	-0.0150697448529724
chr4	90000001	90500000	-0.00185071156788751
chr4	90500001	91000000	0.0359735081269866
chr4	91000001	91500000	-0.0208388823898784
chr4	91500001	92000000	-0.127336576243093
chr4	92000001	92500000	-0.0644978810763401
chr4	92500001	93000000	-0.0383415025025533
chr4	93000001	93500000	-0.154778583244648
chr4	93500001	94000000	-0.0409302136546736
chr4	94000001	94500000	-0.0403717467078236
chr4	94500001	95000000	-0.0345845831262308
chr4	95000001	95500000	-0.0431863801775225
chr4	95500001	96000000	-0.0723662049590681
chr4	96000001	96500000	0.00640514664666724
chr4	96500001	97000000	-0.047406170928422
chr4	97000001	97500000	-0.0702004696809384
chr4	97500001	98000000	-0.00290188411494914
chr4	98000001	98500000	-0.0424039579025132
chr4	98500001	99000000	-0.0634300328465901
chr4	99000001	99500000	0.0180299851592039
chr4	99500001	100000000	-0.0453254937813156
chr4	100000001	100500000	-0.0148658976662657
chr4	100500001	101000000	0.0228617158201861
chr4	101000001	101500000	-0.0245700539319532
chr4	101500001	102000000	-0.0202104669862818
chr4	102000001	102500000	-0.0194575674780529
chr4	102500001	103000000	-0.0379065139275576
chr4	103000001	103500000	0.0181203827091425
chr4	103500001	104000000	-0.037743438177487
chr4	104000001	104500000	-0.0172177511678714
chr4	104500001	105000000	-0.098735140303377
chr4	105000001	105500000	0.0191725564841627
chr4	105500001	106000000	-0.0940647782711813
chr4	106000001	106500000	-0.0551546154247845
chr4	106500001	107000000	-0.0384944607110851
chr4	107000001	107500000	-0.12156764383404
chr4	107500001	108000000	-0.0830584022800522
chr4	108000001	108500000	0.0596866830378331
chr4	108500001	109000000	-0.0370438231710489
chr4	109000001	109500000	-0.00572799221507349
chr4	109500001	110000000	-0.0490976534770152
chr4	110000001	110500000	-0.0802225347683665
chr4	110500001	111000000	-0.106649736096602
chr4	111000001	111500000	-0.0589665832024779
chr4	111500001	112000000	-0.0649610382780885
chr4	112000001	112500000	0.0227490300059123
chr4	112500001	113000000	-0.0790417744266281
chr4	113000001	113500000	-0.111228888169621
chr4	113500001	114000000	-0.110881367758294
chr4	114000001	114500000	-0.102947814555183
chr4	114500001	115000000	0.00906778570340757
chr4	115000001	115500000	-0.0383899729102935
chr4	115500001	116000000	-0.0436834688738175
chr4	116000001	116500000	0.0611139444208855
chr4	116500001	117000000	0.10493539560098
chr4	117000001	117500000	-0.0199161180467337
chr4	117500001	118000000	0.0261712996033977
chr4	118000001	118500000	-0.0164405640686365
chr4	118500001	119000000	-0.0707500026222289
chr4	119000001	119500000	0.0788238653426351
chr4	119500001	120000000	-0.0924252182600493
chr4	120000001	120500000	-0.0555802285986407
chr4	120500001	121000000	0.0346086100542275
chr4	121000001	121500000	-0.00166449294455613
chr4	121500001	122000000	-0.0293039784689194
chr4	122000001	122500000	-0.00118767926444657
chr4	122500001	123000000	-0.0221392638238358
chr4	123000001	123500000	0.022477439318585
chr4	123500001	124000000	0.0035786883105172
chr4	124000001	124500000	-0.0615004941758393
chr4	124500001	125000000	-0.0878721701591485
chr4	125000001	125500000	-0.0564922810376799
chr4	125500001	126000000	-0.00981489604969351
chr4	126000001	126500000	-0.0597081411319191
chr4	126500001	127000000	0.00581140223692473
chr4	127000001	127500000	-0.0647188116956505
chr4	127500001	128000000	-0.10231105025931
chr4	128000001	128500000	0.0240731803605177
chr4	128500001	129000000	0.000697442149663281
chr4	129000001	129500000	0.0135346466169313
chr4	129500001	130000000	0.0078729419981611
chr4	130000001	130500000	0.0195270131385212
chr4	130500001	131000000	0.0311075285389519
chr4	131000001	131500000	0.0661621582382148
chr4	132000001	132500000	-0.0484569545007969
chr4	132500001	133000000	-0.0182049665195604
chr4	133000001	133500000	-0.0328407183069665
chr4	133500001	134000000	-0.0111896902307292
chr4	134000001	134500000	0.0629019363881842
chr4	134500001	135000000	-0.0340979578258072
chr4	135000001	135500000	-0.0565393763266312
chr4	135500001	136000000	-0.0818089917549329
chr4	136000001	136500000	0.00729524329956721
chr4	136500001	137000000	0.00726917715222461
chr4	137000001	137500000	0.0104781642607512
chr4	137500001	138000000	0.00887840135449139
chr4	138000001	138500000	-0.0231846660752686
chr4	138500001	139000000	-0.0242913282598079
chr4	139000001	139500000	0.0564999433717372
chr4	139500001	140000000	0.0471608505921222
chr4	140000001	140500000	-0.0295611753570629
chr4	140500001	141000000	-0.0200876296286401
chr4	141000001	141500000	-0.0330789191592787
chr4	141500001	142000000	0.0010337166367991
chr4	142000001	142500000	-0.0482860859689532
chr4	142500001	143000000	-0.0335278830738849
chr4	143000001	143500000	-0.0360429634578382
chr4	143500001	144000000	0.0811842068494868
chr4	144000001	144500000	0.0967121534813207
chr4	144500001	145000000	-0.0212133544248494
chr4	145000001	145500000	-0.105682863155633
chr4	145500001	146000000	-0.0798280760082294
chr4	146000001	146500000	-0.0950164637612317
chr4	146500001	147000000	-0.0505307068066663
chr4	147000001	147500000	0.00673589996774789
chr4	147500001	148000000	0.0237605987103755
chr4	148000001	148500000	-0.0204403829505102
chr4	148500001	149000000	-0.0209017850009894
chr4	149000001	149500000	0.0335322974841158
chr4	149500001	150000000	-0.0564429014242486
chr4	150000001	150500000	-0.0456179470895943
chr4	150500001	151000000	-0.0925873328301258
chr4	151000001	151500000	-0.0740967179750271
chr4	151500001	152000000	-0.0129343103585276
chr4	152000001	152500000	0.0166442123688783
chr4	152500001	153000000	0.0459825938432294
chr4	153000001	153500000	0.0429826753399425
chr4	153500001	154000000	0.0456289073850905
chr4	154000001	154500000	-0.0955717624032749
chr4	154500001	155000000	-0.0891689696466619
chr4	155000001	155500000	0.0121505227301477
chr4	155500001	156000000	-0.000833756799958231
chr4	156000001	156500000	0.0147335930210697
chr4	156500001	157000000	0.00347000809977086
chr4	157000001	157500000	-0.0421379592719661
chr4	157500001	158000000	-0.0297792058456126
chr4	158000001	158500000	0.027239507808756
chr4	158500001	159000000	0.028477856046726
chr4	159000001	159500000	-0.0122884579770773
chr4	159500001	160000000	-0.0390916331076876
chr4	160000001	160500000	-0.033710083067672
chr4	160500001	161000000	0.0306868624580253
chr4	161000001	161500000	0.14693028114063
chr4	161500001	162000000	0.0464400984987707
chr4	162000001	162500000	-0.0838590005907212
chr4	162500001	163000000	0.0224430610218084
chr4	163000001	163500000	0.0195509984100206
chr4	163500001	164000000	-0.040245890841206
chr4	164000001	164500000	-0.0167383896659006
chr4	164500001	165000000	-0.0331661142531566
chr4	165000001	165500000	-0.0233168531906259
chr4	165500001	166000000	-0.0454909144713652
chr4	166000001	166500000	-0.0302297208463716
chr4	166500001	167000000	-0.0615103807889983
chr4	167000001	167500000	-0.0432973361294576
chr4	167500001	168000000	0.0423879339305586
chr4	168000001	168500000	-0.0229050791037458
chr4	168500001	169000000	0.00942683898265212
chr4	169000001	169500000	-0.0218908705406998
chr4	169500001	170000000	-0.0597313012781976
chr4	170000001	170500000	0.0197874524687827
chr4	170500001	171000000	-0.0302616999112833
chr4	171000001	171500000	-0.0112903025030048
chr4	171500001	172000000	0.0470419644137458
chr4	172000001	172500000	-0.0368312207812279
chr4	172500001	173000000	-0.0367494626649155
chr4	173000001	173500000	0.00534847551615814
chr4	173500001	174000000	-0.0181145354397275
chr4	174000001	174500000	-0.155351118429987
chr4	174500001	175000000	-0.0196474836533385
chr4	175000001	175500000	-0.0383607402292703
chr4	175500001	176000000	-0.0301131806902105
chr4	176000001	176500000	-0.0196664769391925
chr4	176500001	177000000	-0.0893301797292254
chr4	177000001	177500000	-0.0495027600920809
chr4	177500001	178000000	-0.0934044988234091
chr4	178000001	178500000	0.0227001278407929
chr4	178500001	179000000	-0.0295984023301429
chr4	179000001	179500000	-0.0322397360252818
chr4	179500001	180000000	-0.0183096745645746
chr4	180000001	180500000	-0.0173184127450965
chr4	180500001	181000000	0.0248429450600407
chr4	181000001	181500000	-0.109393349175409
chr4	181500001	182000000	-0.00218698751462432
chr4	182000001	182500000	-0.0530477850040313
chr4	182500001	183000000	-0.0869205551721401
chr4	183000001	183500000	-0.0234804803113098
chr4	183500001	184000000	-0.0456053413519611
chr4	184000001	184500000	0.00600575120715942
chr4	184500001	185000000	0.0620304313890748
chr4	185000001	185500000	-0.0272366211153704
chr4	185500001	186000000	-0.0457626712218068
chr4	186000001	186500000	0.059921553328504
chr4	186500001	187000000	-0.0275796569895993
chr4	187000001	187500000	-0.081135040277073
chr4	187500001	188000000	-0.05448115459114
chr4	188000001	188500000	-0.0480439396579627
chr4	188500001	189000000	-0.05154076034544
chr4	189000001	189500000	-0.0478980317778102
chr5	1	500000	NA
chr5	500001	1000000	0.030645488297339
chr5	1000001	1500000	-0.0718697320181238
chr5	1500001	2000000	-0.024396807894546
chr5	2000001	2500000	-0.0213172479394841
chr5	2500001	3000000	0.0571550754900885
chr5	3000001	3500000	-0.0188344277852997
chr5	3500001	4000000	-0.0987247637592474
chr5	4000001	4500000	0.0686216749477954
chr5	4500001	5000000	-0.0159170793656567
chr5	5000001	5500000	-0.131320345269878
chr5	5500001	6000000	-0.0623599571125072
chr5	6000001	6500000	0.0514777698795763
chr5	6500001	7000000	0.0271326647233126
chr5	7000001	7500000	0.0457255977637478
chr5	7500001	8000000	0.0599514747517761
chr5	8000001	8500000	0.0230935023725223
chr5	8500001	9000000	0.01005202502399
chr5	9000001	9500000	-0.0212607427994954
chr5	9500001	10000000	0.0327098025838429
chr5	10000001	10500000	0.0161032384546738
chr5	10500001	11000000	-0.0177253410862769
chr5	11000001	11500000	0.0831007049519543
chr5	11500001	12000000	-0.0464053655130307
chr5	12000001	12500000	0.0112780088878516
chr5	12500001	13000000	0.0577564142704719
chr5	13000001	13500000	0.00622711468053981
chr5	13500001	14000000	0.0238201716911178
chr5	14000001	14500000	-0.0224989151547083
chr5	14500001	15000000	0.0131636277459097
chr5	15000001	15500000	0.000519145313454597
chr5	15500001	16000000	0.0440197744241409
chr5	16000001	16500000	0.0354845460598064
chr5	16500001	17000000	-0.00299286727679713
chr5	17000001	17500000	0.0700647241448297
chr5	17500001	18000000	NA
chr5	18000001	18500000	0.054839913624901
chr5	18500001	19000000	0.0333816993800235
chr5	19000001	19500000	0.0670614856843556
chr5	19500001	20000000	0.120738038902388
chr5	20000001	20500000	-0.0344675673660342
chr5	20500001	21000000	0.0320133283091165
chr5	21500001	22000000	0.0151575555779313
chr5	22000001	22500000	0.031478935952135
chr5	22500001	23000000	0.00310225014704802
chr5	23000001	23500000	0.0470338500336251
chr5	23500001	24000000	-0.0557069843307876
chr5	24000001	24500000	0.0575119793366913
chr5	24500001	25000000	0.0278531164882395
chr5	25000001	25500000	-0.0297908213391456
chr5	25500001	26000000	0.0070142791108561
chr5	26000001	26500000	-0.0135029497444416
chr5	26500001	27000000	0.0303996292661562
chr5	27000001	27500000	0.0394264156352538
chr5	27500001	28000000	-0.0551016216705787
chr5	28000001	28500000	0.0398036928146508
chr5	28500001	29000000	-0.0458459633149224
chr5	29000001	29500000	-0.0521964971467154
chr5	29500001	30000000	0.0323709795285042
chr5	30000001	30500000	-0.0204651897971881
chr5	30500001	31000000	0.0504379131923592
chr5	31000001	31500000	-0.0469495181365502
chr5	31500001	32000000	0.0674291660025215
chr5	32000001	32500000	0.0255811312109447
chr5	32500001	33000000	-0.00063209736914251
chr5	33000001	33500000	0.137505939359051
chr5	33500001	34000000	0.0614192352958828
chr5	34500001	35000000	-0.028533119669441
chr5	35000001	35500000	0.0259249653443585
chr5	35500001	36000000	0.0709571948552274
chr5	36000001	36500000	-0.0188263113095521
chr5	36500001	37000000	-0.0290906206317769
chr5	37000001	37500000	0.141689638031338
chr5	37500001	38000000	0.0545751344838735
chr5	38000001	38500000	0.0802892950509289
chr5	38500001	39000000	0.0644407963836725
chr5	39000001	39500000	0.105557108192339
chr5	39500001	40000000	0.0551789550650477
chr5	40000001	40500000	0.14307637215368
chr5	40500001	41000000	0.0190311688004139
chr5	41000001	41500000	0.0397055562377467
chr5	41500001	42000000	0.0436111504023917
chr5	42000001	42500000	0.0723483262279001
chr5	42500001	43000000	-0.0416266855229714
chr5	43000001	43500000	-0.0161165640646649
chr5	43500001	44000000	0.0673469270978371
chr5	44000001	44500000	0.0312426107015073
chr5	44500001	45000000	-0.008309586104342
chr5	45000001	45500000	-0.0931862342977557
chr5	51500001	52000000	0.0231121540019881
chr5	52000001	52500000	0.0516699151292892
chr5	52500001	53000000	-0.0180292653282863
chr5	53000001	53500000	0.0149320413048895
chr5	53500001	54000000	0.0340019523659827
chr5	54000001	54500000	0.0121092887893806
chr5	54500001	55000000	0.112083568868157
chr5	55000001	55500000	-0.00941180072111018
chr5	55500001	56000000	-0.0398250858112999
chr5	56000001	56500000	0.0922965644661889
chr5	56500001	57000000	0.0434101503319816
chr5	57000001	57500000	0.0320883984002717
chr5	57500001	58000000	0.0209782701732479
chr5	58000001	58500000	-0.0580755617243453
chr5	58500001	59000000	0.0529297072695412
chr5	59000001	59500000	-0.0242776179534937
chr5	59500001	60000000	-0.00994285806621958
chr5	60000001	60500000	-0.00723500454151899
chr5	60500001	61000000	-0.0342034643417136
chr5	61000001	61500000	-0.0291093932777168
chr5	61500001	62000000	-0.0657066425569739
chr5	62000001	62500000	-0.0387395445446138
chr5	62500001	63000000	-0.000750150915937181
chr5	63000001	63500000	0.00994148009020661
chr5	63500001	64000000	0.0594026950005911
chr5	64000001	64500000	-0.00890091546852735
chr5	64500001	65000000	-0.0326561341048876
chr5	65000001	65500000	-0.0418993550657871
chr5	65500001	66000000	-0.0514881621144662
chr5	66000001	66500000	0.00352116796588144
chr5	66500001	67000000	0.0570554879867352
chr5	67000001	67500000	-0.0917753933207347
chr5	67500001	68000000	0.0567786935412225
chr5	68000001	68500000	0.0147423745043311
chr5	68500001	69000000	0.00875678010914063
chr5	69000001	69500000	-0.0660932748030188
chr5	71500001	72000000	0.0126005182383389
chr5	72000001	72500000	-0.0657764350822326
chr5	72500001	73000000	-0.0457276311987893
chr5	73000001	73500000	-0.0287577587528413
chr5	73500001	74000000	-0.019717210377286
chr5	74000001	74500000	-0.0232912967869033
chr5	74500001	75000000	-0.0357637212060696
chr5	75000001	75500000	-0.0475461212430733
chr5	75500001	76000000	0.0471178473703644
chr5	76000001	76500000	-0.00173222689057133
chr5	76500001	77000000	0.0424526097747482
chr5	77000001	77500000	-0.000345250150150626
chr5	77500001	78000000	0.0460304152552323
chr5	78000001	78500000	-0.00828234838166875
chr5	78500001	79000000	0.00228629627059016
chr5	79000001	79500000	0.00408003876802673
chr5	79500001	80000000	-0.0685840771847197
chr5	80000001	80500000	0.0158029688071054
chr5	80500001	81000000	0.0241891565337594
chr5	81000001	81500000	0.022483429238415
chr5	81500001	82000000	-0.0279606155211892
chr5	82000001	82500000	-0.011597884059897
chr5	82500001	83000000	-0.0413180123525122
chr5	83000001	83500000	0.0352980724336265
chr5	83500001	84000000	0.0217843830115587
chr5	84000001	84500000	-0.077473768367242
chr5	84500001	85000000	-0.0476278238257101
chr5	85000001	85500000	0.0188612462360231
chr5	85500001	86000000	-0.00330770051624482
chr5	86000001	86500000	-0.0409229626316895
chr5	86500001	87000000	-0.0305328680373434
chr5	87000001	87500000	0.0339657525633692
chr5	87500001	88000000	-0.0264015753975579
chr5	88000001	88500000	0.0856792542949625
chr5	88500001	89000000	0.0486869414817827
chr5	89000001	89500000	0.0233333047890487
chr5	89500001	90000000	0.0336752551271207
chr5	90000001	90500000	-0.0276620259500402
chr5	90500001	91000000	-0.0437519381319833
chr5	91000001	91500000	0.0913978946361413
chr5	91500001	92000000	-0.0480885843746397
chr5	92000001	92500000	0.0223560309625465
chr5	92500001	93000000	-0.0413953372102502
chr5	93000001	93500000	-0.0219287580899673
chr5	93500001	94000000	0.0225451687037909
chr5	94000001	94500000	-0.00371871331751252
chr5	94500001	95000000	-0.0428666314422291
chr5	95000001	95500000	-0.00951528800422581
chr5	95500001	96000000	0.0230379631863435
chr5	96000001	96500000	-0.0563331885523311
chr5	96500001	97000000	0.0458410771831787
chr5	97000001	97500000	0.0898734466126641
chr5	97500001	98000000	0.0876856055672266
chr5	98000001	98500000	0.0993488960373515
chr5	98500001	99000000	-0.04038603356976
chr5	99000001	99500000	0.00383478349947473
chr5	99500001	100000000	0.0113830948729767
chr5	100000001	100500000	0.00257415097071683
chr5	100500001	101000000	0.125588619834682
chr5	101000001	101500000	0.0758359844023305
chr5	101500001	102000000	0.00325451586494317
chr5	102000001	102500000	0.012523279843773
chr5	102500001	103000000	0.0195892060905941
chr5	103000001	103500000	0.00552029806780269
chr5	103500001	104000000	0.0351657970025814
chr5	104000001	104500000	0.053190950721665
chr5	104500001	105000000	0.0136756488976407
chr5	105000001	105500000	0.0334130431262282
chr5	105500001	106000000	0.0626455489808355
chr5	106000001	106500000	-0.0189391057113464
chr5	106500001	107000000	0.0318306754009926
chr5	107000001	107500000	-0.0342313753123669
chr5	107500001	108000000	0.0426333485484401
chr5	108000001	108500000	-0.0017183108784891
chr5	108500001	109000000	-0.0493406758259877
chr5	109000001	109500000	-0.0147682735404389
chr5	109500001	110000000	-0.0272238053859103
chr5	110000001	110500000	-0.0302566139803777
chr5	110500001	111000000	-0.0959925674228305
chr5	111000001	111500000	0.0334562618274533
chr5	111500001	112000000	-0.0802477234917133
chr5	112000001	112500000	-0.0924890930043571
chr5	112500001	113000000	-0.0384071300012847
chr5	113000001	113500000	-0.0277223161813388
chr5	113500001	114000000	-0.104501239763326
chr5	114000001	114500000	0.0495733598936967
chr5	114500001	115000000	-0.0259990342926973
chr5	115000001	115500000	0.0428047034337772
chr5	115500001	116000000	-0.0545736155105889
chr5	116000001	116500000	0.0277928473166989
chr5	116500001	117000000	-0.0263185864695846
chr5	117000001	117500000	-0.0098560543531529
chr5	117500001	118000000	-0.0232523642891123
chr5	118000001	118500000	0.0622214886722679
chr5	118500001	119000000	0.0545494283728049
chr5	119000001	119500000	0.0365319712329861
chr5	119500001	120000000	-0.00373803170936095
chr5	120000001	120500000	0.0890798039047366
chr5	120500001	121000000	0.127451809500199
chr5	121000001	121500000	-0.0493621083794072
chr5	121500001	122000000	-0.0230433463248356
chr5	122000001	122500000	0.0517045384087828
chr5	122500001	123000000	0.0364191502157325
chr5	123000001	123500000	0.0299244512508463
chr5	123500001	124000000	0.102579242273361
chr5	124000001	124500000	-0.0376853911741244
chr5	124500001	125000000	0.145352549338984
chr5	125000001	125500000	0.0451623471374463
chr5	125500001	126000000	0.00556414640622672
chr5	126000001	126500000	0.0529083964174797
chr5	126500001	127000000	0.0594088444368823
chr5	127000001	127500000	0.0255179330263198
chr5	127500001	128000000	-0.0287170927975459
chr5	128000001	128500000	0.0429422373014247
chr5	128500001	129000000	0.0822841067545229
chr5	129000001	129500000	0.0974311636849208
chr5	129500001	130000000	-0.0297536905513172
chr5	130000001	130500000	0.0104222907861856
chr5	130500001	131000000	0.101597867653939
chr5	131000001	131500000	0.112346865931748
chr5	131500001	132000000	0.124059182939496
chr5	132000001	132500000	0.158435090202608
chr5	132500001	133000000	0.07653431206277
chr5	133000001	133500000	0.0782797634770378
chr5	133500001	134000000	0.0131793127676088
chr5	134000001	134500000	0.00110459757637859
chr5	134500001	135000000	0.124238863387822
chr5	135000001	135500000	0.133447855354892
chr5	135500001	136000000	0.0618549012018288
chr5	136000001	136500000	-0.01915013623725
chr5	136500001	137000000	0.113009775582529
chr5	137000001	137500000	-0.0272834440382399
chr5	137500001	138000000	0.0297632954636206
chr5	138000001	138500000	0.0710627336637772
chr5	138500001	139000000	0.0251954584918106
chr5	139000001	139500000	NA
chr5	139500001	140000000	-0.052547398320635
chr5	140000001	140500000	0.144243725642873
chr5	140500001	141000000	0.0346563492143782
chr5	141000001	141500000	0.0302024350092864
chr5	141500001	142000000	0.0426879180296093
chr5	142000001	142500000	-0.0105973091593308
chr5	142500001	143000000	0.00299467410710071
chr5	143000001	143500000	0.0154474184837931
chr5	143500001	144000000	0.0386874533936047
chr5	144000001	144500000	-0.00339622317735686
chr5	144500001	145000000	0.00373829614572808
chr5	145000001	145500000	-0.0393396021551563
chr5	145500001	146000000	0.0528944807425957
chr5	146000001	146500000	0.104376044163088
chr5	146500001	147000000	0.0108172998955754
chr5	147000001	147500000	-0.0140671320643527
chr5	147500001	148000000	-0.0109476090465713
chr5	148000001	148500000	0.0256090067064143
chr5	148500001	149000000	0.0875665717600874
chr5	149000001	149500000	-0.00591117839381247
chr5	149500001	150000000	-0.0123578142185405
chr5	150000001	150500000	0.134536083802164
chr5	150500001	151000000	-0.0723524051254766
chr5	151000001	151500000	0.0147875186518613
chr5	151500001	152000000	-0.0192785132663745
chr5	152000001	152500000	0.0507299622967549
chr5	152500001	153000000	-0.00211797374766574
chr5	153000001	153500000	-0.0031745896268814
chr5	153500001	154000000	0.0327275684888273
chr5	154000001	154500000	0.119034769408217
chr5	154500001	155000000	0.0691984237208182
chr5	155000001	155500000	0.0929837431727329
chr5	155500001	156000000	NA
chr5	156000001	156500000	0.0180776933313517
chr5	156500001	157000000	-0.0221699064008157
chr5	157000001	157500000	0.0744702124252099
chr5	157500001	158000000	0.0356332460476047
chr5	158000001	158500000	0.0154173391201736
chr5	158500001	159000000	0.00982361706539846
chr5	159000001	159500000	0.107205080608817
chr5	159500001	160000000	-0.00510165105594088
chr5	160000001	160500000	0.00124333476144693
chr5	160500001	161000000	-0.00238789771263975
chr5	161000001	161500000	0.0419947190887939
chr5	161500001	162000000	-0.105592893428068
chr5	162000001	162500000	-0.000608890613928735
chr5	162500001	163000000	0.130294409906774
chr5	163000001	163500000	0.0263508270833878
chr5	163500001	164000000	0.0458847277912221
chr5	164000001	164500000	-0.0533585369789509
chr5	164500001	165000000	0.0127412538008411
chr5	165000001	165500000	-0.0116271592314303
chr5	165500001	166000000	-0.0246503559497701
chr5	166000001	166500000	0.0431455551369577
chr5	166500001	167000000	0.015142616334921
chr5	167000001	167500000	0.10384395936438
chr5	167500001	168000000	0.0517184581716426
chr5	168000001	168500000	-0.0809735265082863
chr5	168500001	169000000	-0.0423533995374257
chr5	169000001	169500000	-0.0153512481123603
chr5	169500001	170000000	0.04363689568293
chr5	170000001	170500000	0.101893029384268
chr5	170500001	171000000	0.0741202721699575
chr5	171000001	171500000	0.057117540387825
chr5	171500001	172000000	0.0644445028026461
chr5	172000001	172500000	0.0805850334180307
chr5	172500001	173000000	0.065512966437208
chr5	173000001	173500000	0.0382194892838264
chr5	173500001	174000000	0.0486021332341084
chr5	174000001	174500000	-0.00748381779452735
chr5	174500001	175000000	0.0401935070633117
chr5	175000001	175500000	0.0216650035959152
chr5	175500001	176000000	0.0592939619221293
chr5	176500001	177000000	0.0611341510681589
chr5	177000001	177500000	0.111965604360063
chr5	178000001	178500000	0.0206913170588201
chr5	178500001	179000000	0.019743758760086
chr5	179000001	179500000	-0.0463482765000609
chr5	179500001	180000000	0.0513058057372467
chr5	180000001	180500000	-0.0841314795052821
chr5	180500001	181000000	-0.0860192191954564
chr6	500001	1000000	-0.00767516935458654
chr6	1000001	1500000	-0.0495701765111529
chr6	1500001	2000000	-0.0791096213614501
chr6	2000001	2500000	0.0257441167632241
chr6	2500001	3000000	0.0906342802259776
chr6	3000001	3500000	-0.0150311358887716
chr6	3500001	4000000	0.00697419007394418
chr6	4000001	4500000	0.0182161130498822
chr6	4500001	5000000	0.0605286726851033
chr6	5000001	5500000	0.019041921486312
chr6	5500001	6000000	0.123746818986897
chr6	6000001	6500000	0.0600834010000503
chr6	6500001	7000000	0.115957611850107
chr6	7000001	7500000	0.020287223259401
chr6	7500001	8000000	0.0115200421693783
chr6	8000001	8500000	-0.0275767166987243
chr6	8500001	9000000	-0.000480451017286099
chr6	9000001	9500000	-0.0300828244038425
chr6	9500001	10000000	-0.0155956492660617
chr6	10000001	10500000	0.0210772477744751
chr6	10500001	11000000	0.0868300590259965
chr6	11000001	11500000	0.117384783064241
chr6	11500001	12000000	-0.05875488274551
chr6	12000001	12500000	0.00757239107415053
chr6	12500001	13000000	-0.00682820255611274
chr6	13000001	13500000	0.0703204723478524
chr6	13500001	14000000	-0.0220803522728638
chr6	14000001	14500000	0.084200226559612
chr6	14500001	15000000	0.0479861655283267
chr6	15000001	15500000	0.106214153562323
chr6	15500001	16000000	-0.058650636655249
chr6	16000001	16500000	0.0359512588983137
chr6	16500001	17000000	0.0100505266674302
chr6	17000001	17500000	0.00727179973817869
chr6	17500001	18000000	0.0638594206828575
chr6	18000001	18500000	0.0150016092808646
chr6	18500001	19000000	0.0415389686268697
chr6	19000001	19500000	0.0633603913732764
chr6	19500001	20000000	-0.0320120562885349
chr6	20000001	20500000	-0.00463360565333237
chr6	20500001	21000000	-0.00281681629943421
chr6	21000001	21500000	0.0342320308980165
chr6	21500001	22000000	0.118253097274551
chr6	22000001	22500000	-0.00307442702944042
chr6	22500001	23000000	-0.0597325512356634
chr6	23000001	23500000	-0.0281440280165561
chr6	23500001	24000000	0.10177824167414
chr6	24000001	24500000	0.0112109801783613
chr6	24500001	25000000	0.135290573325633
chr6	25000001	25500000	0.0303277507372594
chr6	25500001	26000000	-0.00666074918876385
chr6	26000001	26500000	0.0559115736754284
chr6	27000001	27500000	0.0261025074775041
chr6	27500001	28000000	-0.0183054595156465
chr6	28000001	28500000	0.0767473249989296
chr6	28500001	29000000	0.0617924349083441
chr6	29000001	29500000	0.0259701808526856
chr6	29500001	30000000	-0.099764775314481
chr6	30000001	30500000	0.0849257902174132
chr6	30500001	31000000	0.0933274070554131
chr6	31000001	31500000	0.065384599543755
chr6	31500001	32000000	0.0768286152643574
chr6	32000001	32500000	-0.0921383873350033
chr6	32500001	33000000	0.155863370617997
chr6	33000001	33500000	0.0660004493055449
chr6	33500001	34000000	0.0664791502477634
chr6	34000001	34500000	-0.0010050771191543
chr6	34500001	35000000	0.0232339647976701
chr6	35000001	35500000	-0.0359227109796783
chr6	35500001	36000000	0.136387053093898
chr6	36000001	36500000	0.154985198243063
chr6	36500001	37000000	0.0052466996438138
chr6	37000001	37500000	0.062523659845218
chr6	37500001	38000000	-0.00148111359737566
chr6	38000001	38500000	-0.0728878453313859
chr6	38500001	39000000	0.0739807915941826
chr6	39000001	39500000	0.0967432653197542
chr6	39500001	40000000	0.0745020527609344
chr6	40000001	40500000	0.0294721214701299
chr6	40500001	41000000	-0.050386381477989
chr6	41000001	41500000	0.234433704396827
chr6	41500001	42000000	0.0474043703111391
chr6	42000001	42500000	0.100336220690732
chr6	42500001	43000000	0.178060389552431
chr6	43000001	43500000	0.0709958354117646
chr6	43500001	44000000	0.163709483990512
chr6	44000001	44500000	-0.00716078496453412
chr6	44500001	45000000	0.112674068761757
chr6	45000001	45500000	0.108392300000842
chr6	45500001	46000000	-0.00355706395136471
chr6	46000001	46500000	-0.0437470924048637
chr6	46500001	47000000	0.0300051711924402
chr6	47000001	47500000	0.0330017689679778
chr6	47500001	48000000	0.00342600915367645
chr6	48000001	48500000	0.0534557991048889
chr6	48500001	49000000	0.0524724011620309
chr6	49000001	49500000	-0.0236344036213012
chr6	49500001	50000000	0.0152941185982667
chr6	50000001	50500000	-0.0123815500957901
chr6	50500001	51000000	0.0336393714043722
chr6	51000001	51500000	-0.0452041530684525
chr6	51500001	52000000	-0.00902626823860437
chr6	52000001	52500000	0.0235546591479124
chr6	52500001	53000000	0.118427110067227
chr6	53000001	53500000	-0.00579148114503261
chr6	53500001	54000000	-0.0121541456367765
chr6	54000001	54500000	-0.00330179201617123
chr6	54500001	55000000	-0.00825327528387368
chr6	55000001	55500000	0.00744280324270082
chr6	55500001	56000000	0.00144651785540002
chr6	56000001	56500000	0.0659601937934266
chr6	56500001	57000000	-0.0227062112290713
chr6	57000001	57500000	-0.112839561925916
chr6	63000001	63500000	0.0096086118055377
chr6	63500001	64000000	0.0158942213712776
chr6	64000001	64500000	0.0710529686729309
chr6	64500001	65000000	0.0209479804684137
chr6	65000001	65500000	0.0698373948195878
chr6	65500001	66000000	0.0229267301294749
chr6	66000001	66500000	0.00530462012334162
chr6	66500001	67000000	-0.00668686642723606
chr6	67000001	67500000	NA
chr6	67500001	68000000	-0.00386038720495799
chr6	68000001	68500000	-0.0419186108008124
chr6	68500001	69000000	-0.0043092621938471
chr6	69000001	69500000	0.0701713195663243
chr6	69500001	70000000	0.0353570012916046
chr6	70000001	70500000	-0.0427606721366447
chr6	70500001	71000000	0.0551267429083261
chr6	71000001	71500000	0.109710478876199
chr6	71500001	72000000	0.0550561920340567
chr6	72000001	72500000	-0.0311296207329663
chr6	72500001	73000000	0.0268333650166445
chr6	73000001	73500000	-0.0175735077241549
chr6	73500001	74000000	-0.0255411942523458
chr6	74000001	74500000	0.0738844244324995
chr6	74500001	75000000	-0.00798471306655847
chr6	75000001	75500000	-0.0436697911688899
chr6	75500001	76000000	0.023532001218309
chr6	76000001	76500000	0.0284525894211756
chr6	76500001	77000000	0.111029098637148
chr6	77000001	77500000	-0.0306710905787548
chr6	77500001	78000000	0.0544116758914523
chr6	78000001	78500000	-0.00103476501721433
chr6	78500001	79000000	-0.0805475010532643
chr6	79000001	79500000	-0.0666878784497624
chr6	79500001	80000000	-0.0822845818686105
chr6	80000001	80500000	-0.0846583125951244
chr6	80500001	81000000	-0.0368689411630767
chr6	81000001	81500000	-0.0259225425988418
chr6	81500001	82000000	-0.0626499947828528
chr6	82000001	82500000	-0.0793783484346718
chr6	82500001	83000000	-0.0157285153289987
chr6	83000001	83500000	-0.0737279365365206
chr6	83500001	84000000	-0.0614923174745505
chr6	84000001	84500000	-0.0763625706928387
chr6	84500001	85000000	-0.0404155426535647
chr6	85000001	85500000	-0.0669836762521439
chr6	85500001	86000000	-0.0340019431406396
chr6	86000001	86500000	-0.00208778759160469
chr6	86500001	87000000	-0.0886461721948728
chr6	87000001	87500000	-0.0767283383848744
chr6	87500001	88000000	0.0138854994552693
chr6	88000001	88500000	-0.0286406740903676
chr6	88500001	89000000	-0.0041985804532506
chr6	89000001	89500000	0.0637056919089854
chr6	89500001	90000000	-0.0378396494881219
chr6	90000001	90500000	-0.0805894268184757
chr6	90500001	91000000	0.0377208879391857
chr6	91000001	91500000	-0.0558451701102629
chr6	91500001	92000000	-0.0334492342310245
chr6	92000001	92500000	-0.0662872799772658
chr6	92500001	93000000	-0.0390376160081865
chr6	93000001	93500000	-0.0541570669456019
chr6	93500001	94000000	-0.0482430112626379
chr6	94000001	94500000	-0.0443958630091645
chr6	94500001	95000000	0.013141992083453
chr6	95000001	95500000	NA
chr6	95500001	96000000	-0.0633233006592935
chr6	96000001	96500000	-0.0476444298967263
chr6	96500001	97000000	-0.123733238951838
chr6	97000001	97500000	-0.00409011455667682
chr6	97500001	98000000	0.0308186879182445
chr6	98000001	98500000	0.0229942177790782
chr6	98500001	99000000	-0.00074046041281367
chr6	99000001	99500000	0.0187133541804295
chr6	99500001	100000000	0.0141995104547088
chr6	100000001	100500000	0.0313741883642683
chr6	100500001	101000000	-0.0323587691086366
chr6	101000001	101500000	-0.108345263646939
chr6	101500001	102000000	-0.0325154422364952
chr6	102000001	102500000	-0.0166611043980979
chr6	102500001	103000000	-0.00514282463622302
chr6	103000001	103500000	-0.0911990285248554
chr6	103500001	104000000	0.0763203848104932
chr6	104000001	104500000	-0.00943289403650856
chr6	104500001	105000000	-0.0253977401777846
chr6	105000001	105500000	-0.0990305573343547
chr6	105500001	106000000	-0.0214192246840466
chr6	106000001	106500000	-0.0376647603576842
chr6	106500001	107000000	0.0590394819634931
chr6	107000001	107500000	-0.0188395397331475
chr6	107500001	108000000	0.083915991358595
chr6	108000001	108500000	0.0223542125079216
chr6	108500001	109000000	-0.00139989588327696
chr6	109000001	109500000	0.149657819736413
chr6	109500001	110000000	-0.018704977290846
chr6	110000001	110500000	-0.0748509939680249
chr6	110500001	111000000	0.00946523793520748
chr6	111000001	111500000	-0.0904760727989745
chr6	111500001	112000000	-0.076334405868058
chr6	112000001	112500000	-0.0566384798541956
chr6	112500001	113000000	-0.053367744187233
chr6	113000001	113500000	0.00484483908524158
chr6	113500001	114000000	-0.00232268421597226
chr6	114000001	114500000	-0.0160746468094822
chr6	114500001	115000000	0.0481372711116348
chr6	115000001	115500000	NA
chr6	115500001	116000000	-0.0161466598715059
chr6	116000001	116500000	0.0288091383666462
chr6	116500001	117000000	-0.0575652098762338
chr6	117000001	117500000	0.0394680524679821
chr6	117500001	118000000	-0.0413356878998611
chr6	118000001	118500000	-0.047663146759077
chr6	118500001	119000000	0.0645863079786598
chr6	119000001	119500000	-0.0693551741949708
chr6	119500001	120000000	-0.0500164152931266
chr6	120000001	120500000	0.0249738305699129
chr6	120500001	121000000	0.0262618721194113
chr6	121000001	121500000	-0.0583558196710862
chr6	121500001	122000000	0.00039034114281318
chr6	122000001	122500000	-0.0334670555514991
chr6	122500001	123000000	-0.0507637778939416
chr6	123000001	123500000	-0.0332369931619309
chr6	123500001	124000000	-0.132915770551065
chr6	124000001	124500000	-0.0230758175084802
chr6	124500001	125000000	-0.0384939802257727
chr6	125000001	125500000	-0.0904245568222245
chr6	125500001	126000000	0.00820798350502015
chr6	126000001	126500000	0.00709311924322668
chr6	126500001	127000000	-0.0677208026532471
chr6	127000001	127500000	-0.00654252265301117
chr6	127500001	128000000	-0.0214453423382779
chr6	128000001	128500000	-0.0821379051540424
chr6	128500001	129000000	0.0893637147143894
chr6	129000001	129500000	-0.106448059463267
chr6	129500001	130000000	-0.0824382406864266
chr6	130000001	130500000	-0.0107701515539891
chr6	130500001	131000000	-0.0377428311774833
chr6	131000001	131500000	-0.0153761313795731
chr6	131500001	132000000	-0.0939791233494343
chr6	132000001	132500000	0.0320132559567025
chr6	132500001	133000000	-0.00494329282574782
chr6	133000001	133500000	-0.0607046767640693
chr6	133500001	134000000	-0.0452884547097162
chr6	134000001	134500000	0.0826420517338892
chr6	134500001	135000000	-0.0243815575597798
chr6	135000001	135500000	0.0212613001833241
chr6	135500001	136000000	-0.0133067299289756
chr6	136000001	136500000	-0.0130251795757542
chr6	136500001	137000000	0.0767333833359776
chr6	137000001	137500000	0.0225996422295751
chr6	137500001	138000000	-0.0202487405449975
chr6	138000001	138500000	0.088540067974025
chr6	138500001	139000000	-0.00594518246236803
chr6	139000001	139500000	0.101077072613434
chr6	139500001	140000000	-0.0587996543018582
chr6	140000001	140500000	-0.0549191688657935
chr6	140500001	141000000	-0.0574232965082205
chr6	141000001	141500000	-0.0751218410132224
chr6	141500001	142000000	-0.0434434036565169
chr6	142000001	142500000	0.00610888807598234
chr6	142500001	143000000	0.000451310001317639
chr6	143000001	143500000	-0.142942780537247
chr6	143500001	144000000	-0.0682085354739059
chr6	144000001	144500000	0.00385876908412019
chr6	144500001	145000000	-0.0410661296514549
chr6	145000001	145500000	0.0347259309405095
chr6	145500001	146000000	-0.0351518685268628
chr6	146000001	146500000	-0.0575098981129491
chr6	146500001	147000000	-0.0887162159188926
chr6	147000001	147500000	0.00306994951189584
chr6	147500001	148000000	0.0119779065917784
chr6	148000001	148500000	-0.0796096814451591
chr6	148500001	149000000	-0.0181719686877929
chr6	149000001	149500000	-0.00399269929703254
chr6	149500001	150000000	-0.0254392206459393
chr6	150000001	150500000	0.0142479633007361
chr6	150500001	151000000	-0.0184929860934217
chr6	151000001	151500000	-0.0374209739677341
chr6	151500001	152000000	-0.0618609993431544
chr6	152000001	152500000	-0.000816348879723136
chr6	152500001	153000000	-0.0157868089233842
chr6	153000001	153500000	0.0167250714050714
chr6	153500001	154000000	0.0655591417797695
chr6	154000001	154500000	-0.0136539881102563
chr6	154500001	155000000	0.00457737034552276
chr6	155000001	155500000	-0.00294840175639784
chr6	155500001	156000000	-0.028979507141649
chr6	156000001	156500000	-0.0262355539529688
chr6	156500001	157000000	-0.016640054786439
chr6	157000001	157500000	0.0533787690935986
chr6	157500001	158000000	-0.00580170939809497
chr6	158000001	158500000	-0.048483334673728
chr6	158500001	159000000	0.12523436035645
chr6	159000001	159500000	-0.0277605036112056
chr6	159500001	160000000	0.0491056013722808
chr6	160000001	160500000	-0.0920437361958258
chr6	160500001	161000000	-0.0446487872896009
chr6	161000001	161500000	0.0259393069888096
chr6	161500001	162000000	-0.00207294526551569
chr6	162000001	162500000	-0.0131546906165991
chr6	162500001	163000000	-0.00949535507869142
chr6	163000001	163500000	0.00178085873640913
chr6	163500001	164000000	-0.0377027228473692
chr6	164000001	164500000	-0.0877679684261186
chr6	164500001	165000000	0.0216264118774794
chr6	165000001	165500000	-0.0174958035093564
chr6	165500001	166000000	-0.100820452443972
chr6	166000001	166500000	-0.0369293008175958
chr6	166500001	167000000	0.00188496935158908
chr6	167000001	167500000	-0.0515510879926104
chr6	167500001	168000000	NA
chr6	168000001	168500000	-0.099434118181386
chr6	168500001	169000000	-0.0504988571807754
chr6	169000001	169500000	-0.0202390152782241
chr6	169500001	170000000	-0.131466895504683
chr6	170000001	170500000	-0.00143937244992316
chr7	1	500000	NA
chr7	500001	1000000	-0.0384883387482169
chr7	1000001	1500000	-0.0973594048938045
chr7	1500001	2000000	-0.0885758281992703
chr7	2000001	2500000	-0.0269900020197304
chr7	2500001	3000000	-0.0982970410653809
chr7	3000001	3500000	-0.184182240333924
chr7	3500001	4000000	-0.0410769867448658
chr7	4000001	4500000	-0.0977913844613147
chr7	4500001	5000000	-0.0877551428600205
chr7	5000001	5500000	-0.102221441533665
chr7	5500001	6000000	-0.104586612568368
chr7	6000001	6500000	0.0139555540176025
chr7	7000001	7500000	-0.116304196451317
chr7	7500001	8000000	-0.0432319874989666
chr7	8000001	8500000	-0.037067174570088
chr7	8500001	9000000	-0.054392203516817
chr7	9000001	9500000	-0.0951202256123526
chr7	9500001	10000000	-0.0250730294169436
chr7	10000001	10500000	0.00452149668824568
chr7	10500001	11000000	-0.0191799505993683
chr7	11000001	11500000	-0.108777631165619
chr7	11500001	12000000	-0.0419023250433971
chr7	12000001	12500000	-0.0655960688325956
chr7	12500001	13000000	-0.041201733199912
chr7	13000001	13500000	-0.109970693112432
chr7	13500001	14000000	-0.0468619909429349
chr7	14000001	14500000	0.00795061139593184
chr7	14500001	15000000	-0.00725176802160402
chr7	15000001	15500000	-0.0679906276721916
chr7	15500001	16000000	-0.120499947279827
chr7	16000001	16500000	-0.107754522112546
chr7	16500001	17000000	0.0363592533405881
chr7	17000001	17500000	-0.0866942300837252
chr7	17500001	18000000	-0.0635995458329918
chr7	18000001	18500000	-0.043848268071729
chr7	18500001	19000000	-0.0638592329991445
chr7	19000001	19500000	-0.0837308989593596
chr7	19500001	20000000	-0.0116439362274189
chr7	20000001	20500000	-0.0461743344636601
chr7	20500001	21000000	-0.0227702027968496
chr7	21000001	21500000	0.0234898787003776
chr7	21500001	22000000	0.0293965555883242
chr7	22000001	22500000	-0.0554111819421868
chr7	22500001	23000000	-0.0104064309928071
chr7	23000001	23500000	-0.00413179717255475
chr7	23500001	24000000	-0.0403465762935162
chr7	24000001	24500000	-0.021312423331614
chr7	24500001	25000000	-0.0480778137111939
chr7	25000001	25500000	-0.0797875909566342
chr7	25500001	26000000	-0.00891394435628956
chr7	26000001	26500000	0.111521497571989
chr7	26500001	27000000	0.000744982346864505
chr7	27000001	27500000	0.00952926021834991
chr7	27500001	28000000	0.00434509426542223
chr7	28000001	28500000	-0.00779414082131736
chr7	28500001	29000000	0.0757326690034437
chr7	29000001	29500000	-0.0370452010553201
chr7	29500001	30000000	0.118144755384237
chr7	30000001	30500000	0.0612456425523414
chr7	30500001	31000000	-0.0758269254453444
chr7	31000001	31500000	-0.0511991588988957
chr7	31500001	32000000	-0.0740764326561043
chr7	32000001	32500000	0.0189622771811581
chr7	32500001	33000000	0.0139442995626552
chr7	33000001	33500000	-0.0595259899434869
chr7	33500001	34000000	0.0299103786202857
chr7	34000001	34500000	-0.00330320312590496
chr7	34500001	35000000	0.110360125142226
chr7	35000001	35500000	0.134951748285671
chr7	35500001	36000000	-0.0277956959523222
chr7	36000001	36500000	0.152742957159792
chr7	36500001	37000000	0.134236273894809
chr7	37000001	37500000	0.0542175881650536
chr7	37500001	38000000	0.0470634063074194
chr7	38000001	38500000	-0.0246210754615862
chr7	38500001	39000000	0.0435431557901705
chr7	39000001	39500000	-0.038143608804519
chr7	39500001	40000000	-0.0105274616490198
chr7	40000001	40500000	0.0295148651091181
chr7	40500001	41000000	-0.00430944960275239
chr7	41000001	41500000	-0.0150179188569191
chr7	41500001	42000000	0.0429982232596207
chr7	42000001	42500000	-0.101843449467861
chr7	42500001	43000000	-0.0379100928615598
chr7	43000001	43500000	-0.147532899952761
chr7	43500001	44000000	-0.00355236201513459
chr7	44000001	44500000	-0.0796656371897264
chr7	44500001	45000000	-0.0270377100419462
chr7	45000001	45500000	-0.0951823725449841
chr7	45500001	46000000	0.137420763453911
chr7	46000001	46500000	-0.142178612986021
chr7	46500001	47000000	-0.0411758018335696
chr7	47000001	47500000	-0.101547864689457
chr7	47500001	48000000	-0.168265396366579
chr7	48000001	48500000	0.0416313726049139
chr7	48500001	49000000	-0.112590119596878
chr7	49000001	49500000	-0.147505019369571
chr7	49500001	50000000	-0.0401421801926949
chr7	50000001	50500000	0.10226984877543
chr7	50500001	51000000	-0.13977498081039
chr7	51000001	51500000	-0.0712195779611106
chr7	51500001	52000000	-0.104725941199936
chr7	52000001	52500000	0.0196501779121844
chr7	52500001	53000000	-0.0864510852587948
chr7	53000001	53500000	-0.124141453195024
chr7	53500001	54000000	-0.0437860233958804
chr7	54000001	54500000	-0.0325576472358202
chr7	54500001	55000000	-0.05806368909887
chr7	55000001	55500000	0.0643539537214318
chr7	55500001	56000000	0.0672802192997615
chr7	56000001	56500000	-0.0027888497455322
chr7	57000001	57500000	-0.105930913340102
chr7	62500001	63000000	NA
chr7	64000001	64500000	-0.033630727813208
chr7	64500001	65000000	0.0355516417020536
chr7	66000001	66500000	-0.0365955802611622
chr7	66500001	67000000	0.0153697199442671
chr7	67000001	67500000	0.0964299645233531
chr7	67500001	68000000	-0.0834975830571289
chr7	68000001	68500000	0.0100783710425857
chr7	68500001	69000000	-0.0331708249269902
chr7	69000001	69500000	-0.0255080528875458
chr7	69500001	70000000	-0.0589572264317884
chr7	70000001	70500000	0.0092741299631319
chr7	70500001	71000000	-0.0156297162782543
chr7	71000001	71500000	0.00791187450692497
chr7	71500001	72000000	-0.0649325277797203
chr7	72000001	72500000	0.0032581418322256
chr7	73500001	74000000	-0.0877260453277615
chr7	74000001	74500000	-0.11634267900524
chr7	75500001	76000000	0.0364109363511635
chr7	76000001	76500000	-0.138225877082296
chr7	77000001	77500000	-0.115917147187417
chr7	77500001	78000000	-0.00215797465511977
chr7	78000001	78500000	-0.056591158719129
chr7	78500001	79000000	0.00729076809393543
chr7	79000001	79500000	-0.0275619839599598
chr7	79500001	80000000	0.0158045979306472
chr7	80000001	80500000	-0.0730185496057342
chr7	80500001	81000000	-0.0312518791049225
chr7	81000001	81500000	0.0387805422758641
chr7	81500001	82000000	-0.0721017691526302
chr7	82000001	82500000	-0.0345392465111636
chr7	82500001	83000000	-0.0599333783222099
chr7	83000001	83500000	0.000461046136009009
chr7	83500001	84000000	-0.171676373011062
chr7	84000001	84500000	-0.000308232288439104
chr7	84500001	85000000	-0.083141219830616
chr7	85000001	85500000	0.0912021261622219
chr7	85500001	86000000	0.00504713686509591
chr7	86000001	86500000	-0.0273324751621424
chr7	86500001	87000000	-0.0451609881157825
chr7	87000001	87500000	-0.00408234645361664
chr7	87500001	88000000	-0.0484901225360406
chr7	88000001	88500000	0.0532363024563271
chr7	88500001	89000000	0.00420218676893844
chr7	89000001	89500000	-0.121474751309238
chr7	89500001	90000000	-0.021897368043713
chr7	90000001	90500000	-0.0345038117863909
chr7	90500001	91000000	-0.0735484428917279
chr7	91000001	91500000	-0.0174550284900455
chr7	91500001	92000000	0.0107226060607382
chr7	92000001	92500000	0.0511525773761024
chr7	92500001	93000000	-0.0234547979643567
chr7	93000001	93500000	-0.0044547157899551
chr7	93500001	94000000	-0.0325432755115136
chr7	94000001	94500000	-0.0783102106621722
chr7	94500001	95000000	-0.127802088960643
chr7	95000001	95500000	-0.023094286233644
chr7	95500001	96000000	-0.052423353271681
chr7	96000001	96500000	-0.0333997891189341
chr7	96500001	97000000	0.0357612286798133
chr7	97000001	97500000	-0.0725853083438753
chr7	97500001	98000000	0.0637001178721757
chr7	98000001	98500000	0.0285351237728688
chr7	98500001	99000000	-0.0269888625193283
chr7	99000001	99500000	-0.101884156875259
chr7	99500001	100000000	0.0172909848021251
chr7	100000001	100500000	-0.189106525581301
chr7	100500001	101000000	-0.0477452419233229
chr7	101000001	101500000	0.00414494891048345
chr7	101500001	102000000	-0.00763338362906346
chr7	102000001	102500000	-0.170233718935174
chr7	103000001	103500000	0.0832028456391145
chr7	103500001	104000000	-0.0573972727596937
chr7	104000001	104500000	0.0932026370881132
chr7	104500001	105000000	-0.0304681700910077
chr7	105000001	105500000	-0.0471582488832553
chr7	105500001	106000000	-0.0197682035489263
chr7	106000001	106500000	0.095359025176184
chr7	106500001	107000000	0.108779028421586
chr7	107000001	107500000	0.0207207147254681
chr7	107500001	108000000	0.073361846820628
chr7	108000001	108500000	-0.0775425861283085
chr7	108500001	109000000	0.0881961908182959
chr7	109000001	109500000	0.113085350016122
chr7	109500001	110000000	0.0110215427563587
chr7	110000001	110500000	0.029825679177777
chr7	110500001	111000000	0.10865840561375
chr7	111000001	111500000	0.0751953551968566
chr7	111500001	112000000	0.123891891559189
chr7	112000001	112500000	0.0127228162443224
chr7	112500001	113000000	-0.0302011329343312
chr7	113000001	113500000	0.0299427812729616
chr7	113500001	114000000	0.0306750594584713
chr7	114000001	114500000	0.0109365792893675
chr7	114500001	115000000	0.0541896226663793
chr7	115000001	115500000	0.0570472509066448
chr7	115500001	116000000	0.00720800690818366
chr7	116000001	116500000	0.0585679972401502
chr7	116500001	117000000	-0.035185423605821
chr7	117000001	117500000	0.00297353573589454
chr7	117500001	118000000	-0.0390638181377616
chr7	118000001	118500000	0.0566432840461015
chr7	118500001	119000000	-0.0821380001103799
chr7	119000001	119500000	0.0705701138430963
chr7	119500001	120000000	0.0457213980118869
chr7	120000001	120500000	0.0991939916432841
chr7	120500001	121000000	0.0130813633718495
chr7	121000001	121500000	0.01914092797988
chr7	121500001	122000000	0.0370836033063309
chr7	122000001	122500000	0.0162811341364617
chr7	122500001	123000000	0.035238967466958
chr7	123000001	123500000	0.0279760942129994
chr7	123500001	124000000	0.0334991663702231
chr7	124000001	124500000	0.0776120466427207
chr7	124500001	125000000	0.0891214881359927
chr7	125000001	125500000	0.0828347923998468
chr7	125500001	126000000	0.034345165048438
chr7	126000001	126500000	-0.0114512770163953
chr7	126500001	127000000	-0.0682333551950141
chr7	127000001	127500000	0.00648376388002355
chr7	127500001	128000000	-0.0307199924706651
chr7	128000001	128500000	0.069889122240564
chr7	128500001	129000000	0.0793999075137426
chr7	129000001	129500000	0.0238496726064518
chr7	129500001	130000000	0.0863616732603341
chr7	130000001	130500000	-0.0580297321772937
chr7	130500001	131000000	0.0353216372222054
chr7	131000001	131500000	0.0487820342092935
chr7	131500001	132000000	0.0223979333721752
chr7	132000001	132500000	-0.099465416397252
chr7	132500001	133000000	0.0546532280378817
chr7	133000001	133500000	0.0427970577952351
chr7	133500001	134000000	0.0162104941975737
chr7	134000001	134500000	0.00605152822441064
chr7	134500001	135000000	-0.0660166038367557
chr7	135000001	135500000	0.021025876967083
chr7	135500001	136000000	0.0538640401349883
chr7	136000001	136500000	0.0980149508839421
chr7	136500001	137000000	0.0501881702826592
chr7	137000001	137500000	0.0963206124057301
chr7	137500001	138000000	-0.00174287428762552
chr7	138000001	138500000	0.0428627351025421
chr7	138500001	139000000	-0.00335523512521425
chr7	139000001	139500000	0.0780813005507065
chr7	139500001	140000000	0.0814512402477603
chr7	140000001	140500000	0.114789109421189
chr7	140500001	141000000	-0.0507721826466993
chr7	141000001	141500000	0.141228336466406
chr7	141500001	142000000	0.0232447703683155
chr7	142000001	142500000	0.103788880130361
chr7	142500001	143000000	0.01302489518237
chr7	143000001	143500000	-0.00117330038423448
chr7	144000001	144500000	-0.287072910274654
chr7	144500001	145000000	-0.00757598537507906
chr7	145000001	145500000	0.0188700506735551
chr7	145500001	146000000	0.0672849514965266
chr7	146000001	146500000	0.074956297155793
chr7	146500001	147000000	0.065542290589645
chr7	147000001	147500000	-0.0166918381171428
chr7	147500001	148000000	0.0589290378723896
chr7	148000001	148500000	0.083707720015169
chr7	148500001	149000000	0.00629936046072135
chr7	149000001	149500000	-0.0117739187817551
chr7	149500001	150000000	-0.0577441027612448
chr7	150500001	151000000	0.0156245034557369
chr7	151000001	151500000	0.0286257718930723
chr7	151500001	152000000	-0.0629444912944591
chr7	152000001	152500000	0.165370540136135
chr7	152500001	153000000	0.00556822616724281
chr7	153000001	153500000	-0.0223686700406964
chr7	153500001	154000000	0.0389490122137301
chr7	154000001	154500000	0.0647291533643137
chr7	154500001	155000000	NA
chr7	155000001	155500000	-0.0493201475777813
chr7	155500001	156000000	-0.0541843726334225
chr7	156000001	156500000	0.0262501135677094
chr7	156500001	157000000	0.0607077833762094
chr7	157000001	157500000	-0.00167936786548812
chr7	157500001	158000000	-0.03887702082369
chr7	158000001	158500000	0.124366865730162
chr7	158500001	159000000	-0.0170643205220929
chr7	159000001	159500000	NA
chr8	500001	1000000	-0.0673025688607997
chr8	1000001	1500000	-0.0490538901799533
chr8	1500001	2000000	-0.0186269854688478
chr8	2500001	3000000	-0.00971431768494345
chr8	3000001	3500000	-0.0758174508164855
chr8	3500001	4000000	-0.041187872394962
chr8	4000001	4500000	-0.0371074378809664
chr8	4500001	5000000	-0.0284023641918303
chr8	5000001	5500000	-0.0781073834968036
chr8	5500001	6000000	-0.0676036026013543
chr8	6000001	6500000	-0.0657638656264877
chr8	6500001	7000000	-0.0435991783099658
chr8	8500001	9000000	-0.0060983305083099
chr8	9000001	9500000	0.0261965410440021
chr8	9500001	10000000	0.0330109480010049
chr8	10000001	10500000	0.0170608645541584
chr8	10500001	11000000	-0.0441687775943178
chr8	11000001	11500000	0.00981638180789743
chr8	11500001	12000000	-0.173321917804714
chr8	13000001	13500000	-0.0206551654859983
chr8	13500001	14000000	-0.067147792332004
chr8	14000001	14500000	-0.0152539783656558
chr8	14500001	15000000	0.0271319554383847
chr8	15000001	15500000	-0.0456714540739753
chr8	15500001	16000000	-0.0960646511558539
chr8	16000001	16500000	0.00559096160934889
chr8	16500001	17000000	-0.0902587867271075
chr8	17000001	17500000	-0.0657555527969481
chr8	17500001	18000000	-0.0876046647456849
chr8	18000001	18500000	-0.0273397122569675
chr8	18500001	19000000	-0.0917712472392451
chr8	19000001	19500000	-0.0677524334633949
chr8	19500001	20000000	0.0528792343860011
chr8	20000001	20500000	0.00941985264075833
chr8	20500001	21000000	-0.0747339955289842
chr8	21000001	21500000	-0.0204550852399427
chr8	21500001	22000000	0.00275339101071016
chr8	22000001	22500000	0.00697162422242784
chr8	22500001	23000000	0.0603899997878006
chr8	23000001	23500000	-0.00859832498034484
chr8	23500001	24000000	-0.0222897271154238
chr8	24000001	24500000	-0.0637317250738391
chr8	24500001	25000000	-0.0903553500146265
chr8	25000001	25500000	0.0217234220385317
chr8	25500001	26000000	-0.119368264070536
chr8	26000001	26500000	-0.0592010813753162
chr8	26500001	27000000	-0.0620395828334103
chr8	27000001	27500000	-0.0424389382802095
chr8	27500001	28000000	-0.0511862123872544
chr8	28000001	28500000	0.0354414824825975
chr8	28500001	29000000	-0.0502645968098716
chr8	29000001	29500000	0.00837098821346589
chr8	29500001	30000000	-0.0444853282893775
chr8	30000001	30500000	0.0385471997443614
chr8	30500001	31000000	-0.00973116068201257
chr8	31000001	31500000	-0.0358933402557372
chr8	31500001	32000000	-0.0841833831670977
chr8	32000001	32500000	-0.0872451647204506
chr8	32500001	33000000	-0.0469674962580353
chr8	33000001	33500000	-0.117353042387147
chr8	33500001	34000000	0.0316677085437802
chr8	34000001	34500000	0.00162848413197708
chr8	34500001	35000000	-0.0602334422743252
chr8	35000001	35500000	-0.0215670249140246
chr8	35500001	36000000	0.035283834330472
chr8	36000001	36500000	-0.00491310196624869
chr8	36500001	37000000	-0.0355056552871541
chr8	37000001	37500000	0.000616748287953661
chr8	37500001	38000000	0.023339739110665
chr8	38000001	38500000	0.0773313012175491
chr8	38500001	39000000	0.0252968441089806
chr8	39000001	39500000	0.204485519697325
chr8	39500001	40000000	0.00912803625458368
chr8	40000001	40500000	0.0207941322620592
chr8	40500001	41000000	-0.0949453416364401
chr8	41000001	41500000	0.0734573711727926
chr8	41500001	42000000	-0.0219103289580105
chr8	42000001	42500000	0.0112738658873372
chr8	42500001	43000000	0.0242025429478738
chr8	47500001	48000000	0.0164967471425698
chr8	48000001	48500000	0.0453869146661546
chr8	48500001	49000000	-0.0836033547619513
chr8	49000001	49500000	0.0344883254062336
chr8	49500001	50000000	-0.00541416082904599
chr8	50000001	50500000	-0.00108866296422183
chr8	50500001	51000000	0.0222198118767032
chr8	51000001	51500000	-0.0698006146728609
chr8	51500001	52000000	0.0460786175815939
chr8	52000001	52500000	0.0438470838637545
chr8	52500001	53000000	-0.0648158611570213
chr8	53000001	53500000	0.0408704690571113
chr8	53500001	54000000	-0.0235645685086135
chr8	54000001	54500000	0.00590326306151441
chr8	54500001	55000000	-0.0151824113829988
chr8	55000001	55500000	0.000991935332379512
chr8	55500001	56000000	0.0404164806370458
chr8	56000001	56500000	0.0262370241234945
chr8	56500001	57000000	-0.0416634421293094
chr8	57000001	57500000	-0.0198582256056647
chr8	57500001	58000000	0.0439714217713047
chr8	58000001	58500000	0.00444400233600107
chr8	58500001	59000000	-0.0236399655157238
chr8	59000001	59500000	-0.0599192639523746
chr8	59500001	60000000	0.06621996692465
chr8	60000001	60500000	-0.0559809532827755
chr8	60500001	61000000	0.0713926768175618
chr8	61000001	61500000	0.048826587961308
chr8	61500001	62000000	0.0375030090616069
chr8	62000001	62500000	-0.0740910128953554
chr8	62500001	63000000	-0.00759677441874257
chr8	63000001	63500000	0.020042308926791
chr8	63500001	64000000	0.0530865226198474
chr8	64000001	64500000	-0.0017276622382564
chr8	64500001	65000000	0.0373606986949583
chr8	65000001	65500000	-0.00198818920787503
chr8	65500001	66000000	0.00484026563324423
chr8	66000001	66500000	-0.0111606874199199
chr8	66500001	67000000	-0.105634827341502
chr8	67000001	67500000	-0.00931782214582794
chr8	67500001	68000000	-0.0484610417818916
chr8	68000001	68500000	-0.102292336071248
chr8	68500001	69000000	-0.0801992744596279
chr8	69000001	69500000	-0.0106052303075349
chr8	69500001	70000000	-0.000784162342106362
chr8	70000001	70500000	0.0194857770414958
chr8	70500001	71000000	0.0488891831013585
chr8	71000001	71500000	0.000893320447057002
chr8	71500001	72000000	0.0867314653832823
chr8	72000001	72500000	-0.0326661543831907
chr8	72500001	73000000	0.0169883525147077
chr8	73000001	73500000	-0.0406820224429955
chr8	73500001	74000000	-0.0737743158642903
chr8	74000001	74500000	-0.0401476887666207
chr8	74500001	75000000	-0.0037898418853685
chr8	75000001	75500000	-0.0567722207581243
chr8	75500001	76000000	0.050046363009315
chr8	76000001	76500000	-0.0663941911258734
chr8	76500001	77000000	-0.0861057910955841
chr8	77000001	77500000	-0.062567077870357
chr8	77500001	78000000	-0.0872659080290105
chr8	78000001	78500000	-0.0874678837464194
chr8	78500001	79000000	-0.011402910236849
chr8	79000001	79500000	-0.0797857243149857
chr8	79500001	80000000	-0.0214722744328753
chr8	80000001	80500000	-0.041241240214642
chr8	80500001	81000000	-0.0437583305209803
chr8	81000001	81500000	0.0436522337050443
chr8	81500001	82000000	-0.0507666841438808
chr8	82000001	82500000	-0.00600276349807769
chr8	82500001	83000000	0.0181415629270563
chr8	83000001	83500000	0.0429603949067131
chr8	83500001	84000000	-0.0127588696331579
chr8	84000001	84500000	-0.0348231083655024
chr8	84500001	85000000	-0.0285820203852814
chr8	85000001	85500000	-0.147804721294024
chr8	86000001	86500000	-0.0515440811537511
chr8	86500001	87000000	-0.0558575651148599
chr8	87000001	87500000	0.0500907080738898
chr8	87500001	88000000	-0.0698546692940008
chr8	88000001	88500000	-0.0615506485825801
chr8	88500001	89000000	-0.0667982993960115
chr8	89000001	89500000	-0.0596489533531065
chr8	89500001	90000000	0.0511235279407087
chr8	90000001	90500000	-0.0113471085133261
chr8	90500001	91000000	-0.0833314482866067
chr8	91000001	91500000	-0.0190372136967361
chr8	91500001	92000000	0.0651784410958288
chr8	92000001	92500000	-0.00103112563473579
chr8	92500001	93000000	-0.0437847608766628
chr8	93000001	93500000	0.00349262841888262
chr8	93500001	94000000	-0.0021448541718914
chr8	94000001	94500000	-0.016445192465416
chr8	94500001	95000000	0.0387955092188411
chr8	95000001	95500000	0.0205340184350866
chr8	95500001	96000000	0.0139040646284548
chr8	96000001	96500000	0.0893580033776968
chr8	96500001	97000000	0.11727419654533
chr8	97000001	97500000	0.00135223341140338
chr8	97500001	98000000	-0.00709597109386964
chr8	98000001	98500000	0.0558939116930347
chr8	98500001	99000000	-0.0782813789493152
chr8	99000001	99500000	0.1308335173153
chr8	99500001	100000000	0.0874913716851458
chr8	100000001	100500000	0.0105941394580807
chr8	100500001	101000000	0.0707817616138859
chr8	101000001	101500000	0.00620439084010838
chr8	101500001	102000000	0.0591950070428457
chr8	102000001	102500000	0.0479554126718937
chr8	102500001	103000000	-0.0217344030998607
chr8	103000001	103500000	0.0464664316186155
chr8	103500001	104000000	-0.051614323349629
chr8	104000001	104500000	0.0916239458892341
chr8	104500001	105000000	-0.0103988427626514
chr8	105000001	105500000	0.0626160388582644
chr8	105500001	106000000	0.0625312617341542
chr8	106000001	106500000	-0.00535850411800168
chr8	106500001	107000000	0.0334887400756117
chr8	107000001	107500000	0.0543201335137137
chr8	107500001	108000000	0.00713992522614521
chr8	108000001	108500000	0.00290157892527511
chr8	108500001	109000000	0.0681421499570876
chr8	109000001	109500000	0.0854414613296803
chr8	109500001	110000000	0.0440044254898488
chr8	110000001	110500000	0.0185250530647155
chr8	110500001	111000000	0.111775224740852
chr8	111000001	111500000	0.127951103881725
chr8	111500001	112000000	0.027678668616672
chr8	112000001	112500000	0.0849258597978126
chr8	112500001	113000000	NA
chr8	113000001	113500000	0.0316216975789472
chr8	113500001	114000000	0.140539150063594
chr8	114000001	114500000	0.00503983920484484
chr8	114500001	115000000	-0.0083283634581887
chr8	115000001	115500000	0.0256018814931688
chr8	115500001	116000000	0.18760378831587
chr8	116000001	116500000	0.0323809205704777
chr8	116500001	117000000	0.0881338468388179
chr8	117000001	117500000	0.00618675115273577
chr8	117500001	118000000	0.0246553488646431
chr8	118000001	118500000	0.0480412686295524
chr8	118500001	119000000	0.0560098528045001
chr8	119000001	119500000	-0.0192297870095792
chr8	119500001	120000000	-0.0489753185981287
chr8	120000001	120500000	-0.0111838608250731
chr8	120500001	121000000	0.127606850391751
chr8	121000001	121500000	0.100088314647337
chr8	121500001	122000000	0.016580517564798
chr8	122000001	122500000	-0.00494881070638109
chr8	122500001	123000000	0.0914563579460564
chr8	123000001	123500000	0.00142768938139066
chr8	123500001	124000000	0.0639314955363637
chr8	124000001	124500000	0.0946710042881746
chr8	124500001	125000000	0.0432823194529398
chr8	125000001	125500000	0.120945178495008
chr8	125500001	126000000	0.119617229422135
chr8	126000001	126500000	0.00824596362367888
chr8	126500001	127000000	0.159931833481775
chr8	127000001	127500000	0.138800982253051
chr8	127500001	128000000	0.0735802640234406
chr8	128000001	128500000	0.113008723037722
chr8	128500001	129000000	0.074535494415289
chr8	129000001	129500000	0.049883139210432
chr8	129500001	130000000	0.129583502336532
chr8	130000001	130500000	0.158173404426128
chr8	130500001	131000000	0.114588475565932
chr8	131000001	131500000	0.0488135542201783
chr8	131500001	132000000	0.078365317601792
chr8	132000001	132500000	0.133136852002979
chr8	132500001	133000000	0.141417657439602
chr8	133000001	133500000	0.149568147857635
chr8	133500001	134000000	0.179859343016588
chr8	134000001	134500000	0.135644089157868
chr8	134500001	135000000	0.101448368207386
chr8	135000001	135500000	0.0884063564706259
chr8	135500001	136000000	0.0700091428886132
chr8	136000001	136500000	0.0551706671893445
chr8	136500001	137000000	0.121834136005978
chr8	137000001	137500000	0.0752327185290946
chr8	137500001	138000000	0.143781293992943
chr8	138000001	138500000	0.0589394064875684
chr8	138500001	139000000	0.150765193780432
chr8	139000001	139500000	0.043399303414013
chr8	139500001	140000000	-0.017190186016783
chr8	140000001	140500000	0.0989254245188511
chr8	140500001	141000000	0.02232133927863
chr8	141000001	141500000	0.144081255856719
chr8	141500001	142000000	0.017039704903983
chr8	142000001	142500000	0.0574159466754995
chr8	142500001	143000000	0.0763491410705755
chr8	143000001	143500000	0.0314239946890709
chr8	143500001	144000000	-0.0168153965089633
chr8	144000001	144500000	-0.0536651812593514
chr8	144500001	145000000	0.0243983222421545
chr9	500001	1000000	-0.0369176908502904
chr9	1000001	1500000	-0.120251030613416
chr9	1500001	2000000	-0.0674727795554259
chr9	2000001	2500000	-0.100911775685594
chr9	2500001	3000000	-0.00307201671423498
chr9	3000001	3500000	-0.0527905175126593
chr9	3500001	4000000	-0.0233916517255314
chr9	4000001	4500000	-0.046296248118629
chr9	4500001	5000000	0.0115561971895091
chr9	5000001	5500000	-0.00611767379902241
chr9	5500001	6000000	0.141476724170081
chr9	6000001	6500000	0.00205294094594526
chr9	6500001	7000000	0.0541171933813814
chr9	7000001	7500000	0.0665158913883157
chr9	7500001	8000000	0.0645790217459676
chr9	8000001	8500000	0.059745513205432
chr9	8500001	9000000	0.0442345264310418
chr9	9000001	9500000	-0.0263250979235057
chr9	9500001	10000000	0.0569532064335016
chr9	10000001	10500000	0.0501032974774447
chr9	10500001	11000000	0.0685379552391342
chr9	11000001	11500000	-0.129017541621896
chr9	11500001	12000000	-0.0444435960652368
chr9	12000001	12500000	-0.0889538116176821
chr9	12500001	13000000	-0.113866572898399
chr9	13000001	13500000	-0.0540342296923984
chr9	13500001	14000000	0.029719503244797
chr9	14000001	14500000	-0.15963539900853
chr9	14500001	15000000	-0.0660640582261313
chr9	15000001	15500000	-0.00627178433297356
chr9	15500001	16000000	-0.0222488634001179
chr9	16000001	16500000	-0.0767239505167965
chr9	16500001	17000000	-0.0539396228290722
chr9	17000001	17500000	-0.124241000184127
chr9	17500001	18000000	-0.164384197086245
chr9	18000001	18500000	-0.0645509378970729
chr9	18500001	19000000	-0.0912183478708029
chr9	19000001	19500000	-0.085066867724974
chr9	19500001	20000000	0.0370657488939131
chr9	20000001	20500000	-0.127004760762177
chr9	20500001	21000000	-0.0149974467382563
chr9	21000001	21500000	-0.0653440229315457
chr9	21500001	22000000	-0.0570080528438038
chr9	22000001	22500000	-0.0415950763656455
chr9	22500001	23000000	-0.125917122187688
chr9	23000001	23500000	-0.0328362401370833
chr9	23500001	24000000	-0.0945916270885536
chr9	24000001	24500000	-0.0772669020629122
chr9	24500001	25000000	0.000491064068380488
chr9	25000001	25500000	-0.081277415275016
chr9	25500001	26000000	-0.100909508474939
chr9	26000001	26500000	-0.0222163085645447
chr9	26500001	27000000	-0.0348475890399425
chr9	27000001	27500000	-0.0448928652062885
chr9	27500001	28000000	-0.0300358572833693
chr9	28000001	28500000	-0.0502793657516696
chr9	28500001	29000000	-0.0926408107958901
chr9	29000001	29500000	-0.0179755435002895
chr9	29500001	30000000	-0.113952713934961
chr9	30000001	30500000	-0.10608127869933
chr9	30500001	31000000	-0.0851392819628784
chr9	31000001	31500000	-0.0166104242386552
chr9	31500001	32000000	-0.0476233868212962
chr9	32000001	32500000	-0.100327325744871
chr9	32500001	33000000	0.110675459278771
chr9	33000001	33500000	-0.221574984037519
chr9	33500001	34000000	0.0595365047863248
chr9	34000001	34500000	0.00170090926211339
chr9	34500001	35000000	-0.0349984148596391
chr9	35000001	35500000	0.0374867816416629
chr9	35500001	36000000	-0.0104633644275833
chr9	36000001	36500000	0.0257574317904134
chr9	36500001	37000000	-0.0770267919350087
chr9	37000001	37500000	-0.0132130883290366
chr9	37500001	38000000	-0.0389647296008875
chr9	38000001	38500000	0.0247021360339858
chr9	68500001	69000000	0.0272004730183977
chr9	69000001	69500000	-0.131264323816658
chr9	69500001	70000000	0.0371255948476605
chr9	70000001	70500000	0.0556275221118987
chr9	70500001	71000000	0.00535968506541548
chr9	71000001	71500000	-0.0377091868017044
chr9	71500001	72000000	0.052063849264891
chr9	72000001	72500000	0.00655589771119253
chr9	72500001	73000000	-0.0536511282686641
chr9	73000001	73500000	0.0218898252590904
chr9	73500001	74000000	-0.0894765428240158
chr9	74000001	74500000	-0.132635329548284
chr9	74500001	75000000	0.0379985786275375
chr9	75000001	75500000	-0.00901552560476748
chr9	75500001	76000000	-0.0946398033918334
chr9	76000001	76500000	-0.0981348975918342
chr9	76500001	77000000	-0.00445095771574465
chr9	77000001	77500000	-0.044331249965574
chr9	77500001	78000000	0.142351337885269
chr9	78000001	78500000	0.024252177421991
chr9	78500001	79000000	-0.0233056004859935
chr9	79000001	79500000	-0.0938508408951126
chr9	79500001	80000000	0.115389580014428
chr9	80000001	80500000	0.0299326136682597
chr9	80500001	81000000	-0.0130110011983185
chr9	81000001	81500000	0.0416312381974232
chr9	81500001	82000000	0.0229400644306729
chr9	82000001	82500000	-0.0472461730691528
chr9	82500001	83000000	0.0519581334307087
chr9	83000001	83500000	-0.0523100857684341
chr9	83500001	84000000	0.0222516161770474
chr9	84000001	84500000	0.0108968080889344
chr9	84500001	85000000	0.0500369581413988
chr9	85000001	85500000	0.0234573179526588
chr9	85500001	86000000	0.129320021487114
chr9	86000001	86500000	0.0566359067142502
chr9	86500001	87000000	0.0267254425891151
chr9	87000001	87500000	-0.0386825661798888
chr9	87500001	88000000	0.0281970406118931
chr9	88000001	88500000	0.0378491833912333
chr9	88500001	89000000	0.00149514598609847
chr9	89000001	89500000	0.0248656398372156
chr9	89500001	90000000	NA
chr9	90000001	90500000	-0.00298723021778698
chr9	90500001	91000000	0.061285381524453
chr9	91000001	91500000	0.0970105599976783
chr9	91500001	92000000	0.0126671879088624
chr9	92000001	92500000	0.0226462350351817
chr9	92500001	93000000	0.00897418957092488
chr9	93000001	93500000	0.162989512132905
chr9	93500001	94000000	-0.0278338040774911
chr9	94000001	94500000	-0.0598980060816896
chr9	94500001	95000000	-0.0760237003788379
chr9	95000001	95500000	0.016733401056305
chr9	95500001	96000000	-0.00678635363707019
chr9	96000001	96500000	-0.0019709808410209
chr9	96500001	97000000	-0.0254639423244949
chr9	97000001	97500000	0.172893747176609
chr9	97500001	98000000	0.161604721642369
chr9	98000001	98500000	0.0656080766288667
chr9	98500001	99000000	0.0596431084324561
chr9	99000001	99500000	0.128960913516743
chr9	99500001	100000000	0.10346632490468
chr9	100000001	100500000	0.0354694642718445
chr9	100500001	101000000	0.031834695787158
chr9	101000001	101500000	-0.00348105992350238
chr9	101500001	102000000	0.0515027720370418
chr9	102000001	102500000	0.0463867187855358
chr9	102500001	103000000	0.0776431455642085
chr9	103000001	103500000	-0.0227721269404161
chr9	103500001	104000000	0.0863925700527625
chr9	104000001	104500000	0.0687902704798688
chr9	104500001	105000000	0.0654851184469704
chr9	105000001	105500000	0.155993755943393
chr9	105500001	106000000	0.0142402685016404
chr9	106000001	106500000	0.0273484958149953
chr9	106500001	107000000	0.0531024714903184
chr9	107000001	107500000	0.0084677269581821
chr9	107500001	108000000	0.169936600532761
chr9	108000001	108500000	0.0563562390584421
chr9	108500001	109000000	0.047764195456094
chr9	109000001	109500000	0.0587451785827834
chr9	109500001	110000000	0.0264839736650073
chr9	110000001	110500000	0.126380791412264
chr9	110500001	111000000	-0.0206779119400597
chr9	111000001	111500000	-0.0266695725673595
chr9	111500001	112000000	0.119676567223381
chr9	112000001	112500000	0.0765008936285719
chr9	112500001	113000000	0.0117813082811306
chr9	113000001	113500000	0.0434010876664059
chr9	113500001	114000000	0.0430765667783155
chr9	114000001	114500000	0.167900706626637
chr9	114500001	115000000	0.00435486842735524
chr9	115000001	115500000	-0.0165365319819169
chr9	115500001	116000000	-0.0494039403721522
chr9	116000001	116500000	0.00342428195920579
chr9	116500001	117000000	0.0840691010043017
chr9	117000001	117500000	0.0706315916979232
chr9	117500001	118000000	0.0521071200810967
chr9	118000001	118500000	0.0857560292175315
chr9	118500001	119000000	-0.0558064079232714
chr9	119000001	119500000	0.0576626908562692
chr9	119500001	120000000	0.0664475573761003
chr9	120000001	120500000	0.00246139910468765
chr9	120500001	121000000	0.060876592313064
chr9	121000001	121500000	-0.0234497534184909
chr9	121500001	122000000	-0.106798118333685
chr9	122000001	122500000	-0.00838404410403761
chr9	122500001	123000000	0.00251082873043144
chr9	123000001	123500000	-0.0117444138668548
chr9	123500001	124000000	0.0684845874162121
chr9	124000001	124500000	0.0248454669985452
chr9	124500001	125000000	-0.0274989191833719
chr9	125000001	125500000	-0.0374303328157908
chr9	125500001	126000000	0.0284194771921275
chr9	126000001	126500000	-0.0120581885851084
chr9	126500001	127000000	-0.0915075087258653
chr9	127000001	127500000	0.00480193742295782
chr9	127500001	128000000	-0.0462646229649525
chr9	128000001	128500000	-0.0586098862886777
chr9	128500001	129000000	-0.0212462915094185
chr9	129000001	129500000	-0.00252098766755079
chr9	129500001	130000000	0.0576504611233297
chr9	130000001	130500000	-0.0547970015470924
chr9	130500001	131000000	-0.0605413357876632
chr9	131000001	131500000	0.0365471754115766
chr9	131500001	132000000	-0.0396137967532892
chr9	132000001	132500000	-0.0652899688220889
chr9	132500001	133000000	-0.129277923144524
chr9	133000001	133500000	-0.0707516618144293
chr9	133500001	134000000	-0.0186480726131414
chr9	134000001	134500000	NA
chr9	134500001	135000000	-0.11733544102543
chr9	135000001	135500000	-0.110539057516735
chr9	135500001	136000000	-0.0970198479461086
chr9	136000001	136500000	-0.0605843155968584
chr9	136500001	137000000	-0.0171839620922666
chr9	137000001	137500000	NA
chr9	137500001	138000000	0.0397437644456395
chr10	1	500000	NA
chr10	500001	1000000	-0.0132107465741389
chr10	1000001	1500000	0.0340390249216624
chr10	1500001	2000000	0.00222740986158489
chr10	2000001	2500000	-0.0656549629936189
chr10	2500001	3000000	-0.0333213642877534
chr10	3000001	3500000	-0.0154585363059004
chr10	3500001	4000000	0.0399677498826261
chr10	4000001	4500000	-0.0662614674912348
chr10	4500001	5000000	-0.167919217686162
chr10	5000001	5500000	-0.082479846284087
chr10	5500001	6000000	-0.0332714715087534
chr10	6000001	6500000	0.0331302918255657
chr10	6500001	7000000	0.0512414588881669
chr10	7000001	7500000	0.0624592233511614
chr10	7500001	8000000	-0.0595682020762386
chr10	8000001	8500000	-0.0498854463089908
chr10	8500001	9000000	-0.0742043624572556
chr10	9000001	9500000	0.0340744283055434
chr10	9500001	10000000	-0.0350227473565455
chr10	10000001	10500000	-0.0557584337047125
chr10	10500001	11000000	0.0214610738920056
chr10	11000001	11500000	-0.0135847765920069
chr10	11500001	12000000	0.0389142675878595
chr10	12000001	12500000	-0.0240895293935503
chr10	12500001	13000000	0.010166390630752
chr10	13000001	13500000	-0.00926308720519389
chr10	13500001	14000000	-0.0217979175700627
chr10	14000001	14500000	-0.0291677732909858
chr10	14500001	15000000	0.054935707871712
chr10	15000001	15500000	-0.00532521694331829
chr10	15500001	16000000	-0.011413439732844
chr10	16000001	16500000	0.00326878664109119
chr10	16500001	17000000	-0.019887498706288
chr10	17000001	17500000	-0.0236530189810009
chr10	17500001	18000000	-0.0587224340642219
chr10	18000001	18500000	-0.0796083273496663
chr10	18500001	19000000	-0.0577283475583239
chr10	19000001	19500000	-0.0083715173624375
chr10	19500001	20000000	-0.0586325608026258
chr10	20000001	20500000	0.0278696913282706
chr10	20500001	21000000	0.0536748689417052
chr10	21000001	21500000	0.0456598432259117
chr10	21500001	22000000	-0.0568529864770019
chr10	22000001	22500000	-0.0347810822078021
chr10	22500001	23000000	-0.00344672854089227
chr10	23000001	23500000	0.0241627739076275
chr10	23500001	24000000	0.0256550673864559
chr10	24000001	24500000	-0.054385454091312
chr10	24500001	25000000	-0.0440558370251916
chr10	25000001	25500000	-0.010210538567638
chr10	25500001	26000000	0.0265870543981116
chr10	26000001	26500000	0.0408376802163505
chr10	26500001	27000000	0.0981479374546023
chr10	27000001	27500000	0.09493100840645
chr10	27500001	28000000	0.108020693168415
chr10	28000001	28500000	0.0540278516442275
chr10	28500001	29000000	-0.0747412594747276
chr10	29000001	29500000	0.0552278223757299
chr10	29500001	30000000	0.114066671552795
chr10	30000001	30500000	0.0542858146597476
chr10	30500001	31000000	0.0248163597131252
chr10	31000001	31500000	0.0986331111383664
chr10	31500001	32000000	-0.0311643734085396
chr10	32000001	32500000	0.0207515297163657
chr10	32500001	33000000	0.0480095109859092
chr10	33000001	33500000	0.0363187137091201
chr10	33500001	34000000	0.0299366919130087
chr10	34000001	34500000	-0.0188048664736317
chr10	34500001	35000000	0.0651822063051053
chr10	35000001	35500000	-0.0258024491732964
chr10	35500001	36000000	-0.0513097530358
chr10	36000001	36500000	-0.0454845810179677
chr10	36500001	37000000	-0.0115561940782072
chr10	37000001	37500000	-0.0191758643187665
chr10	42500001	43000000	0.0355434734036135
chr10	43000001	43500000	0.045092237543133
chr10	43500001	44000000	0.0375989087101155
chr10	44000001	44500000	0.0837110068026568
chr10	44500001	45000000	0.0606115779810816
chr10	45000001	45500000	0.0957663525265665
chr10	47000001	47500000	0.00438536105553897
chr10	48000001	48500000	-0.26934973583483
chr10	48500001	49000000	0.0143850565430902
chr10	49000001	49500000	-0.0736437966778366
chr10	49500001	50000000	0.062530980198187
chr10	50000001	50500000	-0.0276914843985999
chr10	50500001	51000000	0.0959337407509122
chr10	51000001	51500000	-0.0177726935417033
chr10	51500001	52000000	-0.0402209501777906
chr10	52000001	52500000	-0.0557110265188598
chr10	52500001	53000000	-0.0456173112514039
chr10	53000001	53500000	NA
chr10	53500001	54000000	-0.0573006215247661
chr10	54000001	54500000	-0.0473975681753712
chr10	54500001	55000000	-0.0321517098597738
chr10	55000001	55500000	-0.0115267508649031
chr10	55500001	56000000	-0.0111008997456598
chr10	56000001	56500000	0.0724134760510649
chr10	56500001	57000000	-0.105671022698141
chr10	57000001	57500000	-0.038386998475401
chr10	57500001	58000000	0.0227660362032778
chr10	58000001	58500000	NA
chr10	58500001	59000000	-0.142171618773005
chr10	59000001	59500000	-0.0102371615920381
chr10	59500001	60000000	NA
chr10	60000001	60500000	-0.0147463502229738
chr10	60500001	61000000	-0.0344938368863134
chr10	61000001	61500000	-0.0472618093090693
chr10	61500001	62000000	-0.0117619904767125
chr10	62000001	62500000	-0.0138267316566859
chr10	62500001	63000000	NA
chr10	63000001	63500000	-0.00237125816829087
chr10	63500001	64000000	-0.0490865598614931
chr10	64000001	64500000	-0.00434430814478579
chr10	64500001	65000000	-0.0576076143577288
chr10	65000001	65500000	-0.0844802931560279
chr10	65500001	66000000	-0.122176445310234
chr10	66000001	66500000	0.00144787265959677
chr10	66500001	67000000	0.0188448981922688
chr10	67000001	67500000	-0.020376192843578
chr10	67500001	68000000	-0.0677612994006253
chr10	68000001	68500000	0.0057077602276655
chr10	68500001	69000000	-0.0316187108047743
chr10	69000001	69500000	0.019032858762557
chr10	69500001	70000000	0.0784817550284705
chr10	70000001	70500000	0.0400595920164461
chr10	70500001	71000000	0.020089065232685
chr10	71000001	71500000	-0.0223313228212597
chr10	71500001	72000000	0.104781792233339
chr10	72000001	72500000	-0.0848709445052658
chr10	72500001	73000000	-0.00744197883414151
chr10	73000001	73500000	0.00964978354891919
chr10	73500001	74000000	-0.0359784699419902
chr10	74000001	74500000	0.0953962169945014
chr10	74500001	75000000	0.0575866936473396
chr10	75000001	75500000	0.0783232637330244
chr10	75500001	76000000	0.0621253606545957
chr10	76000001	76500000	-0.0173183813380974
chr10	76500001	77000000	-0.0176725313424119
chr10	77000001	77500000	0.0223276048598249
chr10	77500001	78000000	-0.0515097352804326
chr10	78000001	78500000	-0.00148610506805752
chr10	78500001	79000000	-0.0504389568393262
chr10	79000001	79500000	-0.00131214924221879
chr10	80000001	80500000	-0.0480543077428581
chr10	80500001	81000000	-0.00664060928541138
chr10	81000001	81500000	-0.0158900134979967
chr10	81500001	82000000	0.0053459383655786
chr10	82000001	82500000	0.00673520532826433
chr10	82500001	83000000	0.0306003947193583
chr10	83000001	83500000	-0.0756209401634466
chr10	83500001	84000000	-0.055716342445959
chr10	84000001	84500000	-0.0450299660513264
chr10	84500001	85000000	-0.181992772966508
chr10	85000001	85500000	-0.031256038156675
chr10	85500001	86000000	-0.0428414856394235
chr10	86000001	86500000	-0.0471322497858534
chr10	86500001	87000000	-0.0407990609168803
chr10	87500001	88000000	-0.102203356019175
chr10	88000001	88500000	-0.0750208627465738
chr10	88500001	89000000	-0.0440678844043317
chr10	89000001	89500000	-0.00807983291882051
chr10	89500001	90000000	-0.0649284736060965
chr10	90000001	90500000	-0.0315005452848472
chr10	90500001	91000000	0.00750663495003802
chr10	91000001	91500000	-0.0201763037648352
chr10	91500001	92000000	0.0126678454355735
chr10	92000001	92500000	-0.020231965050018
chr10	92500001	93000000	-0.0481928593785247
chr10	93000001	93500000	-0.000338699144298196
chr10	93500001	94000000	0.0278700290893596
chr10	94000001	94500000	-0.069403043026292
chr10	94500001	95000000	0.0306055626067342
chr10	95000001	95500000	-0.100469348705245
chr10	95500001	96000000	0.00910415364132807
chr10	96000001	96500000	0.01917148576539
chr10	96500001	97000000	-0.048986517628323
chr10	97000001	97500000	0.0497986452093937
chr10	97500001	98000000	-0.0154135656042331
chr10	98000001	98500000	0.0321092835246507
chr10	98500001	99000000	0.0181958365307186
chr10	99000001	99500000	0.0289901969788442
chr10	99500001	100000000	0.0349183392828865
chr10	100000001	100500000	0.0428402672012175
chr10	100500001	101000000	-0.126675345227136
chr10	101000001	101500000	-0.00276182993516409
chr10	101500001	102000000	0.0383531363526221
chr10	102000001	102500000	-0.0249390501948521
chr10	102500001	103000000	-0.0520201982641476
chr10	103000001	103500000	0.0182441745502737
chr10	103500001	104000000	-0.133617143093224
chr10	104000001	104500000	0.0484102486619697
chr10	104500001	105000000	-0.0490877531198302
chr10	105000001	105500000	-0.0259611176079554
chr10	105500001	106000000	0.040633531964203
chr10	106000001	106500000	-0.0241042189996045
chr10	106500001	107000000	0.0199958497421078
chr10	107000001	107500000	0.0133561060300569
chr10	107500001	108000000	0.0629963385328309
chr10	108000001	108500000	0.0189054286355072
chr10	108500001	109000000	0.0592300594127461
chr10	109000001	109500000	0.00576918121751469
chr10	109500001	110000000	0.0503923072875183
chr10	110000001	110500000	0.11824825287903
chr10	110500001	111000000	0.0422875201126034
chr10	111000001	111500000	-0.0290359875525796
chr10	111500001	112000000	0.0389266265352026
chr10	112000001	112500000	-0.019710660590736
chr10	112500001	113000000	0.0158893245424407
chr10	113000001	113500000	0.0510266848827749
chr10	113500001	114000000	-0.0188496433107527
chr10	114000001	114500000	NA
chr10	114500001	115000000	-0.0420628111811448
chr10	115000001	115500000	0.0111501324889704
chr10	115500001	116000000	-0.0416576553128458
chr10	116000001	116500000	-0.0417852293800646
chr10	116500001	117000000	0.0322313648403088
chr10	117000001	117500000	0.0996674189908377
chr10	117500001	118000000	-0.0713426299575558
chr10	118000001	118500000	0.0722092573431768
chr10	118500001	119000000	0.129804415104291
chr10	119000001	119500000	-0.0196508752349128
chr10	119500001	120000000	-0.0242295548063289
chr10	120000001	120500000	-0.0188994797094561
chr10	120500001	121000000	0.0126873467182092
chr10	121000001	121500000	0.110530699309836
chr10	121500001	122000000	-0.0711840884505308
chr10	122000001	122500000	-0.0877083576331307
chr10	122500001	123000000	0.0234022784444769
chr10	123000001	123500000	-0.0376715849884017
chr10	123500001	124000000	-0.0101783111577404
chr10	124000001	124500000	NA
chr10	124500001	125000000	0.0292897282273412
chr10	125000001	125500000	-0.100569454725351
chr10	125500001	126000000	-0.0235937830271774
chr10	126000001	126500000	-0.0487500554712082
chr10	126500001	127000000	-0.0589480147080369
chr10	127000001	127500000	-0.0235763060109954
chr10	127500001	128000000	0.0589061859714635
chr10	128000001	128500000	0.0727344200515863
chr10	128500001	129000000	-0.0358990756984042
chr10	129000001	129500000	-0.0941886639333809
chr10	129500001	130000000	-0.0573881803037883
chr10	130000001	130500000	-0.159342912665496
chr10	130500001	131000000	-0.0697368386107768
chr10	131000001	131500000	-0.00558568119670012
chr10	131500001	132000000	NA
chr10	132000001	132500000	0.0211124665600132
chr10	132500001	133000000	0.035500316023794
chr10	133000001	133500000	-0.0242811352739019
chr11	500001	1000000	-0.0609984531133926
chr11	1000001	1500000	-0.0425249446134186
chr11	1500001	2000000	-0.00401076731121497
chr11	2000001	2500000	0.00435122233959653
chr11	2500001	3000000	-0.0715807165267959
chr11	3500001	4000000	0.162056145941654
chr11	4000001	4500000	0.0701359643894507
chr11	4500001	5000000	-0.0128703650097212
chr11	5000001	5500000	-0.0515739396462414
chr11	5500001	6000000	-0.00612975457475119
chr11	6000001	6500000	-0.000335724042379124
chr11	6500001	7000000	0.0216989970763849
chr11	7000001	7500000	-0.0516038415654615
chr11	7500001	8000000	0.0396056065155316
chr11	8000001	8500000	-0.0587893353121335
chr11	8500001	9000000	-0.0142904583864932
chr11	9000001	9500000	-0.00828581267031549
chr11	9500001	10000000	-0.015804359249232
chr11	10000001	10500000	-0.0100772485524875
chr11	10500001	11000000	0.0507285468012435
chr11	11000001	11500000	0.0164400594383875
chr11	11500001	12000000	-0.01517440611489
chr11	12000001	12500000	-0.0242389674785983
chr11	12500001	13000000	-0.040056597970303
chr11	13000001	13500000	0.0717997259080601
chr11	13500001	14000000	-0.0187042630343362
chr11	14000001	14500000	-0.00368383799871854
chr11	14500001	15000000	0.0623549336933232
chr11	15000001	15500000	-0.0226844615271501
chr11	15500001	16000000	0.0157554669053339
chr11	16000001	16500000	0.0627684379166639
chr11	16500001	17000000	-0.0318282699685833
chr11	17000001	17500000	-0.032471168809074
chr11	17500001	18000000	0.0139982326908513
chr11	18000001	18500000	-0.00327374242097651
chr11	18500001	19000000	0.0154303200210428
chr11	19000001	19500000	0.0294922484603328
chr11	19500001	20000000	-0.0647863611442265
chr11	20000001	20500000	-0.0347793553740443
chr11	20500001	21000000	-0.0594646553072039
chr11	21000001	21500000	-0.0772077883986492
chr11	21500001	22000000	-0.0458634178218171
chr11	22000001	22500000	0.0562419499717342
chr11	22500001	23000000	-0.0233426881117783
chr11	23000001	23500000	-0.0529307929347225
chr11	23500001	24000000	-0.0780524171418307
chr11	24000001	24500000	-0.0134662962724328
chr11	24500001	25000000	0.0275158194883123
chr11	25000001	25500000	0.0356317354974173
chr11	25500001	26000000	0.0251427996729257
chr11	26000001	26500000	-0.138831730136669
chr11	26500001	27000000	-0.0304173775526112
chr11	27000001	27500000	-0.0358837400327877
chr11	27500001	28000000	0.0282053938750745
chr11	28000001	28500000	-0.00339395566302144
chr11	28500001	29000000	0.00472011606933653
chr11	29000001	29500000	0.0497280221785468
chr11	29500001	30000000	0.0809216262511261
chr11	30000001	30500000	-0.0255052314533909
chr11	30500001	31000000	0.0146036358839617
chr11	31000001	31500000	0.00313911643959142
chr11	31500001	32000000	-0.0368341575648934
chr11	32000001	32500000	-0.0293716487969982
chr11	32500001	33000000	0.017191057771569
chr11	33000001	33500000	0.0294421529396615
chr11	33500001	34000000	0.08848213483477
chr11	34000001	34500000	0.0429536429403807
chr11	34500001	35000000	0.063285753502682
chr11	35000001	35500000	0.0537624075290934
chr11	35500001	36000000	0.0643934500528198
chr11	36000001	36500000	0.0135582911505424
chr11	36500001	37000000	-0.0236248089255657
chr11	37000001	37500000	0.00667146887762849
chr11	37500001	38000000	-0.00939382079013165
chr11	38000001	38500000	-0.0945502850959618
chr11	38500001	39000000	-0.0130215805862832
chr11	39000001	39500000	0.0448866560430659
chr11	39500001	40000000	-0.0288323773559328
chr11	40000001	40500000	0.022996132651597
chr11	40500001	41000000	0.0496401201172226
chr11	41000001	41500000	0.0717175367574107
chr11	41500001	42000000	-0.0214161825419026
chr11	42000001	42500000	-0.00975933325704228
chr11	42500001	43000000	-0.064374633719264
chr11	43000001	43500000	-0.0243891333394811
chr11	43500001	44000000	0.0816616250898034
chr11	44000001	44500000	0.0432273134808928
chr11	44500001	45000000	-0.0328883443132842
chr11	45000001	45500000	0.0805003579857186
chr11	45500001	46000000	0.00829246107708443
chr11	46000001	46500000	-0.0314575704695329
chr11	46500001	47000000	0.0403835561569831
chr11	47000001	47500000	0.0919270155152828
chr11	47500001	48000000	0.00802050436596832
chr11	48000001	48500000	0.0520608915389108
chr11	50000001	50500000	-0.109992965220375
chr11	56000001	56500000	-0.0148922089296619
chr11	56500001	57000000	-0.015078638307188
chr11	57000001	57500000	0.0131815614471505
chr11	57500001	58000000	0.0605722030010497
chr11	58000001	58500000	0.0381242523891843
chr11	58500001	59000000	0.0309865668736875
chr11	59000001	59500000	-0.0120482093708737
chr11	59500001	60000000	0.0242210255599293
chr11	60000001	60500000	0.105705207394449
chr11	60500001	61000000	-0.00732758489176438
chr11	61000001	61500000	-0.00256168190197191
chr11	61500001	62000000	0.0936449814347773
chr11	62000001	62500000	0.0427609513129698
chr11	62500001	63000000	0.0157212640950975
chr11	63000001	63500000	0.164284756907798
chr11	63500001	64000000	0.0214531783340042
chr11	64000001	64500000	0.0401050920626304
chr11	64500001	65000000	0.089941997934164
chr11	65000001	65500000	0.200014004431369
chr11	65500001	66000000	-0.00738079320907586
chr11	66000001	66500000	0.0661276200702902
chr11	66500001	67000000	0.0472583976144066
chr11	67000001	67500000	-0.0280385002325068
chr11	68000001	68500000	-0.107034229848456
chr11	68500001	69000000	-0.0248216307815002
chr11	69000001	69500000	0.0125816809342729
chr11	69500001	70000000	-0.0805660386345228
chr11	70000001	70500000	-0.025327274596143
chr11	70500001	71000000	NA
chr11	71000001	71500000	NA
chr11	72000001	72500000	0.00711535473026041
chr11	72500001	73000000	0.0563997112648338
chr11	73000001	73500000	0.142912170372187
chr11	73500001	74000000	0.00964290285827674
chr11	74000001	74500000	0.0320220969874322
chr11	74500001	75000000	-0.0527751914156554
chr11	75000001	75500000	-0.0271398360768892
chr11	75500001	76000000	-0.0441574315677777
chr11	76000001	76500000	-0.00881581793453044
chr11	76500001	77000000	0.00549101399064536
chr11	77000001	77500000	0.0489180545337852
chr11	77500001	78000000	-0.0683222152321128
chr11	78000001	78500000	0.0727515395755193
chr11	78500001	79000000	0.0287762302650795
chr11	79000001	79500000	-0.095837820326269
chr11	79500001	80000000	0.0139181704096929
chr11	80000001	80500000	0.0379471547199873
chr11	80500001	81000000	0.0143911854444217
chr11	81000001	81500000	-0.0592305051323833
chr11	81500001	82000000	0.0467300203199825
chr11	82000001	82500000	-0.0151324247025379
chr11	82500001	83000000	0.0165222391254778
chr11	83000001	83500000	-0.0479361897445387
chr11	83500001	84000000	-0.106193510043606
chr11	84000001	84500000	-0.0300664941167155
chr11	84500001	85000000	-0.0716756485639666
chr11	85000001	85500000	-0.063977410477701
chr11	85500001	86000000	-0.0699514021834805
chr11	86000001	86500000	-0.0532378915574488
chr11	86500001	87000000	-0.0390223649273133
chr11	87000001	87500000	-0.0615892784858506
chr11	87500001	88000000	NA
chr11	88000001	88500000	NA
chr11	88500001	89000000	-0.0534372655498591
chr11	89000001	89500000	0.0973676473173075
chr11	90000001	90500000	-0.0863295360832328
chr11	90500001	91000000	0.0246265936880518
chr11	91000001	91500000	-0.00998887765053011
chr11	91500001	92000000	0.00852537811652427
chr11	92000001	92500000	0.00169859125598217
chr11	92500001	93000000	-0.0650910396387236
chr11	93000001	93500000	-0.072480524313565
chr11	93500001	94000000	0.0175049680721301
chr11	94000001	94500000	0.0356161744721374
chr11	94500001	95000000	-0.145267157665837
chr11	95000001	95500000	0.0209938930958552
chr11	95500001	96000000	-0.136636484928584
chr11	96000001	96500000	-0.0968308762291838
chr11	96500001	97000000	NA
chr11	97000001	97500000	-0.0340446356890532
chr11	97500001	98000000	-0.105859413986514
chr11	98000001	98500000	-0.0365918046156355
chr11	98500001	99000000	-0.0328262079575844
chr11	99000001	99500000	-0.0816160793690476
chr11	99500001	100000000	-0.0643815865371572
chr11	100000001	100500000	-0.0375701847196838
chr11	100500001	101000000	-0.0639833368189117
chr11	101000001	101500000	0.00255410365826955
chr11	101500001	102000000	-0.166095811489553
chr11	102000001	102500000	-0.0438781400049274
chr11	102500001	103000000	0.0381499486240697
chr11	103000001	103500000	-0.0904812857460264
chr11	103500001	104000000	-0.0246762396908424
chr11	104000001	104500000	-0.0679767812239503
chr11	104500001	105000000	-0.0418255448573844
chr11	105000001	105500000	0.0535811602041782
chr11	105500001	106000000	-0.125261734519577
chr11	106000001	106500000	-0.0880033794718011
chr11	106500001	107000000	-0.0479708625763882
chr11	107000001	107500000	-0.0895238776459264
chr11	107500001	108000000	0.0100169252594134
chr11	108000001	108500000	-0.0226909215237926
chr11	108500001	109000000	-0.0590246263034193
chr11	109000001	109500000	-0.0244499074216726
chr11	109500001	110000000	-0.0871657673397578
chr11	110000001	110500000	-0.0548472453100977
chr11	110500001	111000000	0.0118244254572286
chr11	111000001	111500000	-0.0387172681830076
chr11	111500001	112000000	-0.0290166585608593
chr11	112000001	112500000	-0.0658638507915846
chr11	112500001	113000000	-0.0298165250542854
chr11	113000001	113500000	-0.0934918182654992
chr11	113500001	114000000	-0.085714583685495
chr11	114000001	114500000	-0.105812424383692
chr11	114500001	115000000	-0.0341849516861227
chr11	115000001	115500000	-0.0904065382474555
chr11	115500001	116000000	-0.0211878708485786
chr11	116000001	116500000	0.0194563842295523
chr11	116500001	117000000	-0.0457979745103001
chr11	117000001	117500000	-0.0699039685837782
chr11	117500001	118000000	0.0231350551312008
chr11	118000001	118500000	0.0464979776634775
chr11	118500001	119000000	-0.0203082940643559
chr11	119000001	119500000	0.0587715789994761
chr11	119500001	120000000	-0.106112280972079
chr11	120000001	120500000	-0.0616612677855035
chr11	120500001	121000000	-0.0717114883766141
chr11	121000001	121500000	0.0163814954738413
chr11	121500001	122000000	0.00658356475039539
chr11	122000001	122500000	0.00714309171107944
chr11	122500001	123000000	0.0311504628082012
chr11	123000001	123500000	-0.016163170415458
chr11	123500001	124000000	0.0427224974268517
chr11	124000001	124500000	-0.083392849162905
chr11	124500001	125000000	-0.0706410451507922
chr11	125000001	125500000	-0.0531772692388169
chr11	125500001	126000000	-0.0366086776903482
chr11	126000001	126500000	-0.0633526230406804
chr11	126500001	127000000	-0.00276125181453814
chr11	127000001	127500000	-0.0270419160752971
chr11	127500001	128000000	0.027239436471487
chr11	128000001	128500000	0.0141433723900981
chr11	128500001	129000000	0.027800702013944
chr11	129000001	129500000	-0.108395881578869
chr11	129500001	130000000	-0.00935179161593925
chr11	130000001	130500000	0.0330081730744597
chr11	130500001	131000000	-0.00615581105610361
chr11	131000001	131500000	0.0280974017722288
chr11	131500001	132000000	-0.0778408655814751
chr11	132000001	132500000	-0.105218733868974
chr11	132500001	133000000	-0.00315701586284562
chr11	133000001	133500000	-0.0140572378435778
chr11	133500001	134000000	-0.0883084761084384
chr11	134000001	134500000	0.00414033647678658
chr11	134500001	135000000	-0.0855132469295596
chr11	135000001	135500000	NA
chr12	1	500000	NA
chr12	500001	1000000	0.192346671348337
chr12	1000001	1500000	0.109841217873149
chr12	1500001	2000000	0.121373152311115
chr12	2000001	2500000	0.0789715593966666
chr12	2500001	3000000	0.0710706119524693
chr12	3000001	3500000	0.105259519182832
chr12	3500001	4000000	0.117233880240722
chr12	4000001	4500000	0.228332241840121
chr12	4500001	5000000	0.0727814086791921
chr12	5000001	5500000	0.0879092752919857
chr12	5500001	6000000	0.0163221692377701
chr12	6000001	6500000	0.218108865585467
chr12	6500001	7000000	NA
chr12	7000001	7500000	NA
chr12	7500001	8000000	0.0534391938313365
chr12	8500001	9000000	0.076804390849579
chr12	9000001	9500000	-0.0305049615446157
chr12	9500001	10000000	-0.177282825922078
chr12	10000001	10500000	0.121442250196625
chr12	10500001	11000000	-0.0193695986791639
chr12	11000001	11500000	0.0265977533997742
chr12	11500001	12000000	0.124214582574527
chr12	12000001	12500000	-0.0126552284087628
chr12	12500001	13000000	0.111059781530783
chr12	13000001	13500000	-0.0147914503734057
chr12	13500001	14000000	0.0708491949856925
chr12	14000001	14500000	0.0379678743238363
chr12	14500001	15000000	0.0995256413510223
chr12	15000001	15500000	0.0526199608605082
chr12	15500001	16000000	-0.025309700732826
chr12	16000001	16500000	0.0579386239907122
chr12	16500001	17000000	0.0140886798195686
chr12	17000001	17500000	-0.0107631933254951
chr12	17500001	18000000	0.0481593645088294
chr12	18000001	18500000	0.057208667404562
chr12	18500001	19000000	0.0796225161732809
chr12	19000001	19500000	-0.00949073606069483
chr12	19500001	20000000	0.0561741608206107
chr12	20000001	20500000	0.0488794929997346
chr12	20500001	21000000	0.120233318041714
chr12	21000001	21500000	0.0279056953650235
chr12	21500001	22000000	0.0241497891766107
chr12	22000001	22500000	0.0885560534009517
chr12	22500001	23000000	0.0513369716592792
chr12	23000001	23500000	0.0720989029048293
chr12	23500001	24000000	-0.00762924554380956
chr12	24000001	24500000	0.100751170431515
chr12	24500001	25000000	0.0541256600255
chr12	25000001	25500000	0.0672478362599254
chr12	25500001	26000000	0.116753929714521
chr12	26000001	26500000	0.0255917767778853
chr12	26500001	27000000	0.0158525435279863
chr12	27000001	27500000	0.057405059139906
chr12	27500001	28000000	0.0401912061545876
chr12	28000001	28500000	0.0321223169415623
chr12	28500001	29000000	0.00776591916751265
chr12	29000001	29500000	0.0673951269919296
chr12	29500001	30000000	0.0750854704273535
chr12	30000001	30500000	0.0580325121074823
chr12	30500001	31000000	-0.0479504661340916
chr12	31000001	31500000	0.179599897038959
chr12	31500001	32000000	0.102303693315405
chr12	32000001	32500000	0.10260022759871
chr12	32500001	33000000	0.0239785696549553
chr12	38000001	38500000	0.012190654693716
chr12	38500001	39000000	-0.0158896357872677
chr12	39000001	39500000	-0.0687171390015547
chr12	39500001	40000000	0.0160504074457696
chr12	40000001	40500000	0.0595825394532811
chr12	40500001	41000000	-0.00767149324003149
chr12	41000001	41500000	0.066469185220199
chr12	41500001	42000000	0.0362106337450213
chr12	42000001	42500000	-0.0169265798135578
chr12	42500001	43000000	0.010485602644861
chr12	43000001	43500000	-0.0115240401809961
chr12	43500001	44000000	-0.0150709447213528
chr12	44000001	44500000	0.112700403026059
chr12	44500001	45000000	-0.0284808462924932
chr12	45000001	45500000	0.0335547225755536
chr12	45500001	46000000	0.0775808970955821
chr12	46000001	46500000	0.136448593024127
chr12	46500001	47000000	0.0183840006673113
chr12	47000001	47500000	-0.00689509197935044
chr12	47500001	48000000	0.1068997143662
chr12	48000001	48500000	0.0152115001290845
chr12	48500001	49000000	0.0640994717943422
chr12	49000001	49500000	-0.0217861806637659
chr12	49500001	50000000	0.048714519327973
chr12	50000001	50500000	0.0537184311439849
chr12	50500001	51000000	0.0497702485486707
chr12	51000001	51500000	0.124075108129933
chr12	51500001	52000000	-0.00704879540892374
chr12	52000001	52500000	-0.0651255106077465
chr12	52500001	53000000	-0.0401356218201363
chr12	53000001	53500000	0.18397487142001
chr12	53500001	54000000	0.0949362960092471
chr12	54000001	54500000	0.164061855437686
chr12	54500001	55000000	0.0637824273202039
chr12	55000001	55500000	0.0153674701315091
chr12	55500001	56000000	0.134880059648621
chr12	56000001	56500000	0.0723805634055393
chr12	56500001	57000000	0.113215014928104
chr12	57000001	57500000	0.0484161245876716
chr12	57500001	58000000	0.0636850902613542
chr12	58000001	58500000	0.0422102680713989
chr12	58500001	59000000	-0.00124762495187933
chr12	59000001	59500000	-0.0548564768281464
chr12	59500001	60000000	0.0175781295127469
chr12	60000001	60500000	0.0513065113501637
chr12	60500001	61000000	0.089997950176682
chr12	61000001	61500000	0.0264208531824373
chr12	61500001	62000000	0.109165180484356
chr12	62000001	62500000	0.120253141497158
chr12	62500001	63000000	0.120212020266847
chr12	63000001	63500000	0.0296364609427008
chr12	63500001	64000000	0.135218976343829
chr12	64000001	64500000	-0.00672268657224822
chr12	64500001	65000000	0.0965536347931148
chr12	65000001	65500000	0.00643856739093088
chr12	65500001	66000000	-0.0277853349556279
chr12	66000001	66500000	0.176089185589236
chr12	66500001	67000000	-0.0173274335355045
chr12	67000001	67500000	-0.0895564392236697
chr12	67500001	68000000	0.0535974952912201
chr12	68000001	68500000	0.0823206732694213
chr12	68500001	69000000	-0.0252048745085181
chr12	69000001	69500000	0.0562003539184871
chr12	69500001	70000000	0.0607661738153054
chr12	70000001	70500000	0.0387120356111801
chr12	70500001	71000000	0.0694005108008526
chr12	71000001	71500000	0.0158320998540802
chr12	71500001	72000000	0.00416686293367061
chr12	72000001	72500000	0.116947728957748
chr12	72500001	73000000	-0.0787057543920067
chr12	73000001	73500000	0.0417663429166173
chr12	73500001	74000000	0.0793607269685307
chr12	74000001	74500000	0.0186459643831694
chr12	74500001	75000000	0.0737766258366391
chr12	75000001	75500000	0.0185010372638178
chr12	75500001	76000000	0.0708057012319929
chr12	76000001	76500000	0.0308263063829833
chr12	76500001	77000000	0.081090283662778
chr12	77000001	77500000	0.0511525888030425
chr12	77500001	78000000	-0.014765862833948
chr12	78000001	78500000	0.0326126401765465
chr12	78500001	79000000	0.0151846427119833
chr12	79000001	79500000	-0.000230128437227445
chr12	79500001	80000000	0.0335563264189716
chr12	80000001	80500000	0.0420614973661642
chr12	80500001	81000000	0.0171806914399793
chr12	81000001	81500000	-0.0430414865706215
chr12	81500001	82000000	0.0246069126031416
chr12	82000001	82500000	0.033273292520316
chr12	82500001	83000000	0.0781632045913297
chr12	83000001	83500000	0.00922935676773718
chr12	83500001	84000000	0.0126730086706252
chr12	84000001	84500000	-0.00823824192293712
chr12	84500001	85000000	-0.0826596582844412
chr12	85000001	85500000	0.00909964534802244
chr12	85500001	86000000	-0.00722929397864334
chr12	86000001	86500000	0.054636715772264
chr12	86500001	87000000	-0.00909058799710251
chr12	87000001	87500000	-0.090569458299676
chr12	87500001	88000000	-0.0321047106243918
chr12	88000001	88500000	0.0213090379694543
chr12	88500001	89000000	-0.132648047932364
chr12	89000001	89500000	0.0876037649524738
chr12	89500001	90000000	0.0503359077251453
chr12	90000001	90500000	-0.0504005614949499
chr12	90500001	91000000	-0.0786560339011426
chr12	91000001	91500000	-0.10156109219809
chr12	91500001	92000000	-0.0352610919078298
chr12	92000001	92500000	0.104240855183857
chr12	92500001	93000000	-0.0674893645659213
chr12	93000001	93500000	-0.0252222204237628
chr12	93500001	94000000	0.0558093250321168
chr12	94000001	94500000	0.091424617033683
chr12	94500001	95000000	0.0525895527374665
chr12	95000001	95500000	-0.0684480734528801
chr12	95500001	96000000	-0.0047574082387526
chr12	96000001	96500000	0.0187918624282836
chr12	96500001	97000000	-0.019617380347342
chr12	97000001	97500000	-0.0291822564942816
chr12	97500001	98000000	-0.0182279157485522
chr12	98000001	98500000	-0.0631691463211931
chr12	98500001	99000000	0.0200782842990364
chr12	99000001	99500000	0.0372008428330661
chr12	99500001	100000000	-0.0164002636880413
chr12	100000001	100500000	-0.0204123373703457
chr12	100500001	101000000	-0.00345260399297831
chr12	101000001	101500000	-0.0167936877082653
chr12	101500001	102000000	0.0523473364288648
chr12	102000001	102500000	0.0328842737812977
chr12	102500001	103000000	0.0286524236909389
chr12	103000001	103500000	-0.0857815398942939
chr12	103500001	104000000	0.0605107658288243
chr12	104000001	104500000	0.041274258555642
chr12	104500001	105000000	0.154944232571301
chr12	105000001	105500000	0.034603254802523
chr12	105500001	106000000	0.0499349662788173
chr12	106000001	106500000	-0.00640617250100359
chr12	106500001	107000000	-0.102519340460852
chr12	107000001	107500000	0.0458098074096194
chr12	107500001	108000000	0.0359575751150883
chr12	108000001	108500000	-0.0630014967248276
chr12	108500001	109000000	0.050552287130438
chr12	109000001	109500000	-0.0649937301987502
chr12	109500001	110000000	-0.0517949071441347
chr12	110000001	110500000	0.0130488735797269
chr12	110500001	111000000	0.0565500734150466
chr12	111000001	111500000	-0.0224973894578675
chr12	111500001	112000000	-0.0636526745480209
chr12	112000001	112500000	-0.06672073912281
chr12	112500001	113000000	-0.00370831873771026
chr12	113000001	113500000	-0.0120095198344685
chr12	113500001	114000000	0.0181184616137876
chr12	114000001	114500000	0.0401904587237115
chr12	114500001	115000000	-0.0304571506877883
chr12	115000001	115500000	-0.0368972570573037
chr12	115500001	116000000	-0.0498824727014411
chr12	116000001	116500000	0.119163580415205
chr12	116500001	117000000	-0.0580621531999635
chr12	117000001	117500000	-0.00308944823070306
chr12	117500001	118000000	-0.0644843911253024
chr12	118000001	118500000	0.0201716811212076
chr12	118500001	119000000	0.0007861461198959
chr12	119000001	119500000	0.0185761827878657
chr12	119500001	120000000	0.00594554625764674
chr12	120000001	120500000	0.100832358481734
chr12	120500001	121000000	0.024071180658732
chr12	121000001	121500000	0.0473931744952791
chr12	121500001	122000000	0.05563769341507
chr12	122000001	122500000	NA
chr12	122500001	123000000	-0.00789156185595494
chr12	123000001	123500000	NA
chr12	123500001	124000000	-0.0466836711793206
chr12	124000001	124500000	0.0100242721274531
chr12	124500001	125000000	-0.04916461711183
chr12	125000001	125500000	-0.0304591746029083
chr12	125500001	126000000	-0.0151984084182127
chr12	126000001	126500000	-0.102389649283723
chr12	126500001	127000000	-0.0576555782872997
chr12	127000001	127500000	-0.0766870794682575
chr12	127500001	128000000	-0.0261358035757106
chr12	128000001	128500000	-0.0058607530978408
chr12	128500001	129000000	-0.0511873554543755
chr12	129000001	129500000	-0.0177725540789978
chr12	129500001	130000000	-0.118907379562393
chr12	130000001	130500000	-0.0109408107516513
chr12	130500001	131000000	-0.0224334601455432
chr12	131000001	131500000	-0.0261585993639668
chr12	131500001	132000000	-0.0608498722464789
chr12	132000001	132500000	NA
chr12	132500001	133000000	0.0052684087431758
chr12	133000001	133500000	NA
chr13	19000001	19500000	-0.09112933449887
chr13	19500001	20000000	-0.0274099446088848
chr13	20000001	20500000	-0.0174267164411996
chr13	20500001	21000000	-0.0687137600416465
chr13	21000001	21500000	-0.0596727674486525
chr13	21500001	22000000	0.0325204690885397
chr13	22000001	22500000	-0.0309010130650369
chr13	22500001	23000000	-0.114093041433636
chr13	23000001	23500000	-0.0548579851614249
chr13	23500001	24000000	-0.053729253740119
chr13	24000001	24500000	-0.0864375635546622
chr13	24500001	25000000	0.0540050477855771
chr13	25000001	25500000	-0.192560804789909
chr13	25500001	26000000	-0.0816141822162933
chr13	26000001	26500000	-0.0443516731254367
chr13	26500001	27000000	-0.0476440285140527
chr13	27000001	27500000	0.037250651469407
chr13	27500001	28000000	-0.0997872465500256
chr13	28000001	28500000	0.0255084782343105
chr13	28500001	29000000	-0.034933818237786
chr13	29000001	29500000	0.0213014670351075
chr13	29500001	30000000	-0.0422787692663321
chr13	30000001	30500000	0.0395050227225042
chr13	30500001	31000000	0.0803733037051039
chr13	31000001	31500000	-0.0765689337054729
chr13	31500001	32000000	-0.000267077540508587
chr13	32000001	32500000	-0.0254263132443268
chr13	32500001	33000000	-0.00983471964525877
chr13	33000001	33500000	-0.0617445476734322
chr13	33500001	34000000	-0.0554996477153422
chr13	34000001	34500000	-0.00679225041041885
chr13	34500001	35000000	-0.0310091605440026
chr13	35000001	35500000	-0.027756086994241
chr13	35500001	36000000	0.00146705016379337
chr13	36000001	36500000	-4.58943886494402e-05
chr13	36500001	37000000	-0.0547429498584912
chr13	37000001	37500000	-0.00101488535390291
chr13	37500001	38000000	0.0811598757701246
chr13	38000001	38500000	0.00668304478618913
chr13	38500001	39000000	0.0401807389472902
chr13	39000001	39500000	-0.0628843370180034
chr13	39500001	40000000	-0.0110666067985171
chr13	40000001	40500000	0.0315354934393174
chr13	40500001	41000000	0.0549007466466748
chr13	41000001	41500000	0.0253062982763344
chr13	41500001	42000000	0.00655324664426101
chr13	42000001	42500000	-0.0779522003526234
chr13	42500001	43000000	-0.0525250204976968
chr13	43000001	43500000	-0.0842683428471834
chr13	43500001	44000000	-0.0387838329253628
chr13	44000001	44500000	-0.0425635698192347
chr13	44500001	45000000	-0.0230419882433897
chr13	45000001	45500000	0.0205856160673722
chr13	45500001	46000000	0.0330927926138894
chr13	46000001	46500000	0.0965233128800688
chr13	46500001	47000000	0.0270306092769688
chr13	47000001	47500000	-0.0735151611114094
chr13	47500001	48000000	0.000394637336568127
chr13	48000001	48500000	0.15656084113217
chr13	48500001	49000000	0.139376570916174
chr13	49000001	49500000	-0.0513011307022115
chr13	49500001	50000000	0.0356833911053759
chr13	50000001	50500000	0.0411757058218319
chr13	50500001	51000000	-0.0265466215239214
chr13	51000001	51500000	-0.0712938227725792
chr13	51500001	52000000	0.0881898539252565
chr13	52000001	52500000	0.0411909442256919
chr13	52500001	53000000	-0.0583513959869878
chr13	53000001	53500000	0.0612323381207877
chr13	53500001	54000000	-0.0237188247078292
chr13	54000001	54500000	-0.00619201379847311
chr13	54500001	55000000	-0.0533169826496741
chr13	55000001	55500000	0.0620729151141144
chr13	55500001	56000000	-0.0719960476969375
chr13	56000001	56500000	0.0385969357043542
chr13	56500001	57000000	-0.0489382340908979
chr13	57000001	57500000	-0.059039560552967
chr13	57500001	58000000	-0.0704703908173556
chr13	58000001	58500000	-0.0535094913830997
chr13	58500001	59000000	-0.0856226692460693
chr13	59000001	59500000	0.00793887666453733
chr13	59500001	60000000	-0.0146841413342107
chr13	60000001	60500000	-0.121938544658809
chr13	60500001	61000000	-0.0177723694875213
chr13	61000001	61500000	-0.100412725733002
chr13	61500001	62000000	-0.0762897577188624
chr13	62000001	62500000	-0.115614176251108
chr13	62500001	63000000	NA
chr13	63000001	63500000	-0.157586737417738
chr13	63500001	64000000	-0.202898790649563
chr13	64000001	64500000	-0.0636156202652137
chr13	64500001	65000000	-0.0144223455038743
chr13	65000001	65500000	-0.0719715932364426
chr13	65500001	66000000	-0.145848368053055
chr13	66000001	66500000	-0.0134443569198489
chr13	66500001	67000000	-0.0377458361408563
chr13	67000001	67500000	-0.100605036920956
chr13	67500001	68000000	0.0702128420585147
chr13	68000001	68500000	-0.0147171764439687
chr13	68500001	69000000	NA
chr13	69000001	69500000	NA
chr13	69500001	70000000	-0.0751170853238871
chr13	70000001	70500000	-0.0744820845551446
chr13	70500001	71000000	-0.158425946776897
chr13	71000001	71500000	-0.0279827277596076
chr13	71500001	72000000	-0.0507408745186662
chr13	72000001	72500000	-0.0398780258166165
chr13	72500001	73000000	-0.0310473579291394
chr13	73000001	73500000	0.0124651476129092
chr13	73500001	74000000	-0.0494943446288574
chr13	74000001	74500000	-0.0538453942342414
chr13	74500001	75000000	-0.0635895533286652
chr13	75000001	75500000	-0.0610023496268056
chr13	75500001	76000000	-0.0113638423731896
chr13	76000001	76500000	-0.0703800546197201
chr13	76500001	77000000	-0.0556320650239811
chr13	77000001	77500000	0.0567396713054542
chr13	77500001	78000000	-0.0169060213344613
chr13	78000001	78500000	-0.0387646132682659
chr13	78500001	79000000	-0.0826742394757648
chr13	79000001	79500000	-0.0399788540984284
chr13	79500001	80000000	-0.104199954357566
chr13	80000001	80500000	0.0395639988096101
chr13	80500001	81000000	-0.0510316399190917
chr13	81000001	81500000	-0.041360208980412
chr13	81500001	82000000	-0.0301896237058939
chr13	82000001	82500000	-0.0909652218413324
chr13	82500001	83000000	-0.0505782885721019
chr13	83000001	83500000	-0.100724245301763
chr13	83500001	84000000	-0.104260394080692
chr13	84000001	84500000	-0.0685814349863647
chr13	84500001	85000000	-0.0982882404362262
chr13	85000001	85500000	-0.00294208283109034
chr13	85500001	86000000	-0.0602575735178437
chr13	86000001	86500000	NA
chr13	86500001	87000000	-0.0643729015588314
chr13	87000001	87500000	-0.0647984709188518
chr13	87500001	88000000	-0.0572768111130026
chr13	88000001	88500000	-0.0289868375359764
chr13	88500001	89000000	-0.114170647402861
chr13	89000001	89500000	-0.0273453118491247
chr13	89500001	90000000	-0.0174154026770171
chr13	90000001	90500000	-0.0426452334007915
chr13	90500001	91000000	-0.0346410170715337
chr13	91000001	91500000	-0.0904399743285005
chr13	91500001	92000000	-0.108003088503582
chr13	92000001	92500000	-0.0320633518911951
chr13	92500001	93000000	-0.0445475757030657
chr13	93000001	93500000	-0.0580069903595287
chr13	93500001	94000000	-0.108454576959401
chr13	94000001	94500000	0.0446014306496388
chr13	94500001	95000000	0.0174670012612364
chr13	95000001	95500000	-0.0763597830911545
chr13	95500001	96000000	-0.0296927035081107
chr13	96000001	96500000	-0.0190658917026862
chr13	96500001	97000000	0.060968908989665
chr13	97000001	97500000	-0.0281189870704576
chr13	97500001	98000000	0.030101705066278
chr13	98000001	98500000	0.0440069855131841
chr13	98500001	99000000	-0.0503536550666792
chr13	99000001	99500000	0.0508274297600077
chr13	99500001	100000000	0.0082766845356807
chr13	100000001	100500000	-0.0543027163983981
chr13	100500001	101000000	NA
chr13	101000001	101500000	0.0491287180892512
chr13	101500001	102000000	-0.0603038353712536
chr13	102000001	102500000	-0.0581169592825313
chr13	102500001	103000000	-0.00241257388701221
chr13	103000001	103500000	-0.100354437272401
chr13	103500001	104000000	0.00642600273714157
chr13	104000001	104500000	-0.115343399894962
chr13	104500001	105000000	-0.0445400370158807
chr13	105000001	105500000	-0.0122150755337004
chr13	105500001	106000000	-0.00453846516511261
chr13	106000001	106500000	0.0488947853168813
chr13	106500001	107000000	0.00660494285164028
chr13	107000001	107500000	0.0326809620133923
chr13	107500001	108000000	0.0269627913829542
chr13	108000001	108500000	0.0905588102988037
chr13	108500001	109000000	-0.0262836961131125
chr13	109000001	109500000	0.00835567559600136
chr13	109500001	110000000	0.0363579888004297
chr13	110000001	110500000	-0.0122246584163233
chr13	110500001	111000000	-0.0514460860257965
chr13	111000001	111500000	-0.0938403746194817
chr13	112000001	112500000	-0.0190403157849106
chr13	112500001	113000000	-0.0722663101377392
chr13	113000001	113500000	-0.150091452899797
chr13	113500001	114000000	NA
chr13	114000001	114500000	NA
chr14	20000001	20500000	0.0431028967570874
chr14	20500001	21000000	0.114024654742894
chr14	21000001	21500000	0.0917910100784516
chr14	21500001	22000000	0.0772417723253319
chr14	22000001	22500000	0.13660309734771
chr14	22500001	23000000	0.147580144219164
chr14	23000001	23500000	0.101329047405829
chr14	23500001	24000000	-0.00449068269523213
chr14	24000001	24500000	0.145363527318835
chr14	24500001	25000000	0.154425381134519
chr14	25000001	25500000	0.186421473470088
chr14	25500001	26000000	0.142232526921094
chr14	26000001	26500000	0.0152681271169257
chr14	26500001	27000000	0.0462027670934836
chr14	27000001	27500000	0.0623125187430157
chr14	27500001	28000000	0.0962160768719848
chr14	28000001	28500000	0.0907506383273469
chr14	28500001	29000000	-0.0195886838332363
chr14	29000001	29500000	0.0572298850507217
chr14	29500001	30000000	0.0863642377347366
chr14	30000001	30500000	0.00325297669679421
chr14	30500001	31000000	0.00939607997197524
chr14	31000001	31500000	0.107728107917195
chr14	31500001	32000000	0.0362893515092368
chr14	32000001	32500000	0.057804866957655
chr14	32500001	33000000	-0.00941248801044996
chr14	33000001	33500000	-0.0309347090490405
chr14	33500001	34000000	0.0467970706289465
chr14	34000001	34500000	0.00543582332760042
chr14	34500001	35000000	0.0478339863439139
chr14	35000001	35500000	0.114066483935365
chr14	35500001	36000000	0.023936224668152
chr14	36000001	36500000	0.0213430830466007
chr14	36500001	37000000	0.040140174380429
chr14	37000001	37500000	0.0693707033225765
chr14	37500001	38000000	0.0970901648015903
chr14	38000001	38500000	-0.0170494187091689
chr14	38500001	39000000	-0.030982182614979
chr14	39000001	39500000	0.0185930703428639
chr14	39500001	40000000	0.00759178822750162
chr14	40000001	40500000	0.0306100273022319
chr14	40500001	41000000	-0.0136007342926931
chr14	41000001	41500000	-0.119551949189467
chr14	41500001	42000000	-0.0216793730852297
chr14	42000001	42500000	0.108386780258688
chr14	42500001	43000000	0.0341824081559551
chr14	43000001	43500000	0.0829709405818902
chr14	43500001	44000000	-0.0113775657951371
chr14	44000001	44500000	-0.000415660418408984
chr14	44500001	45000000	0.097366931099462
chr14	45000001	45500000	0.0652924937761452
chr14	45500001	46000000	0.0585012545295388
chr14	46000001	46500000	-0.0376289287598102
chr14	46500001	47000000	0.0752783594171166
chr14	47000001	47500000	-0.0612406037880072
chr14	47500001	48000000	0.00765947143520118
chr14	48000001	48500000	-0.0216708029562269
chr14	48500001	49000000	-0.0275107767536462
chr14	49000001	49500000	0.0554944285999291
chr14	49500001	50000000	-0.00267962395425095
chr14	50000001	50500000	0.116510636023458
chr14	50500001	51000000	0.1058476379155
chr14	51000001	51500000	0.0569288132256942
chr14	51500001	52000000	0.111029951357179
chr14	52000001	52500000	0.0871379402785403
chr14	52500001	53000000	-0.0199094836271233
chr14	53000001	53500000	0.0750703402722738
chr14	53500001	54000000	-0.0549701275088775
chr14	54000001	54500000	-0.0428525820336558
chr14	54500001	55000000	-0.0409384760215083
chr14	55000001	55500000	0.0136635149596616
chr14	55500001	56000000	0.0934989516224706
chr14	56000001	56500000	-0.0104326916298472
chr14	56500001	57000000	-0.021371445191194
chr14	57000001	57500000	-0.0688190584199987
chr14	57500001	58000000	-0.0641659195983437
chr14	58000001	58500000	0.072769996636499
chr14	58500001	59000000	0.0121172665945172
chr14	59000001	59500000	0.043170806230115
chr14	59500001	60000000	-0.0816720740588535
chr14	60000001	60500000	-0.00801256157843061
chr14	60500001	61000000	-0.0348094323590983
chr14	61000001	61500000	0.00326314587999649
chr14	61500001	62000000	0.0216708171998157
chr14	62000001	62500000	-0.108432030430187
chr14	62500001	63000000	-0.0500028800093254
chr14	63000001	63500000	-0.0100126029675741
chr14	63500001	64000000	-0.089341922917272
chr14	64000001	64500000	0.0225475231102256
chr14	64500001	65000000	-0.00109454326130388
chr14	65000001	65500000	0.0201826636263339
chr14	65500001	66000000	-0.0119807186056088
chr14	66000001	66500000	-0.001815703432588
chr14	66500001	67000000	-0.0945159428857813
chr14	67000001	67500000	-0.00578463536800024
chr14	67500001	68000000	0.101208636469151
chr14	68000001	68500000	-0.00431313530580886
chr14	68500001	69000000	0.0174848045073556
chr14	69000001	69500000	0.0303918277292551
chr14	69500001	70000000	-0.0456893681109675
chr14	70000001	70500000	0.0240960483492733
chr14	70500001	71000000	-0.10766837138905
chr14	71000001	71500000	0.048858782704213
chr14	71500001	72000000	0.0601478560821776
chr14	72000001	72500000	-0.0309162270930499
chr14	72500001	73000000	-0.0999614901827574
chr14	73000001	73500000	0.0680548988205054
chr14	73500001	74000000	-0.086717234034372
chr14	74000001	74500000	0.0220250174636382
chr14	74500001	75000000	-0.048948755428603
chr14	75000001	75500000	0.0483457987469571
chr14	75500001	76000000	0.041611692982791
chr14	76000001	76500000	-0.0361424814632881
chr14	76500001	77000000	0.0801679669560557
chr14	77000001	77500000	0.0206363699489619
chr14	77500001	78000000	0.0936799181447804
chr14	78000001	78500000	0.0241877931797224
chr14	78500001	79000000	-0.0736999903746972
chr14	79000001	79500000	0.0412755500045891
chr14	79500001	80000000	0.0901095115737353
chr14	80000001	80500000	0.0172503399845024
chr14	80500001	81000000	0.104832880162696
chr14	81000001	81500000	0.0713517592398963
chr14	81500001	82000000	0.122843666347381
chr14	82000001	82500000	-0.0232444444941519
chr14	82500001	83000000	-0.0278739250814543
chr14	83000001	83500000	0.0287551369534035
chr14	83500001	84000000	0.0114515222395577
chr14	84000001	84500000	0.0843995723350487
chr14	84500001	85000000	0.0159676449331949
chr14	85000001	85500000	0.0547679070028552
chr14	85500001	86000000	-0.0264002104446804
chr14	86000001	86500000	-0.0275997341172003
chr14	86500001	87000000	-0.138225150776002
chr14	87000001	87500000	-0.054491896546565
chr14	87500001	88000000	-0.0348213006509788
chr14	88000001	88500000	-0.0683621398613648
chr14	88500001	89000000	-0.0397684056723908
chr14	89000001	89500000	0.0583080656880166
chr14	89500001	90000000	0.0731368214516755
chr14	90000001	90500000	-0.0529406600328881
chr14	90500001	91000000	0.0291003065141154
chr14	91000001	91500000	0.084922625100229
chr14	91500001	92000000	0.0172645522441403
chr14	92000001	92500000	0.068650834485921
chr14	92500001	93000000	0.0764395545966954
chr14	93000001	93500000	0.0117862254002048
chr14	93500001	94000000	-0.0799428916975561
chr14	94000001	94500000	0.00158245988806671
chr14	94500001	95000000	-0.0222998713803723
chr14	95000001	95500000	-0.0498767446693771
chr14	95500001	96000000	0.00417335723622356
chr14	96000001	96500000	-0.00648132427471104
chr14	96500001	97000000	-0.0418553046433744
chr14	97000001	97500000	0.0085176160668589
chr14	97500001	98000000	-0.000772870476856383
chr14	98000001	98500000	0.0330274044136767
chr14	98500001	99000000	-0.0122541669124205
chr14	99000001	99500000	-0.0663457417339
chr14	99500001	100000000	-0.020098355449213
chr14	100000001	100500000	0.0539964873804019
chr14	100500001	101000000	-0.0430347470749317
chr14	101000001	101500000	-0.0523149668896146
chr14	101500001	102000000	0.00153530051429275
chr14	102000001	102500000	0.000394075533712727
chr14	102500001	103000000	0.140565980949863
chr14	103000001	103500000	-0.00699655624015603
chr14	103500001	104000000	-0.095237965061746
chr14	104000001	104500000	-0.0288674167709566
chr14	104500001	105000000	0.0486052332149153
chr14	105000001	105500000	0.0700909838968488
chr14	106000001	106500000	0.522887276031228
chr15	23500001	24000000	-0.155688488686823
chr15	24500001	25000000	0.0443709284432701
chr15	25000001	25500000	-0.090655645040674
chr15	25500001	26000000	-0.0473389930274432
chr15	26000001	26500000	-0.131749849060039
chr15	26500001	27000000	-0.120888142859189
chr15	27000001	27500000	NA
chr15	27500001	28000000	-0.0990752651257088
chr15	29000001	29500000	-0.107171920810603
chr15	29500001	30000000	-0.0990261536424336
chr15	31000001	31500000	0.0644094884267731
chr15	31500001	32000000	0.0653408163666347
chr15	32500001	33000000	-0.027496347418415
chr15	33000001	33500000	-0.0684248136945505
chr15	33500001	34000000	0.0117404543147989
chr15	34000001	34500000	-0.0185972453913437
chr15	34500001	35000000	-0.123169939976662
chr15	35000001	35500000	0.0670659913574977
chr15	35500001	36000000	0.0131425193333409
chr15	36000001	36500000	-0.0974849432043836
chr15	36500001	37000000	-0.0154067075516391
chr15	37000001	37500000	-0.0322840493964312
chr15	37500001	38000000	-0.0329930686532792
chr15	38000001	38500000	-0.110277555766657
chr15	38500001	39000000	0.00577606459039315
chr15	39000001	39500000	0.00923343047813964
chr15	39500001	40000000	-0.00355315340390267
chr15	40000001	40500000	0.0496532723520575
chr15	40500001	41000000	-0.0410193506018569
chr15	41000001	41500000	-0.0132470471800809
chr15	41500001	42000000	-0.0857972012479637
chr15	42000001	42500000	0.0174548651168252
chr15	42500001	43000000	-0.108771361726405
chr15	43000001	43500000	-0.0463404893573915
chr15	43500001	44000000	-0.10670317768736
chr15	44000001	44500000	-0.0223861061293395
chr15	44500001	45000000	-0.0515257456374267
chr15	45000001	45500000	-0.0378464347289083
chr15	45500001	46000000	-0.0125602062514288
chr15	46000001	46500000	-0.0520906655183867
chr15	46500001	47000000	0.0725178044770861
chr15	47000001	47500000	-0.04707627448157
chr15	47500001	48000000	-0.0561340928859183
chr15	48000001	48500000	-0.00603424137064079
chr15	48500001	49000000	-0.047449872088216
chr15	49000001	49500000	-0.112962025260713
chr15	49500001	50000000	-0.0571920683916476
chr15	50000001	50500000	-0.034393789900388
chr15	50500001	51000000	-0.0694830996706699
chr15	51000001	51500000	0.0124662201576432
chr15	51500001	52000000	0.114405368146357
chr15	52000001	52500000	-0.0476836482528144
chr15	52500001	53000000	-0.0745868371974512
chr15	53000001	53500000	-0.0245264108953932
chr15	53500001	54000000	-0.0443586648535674
chr15	54000001	54500000	-0.0872572448604526
chr15	54500001	55000000	0.0011976600743914
chr15	55000001	55500000	0.0462725724113796
chr15	55500001	56000000	0.0161779831440117
chr15	56000001	56500000	-0.0052584419926415
chr15	56500001	57000000	-0.0460647870898628
chr15	57000001	57500000	-0.0855225974230604
chr15	57500001	58000000	-0.0592837427996543
chr15	58000001	58500000	-0.0068337799369783
chr15	58500001	59000000	0.0111184507695067
chr15	59000001	59500000	-0.041668009321928
chr15	59500001	60000000	-0.0391762614885377
chr15	60000001	60500000	-0.036710424920295
chr15	60500001	61000000	-0.0574498615561703
chr15	61000001	61500000	0.0451688332136704
chr15	61500001	62000000	0.0189583013334247
chr15	62000001	62500000	-0.0479159292140384
chr15	62500001	63000000	-0.0344238609587958
chr15	63000001	63500000	-0.0231105598198566
chr15	63500001	64000000	0.0519037648892987
chr15	64000001	64500000	-0.0522145506327407
chr15	64500001	65000000	0.024907917251728
chr15	65000001	65500000	-0.0337001343736548
chr15	65500001	66000000	-0.0336629898336742
chr15	66000001	66500000	0.03301977868625
chr15	66500001	67000000	-0.000775945229895277
chr15	67000001	67500000	-0.00602880649800991
chr15	67500001	68000000	0.0147378694014474
chr15	68000001	68500000	0.0263139429907283
chr15	68500001	69000000	-0.149591109625342
chr15	69000001	69500000	0.026604995086498
chr15	69500001	70000000	0.00837591931261345
chr15	70000001	70500000	0.0891415551108579
chr15	70500001	71000000	-0.0657735263488778
chr15	71000001	71500000	-0.0468823419245849
chr15	71500001	72000000	-0.0515863922911954
chr15	72000001	72500000	-0.00950036986272166
chr15	72500001	73000000	0.0965912640845072
chr15	73000001	73500000	-0.11583205734165
chr15	73500001	74000000	-0.048516989212079
chr15	74000001	74500000	-0.0857191068515133
chr15	74500001	75000000	0.103664150652528
chr15	75000001	75500000	-0.105685624680564
chr15	75500001	76000000	-0.0518318697152203
chr15	76000001	76500000	-0.0732971207211777
chr15	76500001	77000000	0.0304171351835293
chr15	77000001	77500000	-0.01831940768277
chr15	77500001	78000000	-0.04247553124098
chr15	78000001	78500000	-0.00448157692070174
chr15	78500001	79000000	-0.0600097770042167
chr15	79000001	79500000	-0.00159316179130274
chr15	79500001	80000000	0.0291908649712039
chr15	80000001	80500000	0.00858920856649886
chr15	80500001	81000000	0.0107414332186009
chr15	81000001	81500000	0.0268817321314559
chr15	81500001	82000000	0.0588304228014871
chr15	82500001	83000000	-0.0306772653122739
chr15	83000001	83500000	-0.000876522780993455
chr15	83500001	84000000	-0.033022394041085
chr15	84500001	85000000	-0.0911904516230435
chr15	85000001	85500000	-0.093630352610521
chr15	85500001	86000000	0.023020131207281
chr15	86000001	86500000	0.0213494916850039
chr15	86500001	87000000	-0.00480595821409
chr15	87000001	87500000	-0.0347543312596877
chr15	87500001	88000000	0.0635161845445719
chr15	88000001	88500000	0.0469206654058111
chr15	88500001	89000000	-0.0712912729518977
chr15	89000001	89500000	-0.0677525824487657
chr15	89500001	90000000	0.0484767588154851
chr15	90000001	90500000	0.13044714858444
chr15	90500001	91000000	0.0633929816810671
chr15	91000001	91500000	0.0188322047944423
chr15	91500001	92000000	0.047616787930332
chr15	92000001	92500000	0.0517894839142059
chr15	92500001	93000000	0.0337206410321783
chr15	93000001	93500000	0.0567471926111371
chr15	93500001	94000000	-0.0440238303440939
chr15	94000001	94500000	0.0122241570855308
chr15	94500001	95000000	-0.0208422987222589
chr15	95000001	95500000	0.0152695822542499
chr15	95500001	96000000	-0.0212405154569164
chr15	96000001	96500000	-0.0141562338970357
chr15	96500001	97000000	-0.125935063280119
chr15	97000001	97500000	-0.0185840943060316
chr15	97500001	98000000	0.0471880237846706
chr15	98000001	98500000	-0.0245545203503664
chr15	98500001	99000000	0.114343420683973
chr15	99000001	99500000	-0.000183485067852934
chr15	99500001	100000000	0.0969858973723261
chr15	100000001	100500000	0.0849440258067152
chr15	100500001	101000000	0.0290185340574798
chr15	101000001	101500000	0.0513143101611167
chr16	1	500000	NA
chr16	500001	1000000	NA
chr16	1000001	1500000	NA
chr16	1500001	2000000	-0.0562146533456038
chr16	2000001	2500000	-0.0426602720074294
chr16	2500001	3000000	-0.204980045790401
chr16	3000001	3500000	0.118932822068861
chr16	3500001	4000000	-0.0689286540382832
chr16	4000001	4500000	-0.00437166979296708
chr16	4500001	5000000	0.0354976833597113
chr16	5000001	5500000	0.153739392514304
chr16	5500001	6000000	-0.0569455292518336
chr16	6000001	6500000	0.0191138994247429
chr16	6500001	7000000	-0.0084572383207439
chr16	7000001	7500000	0.0319899272355501
chr16	7500001	8000000	-0.0667965503936218
chr16	8000001	8500000	-0.0664689950639125
chr16	8500001	9000000	-0.0148716717789959
chr16	9000001	9500000	-0.107540211848561
chr16	9500001	10000000	-0.0986107325489394
chr16	10000001	10500000	-0.0460431027805775
chr16	10500001	11000000	0.0453751695789398
chr16	11000001	11500000	0.0764627928179494
chr16	11500001	12000000	0.0465589541915968
chr16	12000001	12500000	-0.016015464071462
chr16	12500001	13000000	-0.000519718871859157
chr16	13000001	13500000	0.00138593390466087
chr16	13500001	14000000	0.029992272672629
chr16	14000001	14500000	-0.055298980869576
chr16	15500001	16000000	0.0900314231347665
chr16	17000001	17500000	0.119900955820378
chr16	17500001	18000000	0.0293351771152852
chr16	19000001	19500000	-0.159492731224401
chr16	19500001	20000000	0.0651218422463953
chr16	20000001	20500000	0.0135482537754601
chr16	20500001	21000000	-0.0281993665373967
chr16	22000001	22500000	-0.212328005367096
chr16	22500001	23000000	0.275302440908999
chr16	23000001	23500000	-0.0341922577354639
chr16	23500001	24000000	0.018507344864404
chr16	24000001	24500000	0.0215445858077558
chr16	24500001	25000000	-0.0652937495888296
chr16	25000001	25500000	-0.0467056790192938
chr16	25500001	26000000	-0.0801479796107523
chr16	26000001	26500000	0.0764864372789796
chr16	26500001	27000000	-0.0314552858157698
chr16	27000001	27500000	0.0400721273720304
chr16	27500001	28000000	-0.00577263416797347
chr16	28000001	28500000	-0.19564515347252
chr16	29500001	30000000	-0.143925523463124
chr16	30500001	31000000	0.0540281873537586
chr16	31000001	31500000	0.126968329071495
chr16	31500001	32000000	0.0822917391486943
chr16	46500001	47000000	0.0426506482192999
chr16	47000001	47500000	0.0241294543072462
chr16	47500001	48000000	0.0544661060309091
chr16	48000001	48500000	-0.0190357130663803
chr16	48500001	49000000	0.0426152684449427
chr16	49000001	49500000	-0.0860533386754549
chr16	49500001	50000000	-0.0847891342128858
chr16	50000001	50500000	-0.151646481630565
chr16	50500001	51000000	0.0872219688759019
chr16	51000001	51500000	-0.0696293378065951
chr16	51500001	52000000	0.017305057086761
chr16	52000001	52500000	-0.00989937501125411
chr16	52500001	53000000	0.0175572830479909
chr16	53000001	53500000	0.0514189685491877
chr16	53500001	54000000	0.000207354736697498
chr16	54000001	54500000	0.0808979835704442
chr16	54500001	55000000	-0.0937262331580999
chr16	55000001	55500000	0.0747357316192445
chr16	55500001	56000000	-0.0180479107669792
chr16	56000001	56500000	0.000976756189744687
chr16	56500001	57000000	0.0480659273909128
chr16	57000001	57500000	0.0361253084582211
chr16	57500001	58000000	-0.0229599529398388
chr16	58000001	58500000	0.00758185952681228
chr16	58500001	59000000	0.0422315124217746
chr16	59000001	59500000	0.089145039631452
chr16	59500001	60000000	-0.0615836047882662
chr16	60000001	60500000	-0.0185029841181459
chr16	60500001	61000000	0.0340323977916351
chr16	61000001	61500000	0.0241865163418767
chr16	61500001	62000000	0.0791399140568268
chr16	62000001	62500000	0.00786183640020957
chr16	62500001	63000000	-0.0933963519230103
chr16	63000001	63500000	0.0101703262054567
chr16	63500001	64000000	-0.0201565477451297
chr16	64000001	64500000	-0.0832621570912357
chr16	64500001	65000000	-0.0560570223706681
chr16	65000001	65500000	-0.0553307747173388
chr16	65500001	66000000	-0.0461589265828222
chr16	66000001	66500000	-0.0705604519120953
chr16	66500001	67000000	-0.118990268615844
chr16	67000001	67500000	-0.00520257622972355
chr16	67500001	68000000	-0.0496177988940698
chr16	68000001	68500000	-0.0112216273660395
chr16	68500001	69000000	-0.0232566124200685
chr16	69000001	69500000	-0.0778960775753815
chr16	69500001	70000000	-0.153420653741717
chr16	70500001	71000000	-0.169002904370628
chr16	71000001	71500000	-0.0656930012057597
chr16	71500001	72000000	-0.00646326540683885
chr16	72000001	72500000	-0.0330547493012467
chr16	72500001	73000000	0.0462052884988224
chr16	73000001	73500000	-0.0286972714293558
chr16	73500001	74000000	-0.0573433086735978
chr16	74000001	74500000	0.160581975052517
chr16	74500001	75000000	0.0383753668629654
chr16	75000001	75500000	-0.012228322099476
chr16	75500001	76000000	0.00607279496750077
chr16	76000001	76500000	-0.053985499086103
chr16	76500001	77000000	-0.147062382042851
chr16	77000001	77500000	0.0325875679774063
chr16	77500001	78000000	-0.00343054565543381
chr16	78000001	78500000	0.00227014022838605
chr16	78500001	79000000	-0.0372886996094243
chr16	79000001	79500000	-0.0243385115068252
chr16	79500001	80000000	-0.0226172963276645
chr16	80000001	80500000	-0.0472241663924232
chr16	80500001	81000000	-0.0957750907532606
chr16	81000001	81500000	-0.014497109175131
chr16	81500001	82000000	-0.0317967366074605
chr16	82000001	82500000	-0.00984118264252073
chr16	82500001	83000000	-0.0346607635776765
chr16	83000001	83500000	-0.0582946089080981
chr16	83500001	84000000	0.0469231778316458
chr16	84000001	84500000	-0.0315460967908995
chr16	84500001	85000000	0.0953438126507603
chr16	85000001	85500000	-0.0911469331240529
chr16	85500001	86000000	-0.0703336729691686
chr16	86000001	86500000	-0.0465353499996322
chr16	86500001	87000000	-0.101825980452822
chr16	87000001	87500000	-0.113697361193534
chr16	87500001	88000000	-0.0386905899333518
chr16	88000001	88500000	NA
chr16	88500001	89000000	0.0157599957792586
chr16	89000001	89500000	0.0314104803609426
chr16	89500001	90000000	0.0356373226763037
chr17	500001	1000000	0.0320384129973218
chr17	1000001	1500000	0.0162558296281577
chr17	1500001	2000000	0.0227723680219691
chr17	2000001	2500000	0.00878681089245484
chr17	2500001	3000000	0.0748909300563032
chr17	3000001	3500000	0.0575616559495623
chr17	3500001	4000000	0.0661349157433297
chr17	4000001	4500000	-0.0183695122380955
chr17	4500001	5000000	0.041128002446509
chr17	5000001	5500000	0.00119626365671949
chr17	5500001	6000000	0.0752144724311591
chr17	6000001	6500000	-0.10083921809231
chr17	6500001	7000000	-0.0587820369106656
chr17	7000001	7500000	0.0339082570450041
chr17	7500001	8000000	0.0566727599851136
chr17	8000001	8500000	0.0765629298337104
chr17	8500001	9000000	0.0692481320064296
chr17	9000001	9500000	-0.105311930410853
chr17	9500001	10000000	-0.0826607458285968
chr17	10000001	10500000	0.00614586326556305
chr17	10500001	11000000	-0.0141866048411185
chr17	11000001	11500000	-0.0313803687094581
chr17	11500001	12000000	-0.0373435434387621
chr17	12000001	12500000	-0.00868655808431586
chr17	12500001	13000000	-0.12272169305372
chr17	13000001	13500000	-0.0216216686514163
chr17	13500001	14000000	0.00910689772771878
chr17	14000001	14500000	0.0249888858433883
chr17	14500001	15000000	-0.0320346168600851
chr17	15000001	15500000	-0.0366236076907711
chr17	16000001	16500000	0.0854904282298394
chr17	17000001	17500000	-0.0576836841641303
chr17	17500001	18000000	-0.073270661907462
chr17	18000001	18500000	-0.13686559377943
chr17	19500001	20000000	-0.0486833819381079
chr17	20000001	20500000	-0.0463781355204303
chr17	21000001	21500000	0.071632457550213
chr17	27500001	28000000	0.0470984691808757
chr17	28000001	28500000	0.0501241573899566
chr17	28500001	29000000	0.0251744143909294
chr17	29000001	29500000	-0.036103327417522
chr17	29500001	30000000	0.029295600048409
chr17	30000001	30500000	0.0272484401646259
chr17	30500001	31000000	-0.0492197101617824
chr17	31000001	31500000	-0.0208940697790769
chr17	31500001	32000000	0.003915648053353
chr17	32000001	32500000	-0.0078862596456702
chr17	32500001	33000000	-0.00632223170766641
chr17	33000001	33500000	-0.100554411491758
chr17	33500001	34000000	0.0534220743568797
chr17	34000001	34500000	0.056634096131288
chr17	34500001	35000000	-0.0353142616259836
chr17	35000001	35500000	-0.029823600262172
chr17	35500001	36000000	-0.0844090989912857
chr17	36500001	37000000	0.00706199231272417
chr17	37000001	37500000	-0.114157290763912
chr17	37500001	38000000	-0.06851766754658
chr17	38500001	39000000	-0.00415665956993391
chr17	39000001	39500000	-0.0770443023440812
chr17	39500001	40000000	0.0155833160180964
chr17	40000001	40500000	0.0545964243783789
chr17	40500001	41000000	-0.00578577436677201
chr17	41000001	41500000	-0.0570976081749872
chr17	41500001	42000000	-0.0339887790788908
chr17	42000001	42500000	-0.0434337369546162
chr17	42500001	43000000	-0.0351009433486013
chr17	43000001	43500000	-0.208000636105444
chr17	43500001	44000000	-0.0630593151556837
chr17	44000001	44500000	0.00401388045689978
chr17	44500001	45000000	0.0205800985571038
chr17	45000001	45500000	0.0150432187813844
chr17	45500001	46000000	0.0680752885192034
chr17	47000001	47500000	-0.0641956254952754
chr17	47500001	48000000	-0.081094706546076
chr17	48000001	48500000	-0.0280153768564965
chr17	48500001	49000000	0.0587869229701414
chr17	49000001	49500000	0.068248230599451
chr17	49500001	50000000	-0.0227933702993371
chr17	50000001	50500000	0.057336041686673
chr17	50500001	51000000	-0.0399869642208788
chr17	51000001	51500000	0.010897246456244
chr17	51500001	52000000	0.00295689917073354
chr17	52000001	52500000	-0.00288301278905575
chr17	52500001	53000000	0.0144287395078284
chr17	53000001	53500000	-0.0149149380158754
chr17	53500001	54000000	-0.030457324338145
chr17	54000001	54500000	-0.163691425950183
chr17	54500001	55000000	-0.119788381014301
chr17	55000001	55500000	-0.078361167865214
chr17	55500001	56000000	-0.104672025877415
chr17	56000001	56500000	0.0420874794294453
chr17	56500001	57000000	-0.0743824471607804
chr17	57000001	57500000	-0.0415268511639416
chr17	57500001	58000000	-0.120275646185662
chr17	58000001	58500000	-0.043928147974563
chr17	58500001	59000000	-0.0109444413473719
chr17	59000001	59500000	-0.0479311914985549
chr17	59500001	60000000	0.0610644558700013
chr17	60000001	60500000	-0.0955423140132467
chr17	60500001	61000000	-0.0401276126534345
chr17	61000001	61500000	-0.0401008492194463
chr17	61500001	62000000	-0.0779142482741185
chr17	62000001	62500000	0.125013144590795
chr17	62500001	63000000	-0.0643557586196737
chr17	63000001	63500000	-0.0589660717745817
chr17	63500001	64000000	-0.00306329200699518
chr17	64000001	64500000	-0.00620924449619251
chr17	64500001	65000000	0.00711412548525019
chr17	65000001	65500000	-0.0187874468303194
chr17	65500001	66000000	-0.0620167114833909
chr17	66000001	66500000	-0.100489185981394
chr17	66500001	67000000	-0.0480143922979191
chr17	67000001	67500000	-0.0123563068829899
chr17	67500001	68000000	-0.0804604427920438
chr17	68000001	68500000	-0.0024908739695842
chr17	68500001	69000000	0.0561014105899432
chr17	69000001	69500000	-0.0653499521236215
chr17	69500001	70000000	-0.0292759668672538
chr17	70000001	70500000	0.00393442295039268
chr17	70500001	71000000	-0.0770048727913573
chr17	71000001	71500000	-0.0494096727123063
chr17	71500001	72000000	-0.00649055425418575
chr17	72000001	72500000	-0.0347109947863511
chr17	72500001	73000000	0.00818616545274783
chr17	73000001	73500000	0.0783964567031116
chr17	73500001	74000000	-0.031259552329507
chr17	74000001	74500000	0.0178303604267771
chr17	74500001	75000000	0.0941432803425167
chr17	75000001	75500000	0.0303261879350112
chr17	75500001	76000000	-0.0180423559046247
chr17	76000001	76500000	-0.0161653972128074
chr17	76500001	77000000	-0.0275808876630061
chr17	77000001	77500000	0.00583897882603285
chr17	77500001	78000000	-0.0220619506608443
chr17	78000001	78500000	-0.0197647768518785
chr17	78500001	79000000	-0.000642174644377907
chr17	79000001	79500000	-0.0556384290444578
chr17	79500001	80000000	-0.0613192559044316
chr17	80000001	80500000	-0.100129442581607
chr17	80500001	81000000	-0.0335347472816117
chr17	81000001	81500000	NA
chr17	81500001	82000000	NA
chr17	82000001	82500000	0.0384912819092896
chr17	82500001	83000000	-0.0775225295753202
chr17	83000001	83500000	NA
chr18	1	500000	NA
chr18	500001	1000000	-0.0150157391084412
chr18	1000001	1500000	0.0112496322142312
chr18	1500001	2000000	-0.0144117408790192
chr18	2000001	2500000	0.0882082517120777
chr18	2500001	3000000	0.10911386539131
chr18	3000001	3500000	-0.022433488680208
chr18	3500001	4000000	0.0508048237813848
chr18	4000001	4500000	0.0216686329534689
chr18	4500001	5000000	-0.000747290739500018
chr18	5000001	5500000	0.0367181865789753
chr18	5500001	6000000	0.00905846630618857
chr18	6000001	6500000	0.0265524718124824
chr18	6500001	7000000	0.034536308197944
chr18	7000001	7500000	-0.00858881560999553
chr18	7500001	8000000	0.00998511038997802
chr18	8000001	8500000	-0.0665029982288586
chr18	8500001	9000000	-0.0638791014423817
chr18	9000001	9500000	0.0777749038858375
chr18	9500001	10000000	0.101559005872328
chr18	10000001	10500000	0.083028697788636
chr18	10500001	11000000	0.0691314180311197
chr18	11000001	11500000	0.0227372967597734
chr18	11500001	12000000	0.0296422660228231
chr18	12000001	12500000	-0.0816864537418014
chr18	12500001	13000000	0.0583407197950649
chr18	13000001	13500000	-0.0629857594111483
chr18	13500001	14000000	-0.033318424969165
chr18	22000001	22500000	-0.0101775389160188
chr18	22500001	23000000	0.0210969693772235
chr18	23000001	23500000	0.0282200082125891
chr18	23500001	24000000	0.0475102744468391
chr18	24000001	24500000	0.0815898927587868
chr18	24500001	25000000	0.0438972162764217
chr18	25000001	25500000	-0.0569087722466129
chr18	25500001	26000000	-0.00836111285501052
chr18	26000001	26500000	0.0352682536361009
chr18	26500001	27000000	0.0740082284784626
chr18	27000001	27500000	0.0176313282571366
chr18	27500001	28000000	-0.0591957003458049
chr18	28000001	28500000	-0.0116397150106083
chr18	28500001	29000000	7.39114149849738e-05
chr18	29000001	29500000	-0.00241148312725674
chr18	29500001	30000000	-0.0308141952263625
chr18	30000001	30500000	0.0364860267069058
chr18	30500001	31000000	-0.0660060729209683
chr18	31000001	31500000	0.025769174172284
chr18	31500001	32000000	0.0513071134639817
chr18	32000001	32500000	-0.00537070257480622
chr18	32500001	33000000	0.0219433035252965
chr18	33000001	33500000	-0.0566056355208549
chr18	33500001	34000000	-0.0636545149433237
chr18	34000001	34500000	-0.0690104757877312
chr18	34500001	35000000	0.0422896299529855
chr18	35000001	35500000	-0.0206549711841333
chr18	35500001	36000000	0.0638818051732479
chr18	36000001	36500000	0.0361305231737055
chr18	36500001	37000000	-0.0452432056185467
chr18	37000001	37500000	-0.0334094387019686
chr18	37500001	38000000	0.0539878389419823
chr18	38000001	38500000	0.00586406856790427
chr18	38500001	39000000	-0.00388491536529218
chr18	39000001	39500000	0.0377713842611981
chr18	39500001	40000000	0.0626510875532455
chr18	40000001	40500000	0.040424637196486
chr18	40500001	41000000	-0.0583551905580185
chr18	41000001	41500000	0.00836300775736497
chr18	41500001	42000000	-0.0224036990171333
chr18	42000001	42500000	-0.0955735730745015
chr18	42500001	43000000	-0.00281086682798577
chr18	43000001	43500000	0.0270338498984789
chr18	43500001	44000000	-0.0468331843449668
chr18	44000001	44500000	0.00710031373338668
chr18	44500001	45000000	0.000758489669778713
chr18	45000001	45500000	0.179442612792123
chr18	45500001	46000000	0.109101814772688
chr18	46000001	46500000	-0.0273136532481015
chr18	46500001	47000000	NA
chr18	47000001	47500000	NA
chr18	47500001	48000000	-0.0084198759352382
chr18	48000001	48500000	-0.0705968832273819
chr18	48500001	49000000	-0.0455278076115833
chr18	49000001	49500000	0.0189860888910722
chr18	49500001	50000000	0.00382962397749445
chr18	50000001	50500000	0.0147818011518352
chr18	50500001	51000000	0.0222034668566362
chr18	51000001	51500000	-0.0663550238082775
chr18	51500001	52000000	-0.0525666253949786
chr18	52000001	52500000	-0.0710876547875599
chr18	52500001	53000000	0.00561482459654343
chr18	53000001	53500000	0.0747990093991327
chr18	53500001	54000000	-0.037643992087999
chr18	54000001	54500000	0.0226864215649988
chr18	54500001	55000000	NA
chr18	55000001	55500000	-0.0682873657566031
chr18	55500001	56000000	-0.103834572359803
chr18	56000001	56500000	0.0424849796968912
chr18	56500001	57000000	0.0213992426045392
chr18	57000001	57500000	0.025666859177789
chr18	57500001	58000000	-0.0337769091409466
chr18	58000001	58500000	-0.0948754482334966
chr18	58500001	59000000	-0.0502880608583417
chr18	59000001	59500000	0.0305569508684714
chr18	59500001	60000000	0.0468886770446095
chr18	60000001	60500000	-0.0251318575025864
chr18	60500001	61000000	-0.0865413846165186
chr18	61000001	61500000	-0.0768860657372192
chr18	61500001	62000000	0.0286252901944635
chr18	62000001	62500000	0.0480824823249934
chr18	62500001	63000000	-0.0724969210957566
chr18	63000001	63500000	0.00821454830969097
chr18	63500001	64000000	-0.0568180551682222
chr18	64000001	64500000	0.0396574564881863
chr18	64500001	65000000	-0.0457348406092205
chr18	65000001	65500000	-0.0794906174898987
chr18	65500001	66000000	-0.0187815888125179
chr18	66000001	66500000	0.062738983013713
chr18	66500001	67000000	0.0331985819210402
chr18	67000001	67500000	0.00321499489975765
chr18	67500001	68000000	-0.160524099458863
chr18	68000001	68500000	-0.181501666856988
chr18	68500001	69000000	-0.025782265860166
chr18	69000001	69500000	0.0221118675732498
chr18	69500001	70000000	-0.0142719258397879
chr18	70000001	70500000	-0.0356899464584011
chr18	70500001	71000000	0.0053834293418397
chr18	71000001	71500000	-0.0340048098826369
chr18	71500001	72000000	-7.8603420434406e-06
chr18	72000001	72500000	-0.155421092147153
chr18	72500001	73000000	-0.0233470373764499
chr18	73000001	73500000	-0.0563183269168643
chr18	73500001	74000000	-0.110342568967592
chr18	74000001	74500000	-0.0715130805117743
chr18	74500001	75000000	-0.116991720543472
chr18	75000001	75500000	-0.102573837227865
chr18	75500001	76000000	-0.0417889572000156
chr18	76000001	76500000	-0.0619675184508495
chr18	76500001	77000000	-0.016700149023092
chr18	77000001	77500000	0.0468502325887559
chr18	77500001	78000000	-0.0575051770321282
chr18	78000001	78500000	-0.0591957500389864
chr18	78500001	79000000	-0.105972995893321
chr18	79000001	79500000	-0.0909269110078406
chr18	79500001	80000000	-0.0579353489372078
chr19	500001	1000000	NA
chr19	1000001	1500000	NA
chr19	1500001	2000000	-0.0372956389513876
chr19	2000001	2500000	-0.0208876532239092
chr19	2500001	3000000	-0.0441222296370291
chr19	3000001	3500000	0.0309068072707019
chr19	3500001	4000000	-0.046821700245604
chr19	4000001	4500000	-0.0329987760469348
chr19	4500001	5000000	-0.0747517006496052
chr19	5000001	5500000	-0.0803830133607313
chr19	5500001	6000000	-0.00362779557500754
chr19	6000001	6500000	-0.0546376139853208
chr19	6500001	7000000	0.051808951640551
chr19	7000001	7500000	0.0536057622012651
chr19	7500001	8000000	0.0767770254920666
chr19	8000001	8500000	0.0155517132279312
chr19	8500001	9000000	-0.10648622568964
chr19	9000001	9500000	0.0339385286834466
chr19	9500001	10000000	0.0995553728980047
chr19	10000001	10500000	-0.000767807737080461
chr19	10500001	11000000	-0.0581889240699479
chr19	11000001	11500000	-0.0602808912959783
chr19	11500001	12000000	0.0177847324651515
chr19	12000001	12500000	0.0388310853251072
chr19	12500001	13000000	0.128254553987767
chr19	13000001	13500000	0.115440802450221
chr19	13500001	14000000	0.107855537339789
chr19	14000001	14500000	0.179266808053393
chr19	14500001	15000000	0.0971298264262626
chr19	15000001	15500000	0.110607422315718
chr19	15500001	16000000	0.00930324683235155
chr19	16000001	16500000	0.143355841056485
chr19	16500001	17000000	0.0578707513045033
chr19	17000001	17500000	0.0807843358315978
chr19	17500001	18000000	0.149185961244418
chr19	18000001	18500000	0.0880043194271439
chr19	18500001	19000000	0.0302506079854678
chr19	19000001	19500000	0.145113853269713
chr19	19500001	20000000	0.141876989881133
chr19	20000001	20500000	0.0936139936458689
chr19	20500001	21000000	0.0671263861896145
chr19	21000001	21500000	0.0547674942405895
chr19	21500001	22000000	0.183741935480824
chr19	22000001	22500000	-0.00390782943690263
chr19	22500001	23000000	-0.0200567374630044
chr19	23000001	23500000	0.109978027206723
chr19	23500001	24000000	0.0679123019614165
chr19	28500001	29000000	0.0715718674772555
chr19	29000001	29500000	-0.0373290883965595
chr19	29500001	30000000	0.000328846310988553
chr19	30000001	30500000	-0.0859403204459538
chr19	30500001	31000000	0.0740331351954148
chr19	31000001	31500000	0.0535125549611755
chr19	31500001	32000000	0.0242192412824298
chr19	32000001	32500000	0.115061502081671
chr19	32500001	33000000	0.0783461728199399
chr19	33000001	33500000	0.0523169141247192
chr19	33500001	34000000	-0.00450531305270049
chr19	34000001	34500000	-0.0118278113937982
chr19	34500001	35000000	0.0601626194227677
chr19	35000001	35500000	0.0915138826653644
chr19	35500001	36000000	0.02385521660606
chr19	36000001	36500000	-0.191414674781121
chr19	36500001	37000000	0.229919487976532
chr19	37000001	37500000	-0.148393925840329
chr19	37500001	38000000	0.0553285661842577
chr19	38000001	38500000	0.0813027904792791
chr19	38500001	39000000	0.0172190993122238
chr19	39000001	39500000	-0.00457991397416347
chr19	39500001	40000000	0.0913267483773256
chr19	40000001	40500000	-0.0411602378872913
chr19	40500001	41000000	0.0285455279581502
chr19	41000001	41500000	0.0721109932509026
chr19	41500001	42000000	0.0996057426878021
chr19	42000001	42500000	0.0499705059999401
chr19	43500001	44000000	0.063602283112592
chr19	44000001	44500000	0.0125894444430347
chr19	44500001	45000000	0.0612744357289997
chr19	45000001	45500000	-0.0797482585304158
chr19	45500001	46000000	-0.0136537448151487
chr19	46000001	46500000	-0.0484323036400322
chr19	46500001	47000000	-0.0750206868804502
chr19	47000001	47500000	0.0864983845683301
chr19	47500001	48000000	-0.0976692286780065
chr19	48000001	48500000	0.1368061188585
chr19	48500001	49000000	0.0255176092429129
chr19	49000001	49500000	0.0624903068195736
chr19	49500001	50000000	0.0868594907747935
chr19	50000001	50500000	0.0502752982871621
chr19	50500001	51000000	0.0329487713892034
chr19	51000001	51500000	0.0776184973806295
chr19	51500001	52000000	0.0756553361082831
chr19	52000001	52500000	0.0378595615013873
chr19	52500001	53000000	-0.0591850510129748
chr19	53000001	53500000	0.17893204560273
chr19	53500001	54000000	0.0586924703831193
chr19	54000001	54500000	0.118592010320157
chr19	54500001	55000000	0.0605751091303369
chr19	55000001	55500000	0.121919594517327
chr19	55500001	56000000	0.0490768420613417
chr19	56000001	56500000	-0.0044963816293967
chr19	56500001	57000000	0.0624421621216461
chr19	57000001	57500000	0.00413979119868843
chr19	57500001	58000000	-0.00309986341576338
chr19	58000001	58500000	0.0916170959334641
chr20	1	500000	NA
chr20	500001	1000000	-0.0387535911757158
chr20	1000001	1500000	0.0457406676476645
chr20	1500001	2000000	0.108983440146572
chr20	2000001	2500000	0.057027310251478
chr20	2500001	3000000	0.0220071848722006
chr20	3000001	3500000	-0.0526788656107898
chr20	3500001	4000000	0.0305195972423287
chr20	4000001	4500000	0.00065698519923927
chr20	4500001	5000000	-0.0339374187815112
chr20	5000001	5500000	0.126176353933563
chr20	5500001	6000000	0.106724338623637
chr20	6000001	6500000	0.00314004102657789
chr20	6500001	7000000	0.0334072689286072
chr20	7000001	7500000	0.061239991133279
chr20	7500001	8000000	0.0692737004221085
chr20	8000001	8500000	0.0866889006196623
chr20	8500001	9000000	-0.00355602960320983
chr20	9000001	9500000	0.061969113702252
chr20	9500001	10000000	0.0981604557307595
chr20	10000001	10500000	0.0215373656049112
chr20	10500001	11000000	0.0328424553960303
chr20	11000001	11500000	0.0124866733495143
chr20	11500001	12000000	0.0417501242349719
chr20	12000001	12500000	-0.0112695563805034
chr20	12500001	13000000	0.0191052725743536
chr20	13000001	13500000	-0.0424277450776543
chr20	13500001	14000000	0.0280111303578122
chr20	14000001	14500000	-0.0456873181228513
chr20	14500001	15000000	-0.0114408331389617
chr20	15000001	15500000	-0.0446098371153904
chr20	15500001	16000000	0.015425337895459
chr20	16000001	16500000	0.0332964593086598
chr20	16500001	17000000	0.0776339089364411
chr20	17000001	17500000	0.00291279056165777
chr20	17500001	18000000	0.0246128308016906
chr20	18000001	18500000	-0.0206453772866673
chr20	18500001	19000000	0.0468372293513093
chr20	19000001	19500000	-0.018736010033465
chr20	19500001	20000000	-0.0358319464775607
chr20	20000001	20500000	-0.00888601438084374
chr20	20500001	21000000	0.00439792644528572
chr20	21000001	21500000	-0.0459381185983223
chr20	21500001	22000000	-0.00238189901927998
chr20	22000001	22500000	-0.0877996280949155
chr20	22500001	23000000	0.00215738844449863
chr20	23000001	23500000	-0.0195442077855936
chr20	23500001	24000000	0.0936633371073135
chr20	24000001	24500000	-0.0371785302246286
chr20	24500001	25000000	0.0158708867273749
chr20	25000001	25500000	-0.0466231186200264
chr20	31500001	32000000	0.0647060256117206
chr20	32000001	32500000	0.047047766983503
chr20	32500001	33000000	0.0549498849188469
chr20	33000001	33500000	0.0623604052289356
chr20	33500001	34000000	0.0595463280625994
chr20	34000001	34500000	0.0093301497623774
chr20	34500001	35000000	0.0125241802794284
chr20	35000001	35500000	0.0204793836003862
chr20	35500001	36000000	-0.00763002506107792
chr20	36000001	36500000	NA
chr20	36500001	37000000	0.113710185018237
chr20	37000001	37500000	-0.0359419948338024
chr20	37500001	38000000	-0.102045088518865
chr20	38000001	38500000	-0.0727227365082883
chr20	38500001	39000000	0.0957210493887569
chr20	39000001	39500000	0.0154800443267223
chr20	39500001	40000000	-0.0526572049576333
chr20	40000001	40500000	-0.0511959317909245
chr20	40500001	41000000	-0.00169203866234832
chr20	41000001	41500000	0.00978151937581953
chr20	41500001	42000000	-0.000524650979388891
chr20	42000001	42500000	-0.0825659459300932
chr20	42500001	43000000	-0.0862769512350814
chr20	43000001	43500000	0.0123700590399735
chr20	43500001	44000000	-0.00290238475399806
chr20	44000001	44500000	-0.0496512734681085
chr20	44500001	45000000	-0.00376386359839491
chr20	45000001	45500000	0.0301455892495474
chr20	45500001	46000000	0.0574945729890519
chr20	46000001	46500000	0.0443444836714364
chr20	46500001	47000000	0.0890094812042061
chr20	47000001	47500000	0.0429227064364816
chr20	47500001	48000000	-0.00975663833295252
chr20	48000001	48500000	0.0973091938307736
chr20	48500001	49000000	0.194021288487535
chr20	49000001	49500000	0.115898610522914
chr20	49500001	50000000	0.094981524637838
chr20	50000001	50500000	0.166293072846051
chr20	50500001	51000000	0.050264995737871
chr20	51000001	51500000	-0.0012322150428546
chr20	51500001	52000000	-0.0189248739455272
chr20	52000001	52500000	0.0839735049569463
chr20	52500001	53000000	0.113497202336116
chr20	53000001	53500000	0.0535946631131964
chr20	53500001	54000000	0.185707050738467
chr20	54000001	54500000	0.00957561863848154
chr20	54500001	55000000	0.165573460791895
chr20	55000001	55500000	0.0272337427950636
chr20	55500001	56000000	0.0358080019876019
chr20	56000001	56500000	0.0924720452329924
chr20	56500001	57000000	-0.0335467928362153
chr20	57000001	57500000	0.0744151735819451
chr20	57500001	58000000	-0.0165893883367934
chr20	58000001	58500000	0.0287411468880109
chr20	58500001	59000000	-0.0131884810665777
chr20	59000001	59500000	0.0241407113311619
chr20	59500001	60000000	0.0017405232247814
chr20	60000001	60500000	0.0840829599887848
chr20	60500001	61000000	-0.0144573751482165
chr20	61000001	61500000	0.108311973093743
chr20	61500001	62000000	0.0245255136138049
chr20	62000001	62500000	-0.00186192578475164
chr20	62500001	63000000	0.0731858054897117
chr20	63000001	63500000	0.0629592855329418
chr20	63500001	64000000	-0.0165142951744259
chr21	14000001	14500000	-0.00546955796353478
chr21	14500001	15000000	0.0862620761085728
chr21	15000001	15500000	-0.0190609971029346
chr21	15500001	16000000	0.0456744081470796
chr21	16000001	16500000	-0.0315239485414036
chr21	16500001	17000000	0.038562567251651
chr21	17000001	17500000	-0.0243138465891887
chr21	17500001	18000000	0.0434227763786978
chr21	18000001	18500000	0.0538634040753157
chr21	18500001	19000000	0.0292121988394741
chr21	19000001	19500000	-0.0451985660757479
chr21	19500001	20000000	0.108174712020811
chr21	20000001	20500000	0.0267279887494469
chr21	20500001	21000000	-0.00392186823806874
chr21	21000001	21500000	-0.015112195388378
chr21	21500001	22000000	0.143598906562766
chr21	22000001	22500000	-0.0515350685753795
chr21	22500001	23000000	0.0373812083106954
chr21	23000001	23500000	0.00245798710769522
chr21	23500001	24000000	-0.0259838035891417
chr21	24000001	24500000	0.0123588631969224
chr21	24500001	25000000	-0.0277954549546632
chr21	25000001	25500000	0.0455360401723016
chr21	25500001	26000000	0.0511561228743382
chr21	26000001	26500000	0.0339575622899928
chr21	26500001	27000000	-0.00141676774131996
chr21	27000001	27500000	0.096051818089037
chr21	27500001	28000000	0.062160327453552
chr21	28000001	28500000	-0.0420296470457755
chr21	28500001	29000000	0.0437669934023857
chr21	29000001	29500000	0.123454421109692
chr21	29500001	30000000	-0.00521420877782909
chr21	30000001	30500000	-0.0583431751552903
chr21	30500001	31000000	-0.0902681621199211
chr21	31000001	31500000	-0.032072147315493
chr21	31500001	32000000	NA
chr21	32000001	32500000	-0.0551939057368059
chr21	32500001	33000000	-0.0290168406854006
chr21	33000001	33500000	0.047418988700238
chr21	33500001	34000000	-0.0231228983208687
chr21	34000001	34500000	-0.271144597307748
chr21	34500001	35000000	-0.0952390003291521
chr21	35000001	35500000	-0.0357670737252391
chr21	35500001	36000000	0.0590639984588273
chr21	36000001	36500000	-0.0708491845297154
chr21	36500001	37000000	0.0153614698248511
chr21	37000001	37500000	-0.043401267804988
chr21	37500001	38000000	0.0406865142600855
chr21	38000001	38500000	0.0456275107449229
chr21	38500001	39000000	NA
chr21	39000001	39500000	-0.0908480372597503
chr21	39500001	40000000	0.0398404728192351
chr21	40000001	40500000	0.0681455344008964
chr21	40500001	41000000	-0.0571378221626777
chr21	41000001	41500000	0.0252506087302225
chr21	41500001	42000000	NA
chr21	42000001	42500000	-0.101404269033938
chr21	42500001	43000000	NA
chr21	43500001	44000000	-0.109230274039953
chr21	44000001	44500000	-0.37503780524612
chr21	44500001	45000000	-0.0455053029411538
chr21	45000001	45500000	-0.132520133914899
chr21	45500001	46000000	-0.022116926928904
chr21	46000001	46500000	-0.0676141928411105
chr21	46500001	47000000	NA
chr22	17500001	18000000	-0.0261408620046165
chr22	19000001	19500000	0.000554753117579125
chr22	19500001	20000000	0.0213147852303297
chr22	20000001	20500000	-0.0154820793625449
chr22	20500001	21000000	-0.0350654788897914
chr22	21500001	22000000	-0.0819107319714439
chr22	22000001	22500000	0.104735396232692
chr22	22500001	23000000	-0.0096475697104824
chr22	23000001	23500000	-0.0584676331871202
chr22	23500001	24000000	-0.0625216136364321
chr22	24000001	24500000	-0.0785536699044262
chr22	24500001	25000000	0.0825285808098229
chr22	25000001	25500000	-0.0984167463308303
chr22	25500001	26000000	-0.0398554738033689
chr22	26000001	26500000	0.0934610453015104
chr22	26500001	27000000	0.0137373295158864
chr22	27000001	27500000	-0.0353711325125577
chr22	27500001	28000000	-0.122161535031054
chr22	28000001	28500000	0.0622672871566415
chr22	28500001	29000000	-0.075123821095177
chr22	29000001	29500000	-0.168680404241897
chr22	29500001	30000000	-0.0234332708504545
chr22	30000001	30500000	0.0682872068205654
chr22	30500001	31000000	-0.0816156292251234
chr22	31000001	31500000	-0.0521039830679485
chr22	31500001	32000000	0.0316227066482735
chr22	32000001	32500000	-0.0387331432396553
chr22	32500001	33000000	-0.00911073569404229
chr22	33000001	33500000	-0.117615211668963
chr22	33500001	34000000	-0.0506532116970585
chr22	34000001	34500000	0.0569627381674977
chr22	34500001	35000000	-0.0509541522959299
chr22	35000001	35500000	-0.0468861371878719
chr22	35500001	36000000	-0.070754445902085
chr22	36000001	36500000	0.0682760995438574
chr22	36500001	37000000	0.0439341774311582
chr22	37000001	37500000	0.0707660311838269
chr22	37500001	38000000	0.0478512702136929
chr22	38000001	38500000	0.030835703526234
chr22	38500001	39000000	0.0758971230414359
chr22	39000001	39500000	-0.0226653691101169
chr22	39500001	40000000	-0.00418792691197224
chr22	40000001	40500000	0.0233896688541326
chr22	40500001	41000000	0.0145367893469624
chr22	41000001	41500000	-0.00930598514303024
chr22	41500001	42000000	-0.00809615310964252
chr22	42000001	42500000	-0.0816988689253914
chr22	42500001	43000000	-0.0881775444171335
chr22	43000001	43500000	0.0798473707687826
chr22	43500001	44000000	-0.13944168435413
chr22	44000001	44500000	0.027423978878288
chr22	44500001	45000000	-0.0938732458868215
chr22	45000001	45500000	-0.0566515644676794
chr22	45500001	46000000	-0.10732926229761
chr22	46000001	46500000	-0.0862913137254716
chr22	46500001	47000000	-0.030317124390147
chr22	47000001	47500000	-0.0549168177367512
chr22	47500001	48000000	-0.0772717531397234
chr22	48000001	48500000	-0.137964635947986
chr22	48500001	49000000	-0.0630192515273018
chr22	49000001	49500000	-0.11788926725229
chr22	49500001	50000000	NA
chr22	50000001	50500000	-0.0614296290126713
chr22	50500001	51000000	NA
chrX	3000001	3500000	-0.060554992864567
chrX	3500001	4000000	-0.266347204333147
chrX	4000001	4500000	0.0693661749785305
chrX	4500001	5000000	0.0143253849973744
chrX	5000001	5500000	-0.069578712630398
chrX	5500001	6000000	-0.0493257156812889
chrX	6000001	6500000	-0.0897027149479479
chrX	6500001	7000000	0.0480947408274794
chrX	7000001	7500000	0.0467929815630591
chrX	7500001	8000000	-0.0711357604713896
chrX	8000001	8500000	-0.0507367655065707
chrX	8500001	9000000	-0.0150919224380044
chrX	9000001	9500000	0.0238560524823345
chrX	9500001	10000000	-0.0952625369192358
chrX	10000001	10500000	0.00330307058525543
chrX	10500001	11000000	-0.094482648847398
chrX	11000001	11500000	-0.114182887066915
chrX	11500001	12000000	-0.0191565252676174
chrX	12000001	12500000	-0.0409715399199034
chrX	12500001	13000000	0.0788640915780713
chrX	13000001	13500000	-0.0113634073197015
chrX	13500001	14000000	-0.0302804417990984
chrX	14000001	14500000	-0.019600726199064
chrX	14500001	15000000	-0.0221385849217237
chrX	15000001	15500000	-0.0811140125868227
chrX	15500001	16000000	0.0357490971085975
chrX	16000001	16500000	0.0336042713863485
chrX	16500001	17000000	0.0327572435034296
chrX	17000001	17500000	-0.000171356466217923
chrX	17500001	18000000	-0.0149651128979142
chrX	18000001	18500000	0.0346537203371861
chrX	18500001	19000000	-0.00459151998722693
chrX	19000001	19500000	-0.0162859032356114
chrX	19500001	20000000	0.0582311605406983
chrX	20000001	20500000	-0.0744623013794307
chrX	20500001	21000000	-0.0721895797034561
chrX	21000001	21500000	-0.129633977501546
chrX	21500001	22000000	-0.0215426313487557
chrX	22000001	22500000	-0.0463376086885319
chrX	22500001	23000000	-0.0785353681063667
chrX	23000001	23500000	-0.0791823447144395
chrX	23500001	24000000	-0.0517933470212764
chrX	24000001	24500000	0.0188375194086236
chrX	24500001	25000000	-0.0220279490070627
chrX	25000001	25500000	-0.0137369735737325
chrX	25500001	26000000	0.0322883404455399
chrX	26000001	26500000	-0.101892440061622
chrX	26500001	27000000	-0.000730079969517047
chrX	27000001	27500000	-0.111652394004688
chrX	27500001	28000000	-0.100183653554035
chrX	28000001	28500000	0.02996994783872
chrX	28500001	29000000	0.0566855069611002
chrX	29000001	29500000	-0.0408646690236072
chrX	29500001	30000000	-0.0435706043772248
chrX	30000001	30500000	-0.0795860610049179
chrX	30500001	31000000	-0.00687515485656708
chrX	31000001	31500000	-0.0754785176173715
chrX	31500001	32000000	-0.0333610470444685
chrX	32000001	32500000	-0.128538112040663
chrX	32500001	33000000	-0.00876264775585702
chrX	33000001	33500000	0.00329346552074786
chrX	33500001	34000000	0.00883339133324628
chrX	34000001	34500000	-0.108845333276303
chrX	34500001	35000000	-0.0472389416362887
chrX	35000001	35500000	0.0435412518136513
chrX	35500001	36000000	0.0201975470259097
chrX	36000001	36500000	-0.0309309504038486
chrX	36500001	37000000	-0.0860615125380156
chrX	37500001	38000000	0.00485142607406121
chrX	38000001	38500000	0.00384644202958712
chrX	38500001	39000000	-0.00190893525678987
chrX	39000001	39500000	0.0375274413607896
chrX	39500001	40000000	-0.0748837774534291
chrX	40000001	40500000	-0.0593480377332274
chrX	40500001	41000000	0.0978992814407571
chrX	41000001	41500000	0.0311919198304199
chrX	41500001	42000000	-0.0417144914425197
chrX	42000001	42500000	0.0229443226549468
chrX	42500001	43000000	-0.0300963201023695
chrX	43000001	43500000	0.021609519190218
chrX	43500001	44000000	0.00430790622470094
chrX	44000001	44500000	-0.0222408791265568
chrX	44500001	45000000	0.0650370171319165
chrX	45000001	45500000	0.0298726292026828
chrX	45500001	46000000	0.0360223778628222
chrX	46000001	46500000	-0.0187326757792389
chrX	46500001	47000000	-0.104257022192914
chrX	47000001	47500000	0.0447951198158445
chrX	47500001	48000000	-0.054492625699173
chrX	48500001	49000000	0.0210742404083984
chrX	49500001	50000000	NA
chrX	50000001	50500000	NA
chrX	50500001	51000000	-0.0178767639448846
chrX	51000001	51500000	0.0392159543690376
chrX	51500001	52000000	-0.0359361076011653
chrX	52000001	52500000	-0.0982980143881606
chrX	53000001	53500000	-0.00396636142351773
chrX	53500001	54000000	-0.0197923595046937
chrX	54000001	54500000	-0.025807397983679
chrX	54500001	55000000	-0.0153488885940465
chrX	55000001	55500000	-0.041506544925424
chrX	55500001	56000000	-0.0310509670388963
chrX	56000001	56500000	0.0842077210579854
chrX	56500001	57000000	-0.0263385079406583
chrX	57000001	57500000	-0.0928918033101247
chrX	64000001	64500000	0.00448204274226476
chrX	64500001	65000000	-0.0206094605735216
chrX	65000001	65500000	-0.024289982643527
chrX	65500001	66000000	0.147386300894193
chrX	66000001	66500000	0.0102762280986814
chrX	66500001	67000000	0.0496568495249168
chrX	67000001	67500000	0.0285929749345424
chrX	67500001	68000000	-0.0240426848229059
chrX	68000001	68500000	-0.013763645607708
chrX	68500001	69000000	-0.0356004505631268
chrX	69000001	69500000	-0.0220193646276593
chrX	69500001	70000000	-0.0469133592910195
chrX	70000001	70500000	-0.0189143979732288
chrX	70500001	71000000	-0.00834975024699146
chrX	71000001	71500000	-0.112467113983163
chrX	71500001	72000000	-0.278862286150871
chrX	72000001	72500000	-0.119161134359605
chrX	73000001	73500000	-0.0569903644756532
chrX	73500001	74000000	0.0109089975093894
chrX	74000001	74500000	-0.0308378962079406
chrX	74500001	75000000	-0.036326792984133
chrX	75000001	75500000	0.00418319050564335
chrX	75500001	76000000	0.0383072402684294
chrX	76000001	76500000	-0.104824739057503
chrX	76500001	77000000	-0.0192224312998642
chrX	77000001	77500000	0.0331614165200826
chrX	77500001	78000000	-0.0156099610350199
chrX	78000001	78500000	-0.0511401353302246
chrX	78500001	79000000	-0.0533888718421446
chrX	79000001	79500000	0.011021756494995
chrX	79500001	80000000	-0.0833402386693178
chrX	80000001	80500000	-0.0861486140115545
chrX	80500001	81000000	-0.04008237985304
chrX	81000001	81500000	-0.0235677423951512
chrX	81500001	82000000	-0.051422344081
chrX	82000001	82500000	0.0377500533598393
chrX	82500001	83000000	-0.00578761659032469
chrX	83000001	83500000	-0.118797950869799
chrX	83500001	84000000	-0.188982284156634
chrX	84000001	84500000	-0.0827441513731198
chrX	84500001	85000000	-0.0898521635292618
chrX	85000001	85500000	-0.0918010563179167
chrX	85500001	86000000	-0.0417132543800982
chrX	86000001	86500000	-0.0394850238011703
chrX	86500001	87000000	-0.118011306817813
chrX	87000001	87500000	0.00742917503242546
chrX	87500001	88000000	-0.0154921082660678
chrX	88000001	88500000	-0.12351391310789
chrX	88500001	89000000	-0.034575111147115
chrX	91000001	91500000	-0.0451604629661138
chrX	93000001	93500000	-0.0686450066088563
chrX	93500001	94000000	-0.124373646667076
chrX	94000001	94500000	-0.0472805374861097
chrX	94500001	95000000	-0.0724462940242323
chrX	95000001	95500000	-0.147350736396721
chrX	95500001	96000000	-0.0548775898623316
chrX	96000001	96500000	0.00339743472771581
chrX	96500001	97000000	0.005301378616747
chrX	97000001	97500000	-0.115551987115238
chrX	97500001	98000000	-0.106249649889817
chrX	98000001	98500000	-0.0104850734486283
chrX	98500001	99000000	-0.0455066664010158
chrX	99000001	99500000	-0.0294372040934077
chrX	99500001	100000000	-0.100481724340641
chrX	100000001	100500000	-0.0701257075489671
chrX	100500001	101000000	-0.0656940509253722
chrX	101000001	101500000	-0.125781493801504
chrX	101500001	102000000	-0.0850512668014419
chrX	102500001	103000000	0.00923806264926526
chrX	103000001	103500000	-0.0368085794099217
chrX	103500001	104000000	-0.165987382192073
chrX	104000001	104500000	0.00458792835953789
chrX	104500001	105000000	0.00692118523167902
chrX	105000001	105500000	-0.0960564429801173
chrX	105500001	106000000	-0.035998890327361
chrX	106000001	106500000	-0.107392423544707
chrX	106500001	107000000	-0.0577642872040971
chrX	107000001	107500000	-0.10361239203023
chrX	107500001	108000000	-0.0343833487884228
chrX	108000001	108500000	-0.066124780421475
chrX	108500001	109000000	-0.0642223873498143
chrX	109000001	109500000	0.0225893588368532
chrX	109500001	110000000	0.038302947886546
chrX	110000001	110500000	0.0117048482333402
chrX	110500001	111000000	0.0153680719662548
chrX	111000001	111500000	-0.032430342534943
chrX	111500001	112000000	-0.0219443673315298
chrX	112000001	112500000	-0.0462458279289619
chrX	112500001	113000000	-0.00512288140206458
chrX	113000001	113500000	0.0210311511078363
chrX	113500001	114000000	-0.0832992402959865
chrX	114000001	114500000	NA
chrX	114500001	115000000	-0.0115970100463047
chrX	115000001	115500000	0.00645528104271443
chrX	116000001	116500000	-0.0970883717720547
chrX	116500001	117000000	NA
chrX	117000001	117500000	-0.0181079195759022
chrX	117500001	118000000	0.0202457452173264
chrX	118000001	118500000	-0.0308534086725689
chrX	118500001	119000000	0.0170683759396218
chrX	119000001	119500000	0.0377640076542754
chrX	119500001	120000000	-0.0125015849820184
chrX	120000001	120500000	-0.287462050690494
chrX	121000001	121500000	-0.0227819172736534
chrX	121500001	122000000	-0.0779092625903726
chrX	122000001	122500000	-0.0968948193945406
chrX	122500001	123000000	0.0166426139821825
chrX	123000001	123500000	-0.00329450754211983
chrX	123500001	124000000	0.0126848695817608
chrX	124000001	124500000	-0.11138607642537
chrX	124500001	125000000	-0.0687198444350277
chrX	125000001	125500000	-0.0150923764919903
chrX	125500001	126000000	0.0142204824312059
chrX	126000001	126500000	-0.115638104446506
chrX	126500001	127000000	-0.0374865559097413
chrX	127000001	127500000	-0.0477808172312718
chrX	127500001	128000000	-0.0219360750439769
chrX	128000001	128500000	-0.0437456317653081
chrX	128500001	129000000	-0.0249926016245374
chrX	129000001	129500000	-0.0367714245440856
chrX	129500001	130000000	0.0676299676373092
chrX	130000001	130500000	-0.0218682943049595
chrX	130500001	131000000	0.248119544716964
chrX	131000001	131500000	0.272129988185667
chrX	131500001	132000000	-0.0159307442895197
chrX	132000001	132500000	-0.0288947274468645
chrX	132500001	133000000	-0.0854426795501373
chrX	133000001	133500000	-0.113935917872353
chrX	133500001	134000000	-0.0531129783467772
chrX	134000001	134500000	-0.121790562539279
chrX	134500001	135000000	-0.00143203993717694
chrX	135000001	135500000	-0.154407635455965
chrX	136000001	136500000	-0.0983247659495961
chrX	136500001	137000000	-0.0416037061031316
chrX	137000001	137500000	-0.108739826867006
chrX	137500001	138000000	-0.0928625841402872
chrX	138000001	138500000	-0.0390362641145833
chrX	138500001	139000000	-0.0567830580689487
chrX	139000001	139500000	-0.114533349831612
chrX	139500001	140000000	-0.108723231632981
chrX	140000001	140500000	-0.0972968926682938
chrX	140500001	141000000	-0.0454392263601788
chrX	141000001	141500000	-0.220047693317038
chrX	141500001	142000000	-0.256809505625495
chrX	142000001	142500000	-0.0744642364270773
chrX	142500001	143000000	-0.0913261840655076
chrX	143000001	143500000	-0.0675629944123225
chrX	143500001	144000000	-0.0625160728554094
chrX	144500001	145000000	-0.0127423958596164
chrX	145000001	145500000	-0.00631187388891838
chrX	145500001	146000000	0.0495180481441584
chrX	146000001	146500000	-0.0754214839365133
chrX	146500001	147000000	-0.0283768278273276
chrX	147000001	147500000	0.0365925087236487
chrX	147500001	148000000	-0.0953045910438954
chrX	148000001	148500000	-0.11585387228303
chrX	148500001	149000000	-0.00287708598097369
chrX	149000001	149500000	-0.061977928807528
chrX	149500001	150000000	-0.328756635523561
chrX	150000001	150500000	0.0198144587875942
chrX	150500001	151000000	-0.0838550980354572
chrX	151000001	151500000	-0.0172416492592006
chrX	151500001	152000000	0.0203453843477734
chrX	152000001	152500000	-0.0565855102425412
chrX	152500001	153000000	-0.214307891352907
chrX	153000001	153500000	-0.293027688096869
chrX	153500001	154000000	0.027786178633133
chrX	154500001	155000000	-0.221000999738175
chrX	155000001	155500000	-0.291750547630478
