chr	start	end	log2_TNratio_corrected
chr1	1000001	1500000	NA
chr1	1500001	2000000	-0.135418212000878
chr1	2000001	2500000	-0.145309787609649
chr1	2500001	3000000	NA
chr1	3000001	3500000	-0.19845583552488
chr1	3500001	4000000	-0.105911822404258
chr1	4000001	4500000	-0.0863235356062932
chr1	4500001	5000000	-0.148363003929428
chr1	5000001	5500000	-0.130360148094643
chr1	5500001	6000000	-0.136004279340543
chr1	6000001	6500000	-0.077016977185723
chr1	6500001	7000000	-0.139378657200797
chr1	7000001	7500000	-0.149030041753805
chr1	7500001	8000000	-0.0189956861890691
chr1	8000001	8500000	-0.0781328474615214
chr1	8500001	9000000	0.00458125445991122
chr1	9000001	9500000	-0.0673935367590973
chr1	9500001	10000000	0.0120535255713195
chr1	10000001	10500000	-0.120056583847036
chr1	10500001	11000000	-0.0935461107320214
chr1	11000001	11500000	-0.0479222504398592
chr1	11500001	12000000	-0.0649750706728002
chr1	12000001	12500000	0.0189585762232396
chr1	13500001	14000000	-0.114180498436355
chr1	14000001	14500000	-0.124644724046518
chr1	14500001	15000000	-0.168469369337933
chr1	15000001	15500000	0.00475687594911632
chr1	15500001	16000000	-0.0375920296266246
chr1	16000001	16500000	0.00882585230979949
chr1	17000001	17500000	-0.00966289676742528
chr1	17500001	18000000	-0.216256929285682
chr1	18000001	18500000	-0.0892494054870123
chr1	18500001	19000000	-0.0279915067542167
chr1	19000001	19500000	-0.0395855851830495
chr1	19500001	20000000	-0.0770598029695301
chr1	20000001	20500000	-0.0941570633666421
chr1	20500001	21000000	-0.0579408006792425
chr1	21000001	21500000	0.0107185930144072
chr1	21500001	22000000	-0.0160964147510661
chr1	22000001	22500000	-0.0519939513525281
chr1	22500001	23000000	-0.133102856293489
chr1	23000001	23500000	-0.121676151372477
chr1	23500001	24000000	-0.0032946547979217
chr1	24000001	24500000	-0.0646272041080874
chr1	24500001	25000000	-0.0734301155767913
chr1	25000001	25500000	-0.00581120253907907
chr1	25500001	26000000	0.0269332630100868
chr1	26000001	26500000	0.0170117069323186
chr1	26500001	27000000	0.0935070642345189
chr1	27000001	27500000	0.0278175654251463
chr1	27500001	28000000	0.0901787923074888
chr1	28000001	28500000	-0.0314337221862537
chr1	28500001	29000000	-0.113338033648859
chr1	29000001	29500000	-0.141453918693815
chr1	29500001	30000000	NA
chr1	30000001	30500000	-0.0368104706905103
chr1	30500001	31000000	-0.0425113529608412
chr1	31000001	31500000	-0.127487427029596
chr1	31500001	32000000	0.0028189507792975
chr1	32000001	32500000	-0.00315682575342351
chr1	32500001	33000000	-0.0348519959464378
chr1	33000001	33500000	-0.0121829215690231
chr1	33500001	34000000	-0.16130936406388
chr1	34000001	34500000	-0.0986950685424091
chr1	34500001	35000000	-0.101774298720463
chr1	35000001	35500000	-0.00892174267543113
chr1	35500001	36000000	-0.040337499590692
chr1	36000001	36500000	0.00371091170736682
chr1	36500001	37000000	-0.089658483029966
chr1	37000001	37500000	-0.100365444491604
chr1	37500001	38000000	-0.0770540087431463
chr1	38000001	38500000	-0.0677687180573688
chr1	38500001	39000000	-0.0773718357889769
chr1	39000001	39500000	-0.0656120518908045
chr1	39500001	40000000	-0.0135319724019072
chr1	40000001	40500000	0.0858524992429674
chr1	40500001	41000000	0.0396459447158114
chr1	41000001	41500000	-0.0145645989948218
chr1	41500001	42000000	0.0797478032301199
chr1	42000001	42500000	-0.0191560099292542
chr1	42500001	43000000	-0.0378232010567826
chr1	43000001	43500000	-0.0604356615885926
chr1	43500001	44000000	-0.0915481607328853
chr1	44000001	44500000	-0.0520969953260607
chr1	44500001	45000000	0.0305793472786238
chr1	45000001	45500000	-0.0222192427222209
chr1	45500001	46000000	-0.0879422956146017
chr1	46000001	46500000	0.00158141921179905
chr1	46500001	47000000	-0.000159540008321692
chr1	47000001	47500000	-0.0959499629684895
chr1	47500001	48000000	-0.143260255733848
chr1	48000001	48500000	-0.00128740164610237
chr1	48500001	49000000	-0.0557321681317437
chr1	49000001	49500000	-0.118182322471992
chr1	49500001	50000000	-0.0901472211601883
chr1	50000001	50500000	-0.0465329275662251
chr1	50500001	51000000	-0.087605606275496
chr1	51000001	51500000	0.00727670185307213
chr1	51500001	52000000	0.0135945359381927
chr1	52000001	52500000	-0.0669733321726966
chr1	52500001	53000000	-0.0716169106842571
chr1	53000001	53500000	-0.0427048772784545
chr1	53500001	54000000	-0.136171398071645
chr1	54000001	54500000	-0.0501950104560937
chr1	54500001	55000000	-0.043433715922415
chr1	55000001	55500000	0.0156629682136224
chr1	55500001	56000000	-0.0703934984370681
chr1	56000001	56500000	-0.0350910053645279
chr1	56500001	57000000	-0.0591344776702303
chr1	57000001	57500000	-0.0800671714230353
chr1	57500001	58000000	-0.0488065044182013
chr1	58000001	58500000	-0.0362335268596229
chr1	58500001	59000000	0.112830470021936
chr1	59000001	59500000	-0.0229313260475789
chr1	59500001	60000000	-0.0794110820187169
chr1	60000001	60500000	-0.025583114301195
chr1	60500001	61000000	-0.0567138486098846
chr1	61000001	61500000	-0.0998754335465604
chr1	61500001	62000000	-0.0643900625250915
chr1	62000001	62500000	-0.155624653663611
chr1	62500001	63000000	-0.143975227821311
chr1	63000001	63500000	-0.0312982288162477
chr1	63500001	64000000	-0.0874007488507092
chr1	64000001	64500000	-0.0216029483355461
chr1	64500001	65000000	-0.00920200917302642
chr1	65000001	65500000	-0.0221270832404681
chr1	65500001	66000000	0.00234214082984904
chr1	66000001	66500000	-0.0113452624920983
chr1	66500001	67000000	-0.0241350448291151
chr1	67000001	67500000	-0.0774401664930902
chr1	67500001	68000000	-0.0465064882870524
chr1	68000001	68500000	-0.0598388953202575
chr1	68500001	69000000	-0.0267675642443546
chr1	69000001	69500000	-0.0738801325563389
chr1	69500001	70000000	-0.0669474877216272
chr1	70000001	70500000	-0.134848921708658
chr1	70500001	71000000	-0.0795135663808383
chr1	71000001	71500000	-0.122498230334685
chr1	71500001	72000000	0.0418472063427268
chr1	72000001	72500000	-0.12740561486831
chr1	72500001	73000000	-0.142198910758525
chr1	73000001	73500000	-0.0445783062463325
chr1	73500001	74000000	-0.00113907416381834
chr1	74000001	74500000	-0.0987597687400215
chr1	74500001	75000000	0.0459966294542241
chr1	75000001	75500000	-0.122894693564654
chr1	75500001	76000000	-0.109058945167147
chr1	76000001	76500000	-0.0157815885911396
chr1	76500001	77000000	-0.0970783926316268
chr1	77000001	77500000	-0.0544681977681226
chr1	77500001	78000000	-0.143465260830831
chr1	78000001	78500000	-0.0548116768545992
chr1	78500001	79000000	-0.0897611498638683
chr1	79000001	79500000	-0.0201772393419694
chr1	79500001	80000000	-0.00434215541095133
chr1	80000001	80500000	-0.0313786946436637
chr1	80500001	81000000	0.0984332060894872
chr1	81000001	81500000	-0.0950146328855339
chr1	81500001	82000000	-0.0480026510212813
chr1	82000001	82500000	-0.128156680891261
chr1	82500001	83000000	-0.108298424202943
chr1	83500001	84000000	-0.0550217802979563
chr1	84000001	84500000	-0.0676220942734555
chr1	84500001	85000000	-0.121755499806754
chr1	85000001	85500000	-0.0572347997872585
chr1	85500001	86000000	0.0049910836980966
chr1	86000001	86500000	-0.187557511370772
chr1	86500001	87000000	0.0127669521688074
chr1	87000001	87500000	-0.00755626727050682
chr1	87500001	88000000	-0.0659722904261336
chr1	88000001	88500000	-0.0812768599347576
chr1	88500001	89000000	-0.0232694547529977
chr1	89000001	89500000	-0.0345787173026253
chr1	89500001	90000000	-0.0201143885154771
chr1	90000001	90500000	-0.073796808798011
chr1	90500001	91000000	-0.154199733842914
chr1	91000001	91500000	-0.00279555124065991
chr1	91500001	92000000	-0.0861295055980965
chr1	92000001	92500000	-0.00248783458553917
chr1	92500001	93000000	-0.0320618008665661
chr1	93000001	93500000	-0.00232216922223466
chr1	93500001	94000000	0.000735817457631887
chr1	94000001	94500000	-0.0396245858233034
chr1	94500001	95000000	0.0618491741366711
chr1	95000001	95500000	-0.0321364768548537
chr1	95500001	96000000	-0.0460446651692159
chr1	96000001	96500000	-0.11114917347059
chr1	96500001	97000000	-0.0579666752828056
chr1	97000001	97500000	-0.0239923024158967
chr1	97500001	98000000	-0.0640447150171253
chr1	98000001	98500000	-0.0802443046307163
chr1	98500001	99000000	-0.0340826809740194
chr1	99000001	99500000	-0.0603247168290905
chr1	99500001	100000000	-0.117943277713684
chr1	100000001	100500000	-0.0634956908611976
chr1	100500001	101000000	-0.0271769238774388
chr1	101000001	101500000	-0.0337675626463042
chr1	101500001	102000000	-0.127871429454437
chr1	102000001	102500000	-0.0642099598557748
chr1	102500001	103000000	-0.134679793974305
chr1	103000001	103500000	-0.0447515213143832
chr1	103500001	104000000	-0.530389595253817
chr1	104000001	104500000	-0.0282363462703249
chr1	104500001	105000000	-0.0396929921310197
chr1	105000001	105500000	-0.124143068050972
chr1	105500001	106000000	-0.193548235528198
chr1	106000001	106500000	-0.0271500572860881
chr1	106500001	107000000	0.00306303326546094
chr1	107000001	107500000	-0.171816646676137
chr1	107500001	108000000	-0.0512087703749756
chr1	108500001	109000000	0.0291212449469523
chr1	109000001	109500000	-0.0331316297017982
chr1	109500001	110000000	0.0280829981877157
chr1	110000001	110500000	0.0321134765799565
chr1	110500001	111000000	-0.0370880923757158
chr1	111000001	111500000	-0.0886509504828281
chr1	111500001	112000000	-0.0675886821501632
chr1	112000001	112500000	-0.010106640774327
chr1	112500001	113000000	-0.121182959820929
chr1	113000001	113500000	-0.0679074554982312
chr1	113500001	114000000	-0.0685145387698352
chr1	114000001	114500000	-0.0703907607110613
chr1	114500001	115000000	-0.120144725413347
chr1	115000001	115500000	-0.120544396675802
chr1	115500001	116000000	-0.0913038971122875
chr1	116000001	116500000	-0.0691613558811608
chr1	116500001	117000000	0.0123855092726989
chr1	117000001	117500000	-0.0423475815550159
chr1	117500001	118000000	-0.0316277341328932
chr1	118000001	118500000	-0.111300045620784
chr1	118500001	119000000	0.00988924689374372
chr1	119000001	119500000	-0.0613552575197236
chr1	119500001	120000000	0.00998598001259764
chr1	145500001	146000000	0.219374723621372
chr1	147000001	147500000	0.315331435245469
chr1	147500001	148000000	0.33918949367217
chr1	150000001	150500000	0.313682389885975
chr1	150500001	151000000	0.274733301468636
chr1	151000001	151500000	0.243197674754506
chr1	151500001	152000000	0.241482782650053
chr1	152000001	152500000	0.367986550563482
chr1	152500001	153000000	0.231426417492183
chr1	153000001	153500000	0.303609114994843
chr1	153500001	154000000	0.279289508077206
chr1	154000001	154500000	0.350258781973656
chr1	154500001	155000000	0.317460501765187
chr1	155000001	155500000	0.251942255375986
chr1	155500001	156000000	0.247443817848012
chr1	156000001	156500000	0.250525005725106
chr1	156500001	157000000	0.248559355417405
chr1	157000001	157500000	0.203770353314074
chr1	157500001	158000000	0.197331632438917
chr1	158000001	158500000	0.267284841151181
chr1	158500001	159000000	0.155699321384718
chr1	159000001	159500000	0.20299820487523
chr1	159500001	160000000	0.301273187384827
chr1	160000001	160500000	0.162613793092685
chr1	160500001	161000000	0.105830433928714
chr1	161000001	161500000	0.107003907803276
chr1	161500001	162000000	-0.0246475923808325
chr1	162000001	162500000	0.0654046497251114
chr1	162500001	163000000	-0.0525006424576239
chr1	163000001	163500000	0.0326819593878845
chr1	163500001	164000000	0.177538414423997
chr1	164000001	164500000	0.151997823657868
chr1	164500001	165000000	0.180648942810243
chr1	165000001	165500000	0.276796539720417
chr1	165500001	166000000	0.125049011446791
chr1	166000001	166500000	0.170080879133785
chr1	166500001	167000000	0.0519447110201614
chr1	167000001	167500000	0.199327898695955
chr1	167500001	168000000	0.187156147564697
chr1	168000001	168500000	0.0579438687726767
chr1	168500001	169000000	-0.0340224909198971
chr1	169000001	169500000	0.0264936987373418
chr1	169500001	170000000	-0.061228043662904
chr1	170000001	170500000	-0.0122707563099136
chr1	170500001	171000000	-0.107814861447159
chr1	171000001	171500000	-0.0280356331951018
chr1	171500001	172000000	0.0196371567959158
chr1	172000001	172500000	0.018707138794485
chr1	172500001	173000000	0.0520842897782092
chr1	173000001	173500000	0.0397662431566579
chr1	173500001	174000000	0.0187443838793189
chr1	174000001	174500000	-0.00835869711248703
chr1	174500001	175000000	0.148410101780379
chr1	175000001	175500000	0.0104474318417062
chr1	175500001	176000000	-0.0841016293443005
chr1	176000001	176500000	0.0694890239037316
chr1	176500001	177000000	-0.0242260614092443
chr1	177000001	177500000	-0.00434984693577213
chr1	177500001	178000000	-0.0384992113340565
chr1	178000001	178500000	-0.0184183346177501
chr1	178500001	179000000	0.020110334392995
chr1	179000001	179500000	-0.0118837103962516
chr1	179500001	180000000	-0.0227917049998458
chr1	180000001	180500000	0.0406387377803196
chr1	180500001	181000000	0.0283167941607644
chr1	181000001	181500000	0.0817513906366227
chr1	181500001	182000000	0.0337229926664212
chr1	182000001	182500000	-0.0101956316028854
chr1	182500001	183000000	0.118575922754522
chr1	183000001	183500000	0.144181976956499
chr1	183500001	184000000	0.2818284223055
chr1	184000001	184500000	0.104842392842864
chr1	184500001	185000000	0.207693149826119
chr1	185000001	185500000	0.0479687926518877
chr1	185500001	186000000	0.0805890900749863
chr1	186000001	186500000	0.0946913293739386
chr1	186500001	187000000	0.0995604350397761
chr1	187000001	187500000	0.0916999009107335
chr1	187500001	188000000	0.130537626820551
chr1	188000001	188500000	0.119407302623711
chr1	188500001	189000000	0.111350577616011
chr1	189000001	189500000	0.100818520266006
chr1	189500001	190000000	-0.0506864567589089
chr1	190000001	190500000	NA
chr1	190500001	191000000	0.125045144344162
chr1	191000001	191500000	0.105490851136632
chr1	191500001	192000000	0.0697441647438187
chr1	192000001	192500000	-0.0229022689434756
chr1	192500001	193000000	0.157265338995282
chr1	193000001	193500000	0.0504077588078298
chr1	193500001	194000000	0.0784029895818657
chr1	194000001	194500000	0.042807146255062
chr1	194500001	195000000	0.00416626225934916
chr1	195000001	195500000	-0.00237493480675384
chr1	195500001	196000000	0.0653691859811133
chr1	196000001	196500000	0.0199744776891469
chr1	196500001	197000000	-0.00908942793516527
chr1	197000001	197500000	0.0758652404425173
chr1	197500001	198000000	0.0437925914310116
chr1	198000001	198500000	0.121504285009284
chr1	198500001	199000000	0.179081854491033
chr1	199000001	199500000	0.190783521015149
chr1	199500001	200000000	0.200908722292595
chr1	200000001	200500000	0.212767386759038
chr1	200500001	201000000	0.176796551412403
chr1	201000001	201500000	0.139011917699938
chr1	201500001	202000000	0.245387918587103
chr1	202000001	202500000	0.227324507771008
chr1	202500001	203000000	0.239135162466798
chr1	203000001	203500000	0.318201084611396
chr1	203500001	204000000	0.192887027617402
chr1	204000001	204500000	0.156883165618579
chr1	204500001	205000000	0.133898254545877
chr1	205000001	205500000	0.0350175399088422
chr1	205500001	206000000	0.0923927999673676
chr1	206500001	207000000	0.0823482747136646
chr1	207000001	207500000	0.152200571397345
chr1	207500001	208000000	-0.0582885882092972
chr1	208000001	208500000	-0.114478660978747
chr1	208500001	209000000	-0.222769125131061
chr1	209000001	209500000	-0.141739038217814
chr1	209500001	210000000	0.0852866578608305
chr1	210000001	210500000	-0.139621876940803
chr1	210500001	211000000	-0.210977496714115
chr1	211000001	211500000	-0.0116825144573872
chr1	211500001	212000000	0.0815936263437142
chr1	212000001	212500000	0.170080322157726
chr1	212500001	213000000	0.104222782219241
chr1	213000001	213500000	-0.0488427563785857
chr1	213500001	214000000	0.0153348076046046
chr1	214000001	214500000	-0.0938653745295922
chr1	214500001	215000000	-0.145468821852569
chr1	215000001	215500000	0.0389213683746303
chr1	215500001	216000000	0.0563989790019985
chr1	216000001	216500000	0.00427338059787417
chr1	216500001	217000000	-0.153004537713998
chr1	217000001	217500000	-0.145373454436997
chr1	217500001	218000000	-0.11891593999338
chr1	218000001	218500000	-0.19356399067421
chr1	218500001	219000000	-0.149151571173407
chr1	219000001	219500000	-0.121239202814998
chr1	219500001	220000000	-0.137084156157021
chr1	220000001	220500000	-0.165383579066735
chr1	220500001	221000000	-0.0422678526753578
chr1	221000001	221500000	0.0284543751422771
chr1	221500001	222000000	0.0029819541189052
chr1	222000001	222500000	-0.0187924304371695
chr1	222500001	223000000	-0.0392658395877934
chr1	223000001	223500000	-0.150765739529925
chr1	224000001	224500000	-0.112028672965937
chr1	224500001	225000000	-0.0996959077714684
chr1	225000001	225500000	0.097829271446008
chr1	225500001	226000000	-0.0177587438030828
chr1	226000001	226500000	0.0936148171454616
chr1	226500001	227000000	-0.0650982640964028
chr1	227000001	227500000	-0.0996593201998787
chr1	227500001	228000000	-0.0831950671437138
chr1	228000001	228500000	-0.0646351072995203
chr1	228500001	229000000	NA
chr1	229000001	229500000	0.0426917020028028
chr1	229500001	230000000	-0.0553999194480579
chr1	230000001	230500000	-0.0826474063299198
chr1	230500001	231000000	-0.12782869579743
chr1	231000001	231500000	-0.00305291053444511
chr1	231500001	232000000	0.142449512549746
chr1	232000001	232500000	-0.0861956000370539
chr1	232500001	233000000	-0.0691411174620373
chr1	233000001	233500000	-0.118974841927858
chr1	233500001	234000000	-0.104058684129513
chr1	234000001	234500000	-0.135827403404124
chr1	234500001	235000000	0.0673648053668724
chr1	235000001	235500000	-0.00844414664796456
chr1	235500001	236000000	0.0640156404456406
chr1	236000001	236500000	-0.151086651048183
chr1	236500001	237000000	-0.173464355230773
chr1	237000001	237500000	-0.13633986436425
chr1	237500001	238000000	-0.0848690550108809
chr1	238000001	238500000	-0.0245559845618677
chr1	238500001	239000000	0.0173029607591841
chr1	239000001	239500000	-0.0422980178361014
chr1	239500001	240000000	0.159401679732965
chr1	240000001	240500000	0.000761434809816202
chr1	240500001	241000000	-0.20463811273404
chr1	241000001	241500000	-0.0880376419787535
chr1	241500001	242000000	-0.181931010078355
chr1	242000001	242500000	-0.052416403134646
chr1	242500001	243000000	-0.0414009216906596
chr1	243500001	244000000	-0.0781800423443009
chr1	244000001	244500000	0.0943114759053871
chr1	244500001	245000000	0.025278360419587
chr1	245000001	245500000	0.0191741175486859
chr1	245500001	246000000	-0.0430889464766592
chr1	246000001	246500000	-0.0899191400926621
chr1	246500001	247000000	-0.0451274197643926
chr1	247000001	247500000	0.0183643998222333
chr1	247500001	248000000	-0.170715281394632
chr1	248000001	248500000	-0.0932395362240111
chr1	248500001	249000000	NA
chr2	1	500000	NA
chr2	500001	1000000	-0.169897117514774
chr2	1000001	1500000	-0.129226556347445
chr2	1500001	2000000	-0.0640539744298388
chr2	2000001	2500000	-0.0832023798616514
chr2	2500001	3000000	-0.146763516393936
chr2	3000001	3500000	-0.0319465187455603
chr2	3500001	4000000	-0.113269526917017
chr2	4000001	4500000	-0.00712893369199931
chr2	4500001	5000000	-0.145843363806388
chr2	5000001	5500000	-0.0860794604753131
chr2	5500001	6000000	-0.130017157193582
chr2	6000001	6500000	-0.0614919928626313
chr2	6500001	7000000	0.0111991071283788
chr2	7000001	7500000	-0.0116384401486033
chr2	7500001	8000000	-0.0657010907600094
chr2	8000001	8500000	-0.0171910322707854
chr2	8500001	9000000	0.066533675968587
chr2	9000001	9500000	-0.104221260490377
chr2	9500001	10000000	-0.0321125934999821
chr2	10000001	10500000	0.0280830983047347
chr2	10500001	11000000	-0.104302672218033
chr2	11000001	11500000	-0.0545663382986423
chr2	11500001	12000000	-0.00242831511247876
chr2	12000001	12500000	0.0331322759335833
chr2	12500001	13000000	-0.0286372165466387
chr2	13000001	13500000	-0.0325751382016133
chr2	13500001	14000000	-0.0717034526289588
chr2	14000001	14500000	-0.0229184276750861
chr2	14500001	15000000	-0.120303130689635
chr2	15000001	15500000	-0.00298842585622813
chr2	15500001	16000000	-0.0770915109349498
chr2	16000001	16500000	NA
chr2	16500001	17000000	-0.0276982892927152
chr2	17000001	17500000	-0.0989262256489283
chr2	17500001	18000000	-0.0289188918015359
chr2	18000001	18500000	-0.0842069873682351
chr2	18500001	19000000	-0.0650872634244236
chr2	19000001	19500000	0.0263467289023816
chr2	19500001	20000000	-0.0477310989572063
chr2	20000001	20500000	-0.0245621645798759
chr2	20500001	21000000	NA
chr2	21000001	21500000	0.0664718418309428
chr2	21500001	22000000	0.0102364908412691
chr2	22000001	22500000	0.0368247617187238
chr2	22500001	23000000	0.088226119759353
chr2	23000001	23500000	-0.0388080243510193
chr2	23500001	24000000	0.0435691654842355
chr2	24000001	24500000	0.0751235716992993
chr2	24500001	25000000	0.0832678340404784
chr2	25000001	25500000	0.0801774024754796
chr2	25500001	26000000	0.0237989938453853
chr2	26000001	26500000	0.0656360719399296
chr2	26500001	27000000	-0.0177060717193584
chr2	27000001	27500000	0.0769898156705638
chr2	27500001	28000000	0.250862694994148
chr2	28000001	28500000	0.177252874011823
chr2	28500001	29000000	0.154293237108821
chr2	29000001	29500000	0.0440010424540608
chr2	29500001	30000000	0.103747927047127
chr2	30000001	30500000	0.0396773622216757
chr2	30500001	31000000	0.0192167391018043
chr2	31000001	31500000	NA
chr2	31500001	32000000	NA
chr2	32000001	32500000	0.0154315219604615
chr2	32500001	33000000	NA
chr2	33000001	33500000	-0.0348779582753151
chr2	33500001	34000000	0.0385672587540501
chr2	34000001	34500000	0.144352911064603
chr2	34500001	35000000	0.223027178047133
chr2	35000001	35500000	0.170163628057471
chr2	35500001	36000000	0.185007699249759
chr2	36000001	36500000	0.209302330765315
chr2	36500001	37000000	0.0712487166311861
chr2	37000001	37500000	0.209111621017395
chr2	37500001	38000000	0.325329895361204
chr2	38000001	38500000	0.137860968594482
chr2	38500001	39000000	0.126091279443843
chr2	39000001	39500000	0.148113761540242
chr2	39500001	40000000	0.208754786704457
chr2	40000001	40500000	0.228586870441058
chr2	40500001	41000000	0.230250047624161
chr2	41000001	41500000	0.101856207230631
chr2	41500001	42000000	0.134842267419616
chr2	42000001	42500000	0.210497724887321
chr2	42500001	43000000	0.283944993125068
chr2	43000001	43500000	0.307689946670525
chr2	43500001	44000000	0.141246874502872
chr2	44000001	44500000	0.240004224710479
chr2	44500001	45000000	0.164727911735482
chr2	45000001	45500000	0.214907974844032
chr2	45500001	46000000	0.232976322560374
chr2	46000001	46500000	0.235412207078095
chr2	46500001	47000000	0.296450795071443
chr2	47000001	47500000	0.135903714016761
chr2	47500001	48000000	0.162198119999762
chr2	48000001	48500000	0.224164284218337
chr2	48500001	49000000	0.0999710627608792
chr2	49000001	49500000	0.0609190856711047
chr2	49500001	50000000	0.109147919084393
chr2	50000001	50500000	0.123264407212751
chr2	50500001	51000000	0.154149272753599
chr2	51000001	51500000	0.0868084984201713
chr2	51500001	52000000	0.0701378709333021
chr2	52000001	52500000	0.129148007960046
chr2	52500001	53000000	0.14321240617827
chr2	53000001	53500000	0.123040184342265
chr2	53500001	54000000	0.112796008523307
chr2	54000001	54500000	0.0617740225510713
chr2	54500001	55000000	0.14717884843534
chr2	55000001	55500000	0.227403405411931
chr2	55500001	56000000	0.0485438358122365
chr2	56000001	56500000	-0.0129299984291093
chr2	56500001	57000000	0.109368536216817
chr2	57000001	57500000	0.0858417495469294
chr2	57500001	58000000	0.0631016406011552
chr2	58000001	58500000	0.012092618449056
chr2	58500001	59000000	0.0852838838204654
chr2	59000001	59500000	0.144160189939092
chr2	59500001	60000000	0.106844978884375
chr2	60000001	60500000	0.214845020502295
chr2	60500001	61000000	0.117572255362257
chr2	61000001	61500000	0.0667314487017132
chr2	61500001	62000000	-0.0659487840656493
chr2	62000001	62500000	0.025717042495108
chr2	62500001	63000000	0.0764409185655641
chr2	63000001	63500000	0.0633457065187197
chr2	63500001	64000000	0.0103159492798242
chr2	64000001	64500000	0.0961250327212914
chr2	64500001	65000000	0.0774821805097562
chr2	65000001	65500000	-0.0141469029191462
chr2	65500001	66000000	-0.0399948293362025
chr2	66000001	66500000	-0.0377840404427546
chr2	66500001	67000000	-0.0338090049129035
chr2	67000001	67500000	-0.00272268854785968
chr2	67500001	68000000	-0.051282274727205
chr2	68000001	68500000	0.0283338898730418
chr2	68500001	69000000	0.0652870472537326
chr2	69000001	69500000	-0.0373206072051532
chr2	69500001	70000000	0.093949514499615
chr2	70000001	70500000	0.0915301554940101
chr2	70500001	71000000	-0.0551255178468884
chr2	71000001	71500000	0.0317585390174771
chr2	71500001	72000000	0.051836493976223
chr2	72000001	72500000	0.0554350514346172
chr2	72500001	73000000	-0.039207490273901
chr2	73000001	73500000	0.0810794948887457
chr2	73500001	74000000	0.00101860564184054
chr2	74000001	74500000	0.0351713060150937
chr2	74500001	75000000	0.186277603352658
chr2	75000001	75500000	-0.00681065055758556
chr2	75500001	76000000	-0.189757614611579
chr2	76000001	76500000	-0.0211179455613944
chr2	76500001	77000000	-0.0169130002658661
chr2	77000001	77500000	-0.0744052548749444
chr2	77500001	78000000	-0.0149856093556384
chr2	78000001	78500000	0.0105248063513847
chr2	78500001	79000000	0.10229540323801
chr2	79000001	79500000	-0.000557549501849705
chr2	79500001	80000000	-0.107431916135205
chr2	80000001	80500000	-0.0414477725235916
chr2	80500001	81000000	-0.0130362602689274
chr2	81000001	81500000	0.0420044569887752
chr2	81500001	82000000	-0.077697993334821
chr2	82000001	82500000	-0.0464804997409626
chr2	82500001	83000000	0.0129254487722143
chr2	83000001	83500000	-0.0585742693101522
chr2	83500001	84000000	0.0351194551946719
chr2	84000001	84500000	0.0282515092863561
chr2	84500001	85000000	0.0501978694820459
chr2	85000001	85500000	-0.0475677019710428
chr2	85500001	86000000	0.127245619171842
chr2	86000001	86500000	0.0207343680204644
chr2	88000001	88500000	0.0213943032145815
chr2	88500001	89000000	0.0318417530206594
chr2	96500001	97000000	0.340262458660432
chr2	97500001	98000000	0.260431507060307
chr2	98000001	98500000	0.288082247767056
chr2	98500001	99000000	0.13778484169414
chr2	99000001	99500000	0.0426310107698534
chr2	99500001	100000000	0.0734937550215801
chr2	100000001	100500000	0.0574284068519959
chr2	100500001	101000000	-0.0446455306090301
chr2	101000001	101500000	0.166817488410849
chr2	101500001	102000000	0.167627389487804
chr2	102000001	102500000	0.135693665654367
chr2	102500001	103000000	0.0304600925907137
chr2	103000001	103500000	-0.0220862299651434
chr2	103500001	104000000	0.114588849910926
chr2	104000001	104500000	-0.0133213463696958
chr2	104500001	105000000	-0.0151598726092809
chr2	105000001	105500000	0.0395879823316807
chr2	105500001	106000000	0.02491645167483
chr2	106000001	106500000	-0.00651708936942029
chr2	106500001	107000000	0.0877368512316901
chr2	107000001	107500000	0.133130410983653
chr2	107500001	108000000	0.0833845599182708
chr2	108000001	108500000	0.0253690663646766
chr2	108500001	109000000	0.0562802225509673
chr2	109000001	109500000	NA
chr2	110500001	111000000	-0.0627982509051115
chr2	111000001	111500000	-0.153138290179005
chr2	112000001	112500000	0.0127818706735498
chr2	112500001	113000000	0.15200797436718
chr2	113000001	113500000	0.184979709324434
chr2	113500001	114000000	0.127141898929054
chr2	114000001	114500000	0.0026311916489198
chr2	114500001	115000000	-0.0752314888311233
chr2	115000001	115500000	0.00320522967913946
chr2	115500001	116000000	0.0204563699810896
chr2	116000001	116500000	-0.0730907686425791
chr2	116500001	117000000	-0.064426166689186
chr2	117000001	117500000	-0.0824242923307729
chr2	117500001	118000000	-0.0183388508357563
chr2	118000001	118500000	-0.121093363813191
chr2	118500001	119000000	-0.0864093430324543
chr2	119000001	119500000	-0.161632283208148
chr2	119500001	120000000	0.0197795882485423
chr2	120000001	120500000	-0.0422205911145553
chr2	120500001	121000000	-0.20977241195391
chr2	121000001	121500000	-0.17174714339485
chr2	121500001	122000000	0.0184629230136371
chr2	122000001	122500000	-0.0543218856678916
chr2	122500001	123000000	-0.138541845514276
chr2	123000001	123500000	-0.0734166726037632
chr2	123500001	124000000	-0.0576502067918065
chr2	124000001	124500000	-0.139705555955175
chr2	124500001	125000000	-0.0865733882941026
chr2	125000001	125500000	-0.0142503900455095
chr2	125500001	126000000	-0.131175528813124
chr2	126000001	126500000	-0.121393119329387
chr2	126500001	127000000	-0.103108564817844
chr2	127000001	127500000	-0.159225767212229
chr2	127500001	128000000	-0.142589341319949
chr2	128000001	128500000	-0.0301329348396566
chr2	128500001	129000000	-0.0571711339599833
chr2	129000001	129500000	-0.140279526257148
chr2	129500001	130000000	-0.175695444001187
chr2	132500001	133000000	-0.169368907773702
chr2	133000001	133500000	-0.144594203871176
chr2	133500001	134000000	-0.167557202241084
chr2	134000001	134500000	-0.0484156494357338
chr2	134500001	135000000	-0.127547650540015
chr2	135000001	135500000	-0.00454807842229334
chr2	135500001	136000000	-0.183779405922424
chr2	136000001	136500000	-0.0340697661813284
chr2	136500001	137000000	-0.175824500508731
chr2	137000001	137500000	-0.132728220836716
chr2	137500001	138000000	-0.197878251618546
chr2	138000001	138500000	-0.111787113582023
chr2	138500001	139000000	-0.0846217446225057
chr2	139000001	139500000	-0.243375419071816
chr2	139500001	140000000	-0.15712568944238
chr2	140000001	140500000	-0.126916649783825
chr2	140500001	141000000	-0.171067118790516
chr2	141000001	141500000	-0.147761170727502
chr2	141500001	142000000	-0.157694670047875
chr2	142000001	142500000	-0.16614923726981
chr2	142500001	143000000	-0.0532137893541452
chr2	143000001	143500000	-0.0442561403498917
chr2	143500001	144000000	-0.0942270507075636
chr2	144000001	144500000	-0.0449894892201525
chr2	144500001	145000000	-0.0393804445214092
chr2	145000001	145500000	-0.18736219098317
chr2	145500001	146000000	-0.138395958414491
chr2	146000001	146500000	-0.0330030516209822
chr2	146500001	147000000	-0.0816942217968298
chr2	147000001	147500000	0.0842056298703965
chr2	147500001	148000000	0.0126068378728035
chr2	148000001	148500000	0.129139341160573
chr2	148500001	149000000	0.0993169719975321
chr2	149000001	149500000	0.0424016230300844
chr2	149500001	150000000	0.0355267140142181
chr2	150000001	150500000	0.0105407744591163
chr2	150500001	151000000	-0.0296716564488715
chr2	151000001	151500000	-0.0254191579741523
chr2	151500001	152000000	0.0714265309124269
chr2	152000001	152500000	0.0351429049820041
chr2	152500001	153000000	0.0879080120578408
chr2	153000001	153500000	-0.143970795379662
chr2	153500001	154000000	-0.0104227073040383
chr2	154000001	154500000	0.00527721190779392
chr2	154500001	155000000	0.0883959225736588
chr2	155000001	155500000	0.0606719963151195
chr2	155500001	156000000	0.0621459563370227
chr2	156000001	156500000	0.0537766102060293
chr2	156500001	157000000	0.0768597535498328
chr2	157000001	157500000	0.0611392967928265
chr2	157500001	158000000	0.0275716930294179
chr2	158000001	158500000	0.0948884615234605
chr2	158500001	159000000	0.0073014640073721
chr2	159000001	159500000	0.073368975495229
chr2	159500001	160000000	0.101171221865155
chr2	160000001	160500000	0.130668466398094
chr2	160500001	161000000	0.0953897623362109
chr2	161000001	161500000	0.0832243460914183
chr2	161500001	162000000	0.0293248269212863
chr2	162000001	162500000	0.035504514820515
chr2	162500001	163000000	0.0563842917661039
chr2	163000001	163500000	0.0391428726481257
chr2	163500001	164000000	-0.0308360670758525
chr2	164000001	164500000	0.0183167550454522
chr2	164500001	165000000	0.0823224290342837
chr2	165000001	165500000	0.165344535268215
chr2	165500001	166000000	0.352975340981356
chr2	166000001	166500000	0.205867064876089
chr2	166500001	167000000	0.306674132210611
chr2	167000001	167500000	0.355138925267859
chr2	167500001	168000000	0.224746520792481
chr2	168000001	168500000	0.336394017763707
chr2	168500001	169000000	0.323989398555764
chr2	169000001	169500000	0.337571101466839
chr2	169500001	170000000	0.251825563166141
chr2	170000001	170500000	0.187605141792726
chr2	170500001	171000000	0.234180060011555
chr2	171000001	171500000	0.257774554681988
chr2	171500001	172000000	0.29564349696953
chr2	172000001	172500000	0.402293870672279
chr2	172500001	173000000	0.297330464596383
chr2	173000001	173500000	0.34634094999354
chr2	173500001	174000000	0.318240891255285
chr2	174000001	174500000	0.352603899858943
chr2	174500001	175000000	0.286540190182057
chr2	175000001	175500000	0.35889531748264
chr2	175500001	176000000	0.431966344495398
chr2	176000001	176500000	0.32497961870099
chr2	176500001	177000000	0.364119685296175
chr2	177000001	177500000	0.414630842029575
chr2	177500001	178000000	0.371412918155317
chr2	178000001	178500000	0.452656793620993
chr2	178500001	179000000	0.396246391744889
chr2	179000001	179500000	0.30877371434209
chr2	179500001	180000000	0.365619404731193
chr2	180000001	180500000	0.190172763368999
chr2	180500001	181000000	0.323213945901535
chr2	181000001	181500000	0.290489957643082
chr2	181500001	182000000	0.295202329672316
chr2	182000001	182500000	0.21740887335664
chr2	182500001	183000000	0.262511465445392
chr2	183000001	183500000	0.259554486042705
chr2	183500001	184000000	0.272900541599162
chr2	184000001	184500000	0.262992723226117
chr2	184500001	185000000	0.252083449369671
chr2	185000001	185500000	0.297323958278686
chr2	185500001	186000000	0.309081826951938
chr2	186000001	186500000	0.329920519173253
chr2	186500001	187000000	0.292253547098584
chr2	187000001	187500000	0.30774869869253
chr2	187500001	188000000	0.277763842973505
chr2	188000001	188500000	0.189918631721019
chr2	188500001	189000000	0.158284090587312
chr2	189000001	189500000	0.139754695144632
chr2	189500001	190000000	0.207021596724263
chr2	190000001	190500000	0.157725164685211
chr2	190500001	191000000	0.237119857902168
chr2	191000001	191500000	0.234614344015969
chr2	191500001	192000000	0.298110276540103
chr2	192000001	192500000	0.199679828311947
chr2	192500001	193000000	0.173834773792418
chr2	193000001	193500000	NA
chr2	193500001	194000000	0.109116977661956
chr2	194000001	194500000	0.14957665824245
chr2	194500001	195000000	0.195643427529655
chr2	195000001	195500000	0.116002559751199
chr2	195500001	196000000	0.114087190864691
chr2	196000001	196500000	0.147754785828034
chr2	196500001	197000000	0.105255428374536
chr2	197000001	197500000	0.310983959387461
chr2	197500001	198000000	0.209616320107428
chr2	198000001	198500000	0.137957255906482
chr2	198500001	199000000	0.177167637417555
chr2	199000001	199500000	0.149633640203307
chr2	199500001	200000000	0.144387987843038
chr2	200000001	200500000	0.0695219962748756
chr2	200500001	201000000	0.0245117663393455
chr2	201000001	201500000	0.0173517635740466
chr2	201500001	202000000	-0.185841411854802
chr2	202000001	202500000	-0.178684899096616
chr2	202500001	203000000	-0.115537693595796
chr2	203000001	203500000	-0.192962735233365
chr2	203500001	204000000	-0.138595200347945
chr2	204000001	204500000	-0.1841226251593
chr2	204500001	205000000	-0.0847544002256711
chr2	205000001	205500000	-0.192446659639593
chr2	205500001	206000000	-0.147943398225539
chr2	206000001	206500000	-0.12259910272413
chr2	206500001	207000000	-0.201825914056316
chr2	207000001	207500000	-0.107165432625194
chr2	207500001	208000000	-0.199645498446217
chr2	208000001	208500000	-0.108196885160485
chr2	208500001	209000000	-0.0773940691506377
chr2	209000001	209500000	-0.211304940988994
chr2	209500001	210000000	-0.249378622123264
chr2	210000001	210500000	-0.0882642174353093
chr2	210500001	211000000	-0.180619630580499
chr2	211000001	211500000	-0.181611582690874
chr2	211500001	212000000	-0.266420550178708
chr2	212000001	212500000	-0.172142140828283
chr2	212500001	213000000	-0.0489129220470357
chr2	213000001	213500000	-0.086315888102892
chr2	213500001	214000000	-0.179737002651673
chr2	214000001	214500000	-0.223678575612546
chr2	214500001	215000000	-0.0702748292956129
chr2	215000001	215500000	-0.18374756685
chr2	215500001	216000000	0.0286188799188377
chr2	216000001	216500000	0.0125154441894935
chr2	216500001	217000000	-0.077939840656624
chr2	217000001	217500000	0.0678759773360798
chr2	217500001	218000000	-0.0348037839109248
chr2	218000001	218500000	0.226848677109216
chr2	218500001	219000000	0.0205759921028726
chr2	219000001	219500000	0.0778530099065861
chr2	219500001	220000000	-0.0783972978085364
chr2	220000001	220500000	-0.0302896840877086
chr2	220500001	221000000	0.0515635898603059
chr2	221000001	221500000	-0.0510384434040413
chr2	221500001	222000000	-0.0587927860064796
chr2	222000001	222500000	0.0214836723861176
chr2	222500001	223000000	-0.00136465960539193
chr2	223000001	223500000	-0.0049061738182222
chr2	223500001	224000000	-0.0396060307916118
chr2	224000001	224500000	-0.0504656940341611
chr2	224500001	225000000	-0.105489358491736
chr2	225000001	225500000	-0.0706726940438048
chr2	225500001	226000000	-0.0119430793218716
chr2	226000001	226500000	0.0134199725795097
chr2	226500001	227000000	0.0292653165187645
chr2	227000001	227500000	-0.0160586951245771
chr2	227500001	228000000	-0.011814068307095
chr2	228000001	228500000	-0.00164701935270684
chr2	228500001	229000000	-0.0528250525372034
chr2	229000001	229500000	-0.0680358128406406
chr2	229500001	230000000	-0.0840161757470411
chr2	230000001	230500000	0.128619301878496
chr2	230500001	231000000	0.0483297221242843
chr2	231000001	231500000	0.00843573336319093
chr2	231500001	232000000	0.0344722909155693
chr2	232000001	232500000	-0.00299426066504298
chr2	232500001	233000000	-0.0213882328328007
chr2	233000001	233500000	NA
chr2	233500001	234000000	-0.181269332129294
chr2	234000001	234500000	-0.262314367441116
chr2	234500001	235000000	-0.207540686282635
chr2	235000001	235500000	-0.205253345629488
chr2	235500001	236000000	-0.283031153102504
chr2	236000001	236500000	-0.254439664922819
chr2	236500001	237000000	-0.204034865706792
chr2	237000001	237500000	-0.234117940087524
chr2	237500001	238000000	-0.246427059378742
chr2	238000001	238500000	-0.165081515045097
chr2	238500001	239000000	NA
chr2	239000001	239500000	-0.0607284428351928
chr2	239500001	240000000	NA
chr2	240000001	240500000	-0.254774010966144
chr2	240500001	241000000	-0.0406942629413621
chr2	241000001	241500000	-0.0991836939370507
chr2	241500001	242000000	-0.265829398156578
chr3	1	500000	NA
chr3	500001	1000000	0.140596407881564
chr3	1000001	1500000	0.240906365981029
chr3	1500001	2000000	0.127936912413117
chr3	2000001	2500000	0.0734731715332699
chr3	2500001	3000000	0.131887927239723
chr3	3000001	3500000	0.0717201130751801
chr3	3500001	4000000	0.0535891740229508
chr3	4000001	4500000	0.010432536255073
chr3	4500001	5000000	-0.059918107413355
chr3	5000001	5500000	0.0323603652130284
chr3	5500001	6000000	-0.0352060286951879
chr3	6000001	6500000	-0.0127451669933949
chr3	6500001	7000000	-0.0537302982924162
chr3	7000001	7500000	-0.0267489295696893
chr3	7500001	8000000	-0.0466421528809577
chr3	8000001	8500000	-0.0187767751614304
chr3	8500001	9000000	-0.0720715642627472
chr3	9000001	9500000	-0.0742188628195865
chr3	9500001	10000000	-0.0301436254252775
chr3	10000001	10500000	0.0241181348370075
chr3	10500001	11000000	-0.0623701122740535
chr3	11000001	11500000	-0.0728285734625767
chr3	11500001	12000000	-0.188727297040178
chr3	12000001	12500000	0.0196328280299145
chr3	12500001	13000000	0.0910763908537498
chr3	13000001	13500000	0.0226044062699559
chr3	13500001	14000000	0.0141666576740539
chr3	14000001	14500000	-0.0537964547329132
chr3	14500001	15000000	-0.0488785899250585
chr3	15000001	15500000	0.0103741798901555
chr3	15500001	16000000	-0.0598931450893326
chr3	16000001	16500000	-0.0853704176515384
chr3	16500001	17000000	NA
chr3	17000001	17500000	0.0384900144754299
chr3	17500001	18000000	-0.0405400295507759
chr3	18000001	18500000	-0.0816108328785696
chr3	18500001	19000000	-0.0530995368614697
chr3	19000001	19500000	-0.065197006869017
chr3	19500001	20000000	-0.149118694050556
chr3	20000001	20500000	-0.0136797165061003
chr3	20500001	21000000	-0.0424567769032489
chr3	21000001	21500000	-0.0588543973892301
chr3	21500001	22000000	0.04825300159149
chr3	22000001	22500000	-0.0514099297534545
chr3	22500001	23000000	0.0132146238468783
chr3	23000001	23500000	0.0494145629304758
chr3	23500001	24000000	0.0467463576951041
chr3	24000001	24500000	-0.0007152311267744
chr3	24500001	25000000	-0.0358261982030352
chr3	25000001	25500000	-0.0373373619928253
chr3	25500001	26000000	0.105048296731673
chr3	26000001	26500000	0.0250061852398335
chr3	26500001	27000000	0.0386890790368928
chr3	27000001	27500000	-0.0662443310251029
chr3	27500001	28000000	-0.0150841132076937
chr3	28000001	28500000	0.0688638401684532
chr3	28500001	29000000	0.0398177800264728
chr3	29000001	29500000	0.071585616386631
chr3	29500001	30000000	-0.0245021078920079
chr3	30000001	30500000	0.0471714537829181
chr3	30500001	31000000	0.0608696405039376
chr3	31000001	31500000	0.163129271673588
chr3	31500001	32000000	0.0192589708844666
chr3	32000001	32500000	0.130632816405786
chr3	32500001	33000000	-0.0214055553211202
chr3	33000001	33500000	0.0886406462533744
chr3	33500001	34000000	0.0645414363797799
chr3	34000001	34500000	0.0281282142875164
chr3	34500001	35000000	-0.00588071759536035
chr3	35000001	35500000	0.0729462213231766
chr3	35500001	36000000	-0.0372200198365306
chr3	36000001	36500000	0.0184467372257536
chr3	36500001	37000000	0.14288110237928
chr3	37000001	37500000	0.0978019804311457
chr3	37500001	38000000	0.110728089375682
chr3	38000001	38500000	0.174585795227269
chr3	38500001	39000000	-0.0315219441407507
chr3	39000001	39500000	0.113111760273414
chr3	39500001	40000000	-0.00565591191954595
chr3	40000001	40500000	0.0904362393426985
chr3	40500001	41000000	0.0539689007738639
chr3	41000001	41500000	0.0837802751420328
chr3	41500001	42000000	0.0563440520251043
chr3	42000001	42500000	0.0139173688503849
chr3	42500001	43000000	-0.0733401247013551
chr3	43000001	43500000	0.0998547454738901
chr3	43500001	44000000	0.0114783834858307
chr3	44000001	44500000	0.0110725250209813
chr3	44500001	45000000	0.0840239098803603
chr3	45000001	45500000	-0.0113875050055869
chr3	45500001	46000000	0.0530408389799812
chr3	46000001	46500000	0.193716627502989
chr3	46500001	47000000	0.122061938407778
chr3	47000001	47500000	-0.00153298158174839
chr3	47500001	48000000	-0.0557840531248202
chr3	48000001	48500000	-0.0188547568418048
chr3	48500001	49000000	0.0350750321628633
chr3	49000001	49500000	0.0574783893054396
chr3	49500001	50000000	0.0347810441446529
chr3	50000001	50500000	0.0836053114781341
chr3	50500001	51000000	0.0432355109190068
chr3	51000001	51500000	-0.004162951996963
chr3	51500001	52000000	0.0687497704854104
chr3	52000001	52500000	0.117070634267051
chr3	52500001	53000000	-0.000151957363047767
chr3	53000001	53500000	0.117635927801058
chr3	53500001	54000000	-0.02770451609145
chr3	54000001	54500000	-0.011480803359838
chr3	54500001	55000000	-0.0378204569616506
chr3	55000001	55500000	0.0110577266922297
chr3	55500001	56000000	-0.0344702027488937
chr3	56000001	56500000	0.00517248417276336
chr3	56500001	57000000	0.0336997016060997
chr3	57000001	57500000	0.0989817584858279
chr3	57500001	58000000	-0.00162704092817552
chr3	58000001	58500000	-0.030840923078364
chr3	58500001	59000000	0.0510752913930484
chr3	59000001	59500000	0.00364400248161837
chr3	59500001	60000000	0.00942956436227205
chr3	60000001	60500000	NA
chr3	60500001	61000000	0.0155079148322614
chr3	61000001	61500000	-0.0066843872653314
chr3	61500001	62000000	-0.0149411432430518
chr3	62000001	62500000	-0.0127213294647726
chr3	62500001	63000000	0.0101768429529762
chr3	63000001	63500000	-0.0279896220599436
chr3	63500001	64000000	0.135586522190054
chr3	64000001	64500000	0.0764596532489616
chr3	64500001	65000000	0.0156477558558979
chr3	65000001	65500000	-0.0848910281120473
chr3	65500001	66000000	0.0156121529204797
chr3	66000001	66500000	NA
chr3	66500001	67000000	0.0021716694456392
chr3	67000001	67500000	0.0548095140000226
chr3	67500001	68000000	0.0458655796370457
chr3	68000001	68500000	-0.0913816090595348
chr3	68500001	69000000	0.035429597667234
chr3	69000001	69500000	0.0262746556817421
chr3	69500001	70000000	-0.00913282740563864
chr3	70000001	70500000	0.0942175887888693
chr3	70500001	71000000	-0.0815738131085985
chr3	71000001	71500000	0.10110745314532
chr3	71500001	72000000	0.0537909144456864
chr3	72000001	72500000	0.117289108362646
chr3	72500001	73000000	0.105797701476246
chr3	73000001	73500000	-0.108422435078796
chr3	73500001	74000000	-0.0309189521174459
chr3	74000001	74500000	-0.0139045391481453
chr3	74500001	75000000	0.0102442735412866
chr3	75000001	75500000	0.034551957282536
chr3	76000001	76500000	0.0775329708809288
chr3	76500001	77000000	-0.00141122588558486
chr3	77000001	77500000	-0.0284049710618091
chr3	77500001	78000000	0.0554200915786705
chr3	78000001	78500000	0.0237381225872246
chr3	78500001	79000000	-0.0335732424906964
chr3	79000001	79500000	-0.0387263272155813
chr3	79500001	80000000	0.00989975172567238
chr3	80000001	80500000	0.0146819274590157
chr3	80500001	81000000	-0.0394023465445733
chr3	81000001	81500000	0.0495712960830625
chr3	81500001	82000000	-0.0195592890566073
chr3	82000001	82500000	-0.02674054754861
chr3	82500001	83000000	-0.0246220676991993
chr3	83000001	83500000	NA
chr3	83500001	84000000	0.02445299213279
chr3	84000001	84500000	0.0540384849297015
chr3	84500001	85000000	-0.00657354449346152
chr3	85000001	85500000	NA
chr3	85500001	86000000	-0.0265009544828786
chr3	86000001	86500000	0.00304795685892821
chr3	86500001	87000000	-0.0713074885132676
chr3	87000001	87500000	0.121782435267862
chr3	94500001	95000000	0.134531964139139
chr3	95000001	95500000	0.0362758060752184
chr3	95500001	96000000	0.177139542639499
chr3	96000001	96500000	0.0625426978500888
chr3	96500001	97000000	0.0930553412658433
chr3	97000001	97500000	0.158092197322594
chr3	97500001	98000000	0.0996102300578893
chr3	98000001	98500000	0.110840074714317
chr3	98500001	99000000	0.0213459580333813
chr3	99000001	99500000	0.183435938024191
chr3	99500001	100000000	0.0460597388598128
chr3	100000001	100500000	0.00126458305401395
chr3	100500001	101000000	0.0200328338199372
chr3	101000001	101500000	0.0725140951144538
chr3	101500001	102000000	0.140170372865061
chr3	102000001	102500000	0.119085716231885
chr3	102500001	103000000	0.0488200403731827
chr3	103000001	103500000	0.109458282257999
chr3	103500001	104000000	0.0866524676609303
chr3	104000001	104500000	0.13213001783136
chr3	104500001	105000000	0.0982167344552943
chr3	105000001	105500000	0.0329787946830169
chr3	105500001	106000000	0.0696416442719166
chr3	106000001	106500000	0.0709237099489832
chr3	106500001	107000000	0.0268073882721309
chr3	107000001	107500000	0.0419695404058409
chr3	107500001	108000000	0.0263720606563691
chr3	108000001	108500000	0.156741025514288
chr3	108500001	109000000	0.0561190222904822
chr3	109000001	109500000	-0.157553843847123
chr3	109500001	110000000	-0.0685346997728195
chr3	110000001	110500000	-0.14350246333773
chr3	110500001	111000000	-0.0540848810777648
chr3	111000001	111500000	0.0431147678066639
chr3	111500001	112000000	-0.0309668786077926
chr3	112000001	112500000	0.0604643303072915
chr3	112500001	113000000	0.0450008617433842
chr3	113000001	113500000	-0.0151812705790885
chr3	113500001	114000000	-0.102219407675448
chr3	114000001	114500000	-0.00958546718252698
chr3	114500001	115000000	-0.0124088431109104
chr3	115000001	115500000	-0.0786436473247946
chr3	115500001	116000000	-0.0719368513188333
chr3	116000001	116500000	-0.0417019594414408
chr3	116500001	117000000	-0.0751802927379683
chr3	117000001	117500000	-0.0687559923287485
chr3	117500001	118000000	-0.186085449877185
chr3	118000001	118500000	0.0106444179580288
chr3	118500001	119000000	-0.0535114821209644
chr3	119000001	119500000	-0.0715939103803667
chr3	119500001	120000000	-0.0044516524483716
chr3	120000001	120500000	-0.0740093253661686
chr3	120500001	121000000	-0.0153640257486095
chr3	121000001	121500000	-0.0177104544521435
chr3	121500001	122000000	0.0321341546781634
chr3	122000001	122500000	0.0215299133108889
chr3	122500001	123000000	0.0121569037753441
chr3	123000001	123500000	-0.0968118433169329
chr3	123500001	124000000	0.0517724912268806
chr3	124000001	124500000	-0.0273474817476396
chr3	124500001	125000000	-0.124514798663532
chr3	125000001	125500000	-0.00532774236032858
chr3	126000001	126500000	0.000201446934468719
chr3	126500001	127000000	0.00699409507250007
chr3	127000001	127500000	-0.129279329877369
chr3	127500001	128000000	-0.0810749395769149
chr3	128000001	128500000	-0.014230314878348
chr3	128500001	129000000	-0.0207381840306707
chr3	129000001	129500000	-0.0108222722048613
chr3	129500001	130000000	0.0153382672641614
chr3	130500001	131000000	-0.021811980830271
chr3	131000001	131500000	0.00345456038730319
chr3	131500001	132000000	-0.0511840369067681
chr3	132000001	132500000	-0.0170339576407674
chr3	132500001	133000000	0.0332365836415254
chr3	133000001	133500000	-0.0656694019384562
chr3	133500001	134000000	0.0310707966084465
chr3	134000001	134500000	-0.0482494487267571
chr3	134500001	135000000	0.0937898050763207
chr3	135000001	135500000	-0.0167443325921077
chr3	135500001	136000000	-0.100787514885799
chr3	136000001	136500000	-0.0455608218708211
chr3	136500001	137000000	-0.00697555042023171
chr3	137000001	137500000	-0.0860493543089758
chr3	137500001	138000000	0.0230449764470254
chr3	138000001	138500000	0.0528209575708973
chr3	138500001	139000000	0.138977703813919
chr3	139000001	139500000	0.165105561359204
chr3	139500001	140000000	0.0244782394640016
chr3	140000001	140500000	0.110003200942066
chr3	140500001	141000000	0.209175549257641
chr3	141000001	141500000	0.21485361803132
chr3	141500001	142000000	0.209732744220759
chr3	142000001	142500000	0.159538966082685
chr3	142500001	143000000	0.1441526280211
chr3	143000001	143500000	0.202391191454987
chr3	143500001	144000000	0.175328997913512
chr3	144000001	144500000	0.0893031796038991
chr3	144500001	145000000	0.0928256287894598
chr3	145000001	145500000	0.0541021980428508
chr3	145500001	146000000	0.139781752517666
chr3	146000001	146500000	0.165491410242382
chr3	146500001	147000000	0.109753859696164
chr3	147000001	147500000	0.165494459273549
chr3	147500001	148000000	0.0608151239706545
chr3	148000001	148500000	0.0891123646133642
chr3	148500001	149000000	0.153270505419086
chr3	149000001	149500000	0.159993192345363
chr3	149500001	150000000	0.178696775940813
chr3	150000001	150500000	0.171696036995955
chr3	150500001	151000000	0.140559339384318
chr3	151000001	151500000	0.213682221238266
chr3	151500001	152000000	0.107952961183738
chr3	152000001	152500000	0.263964705125156
chr3	152500001	153000000	0.11841469340606
chr3	153000001	153500000	0.0898101445515482
chr3	153500001	154000000	0.148766725741842
chr3	154000001	154500000	0.121730613196498
chr3	154500001	155000000	0.227355563235248
chr3	155000001	155500000	0.248865087500412
chr3	155500001	156000000	0.0973332731566645
chr3	156000001	156500000	0.0798970218716347
chr3	156500001	157000000	0.187674149835823
chr3	157000001	157500000	0.149176167553871
chr3	157500001	158000000	0.168839353697985
chr3	158000001	158500000	0.148164927828946
chr3	158500001	159000000	0.145161943253122
chr3	159000001	159500000	0.090011340908703
chr3	159500001	160000000	0.134833466996415
chr3	160000001	160500000	0.139812312907866
chr3	160500001	161000000	0.20749859714849
chr3	161000001	161500000	0.182472901350943
chr3	161500001	162000000	0.10727289672045
chr3	162000001	162500000	0.130400906292893
chr3	162500001	163000000	0.178939794703185
chr3	163000001	163500000	0.14861468547167
chr3	163500001	164000000	0.169622919389624
chr3	164000001	164500000	0.094492214191578
chr3	164500001	165000000	0.159856445685008
chr3	165000001	165500000	0.156290023898137
chr3	165500001	166000000	0.140160805667971
chr3	166000001	166500000	0.13313491796146
chr3	166500001	167000000	0.163981696216894
chr3	167000001	167500000	0.118880395649679
chr3	167500001	168000000	0.145354278903333
chr3	168000001	168500000	0.136290019698185
chr3	168500001	169000000	0.077647590356076
chr3	169000001	169500000	0.22445860054501
chr3	169500001	170000000	0.175977389461134
chr3	170000001	170500000	0.149065304334577
chr3	170500001	171000000	0.167787863756058
chr3	171000001	171500000	0.1202189194657
chr3	171500001	172000000	0.242767235524601
chr3	172000001	172500000	0.244803314628917
chr3	172500001	173000000	0.177471147676034
chr3	173000001	173500000	0.237988909109069
chr3	173500001	174000000	0.124313202020614
chr3	174000001	174500000	0.175339845858775
chr3	174500001	175000000	0.211326077400121
chr3	175000001	175500000	0.198116641195057
chr3	175500001	176000000	0.210080904926449
chr3	176000001	176500000	0.227926125200861
chr3	176500001	177000000	0.228853651891985
chr3	177000001	177500000	0.269616561561399
chr3	177500001	178000000	0.232986432458735
chr3	178000001	178500000	0.162252345353588
chr3	178500001	179000000	0.248476404811458
chr3	179000001	179500000	0.280068721674726
chr3	179500001	180000000	0.162607880157171
chr3	180000001	180500000	0.204970048465546
chr3	180500001	181000000	0.162785398879102
chr3	181000001	181500000	0.277530092579892
chr3	181500001	182000000	0.129105651292207
chr3	182000001	182500000	0.269197626991683
chr3	182500001	183000000	0.275546932306219
chr3	183000001	183500000	0.349023576978624
chr3	183500001	184000000	0.249045142671128
chr3	184000001	184500000	0.19726475421999
chr3	184500001	185000000	0.33792402476487
chr3	185000001	185500000	0.273189906513979
chr3	185500001	186000000	0.173182068642215
chr3	186000001	186500000	0.271555341917113
chr3	186500001	187000000	0.291229250632614
chr3	187000001	187500000	0.347483012436807
chr3	187500001	188000000	0.338401528682692
chr3	188000001	188500000	0.370258678277999
chr3	188500001	189000000	0.31263332110244
chr3	189000001	189500000	0.291578000509408
chr3	189500001	190000000	0.209533896978188
chr3	190000001	190500000	0.233643640968832
chr3	190500001	191000000	0.255913207679424
chr3	191000001	191500000	0.312058986024485
chr3	191500001	192000000	0.298102939819786
chr3	192000001	192500000	0.185565588481117
chr3	192500001	193000000	0.188198356026345
chr3	193000001	193500000	0.165488404275309
chr3	193500001	194000000	0.3191216079468
chr3	194000001	194500000	0.303078122603629
chr3	194500001	195000000	0.218849942951195
chr3	195000001	195500000	0.223703176596088
chr3	195500001	196000000	0.473751617690807
chr3	196000001	196500000	0.264082026541164
chr3	196500001	197000000	0.287511173282238
chr3	197000001	197500000	0.259085529066904
chr3	197500001	198000000	0.216601377424594
chr4	1	500000	NA
chr4	500001	1000000	0.0848312423195946
chr4	1000001	1500000	NA
chr4	1500001	2000000	0.117401365802026
chr4	2000001	2500000	0.0703705582678503
chr4	2500001	3000000	0.0823382319477547
chr4	3000001	3500000	0.159110082783826
chr4	3500001	4000000	0.274425127705542
chr4	4500001	5000000	0.130559872116994
chr4	5000001	5500000	0.157247360895088
chr4	5500001	6000000	0.0639515687218492
chr4	6000001	6500000	0.0098700641977334
chr4	6500001	7000000	0.275852459157483
chr4	7000001	7500000	0.0724535403733088
chr4	7500001	8000000	0.0363749056276795
chr4	8000001	8500000	0.0799154354120677
chr4	8500001	9000000	NA
chr4	10000001	10500000	0.183973301908726
chr4	10500001	11000000	0.0313194279139404
chr4	11000001	11500000	0.0675668600124165
chr4	11500001	12000000	0.153976423772747
chr4	12000001	12500000	0.0865136732729644
chr4	12500001	13000000	0.0525930912434916
chr4	13000001	13500000	0.0535385595647316
chr4	13500001	14000000	0.120735316336033
chr4	14000001	14500000	0.0283066497920354
chr4	14500001	15000000	0.103046091084569
chr4	15000001	15500000	-0.0290409284291914
chr4	15500001	16000000	0.125506505040378
chr4	16000001	16500000	0.0402836384119652
chr4	16500001	17000000	-0.0212299307915499
chr4	17000001	17500000	-0.0895225412824949
chr4	17500001	18000000	-0.0896513316915172
chr4	18000001	18500000	0.11746097125127
chr4	18500001	19000000	0.0654216609960132
chr4	19000001	19500000	0.110130126497161
chr4	19500001	20000000	0.118646993155108
chr4	20000001	20500000	0.114695375905543
chr4	20500001	21000000	0.0517683869876661
chr4	21000001	21500000	0.125487376943385
chr4	21500001	22000000	0.161552638992283
chr4	22000001	22500000	0.028071901833868
chr4	22500001	23000000	0.106152776695965
chr4	23000001	23500000	0.0423132916566464
chr4	23500001	24000000	0.0410752958521419
chr4	24000001	24500000	0.073756834224947
chr4	24500001	25000000	0.149454275873894
chr4	25000001	25500000	0.155391555768833
chr4	25500001	26000000	0.0163413699742217
chr4	26000001	26500000	0.078819232554727
chr4	26500001	27000000	0.128222493927349
chr4	27000001	27500000	-0.0303115277684616
chr4	27500001	28000000	0.0552504256513946
chr4	28000001	28500000	0.0371933642670963
chr4	28500001	29000000	0.0361333132400153
chr4	29000001	29500000	0.0852543304424754
chr4	29500001	30000000	0.0245299679444504
chr4	30000001	30500000	0.137346706432786
chr4	30500001	31000000	-0.0234148446715858
chr4	31000001	31500000	0.0757067682787219
chr4	31500001	32000000	NA
chr4	32000001	32500000	0.0651776563453297
chr4	32500001	33000000	NA
chr4	33000001	33500000	0.120965403104549
chr4	33500001	34000000	0.0534148328493163
chr4	34000001	34500000	0.0919677678861809
chr4	34500001	35000000	0.0791361143824024
chr4	35000001	35500000	0.0548062207910159
chr4	35500001	36000000	0.112087507881402
chr4	36000001	36500000	-0.0415931973331488
chr4	36500001	37000000	-0.0517751563081898
chr4	37000001	37500000	-0.0349017149227384
chr4	37500001	38000000	0.0624172807221033
chr4	38000001	38500000	0.0188951364486925
chr4	38500001	39000000	0.0528820783894324
chr4	39000001	39500000	0.0200585393915664
chr4	39500001	40000000	-0.0654324861492395
chr4	40000001	40500000	0.0312356155733361
chr4	40500001	41000000	0.048734011011137
chr4	41000001	41500000	-0.0338493365580213
chr4	41500001	42000000	-0.0735203212916361
chr4	42000001	42500000	-0.0596746175961132
chr4	42500001	43000000	-0.0869583648088341
chr4	43000001	43500000	-0.155025791541809
chr4	43500001	44000000	-0.0868608481525045
chr4	44000001	44500000	-0.0566397942277486
chr4	44500001	45000000	-0.113721216446287
chr4	45000001	45500000	-0.0625298027376633
chr4	45500001	46000000	0.00509118536899972
chr4	46000001	46500000	-0.0120595438768083
chr4	46500001	47000000	-0.0366738903916836
chr4	47000001	47500000	-0.0610861358087619
chr4	47500001	48000000	-0.106491079149049
chr4	52000001	52500000	-0.000189672415546955
chr4	52500001	53000000	-0.111310577947472
chr4	53000001	53500000	-0.0614276870579744
chr4	53500001	54000000	0.00545655980737237
chr4	54000001	54500000	-0.048330018151143
chr4	54500001	55000000	-0.00135591538385648
chr4	55000001	55500000	0.015029518772695
chr4	55500001	56000000	-0.0989123107336867
chr4	56000001	56500000	-0.0576820518451293
chr4	56500001	57000000	-0.0655526644421875
chr4	57000001	57500000	-0.0503092967601138
chr4	57500001	58000000	-0.0228123892219727
chr4	58000001	58500000	-0.0516699747751823
chr4	58500001	59000000	NA
chr4	59000001	59500000	0.00213630494687411
chr4	59500001	60000000	0.0305128441969844
chr4	60000001	60500000	-0.0439894255073241
chr4	60500001	61000000	0.197100794570419
chr4	61000001	61500000	0.0840344944653189
chr4	61500001	62000000	0.0589198176783076
chr4	62000001	62500000	0.157969825253799
chr4	62500001	63000000	0.168430905283633
chr4	63000001	63500000	0.0483739378029279
chr4	63500001	64000000	0.00589055120787719
chr4	64000001	64500000	-0.10218721354311
chr4	64500001	65000000	-0.0794861159399415
chr4	65000001	65500000	-0.0712925142132271
chr4	65500001	66000000	-0.092203175456773
chr4	66000001	66500000	-0.0364762177411286
chr4	66500001	67000000	-0.0606165951758747
chr4	67000001	67500000	-0.120439233778332
chr4	67500001	68000000	0.0176089023405084
chr4	68000001	68500000	-0.127178773106712
chr4	68500001	69000000	-0.318557531158917
chr4	69000001	69500000	0.00506493062217138
chr4	69500001	70000000	-0.0763220856647852
chr4	70000001	70500000	-0.0446144098161487
chr4	70500001	71000000	-0.120545799133428
chr4	71000001	71500000	-0.0719488723334307
chr4	71500001	72000000	-0.0902140000780502
chr4	72000001	72500000	-0.013913909849104
chr4	72500001	73000000	-0.020591449525189
chr4	73000001	73500000	0.0057085157004358
chr4	73500001	74000000	0.122521834217211
chr4	74000001	74500000	0.016087393322229
chr4	74500001	75000000	-0.0763255985767545
chr4	75000001	75500000	0.0601439561826248
chr4	75500001	76000000	0.00932936931701907
chr4	76000001	76500000	-0.0429483989000107
chr4	76500001	77000000	-0.0895414638777886
chr4	77000001	77500000	0.038497871186994
chr4	77500001	78000000	0.0114475465109113
chr4	78000001	78500000	0.0347534545604324
chr4	78500001	79000000	0.0837152727075602
chr4	79000001	79500000	-0.00690602306767321
chr4	79500001	80000000	-0.009563817604498
chr4	80000001	80500000	-0.10564311186414
chr4	80500001	81000000	-0.0308413128063137
chr4	81000001	81500000	-0.0239528889122637
chr4	81500001	82000000	-0.0193704874869259
chr4	82000001	82500000	-0.152890558706014
chr4	82500001	83000000	-0.0493463616569482
chr4	83000001	83500000	0.108135756904388
chr4	83500001	84000000	-0.0876914021427025
chr4	84000001	84500000	-0.133956391339531
chr4	84500001	85000000	-0.0258118153837064
chr4	85000001	85500000	-0.155679067883859
chr4	85500001	86000000	-0.0337621805114939
chr4	86000001	86500000	-0.179442004620423
chr4	86500001	87000000	-0.108603419071372
chr4	87000001	87500000	-0.00685939503610984
chr4	87500001	88000000	-0.115592059517286
chr4	88000001	88500000	-0.0304572925272419
chr4	88500001	89000000	-0.0884467002046523
chr4	89000001	89500000	-0.0921265557621862
chr4	89500001	90000000	-0.158549610449292
chr4	90000001	90500000	-0.074392087302159
chr4	90500001	91000000	-0.145613483735578
chr4	91000001	91500000	-0.0975606753721262
chr4	91500001	92000000	-0.0989764123760989
chr4	92000001	92500000	-0.098871234649775
chr4	92500001	93000000	-0.192233898794299
chr4	93000001	93500000	-0.161611539640221
chr4	93500001	94000000	-0.116932729014515
chr4	94000001	94500000	-0.0859661425646975
chr4	94500001	95000000	-0.24273903082886
chr4	95000001	95500000	-0.129263810977561
chr4	95500001	96000000	-0.0963609665160195
chr4	96000001	96500000	-0.0892938549451695
chr4	96500001	97000000	-0.125283127287752
chr4	97000001	97500000	-0.0703232601939504
chr4	97500001	98000000	-0.111132646995515
chr4	98000001	98500000	-0.0705926864137924
chr4	98500001	99000000	-0.11165274099138
chr4	99000001	99500000	-0.0837613115454846
chr4	99500001	100000000	-0.185224233698413
chr4	100000001	100500000	-0.0686653911687234
chr4	100500001	101000000	-0.124640653775912
chr4	101000001	101500000	-0.0540529177874891
chr4	101500001	102000000	-0.078494842774644
chr4	102000001	102500000	-0.0851224345355742
chr4	102500001	103000000	-0.0451431420275643
chr4	103000001	103500000	-0.088111888467115
chr4	103500001	104000000	-0.0674743216471166
chr4	104000001	104500000	-0.223379111280726
chr4	104500001	105000000	-0.0859716743506632
chr4	105000001	105500000	0.014938827088852
chr4	105500001	106000000	-0.120172938095019
chr4	106000001	106500000	-0.104247752012352
chr4	106500001	107000000	-0.119962156679397
chr4	107000001	107500000	-0.138243174062844
chr4	107500001	108000000	-0.0882789096539986
chr4	108000001	108500000	-0.128883279588362
chr4	108500001	109000000	-0.114745069593628
chr4	109000001	109500000	-0.11162024737263
chr4	109500001	110000000	-0.170709277268921
chr4	110000001	110500000	-0.173422287980135
chr4	110500001	111000000	-0.144594424572873
chr4	111000001	111500000	-0.140194334520932
chr4	111500001	112000000	-0.220375563775428
chr4	112000001	112500000	-0.0465615735360358
chr4	112500001	113000000	-0.190642865816247
chr4	113000001	113500000	-0.181500594094775
chr4	113500001	114000000	-0.112059671928378
chr4	114000001	114500000	-0.156571547488712
chr4	114500001	115000000	-0.189373880659199
chr4	115000001	115500000	-0.1975238810135
chr4	115500001	116000000	-0.1267439470684
chr4	116000001	116500000	-0.100371910463524
chr4	116500001	117000000	-0.142311360309385
chr4	117000001	117500000	-0.153903376092798
chr4	117500001	118000000	-0.0457021589284395
chr4	118000001	118500000	-0.033726838495758
chr4	118500001	119000000	-0.104903743424697
chr4	119000001	119500000	-0.0293336069032549
chr4	119500001	120000000	-0.108944026897214
chr4	120000001	120500000	-0.114400692756985
chr4	120500001	121000000	-0.0442075330522478
chr4	121000001	121500000	-0.124130336971278
chr4	121500001	122000000	-0.109072458482289
chr4	122000001	122500000	-0.0670340275477465
chr4	122500001	123000000	-0.119244120505987
chr4	123000001	123500000	0.0386460842446455
chr4	123500001	124000000	-0.0540063700169982
chr4	124000001	124500000	-0.0842607902738211
chr4	124500001	125000000	-0.0748831936022205
chr4	125000001	125500000	-0.05906096110973
chr4	125500001	126000000	-0.0862746785305017
chr4	126000001	126500000	-0.206627812050123
chr4	126500001	127000000	-0.210342068064568
chr4	127000001	127500000	-0.0777145200914926
chr4	127500001	128000000	-0.134834996982669
chr4	128000001	128500000	-0.0741823103040173
chr4	128500001	129000000	-0.0188045874162114
chr4	129000001	129500000	-0.0385973276908731
chr4	129500001	130000000	-0.00683984929170423
chr4	130000001	130500000	-0.102994894861361
chr4	130500001	131000000	-0.0715262741976917
chr4	131000001	131500000	-0.134219659937914
chr4	132000001	132500000	-0.200759280909709
chr4	132500001	133000000	-0.116580481721698
chr4	133000001	133500000	-0.205116302250478
chr4	133500001	134000000	-0.0648887123988662
chr4	134000001	134500000	-0.0653192372052546
chr4	134500001	135000000	-0.116206747490355
chr4	135000001	135500000	-0.149230977878823
chr4	135500001	136000000	-0.197981536369752
chr4	136000001	136500000	-0.0764065145424206
chr4	136500001	137000000	-0.171604966960328
chr4	137000001	137500000	-0.120436953650515
chr4	137500001	138000000	-0.144150755589725
chr4	138000001	138500000	-0.15286639831551
chr4	138500001	139000000	-0.0980513579200865
chr4	139000001	139500000	-0.0452916493233717
chr4	139500001	140000000	-0.0253574509312272
chr4	140000001	140500000	-0.0716423262768878
chr4	140500001	141000000	-0.101120977625884
chr4	141000001	141500000	-0.17297547261953
chr4	141500001	142000000	-0.0288865089126094
chr4	142000001	142500000	-0.131398679698471
chr4	142500001	143000000	-0.130673090199598
chr4	143000001	143500000	-0.0686993890515124
chr4	143500001	144000000	0.0134507395853532
chr4	144000001	144500000	0.0600918639033063
chr4	144500001	145000000	-0.145699508040418
chr4	145000001	145500000	-0.0725271303659184
chr4	145500001	146000000	-0.143747344755985
chr4	146000001	146500000	-0.0643190475308361
chr4	146500001	147000000	-0.139128473573627
chr4	147000001	147500000	-0.122912465026169
chr4	147500001	148000000	-0.0843805426138098
chr4	148000001	148500000	-0.117229823231246
chr4	148500001	149000000	-0.148748344636524
chr4	149000001	149500000	-0.0421544076964442
chr4	149500001	150000000	-0.117035057042086
chr4	150000001	150500000	-0.209532852301274
chr4	150500001	151000000	-0.0829620153036684
chr4	151000001	151500000	-0.158285814917378
chr4	151500001	152000000	-0.21637472421101
chr4	152000001	152500000	-0.149253061606209
chr4	152500001	153000000	-0.019514578167758
chr4	153000001	153500000	-0.134113509770665
chr4	153500001	154000000	-0.0300038007473615
chr4	154000001	154500000	-0.151384725871514
chr4	154500001	155000000	-0.198547078754535
chr4	155000001	155500000	-0.178209181487328
chr4	155500001	156000000	-0.211376918691524
chr4	156000001	156500000	-0.136832747240659
chr4	156500001	157000000	-0.161209694563878
chr4	157000001	157500000	-0.151337769905602
chr4	157500001	158000000	-0.0818281457259302
chr4	158000001	158500000	-0.0964223647384039
chr4	158500001	159000000	-0.102140593667628
chr4	159000001	159500000	-0.177900135341288
chr4	159500001	160000000	-0.0750030329597067
chr4	160000001	160500000	-0.0835027949771216
chr4	160500001	161000000	-0.143394730835173
chr4	161000001	161500000	-0.160985721913903
chr4	161500001	162000000	-0.12689496644075
chr4	162000001	162500000	-0.161230461322791
chr4	162500001	163000000	-0.210768612921405
chr4	163000001	163500000	-0.17433766468537
chr4	163500001	164000000	-0.100303945623016
chr4	164000001	164500000	-0.203768470629402
chr4	164500001	165000000	-0.113151657013486
chr4	165000001	165500000	-0.15001028532375
chr4	165500001	166000000	-0.134685037963031
chr4	166000001	166500000	-0.16262172349977
chr4	166500001	167000000	-0.134937313588263
chr4	167000001	167500000	-0.148240591600905
chr4	167500001	168000000	-0.129055134668032
chr4	168000001	168500000	0.0273537338995284
chr4	168500001	169000000	-0.137634533082059
chr4	169000001	169500000	-0.120662610995478
chr4	169500001	170000000	-0.11043127153043
chr4	170000001	170500000	-0.104677489583651
chr4	170500001	171000000	-0.14979950509191
chr4	171000001	171500000	-0.125002487653506
chr4	171500001	172000000	-0.161866673099937
chr4	172000001	172500000	-0.064646450550793
chr4	172500001	173000000	-0.110290734291999
chr4	173000001	173500000	-0.0708871493125694
chr4	173500001	174000000	-0.247087477137976
chr4	174000001	174500000	-0.0792596572168037
chr4	174500001	175000000	-0.188995289018347
chr4	175000001	175500000	-0.117174865411315
chr4	175500001	176000000	-0.155707326990328
chr4	176000001	176500000	-0.0873328600560793
chr4	176500001	177000000	-0.190852531052851
chr4	177000001	177500000	-0.268189072704228
chr4	177500001	178000000	-0.121438825679534
chr4	178000001	178500000	-0.108736533387441
chr4	178500001	179000000	-0.0676342657430828
chr4	179000001	179500000	-0.0480111598747949
chr4	179500001	180000000	-0.148024011567967
chr4	180000001	180500000	-0.0510865918201034
chr4	180500001	181000000	-0.112902622680105
chr4	181000001	181500000	-0.203145287614118
chr4	181500001	182000000	-0.23363890518851
chr4	182000001	182500000	-0.328945896765694
chr4	182500001	183000000	-0.178351014337533
chr4	183000001	183500000	-0.146007814207949
chr4	183500001	184000000	-0.0224273900136224
chr4	184000001	184500000	0.0622144177910595
chr4	184500001	185000000	0.158019710121939
chr4	185000001	185500000	-0.0842224257721405
chr4	185500001	186000000	-0.0629087417575982
chr4	186000001	186500000	-0.0679550841822397
chr4	186500001	187000000	-0.113032854585217
chr4	187000001	187500000	0.000761888697060981
chr4	187500001	188000000	-0.0748429018995184
chr4	188000001	188500000	-0.0519929155894478
chr4	188500001	189000000	-0.0973940381916547
chr4	189000001	189500000	-0.0490928307234841
chr5	1	500000	NA
chr5	500001	1000000	0.463500361552862
chr5	1000001	1500000	0.186173244916848
chr5	1500001	2000000	0.283429831607217
chr5	2000001	2500000	0.141464526586553
chr5	2500001	3000000	0.272476216170479
chr5	3000001	3500000	0.290505459617446
chr5	3500001	4000000	0.24966357940089
chr5	4000001	4500000	0.361920100074869
chr5	4500001	5000000	0.261568097048366
chr5	5000001	5500000	0.273459605391317
chr5	5500001	6000000	0.239878979252892
chr5	6000001	6500000	0.255445357533984
chr5	6500001	7000000	0.156437627523661
chr5	7000001	7500000	0.32086939217053
chr5	7500001	8000000	0.233303172387175
chr5	8000001	8500000	0.31782534122844
chr5	8500001	9000000	0.245985467180852
chr5	9000001	9500000	0.236299987697184
chr5	9500001	10000000	0.162305605464819
chr5	10000001	10500000	0.29597795824968
chr5	10500001	11000000	0.351425198624023
chr5	11000001	11500000	0.141306220921486
chr5	11500001	12000000	0.183295860919653
chr5	12000001	12500000	0.242802273213701
chr5	12500001	13000000	0.289636731777695
chr5	13000001	13500000	0.287964513761332
chr5	13500001	14000000	0.257632270432351
chr5	14000001	14500000	0.166427148651504
chr5	14500001	15000000	0.221418757879063
chr5	15000001	15500000	0.197062930421466
chr5	15500001	16000000	0.25728656028785
chr5	16000001	16500000	0.304196598573521
chr5	16500001	17000000	0.224624144452752
chr5	17000001	17500000	0.306484743281623
chr5	17500001	18000000	NA
chr5	18000001	18500000	0.32293225037717
chr5	18500001	19000000	0.247450971616628
chr5	19000001	19500000	0.296215430577101
chr5	19500001	20000000	0.329478649141001
chr5	20000001	20500000	0.237957840942663
chr5	20500001	21000000	0.307130193973453
chr5	21500001	22000000	0.370754265135299
chr5	22000001	22500000	0.278747791317475
chr5	22500001	23000000	0.287723627322191
chr5	23000001	23500000	0.261519839775771
chr5	23500001	24000000	0.284177433671194
chr5	24000001	24500000	0.316923566531227
chr5	24500001	25000000	0.228220116787349
chr5	25000001	25500000	0.25979964505219
chr5	25500001	26000000	0.38058534993228
chr5	26000001	26500000	0.313123051933772
chr5	26500001	27000000	0.322439922131668
chr5	27000001	27500000	0.359929750697244
chr5	27500001	28000000	0.207790652283961
chr5	28000001	28500000	0.324989516062591
chr5	28500001	29000000	0.311202663881262
chr5	29000001	29500000	0.310028257339622
chr5	29500001	30000000	0.306553283365015
chr5	30000001	30500000	0.342665347418828
chr5	30500001	31000000	0.310421651120985
chr5	31000001	31500000	0.262428968060177
chr5	31500001	32000000	0.295965967626887
chr5	32000001	32500000	0.312277056177966
chr5	32500001	33000000	0.40026406182624
chr5	33000001	33500000	0.364518605813812
chr5	33500001	34000000	0.318222805498517
chr5	34500001	35000000	0.0675831093045978
chr5	35000001	35500000	0.261396018903974
chr5	35500001	36000000	0.250524436322024
chr5	36000001	36500000	0.24952452321444
chr5	36500001	37000000	0.255424540125417
chr5	37000001	37500000	0.32063252734096
chr5	37500001	38000000	0.298191329975908
chr5	38000001	38500000	0.166005370257214
chr5	38500001	39000000	0.145350946558401
chr5	39000001	39500000	0.199820557738933
chr5	39500001	40000000	0.145656796188285
chr5	40000001	40500000	0.166722685223293
chr5	40500001	41000000	0.17556926973394
chr5	41000001	41500000	0.139447100019629
chr5	41500001	42000000	0.0810522597327937
chr5	42000001	42500000	0.188543208580272
chr5	42500001	43000000	0.142404205428703
chr5	43000001	43500000	0.139114021392862
chr5	43500001	44000000	0.12699980166181
chr5	44000001	44500000	0.139818553230941
chr5	44500001	45000000	0.123505936495934
chr5	45000001	45500000	0.159227449571681
chr5	51500001	52000000	-0.257103439347436
chr5	52000001	52500000	-0.265484925113284
chr5	52500001	53000000	-0.166465167547567
chr5	53000001	53500000	0.0854628375170622
chr5	53500001	54000000	0.169148578405839
chr5	54000001	54500000	0.070681511947412
chr5	54500001	55000000	-0.146095127224438
chr5	55000001	55500000	-0.196693662364214
chr5	55500001	56000000	-0.183310627847783
chr5	56000001	56500000	-0.116715434379179
chr5	56500001	57000000	-0.0716158227880888
chr5	57000001	57500000	-0.145465983483526
chr5	57500001	58000000	-0.0844378186130725
chr5	58000001	58500000	-0.192911949566201
chr5	58500001	59000000	-0.16014251173744
chr5	59000001	59500000	-0.120607541448223
chr5	59500001	60000000	-0.206215572262886
chr5	60000001	60500000	-0.114120635054474
chr5	60500001	61000000	-0.209996273666215
chr5	61000001	61500000	-0.105491683675373
chr5	61500001	62000000	-0.179605578776203
chr5	62000001	62500000	-0.262426340105018
chr5	62500001	63000000	-0.161896567743331
chr5	63000001	63500000	-0.240062117227201
chr5	63500001	64000000	-0.208605933571598
chr5	64000001	64500000	-0.149340400909714
chr5	64500001	65000000	-0.199497104066659
chr5	65000001	65500000	-0.300486533779948
chr5	65500001	66000000	-0.15792054859503
chr5	66000001	66500000	-0.143377123792082
chr5	66500001	67000000	-0.167094578628692
chr5	67000001	67500000	-0.202327584361439
chr5	67500001	68000000	-0.211010447189394
chr5	68000001	68500000	-0.130517751933357
chr5	68500001	69000000	-0.23156204076594
chr5	69000001	69500000	-0.178737949453059
chr5	71500001	72000000	-0.281579448075872
chr5	72000001	72500000	-0.149543841049402
chr5	72500001	73000000	-0.224920402383359
chr5	73000001	73500000	-0.107315462862733
chr5	73500001	74000000	-0.237779105961418
chr5	74000001	74500000	-0.151292599606812
chr5	74500001	75000000	-0.150007347291357
chr5	75000001	75500000	-0.192058464040717
chr5	75500001	76000000	-0.168108826617886
chr5	76000001	76500000	-0.12683619546264
chr5	76500001	77000000	-0.244974950831986
chr5	77000001	77500000	-0.189549718033621
chr5	77500001	78000000	-0.217172081607198
chr5	78000001	78500000	-0.159059808323017
chr5	78500001	79000000	-0.167579261869359
chr5	79000001	79500000	-0.218300396857879
chr5	79500001	80000000	-0.143766754650483
chr5	80000001	80500000	-0.196382234626463
chr5	80500001	81000000	-0.191948988907431
chr5	81000001	81500000	-0.161085475248081
chr5	81500001	82000000	-0.193071942779079
chr5	82000001	82500000	-0.153428633368025
chr5	82500001	83000000	-0.180542672653352
chr5	83000001	83500000	-0.151237540801152
chr5	83500001	84000000	-0.165894255432119
chr5	84000001	84500000	-0.226317645786276
chr5	84500001	85000000	-0.25971347816443
chr5	85000001	85500000	-0.276423737092005
chr5	85500001	86000000	-0.264398597336878
chr5	86000001	86500000	-0.195733543088437
chr5	86500001	87000000	-0.223319162339125
chr5	87000001	87500000	-0.129611491925829
chr5	87500001	88000000	-0.202144019112846
chr5	88000001	88500000	-0.187453741179656
chr5	88500001	89000000	-0.1827674774211
chr5	89000001	89500000	-0.159428217404183
chr5	89500001	90000000	-0.216598762403159
chr5	90000001	90500000	-0.254566454480101
chr5	90500001	91000000	-0.21023399431339
chr5	91000001	91500000	-0.102416215156776
chr5	91500001	92000000	-0.20236081663886
chr5	92000001	92500000	-0.152517038063212
chr5	92500001	93000000	-0.219503408516532
chr5	93000001	93500000	-0.2773115173866
chr5	93500001	94000000	-0.141978846648395
chr5	94000001	94500000	-0.149131831337552
chr5	94500001	95000000	-0.116280490154224
chr5	95000001	95500000	-0.164296856180742
chr5	95500001	96000000	-0.178193132969133
chr5	96000001	96500000	-0.177673738477438
chr5	96500001	97000000	-0.192775125033298
chr5	97000001	97500000	-0.267221306544317
chr5	97500001	98000000	-0.244888286203482
chr5	98000001	98500000	-0.190435600248916
chr5	98500001	99000000	-0.242881885781093
chr5	99000001	99500000	-0.215871909010088
chr5	99500001	100000000	-0.256557009004423
chr5	100000001	100500000	-0.208348443758192
chr5	100500001	101000000	-0.06560097841563
chr5	101000001	101500000	-0.109382649163231
chr5	101500001	102000000	-0.289046347879401
chr5	102000001	102500000	-0.212811137771398
chr5	102500001	103000000	-0.246770760759152
chr5	103000001	103500000	-0.171061226385103
chr5	103500001	104000000	-0.255414798666818
chr5	104000001	104500000	-0.173053552461599
chr5	104500001	105000000	-0.191327608234115
chr5	105000001	105500000	-0.252066721687312
chr5	105500001	106000000	-0.273408872470612
chr5	106000001	106500000	-0.224495032027657
chr5	106500001	107000000	8.14142580920045e-05
chr5	107000001	107500000	0.109193760844742
chr5	107500001	108000000	0.0254005697155838
chr5	108000001	108500000	-0.122987155216629
chr5	108500001	109000000	-0.187977205795782
chr5	109000001	109500000	-0.116394463331934
chr5	109500001	110000000	-0.162171787653545
chr5	110000001	110500000	-0.1431958479658
chr5	110500001	111000000	-0.234490043542287
chr5	111000001	111500000	-0.206743140862234
chr5	111500001	112000000	-0.224589396787012
chr5	112000001	112500000	-0.267433910263295
chr5	112500001	113000000	-0.0806116182554466
chr5	113000001	113500000	-0.178403420151381
chr5	113500001	114000000	-0.19705454752751
chr5	114000001	114500000	-0.179971271909953
chr5	114500001	115000000	-0.147187341779622
chr5	115000001	115500000	-0.218336495585694
chr5	115500001	116000000	-0.175401426771183
chr5	116000001	116500000	-0.0504646790636306
chr5	116500001	117000000	-0.227464489035744
chr5	117000001	117500000	-0.205311873682349
chr5	117500001	118000000	-0.177370692550308
chr5	118000001	118500000	-0.18506776730435
chr5	118500001	119000000	-0.215234104545957
chr5	119000001	119500000	-0.144258943746151
chr5	119500001	120000000	-0.195392759342103
chr5	120000001	120500000	-0.193098218837465
chr5	120500001	121000000	-0.305128883303406
chr5	121000001	121500000	-0.138030246576798
chr5	121500001	122000000	-0.133338555571132
chr5	122000001	122500000	-0.158612133388829
chr5	122500001	123000000	-0.126338871186118
chr5	123000001	123500000	-0.182334190348866
chr5	123500001	124000000	-0.220424365113184
chr5	124000001	124500000	-0.169252990470714
chr5	124500001	125000000	-0.167694402400949
chr5	125000001	125500000	-0.251720448971927
chr5	125500001	126000000	-0.169452497886587
chr5	126000001	126500000	-0.193308187159619
chr5	126500001	127000000	-0.233039783476628
chr5	127000001	127500000	-0.176565530542744
chr5	127500001	128000000	-0.16632405126705
chr5	128000001	128500000	-0.184653096116152
chr5	128500001	129000000	-0.147356834078117
chr5	129000001	129500000	-0.188229159603721
chr5	129500001	130000000	-0.217004710590052
chr5	130000001	130500000	-0.240478620268505
chr5	130500001	131000000	-0.135145055446337
chr5	131000001	131500000	-0.156246015537261
chr5	131500001	132000000	-0.10527686956488
chr5	132000001	132500000	-0.078710834857549
chr5	132500001	133000000	-0.191469027341373
chr5	133000001	133500000	-0.202070759029534
chr5	133500001	134000000	-0.266521281858684
chr5	134000001	134500000	-0.159553850587688
chr5	134500001	135000000	-0.176416010720652
chr5	135000001	135500000	-0.170660932547747
chr5	135500001	136000000	-0.263577457261355
chr5	136000001	136500000	-0.235974420519455
chr5	136500001	137000000	-0.118182143470386
chr5	137000001	137500000	-0.231488200279271
chr5	137500001	138000000	0.0108636314690634
chr5	138000001	138500000	-0.0559035411418201
chr5	138500001	139000000	-0.0400032508379373
chr5	139000001	139500000	NA
chr5	139500001	140000000	-0.0803214398034511
chr5	140000001	140500000	-0.0218344988515889
chr5	140500001	141000000	-0.00776574674473504
chr5	141000001	141500000	0.0301037607521887
chr5	141500001	142000000	-0.0223801075227486
chr5	142000001	142500000	-0.0438853818786038
chr5	142500001	143000000	0.0279339676589683
chr5	143000001	143500000	0.0675958944178439
chr5	143500001	144000000	-0.0279852294399349
chr5	144000001	144500000	-0.131758090661175
chr5	144500001	145000000	0.0635856379238411
chr5	145000001	145500000	0.0175717682148387
chr5	145500001	146000000	0.026342001206335
chr5	146000001	146500000	-0.109235883767238
chr5	146500001	147000000	-0.0801391143539806
chr5	147000001	147500000	-0.0413198070241474
chr5	147500001	148000000	0.00292469723401947
chr5	148000001	148500000	0.0322266160052241
chr5	148500001	149000000	0.0695699466446649
chr5	149000001	149500000	-0.0327004764270405
chr5	149500001	150000000	0.0397266913739236
chr5	150000001	150500000	0.0790618429971956
chr5	150500001	151000000	0.0748163417705638
chr5	151000001	151500000	0.0417176799414662
chr5	151500001	152000000	0.00758124906197425
chr5	152000001	152500000	-0.0937710907273872
chr5	152500001	153000000	-0.0424347998245544
chr5	153000001	153500000	-0.0544867613892845
chr5	153500001	154000000	-0.112060271067602
chr5	154000001	154500000	-0.00878938887607461
chr5	154500001	155000000	-0.0651242725000927
chr5	155000001	155500000	-0.0209109710996975
chr5	155500001	156000000	NA
chr5	156000001	156500000	0.0612946241500405
chr5	156500001	157000000	-0.0347052542202118
chr5	157000001	157500000	0.0557136992315181
chr5	157500001	158000000	0.0804831834490815
chr5	158000001	158500000	0.0676466541229265
chr5	158500001	159000000	0.00359795622838502
chr5	159000001	159500000	0.0305151657367802
chr5	159500001	160000000	0.0112979533588798
chr5	160000001	160500000	0.0365528340461721
chr5	160500001	161000000	0.101815419758717
chr5	161000001	161500000	0.105166729483282
chr5	161500001	162000000	-0.0240568461308044
chr5	162000001	162500000	-0.0289069181555126
chr5	162500001	163000000	0.0302102312380504
chr5	163000001	163500000	-0.161857026255356
chr5	163500001	164000000	-0.0637709537730247
chr5	164000001	164500000	-0.0937224071726387
chr5	164500001	165000000	-0.156460650766675
chr5	165000001	165500000	-0.0538987313118365
chr5	165500001	166000000	-0.118217068931694
chr5	166000001	166500000	0.0858842858323835
chr5	166500001	167000000	-0.0194767847439114
chr5	167000001	167500000	0.101822573243781
chr5	167500001	168000000	-0.0580949370426051
chr5	168000001	168500000	-0.151852210319195
chr5	168500001	169000000	-0.0622702682747035
chr5	169000001	169500000	-0.0513021866385019
chr5	169500001	170000000	0.0915031455739257
chr5	170000001	170500000	0.082078010446829
chr5	170500001	171000000	0.100428284187329
chr5	171000001	171500000	-0.00124304438204592
chr5	171500001	172000000	0.151117149950429
chr5	172000001	172500000	0.141723890841328
chr5	172500001	173000000	0.108859683012815
chr5	173000001	173500000	-0.0490078195936428
chr5	173500001	174000000	0.0760586704492958
chr5	174000001	174500000	-0.0457473621472271
chr5	174500001	175000000	-0.0624413950369467
chr5	175000001	175500000	-0.0346347631994096
chr5	175500001	176000000	-0.00596905522856771
chr5	176500001	177000000	0.0466364493743965
chr5	177000001	177500000	0.146232012701375
chr5	178000001	178500000	0.0742848997379048
chr5	178500001	179000000	0.0396723273187384
chr5	179000001	179500000	-0.0626841069694808
chr5	179500001	180000000	0.0909783695581678
chr5	180000001	180500000	-0.0329120310113551
chr5	180500001	181000000	0.0279535136239643
chr6	500001	1000000	0.12448101489035
chr6	1000001	1500000	0.0719807869690529
chr6	1500001	2000000	0.0991161777362041
chr6	2000001	2500000	0.119860330637112
chr6	2500001	3000000	0.185625485894838
chr6	3000001	3500000	0.127308685746958
chr6	3500001	4000000	0.0792864826077849
chr6	4000001	4500000	0.164182605768743
chr6	4500001	5000000	0.0680144281835573
chr6	5000001	5500000	0.112964358100684
chr6	5500001	6000000	0.147615588091913
chr6	6000001	6500000	0.158371179026902
chr6	6500001	7000000	0.15452059547942
chr6	7000001	7500000	0.0287996578830343
chr6	7500001	8000000	-0.0369536799380362
chr6	8000001	8500000	0.0612719926764428
chr6	8500001	9000000	0.0413346364125109
chr6	9000001	9500000	0.0995457713365332
chr6	9500001	10000000	0.057345344708256
chr6	10000001	10500000	0.0667851521691309
chr6	10500001	11000000	0.11209394242244
chr6	11000001	11500000	0.166980349317324
chr6	11500001	12000000	0.153855379652277
chr6	12000001	12500000	0.104969739301123
chr6	12500001	13000000	0.0814605863723751
chr6	13000001	13500000	0.147136779951587
chr6	13500001	14000000	0.114735834603023
chr6	14000001	14500000	0.108363047942956
chr6	14500001	15000000	0.158537766516331
chr6	15000001	15500000	0.106703280191933
chr6	15500001	16000000	0.110516993850168
chr6	16000001	16500000	0.11014186284363
chr6	16500001	17000000	0.182614393413041
chr6	17000001	17500000	0.0135686481251534
chr6	17500001	18000000	0.101996816913027
chr6	18000001	18500000	0.146029626321937
chr6	18500001	19000000	0.0634964636180345
chr6	19000001	19500000	0.119877070500755
chr6	19500001	20000000	0.0781962211117186
chr6	20000001	20500000	0.226445330041272
chr6	20500001	21000000	0.102952418677068
chr6	21000001	21500000	0.0794164194706664
chr6	21500001	22000000	0.106272718749166
chr6	22000001	22500000	0.18539384172988
chr6	22500001	23000000	0.111178951365891
chr6	23000001	23500000	0.105379391940461
chr6	23500001	24000000	0.0172502697199412
chr6	24000001	24500000	-0.0928490613304102
chr6	24500001	25000000	0.142776141620111
chr6	25000001	25500000	0.0236637882075068
chr6	25500001	26000000	-0.0123874769221563
chr6	26000001	26500000	0.0923810513244977
chr6	27000001	27500000	-0.00949018238253908
chr6	27500001	28000000	-0.0158518732813349
chr6	28000001	28500000	-0.0632581484154216
chr6	28500001	29000000	-0.0480786144643658
chr6	29000001	29500000	-0.0660902100024836
chr6	29500001	30000000	-0.0897078172739376
chr6	30000001	30500000	-0.0188279954039508
chr6	30500001	31000000	0.0473805150643556
chr6	31000001	31500000	0.0191313710254352
chr6	31500001	32000000	0.212654963032806
chr6	32000001	32500000	0.0745596871323782
chr6	32500001	33000000	0.193077909586463
chr6	33000001	33500000	0.0335325297131935
chr6	33500001	34000000	0.00243579478384449
chr6	34000001	34500000	-0.0487228769341226
chr6	34500001	35000000	-0.0243460775763993
chr6	35000001	35500000	0.0733170647518074
chr6	35500001	36000000	0.129430081727936
chr6	36000001	36500000	0.157643079140791
chr6	36500001	37000000	0.0742806591974957
chr6	37000001	37500000	0.152530992948109
chr6	37500001	38000000	0.0342656985060064
chr6	38000001	38500000	-0.029571544523813
chr6	38500001	39000000	-0.0791172961579032
chr6	39000001	39500000	0.179597959436819
chr6	39500001	40000000	0.0400396802136876
chr6	40000001	40500000	-0.0435185379414398
chr6	40500001	41000000	-0.0944086667116778
chr6	41000001	41500000	0.0597811082682325
chr6	41500001	42000000	0.00741323903093707
chr6	42000001	42500000	0.0272308948149461
chr6	42500001	43000000	0.00218297806126649
chr6	43000001	43500000	-0.00575053988607122
chr6	43500001	44000000	0.0942873548924825
chr6	44000001	44500000	0.129420306741147
chr6	44500001	45000000	0.00279681148687996
chr6	45000001	45500000	0.100343578300751
chr6	45500001	46000000	0.119613290035256
chr6	46000001	46500000	0.026719107773888
chr6	46500001	47000000	0.0147135215316095
chr6	47000001	47500000	0.056572036800016
chr6	47500001	48000000	0.0112721257801724
chr6	48000001	48500000	0.141103493271763
chr6	48500001	49000000	0.0628802927243704
chr6	49000001	49500000	-0.0263759890584815
chr6	49500001	50000000	0.0913518040265812
chr6	50000001	50500000	0.0776783799143475
chr6	50500001	51000000	0.0533863281684403
chr6	51000001	51500000	0.116516781809782
chr6	51500001	52000000	0.0972368690410174
chr6	52000001	52500000	0.112774926371192
chr6	52500001	53000000	0.137648352791933
chr6	53000001	53500000	0.241642691125856
chr6	53500001	54000000	0.0320344130013562
chr6	54000001	54500000	0.0765112662041709
chr6	54500001	55000000	-0.0343319310176246
chr6	55000001	55500000	0.0436496866460705
chr6	55500001	56000000	0.0167230143949949
chr6	56000001	56500000	-0.0281218696951292
chr6	56500001	57000000	0.0914308074333943
chr6	57000001	57500000	0.207574214501473
chr6	63000001	63500000	0.0603697600602561
chr6	63500001	64000000	0.177827579691038
chr6	64000001	64500000	0.0798671034292172
chr6	64500001	65000000	0.134693902711876
chr6	65000001	65500000	-0.0216195622617656
chr6	65500001	66000000	0.0199002049907818
chr6	66000001	66500000	0.136900325904276
chr6	66500001	67000000	0.0850260772286338
chr6	67000001	67500000	NA
chr6	67500001	68000000	0.15301209327753
chr6	68000001	68500000	0.0973133836227719
chr6	68500001	69000000	0.0787213171475526
chr6	69000001	69500000	0.00838687389092855
chr6	69500001	70000000	0.077253684053215
chr6	70000001	70500000	0.0556171181000449
chr6	70500001	71000000	0.115053276308144
chr6	71000001	71500000	0.144072316861489
chr6	71500001	72000000	0.108874825621489
chr6	72000001	72500000	-0.0203265372963865
chr6	72500001	73000000	0.11296855144605
chr6	73000001	73500000	-0.144068600733576
chr6	73500001	74000000	-0.221798065596312
chr6	74000001	74500000	-0.00023580510539673
chr6	74500001	75000000	0.00571642771183913
chr6	75000001	75500000	-0.0586307800334832
chr6	75500001	76000000	-0.0214109406248136
chr6	76000001	76500000	-0.0371032934146873
chr6	76500001	77000000	0.0464163339383718
chr6	77000001	77500000	-0.000373578178088207
chr6	77500001	78000000	0.0182224183393963
chr6	78000001	78500000	0.0127011886282666
chr6	78500001	79000000	0.00986939877501718
chr6	79000001	79500000	-0.00347602784485619
chr6	79500001	80000000	-0.0552050667720508
chr6	80000001	80500000	0.0214791298143208
chr6	80500001	81000000	0.014673496636438
chr6	81000001	81500000	-0.0276929557822056
chr6	81500001	82000000	0.0203731206863075
chr6	82000001	82500000	-0.0838840782678842
chr6	82500001	83000000	-0.00827908219864613
chr6	83000001	83500000	-0.0153272186898769
chr6	83500001	84000000	0.0242141356501452
chr6	84000001	84500000	0.00226691592067637
chr6	84500001	85000000	-0.0405267037572126
chr6	85000001	85500000	0.023823748554934
chr6	85500001	86000000	-0.0764445060093084
chr6	86000001	86500000	-0.0232332519206709
chr6	86500001	87000000	-0.0297380264049068
chr6	87000001	87500000	0.016723161621539
chr6	87500001	88000000	-0.038826398198419
chr6	88000001	88500000	-0.0654379219473746
chr6	88500001	89000000	0.0935811317104228
chr6	89000001	89500000	0.0426792712288864
chr6	89500001	90000000	-0.0503806154174023
chr6	90000001	90500000	-0.020858760430127
chr6	90500001	91000000	-0.0550347926143776
chr6	91000001	91500000	0.0170689557481869
chr6	91500001	92000000	-0.0464378670340797
chr6	92000001	92500000	-0.0199802911586746
chr6	92500001	93000000	-0.0257471626289835
chr6	93000001	93500000	-0.0883651353798282
chr6	93500001	94000000	-0.0588438822166778
chr6	94000001	94500000	-0.0695021146184375
chr6	94500001	95000000	0.0162155664972863
chr6	95000001	95500000	NA
chr6	95500001	96000000	-0.00497275838166531
chr6	96000001	96500000	-0.0463399649508131
chr6	96500001	97000000	-0.0191418740899949
chr6	97000001	97500000	-0.102773837937739
chr6	97500001	98000000	-0.0543712795383511
chr6	98000001	98500000	-0.0693854978697232
chr6	98500001	99000000	-0.109952219806675
chr6	99000001	99500000	-0.0775190892228134
chr6	99500001	100000000	-0.060685011058408
chr6	100000001	100500000	0.00899187928687648
chr6	100500001	101000000	-0.0198281795869551
chr6	101000001	101500000	-0.071138722150322
chr6	101500001	102000000	-0.0922922833249583
chr6	102000001	102500000	-0.0269756297451033
chr6	102500001	103000000	-0.0698138858447262
chr6	103000001	103500000	-0.106459223228691
chr6	103500001	104000000	-0.0628086089234772
chr6	104000001	104500000	-0.177138875055222
chr6	104500001	105000000	-0.0683765099680731
chr6	105000001	105500000	-0.148319462347218
chr6	105500001	106000000	0.00327440946814978
chr6	106000001	106500000	-0.024671140745354
chr6	106500001	107000000	0.0482868203260386
chr6	107000001	107500000	-0.0446102361154278
chr6	107500001	108000000	-0.0108960463895046
chr6	108000001	108500000	-0.0492273207485971
chr6	108500001	109000000	0.0979042528860189
chr6	109000001	109500000	0.0634752384655082
chr6	109500001	110000000	0.0713415937229576
chr6	110000001	110500000	-0.0127132383527073
chr6	110500001	111000000	-0.0121916927358031
chr6	111000001	111500000	-0.0919006118431003
chr6	111500001	112000000	-0.0363957364823263
chr6	112000001	112500000	-0.0515104922691294
chr6	112500001	113000000	0.00242906342206153
chr6	113000001	113500000	-0.056774120737182
chr6	113500001	114000000	0.0423994093704446
chr6	114000001	114500000	-0.126741068200928
chr6	114500001	115000000	0.0743549877798266
chr6	115000001	115500000	NA
chr6	115500001	116000000	-0.11814577355956
chr6	116000001	116500000	0.0680988568338459
chr6	116500001	117000000	-0.150219280135048
chr6	117000001	117500000	-0.0512958628591648
chr6	117500001	118000000	-0.0341306323337075
chr6	118000001	118500000	-0.0836702849517326
chr6	118500001	119000000	0.0274603581183428
chr6	119000001	119500000	0.000385708156720885
chr6	119500001	120000000	-0.0996842331626926
chr6	120000001	120500000	-0.0536460539489595
chr6	120500001	121000000	-0.0978357610268485
chr6	121000001	121500000	-0.104268497374494
chr6	121500001	122000000	0.0129619133983265
chr6	122000001	122500000	-0.0683884620812166
chr6	122500001	123000000	-0.0612194055368666
chr6	123000001	123500000	-0.0715595975815957
chr6	123500001	124000000	-0.0791968900116939
chr6	124000001	124500000	-0.0640236130540709
chr6	124500001	125000000	-0.00926547403105723
chr6	125000001	125500000	-0.0259661765174534
chr6	125500001	126000000	-0.0229656399297189
chr6	126000001	126500000	-0.00495536211815167
chr6	126500001	127000000	-0.0556011854490024
chr6	127000001	127500000	-0.0232331057106267
chr6	127500001	128000000	-0.140457957969216
chr6	128000001	128500000	-0.0938562834121324
chr6	128500001	129000000	-0.0192834442882585
chr6	129000001	129500000	-0.0271191508904013
chr6	129500001	130000000	-0.0130504188735365
chr6	130000001	130500000	-0.0946341831525076
chr6	130500001	131000000	-0.0531386392761894
chr6	131000001	131500000	-0.118603608249748
chr6	131500001	132000000	-0.0562397874344015
chr6	132000001	132500000	-0.0593642123229555
chr6	132500001	133000000	0.00512777483843347
chr6	133000001	133500000	-0.0693240210237192
chr6	133500001	134000000	-0.0796565710085585
chr6	134000001	134500000	-0.0177028899459432
chr6	134500001	135000000	-0.0662128534254213
chr6	135000001	135500000	-0.0383723928920793
chr6	135500001	136000000	-0.0023971858795987
chr6	136000001	136500000	-0.0924872694579399
chr6	136500001	137000000	0.0201473484070018
chr6	137000001	137500000	-0.0197451917267943
chr6	137500001	138000000	0.0184473090641243
chr6	138000001	138500000	0.0202735694344712
chr6	138500001	139000000	-0.0758628962657992
chr6	139000001	139500000	0.0110731241495295
chr6	139500001	140000000	-0.0647812948576386
chr6	140000001	140500000	0.0813690055049957
chr6	140500001	141000000	0.045035483753719
chr6	141000001	141500000	-0.0637212268784504
chr6	141500001	142000000	-0.0185128913096615
chr6	142000001	142500000	-0.0647580583693924
chr6	142500001	143000000	0.0127804528973247
chr6	143000001	143500000	-0.0443924460502169
chr6	143500001	144000000	-0.0605559600296813
chr6	144000001	144500000	0.0247911302249722
chr6	144500001	145000000	-0.00369412036154397
chr6	145000001	145500000	-0.0150486419300429
chr6	145500001	146000000	-0.012876761837981
chr6	146000001	146500000	-0.036976202637711
chr6	146500001	147000000	-0.0606187095484581
chr6	147000001	147500000	-0.0272874157974304
chr6	147500001	148000000	-0.0624611183999759
chr6	148000001	148500000	-0.107141692196925
chr6	148500001	149000000	-0.0271726333199773
chr6	149000001	149500000	-0.0505135018700944
chr6	149500001	150000000	0.0468417493393315
chr6	150000001	150500000	-0.0658979524104576
chr6	150500001	151000000	-0.121792778043046
chr6	151000001	151500000	-0.0560490463172172
chr6	151500001	152000000	-0.0356820515559843
chr6	152000001	152500000	-0.0326498186310634
chr6	152500001	153000000	-0.0767484376512453
chr6	153000001	153500000	-0.150074966558509
chr6	153500001	154000000	-0.120043544712386
chr6	154000001	154500000	-0.0434405751877378
chr6	154500001	155000000	-0.0519247498416084
chr6	155000001	155500000	-0.103626616925167
chr6	155500001	156000000	0.065493214868015
chr6	156000001	156500000	0.0320493039726417
chr6	156500001	157000000	-0.0158474265492221
chr6	157000001	157500000	0.0731379161582883
chr6	157500001	158000000	0.0216250399313798
chr6	158000001	158500000	0.131347955379082
chr6	158500001	159000000	0.115741122412286
chr6	159000001	159500000	0.0889756309982589
chr6	159500001	160000000	0.103720070496635
chr6	160000001	160500000	0.0591416226139317
chr6	160500001	161000000	-0.0171052081344157
chr6	161000001	161500000	0.114118826732364
chr6	161500001	162000000	-0.0360323530760628
chr6	162000001	162500000	0.0131527967368163
chr6	162500001	163000000	0.00112602015781112
chr6	163000001	163500000	0.0356066490712585
chr6	163500001	164000000	0.0493310299343991
chr6	164000001	164500000	-0.000113382721264557
chr6	164500001	165000000	0.0574283174684027
chr6	165000001	165500000	0.00362577519569537
chr6	165500001	166000000	-0.0984947604810571
chr6	166000001	166500000	0.052231114202664
chr6	166500001	167000000	0.132051612063554
chr6	167000001	167500000	-0.0783471062393214
chr6	167500001	168000000	NA
chr6	168000001	168500000	-0.132883160962988
chr6	168500001	169000000	-0.140487975797928
chr6	169000001	169500000	-0.048691194690546
chr6	169500001	170000000	-0.0848579958087929
chr6	170000001	170500000	-0.048566266359659
chr7	1	500000	NA
chr7	500001	1000000	-0.133867121610182
chr7	1000001	1500000	-0.0638572767206524
chr7	1500001	2000000	-0.0563329142494374
chr7	2000001	2500000	-0.141516868005931
chr7	2500001	3000000	-0.0182015395465353
chr7	3000001	3500000	-0.105400196957561
chr7	3500001	4000000	-0.186475827061109
chr7	4000001	4500000	-0.196230333273674
chr7	4500001	5000000	-0.114747456859451
chr7	5000001	5500000	-0.0796095857679388
chr7	5500001	6000000	-0.231013367552832
chr7	6000001	6500000	-0.0562156199036637
chr7	7000001	7500000	-0.0955921697475388
chr7	7500001	8000000	-0.0206305326595994
chr7	8000001	8500000	-0.0864678117257511
chr7	8500001	9000000	-0.0710924893331391
chr7	9000001	9500000	-0.0208633415757119
chr7	9500001	10000000	-0.066383442798611
chr7	10000001	10500000	-0.0690066709021119
chr7	10500001	11000000	-0.136315769888468
chr7	11000001	11500000	0.0289683836474899
chr7	11500001	12000000	0.0925270634813304
chr7	12000001	12500000	-0.0103811234428088
chr7	12500001	13000000	-0.000522409470937738
chr7	13000001	13500000	0.0236353814380892
chr7	13500001	14000000	0.0395752853927289
chr7	14000001	14500000	-8.57673851578644e-05
chr7	14500001	15000000	0.109491747381059
chr7	15000001	15500000	0.0749880503629577
chr7	15500001	16000000	0.0246438395843404
chr7	16000001	16500000	-0.0143066892279579
chr7	16500001	17000000	0.0854571084093954
chr7	17000001	17500000	0.086922138941931
chr7	17500001	18000000	0.125779609237784
chr7	18000001	18500000	0.11371443124801
chr7	18500001	19000000	0.01632640834558
chr7	19000001	19500000	0.00814652331268348
chr7	19500001	20000000	0.0682766843430202
chr7	20000001	20500000	0.0217935596907359
chr7	20500001	21000000	0.0362850183109482
chr7	21000001	21500000	0.0635386675415216
chr7	21500001	22000000	0.0585289322710928
chr7	22000001	22500000	0.02712472724441
chr7	22500001	23000000	0.0624025754275908
chr7	23000001	23500000	0.0742672667773609
chr7	23500001	24000000	0.0175463853035169
chr7	24000001	24500000	0.000429246832771651
chr7	24500001	25000000	0.0806482390956765
chr7	25000001	25500000	0.0350712148226473
chr7	25500001	26000000	0.0643438807416875
chr7	26000001	26500000	0.10852466366706
chr7	26500001	27000000	0.106366672185501
chr7	27000001	27500000	-0.0209145627815661
chr7	27500001	28000000	0.143394545479299
chr7	28000001	28500000	0.147774610158171
chr7	28500001	29000000	0.107981166622333
chr7	29000001	29500000	0.0680192639038155
chr7	29500001	30000000	0.20540520443884
chr7	30000001	30500000	0.0787291761546926
chr7	30500001	31000000	0.0945985646572122
chr7	31000001	31500000	0.0263994243923253
chr7	31500001	32000000	0.118750954591854
chr7	32000001	32500000	0.0354528708067937
chr7	32500001	33000000	0.167115341287507
chr7	33000001	33500000	0.0146687177157863
chr7	33500001	34000000	0.044120715455562
chr7	34000001	34500000	0.0521655753216961
chr7	34500001	35000000	0.0706164599948973
chr7	35000001	35500000	0.192779096823319
chr7	35500001	36000000	0.108813362640889
chr7	36000001	36500000	0.0977662868886731
chr7	36500001	37000000	0.168770422738396
chr7	37000001	37500000	0.174983660149972
chr7	37500001	38000000	0.223579885744489
chr7	38000001	38500000	0.17174981273899
chr7	38500001	39000000	0.0498022354652763
chr7	39000001	39500000	0.0218216585993658
chr7	39500001	40000000	0.103353476854631
chr7	40000001	40500000	0.018065385475252
chr7	40500001	41000000	0.123532423054006
chr7	41000001	41500000	0.0706549504801386
chr7	41500001	42000000	0.106361925498565
chr7	42000001	42500000	0.0109420879782825
chr7	42500001	43000000	0.0281627104051284
chr7	43000001	43500000	-0.0200510768817591
chr7	43500001	44000000	0.103533199992262
chr7	44000001	44500000	-0.133159704030572
chr7	44500001	45000000	-0.0483175228086121
chr7	45000001	45500000	-0.0995316825185377
chr7	45500001	46000000	-0.0175597907070896
chr7	46000001	46500000	-0.0308383073794829
chr7	46500001	47000000	-0.150307602378026
chr7	47000001	47500000	-0.0575192994492329
chr7	47500001	48000000	-0.162327507065961
chr7	48000001	48500000	-0.0372053195651696
chr7	48500001	49000000	-0.0677391442349404
chr7	49000001	49500000	-0.132926212779948
chr7	49500001	50000000	-0.026251826203859
chr7	50000001	50500000	-0.0335532209460105
chr7	50500001	51000000	0.0127226873171521
chr7	51000001	51500000	-0.0871962459255314
chr7	51500001	52000000	-0.0523973120743867
chr7	52000001	52500000	-0.0403050017876695
chr7	52500001	53000000	0.0268440091411814
chr7	53000001	53500000	0.127314211971385
chr7	53500001	54000000	0.0966681044874556
chr7	54000001	54500000	0.0786846713145112
chr7	54500001	55000000	0.0503727584013877
chr7	55000001	55500000	0.00483399929541486
chr7	55500001	56000000	-0.0438773693002543
chr7	56000001	56500000	0.000254415565066896
chr7	57000001	57500000	-0.0732565757170194
chr7	62500001	63000000	NA
chr7	64000001	64500000	0.18659421968344
chr7	64500001	65000000	0.179006419005537
chr7	66000001	66500000	0.0781825444552116
chr7	66500001	67000000	0.150763307415931
chr7	67000001	67500000	0.274197699766096
chr7	67500001	68000000	0.185017550528183
chr7	68000001	68500000	0.195447345321097
chr7	68500001	69000000	-0.00669316127006953
chr7	69000001	69500000	0.115501606809885
chr7	69500001	70000000	0.252992493936866
chr7	70000001	70500000	0.311499381632969
chr7	70500001	71000000	0.34730935403005
chr7	71000001	71500000	-0.0122691452388517
chr7	71500001	72000000	-0.00976749083376308
chr7	72000001	72500000	-0.00514649889287561
chr7	73500001	74000000	0.0942110392620521
chr7	74000001	74500000	-0.0184173100789119
chr7	75500001	76000000	0.0754137113721138
chr7	76000001	76500000	-0.0617625406640239
chr7	77000001	77500000	0.0142244031564204
chr7	77500001	78000000	0.102033042337283
chr7	78000001	78500000	0.0163246966406099
chr7	78500001	79000000	-0.0345473014937011
chr7	79000001	79500000	-0.0192386934623621
chr7	79500001	80000000	0.0299821259752854
chr7	80000001	80500000	0.0300361535053692
chr7	80500001	81000000	0.0349640835269676
chr7	81000001	81500000	0.0781969936701282
chr7	81500001	82000000	0.0195133489733499
chr7	82000001	82500000	-0.0916213605947881
chr7	82500001	83000000	0.0530424021082065
chr7	83000001	83500000	0.019553066098829
chr7	83500001	84000000	-0.0550288077966602
chr7	84000001	84500000	0.0484848707492587
chr7	84500001	85000000	-0.00466973955420585
chr7	85000001	85500000	0.0740679032964406
chr7	85500001	86000000	0.0797352227870722
chr7	86000001	86500000	-0.00462338042830512
chr7	86500001	87000000	0.0607554100378579
chr7	87000001	87500000	0.027499439938232
chr7	87500001	88000000	0.0163553721063307
chr7	88000001	88500000	0.0666152505066857
chr7	88500001	89000000	0.00246104606758523
chr7	89000001	89500000	0.0147954963343809
chr7	89500001	90000000	0.0473398419238018
chr7	90000001	90500000	0.00245974765681995
chr7	90500001	91000000	0.062597431540922
chr7	91000001	91500000	0.0157028146955291
chr7	91500001	92000000	-0.00888658285761921
chr7	92000001	92500000	0.0103581757469882
chr7	92500001	93000000	0.036246268149603
chr7	93000001	93500000	0.00832444761030403
chr7	93500001	94000000	0.0194684695613832
chr7	94000001	94500000	-0.0520561265403764
chr7	94500001	95000000	-0.0290338456760853
chr7	95000001	95500000	-0.00359868009755206
chr7	95500001	96000000	-0.0530000674801164
chr7	96000001	96500000	-0.00360909174273392
chr7	96500001	97000000	-0.0447239002354098
chr7	97000001	97500000	-0.0261932013571007
chr7	97500001	98000000	0.00375420427427033
chr7	98000001	98500000	-0.0241861221186546
chr7	98500001	99000000	-0.0948204321749517
chr7	99000001	99500000	-0.104601518476832
chr7	99500001	100000000	0.0487449401981256
chr7	100000001	100500000	-0.0582856702851773
chr7	100500001	101000000	-0.111736492975606
chr7	101000001	101500000	-0.0047407932264708
chr7	101500001	102000000	-0.0190096050894147
chr7	102000001	102500000	-0.168206895703821
chr7	103000001	103500000	-0.103882738994019
chr7	103500001	104000000	-0.118236396009867
chr7	104000001	104500000	-0.202601926843654
chr7	104500001	105000000	-0.118096767707296
chr7	105000001	105500000	-0.0467262431881862
chr7	105500001	106000000	-0.00673224065394794
chr7	106000001	106500000	0.0624656887809515
chr7	106500001	107000000	-0.0672226835501906
chr7	107000001	107500000	-0.101578642620174
chr7	107500001	108000000	-0.0331371054715112
chr7	108000001	108500000	-0.115534610093034
chr7	108500001	109000000	-0.0486370235672583
chr7	109000001	109500000	-0.0926720069125806
chr7	109500001	110000000	-0.0265308270506029
chr7	110000001	110500000	-0.0737325024088855
chr7	110500001	111000000	-0.0247923486423934
chr7	111000001	111500000	-0.0757790469703023
chr7	111500001	112000000	-0.056911467247048
chr7	112000001	112500000	-0.113369499764907
chr7	112500001	113000000	-0.120372692171389
chr7	113000001	113500000	-0.0670883202404582
chr7	113500001	114000000	-0.113707407155907
chr7	114000001	114500000	-0.227631511171769
chr7	114500001	115000000	-0.0622660819905494
chr7	115000001	115500000	-0.0975227474566018
chr7	115500001	116000000	-0.173255025739052
chr7	116000001	116500000	-0.0999542116265651
chr7	116500001	117000000	-0.0865628941400645
chr7	117000001	117500000	-0.0836636796243481
chr7	117500001	118000000	-0.123580195249132
chr7	118000001	118500000	-0.0307173204535409
chr7	118500001	119000000	-0.14211634424751
chr7	119000001	119500000	-0.0409660393467747
chr7	119500001	120000000	0.00581171835198139
chr7	120000001	120500000	-0.0103171869856904
chr7	120500001	121000000	0.0575669346678476
chr7	121000001	121500000	-0.0258838036013563
chr7	121500001	122000000	-0.0284727603574561
chr7	122000001	122500000	-0.00175885959288901
chr7	122500001	123000000	0.00971047197269107
chr7	123000001	123500000	0.0680466715142428
chr7	123500001	124000000	-0.036074116799271
chr7	124000001	124500000	0.0596420707668628
chr7	124500001	125000000	0.0185926252400058
chr7	125000001	125500000	-0.106628151941285
chr7	125500001	126000000	0.0256071941582588
chr7	126000001	126500000	0.0972551277652125
chr7	126500001	127000000	0.0132953452652234
chr7	127000001	127500000	0.0382953879883185
chr7	127500001	128000000	0.0327502011859762
chr7	128000001	128500000	0.193894864470466
chr7	128500001	129000000	0.0700073776486594
chr7	129000001	129500000	0.106904543164514
chr7	129500001	130000000	0.0504484682337067
chr7	130000001	130500000	0.0551424862486955
chr7	130500001	131000000	0.00465872486064785
chr7	131000001	131500000	0.000909521918875542
chr7	131500001	132000000	-0.0123790604615056
chr7	132000001	132500000	-0.0070877499760489
chr7	132500001	133000000	0.100012069696517
chr7	133000001	133500000	0.0596709432615891
chr7	133500001	134000000	0.0865951765797662
chr7	134000001	134500000	0.0174245860689692
chr7	134500001	135000000	0.0193064882315038
chr7	135000001	135500000	0.0625041901425951
chr7	135500001	136000000	0.0134360142084717
chr7	136000001	136500000	0.0494239545647319
chr7	136500001	137000000	0.0233635659153066
chr7	137000001	137500000	-0.0282850544861234
chr7	137500001	138000000	-0.183869924507291
chr7	138000001	138500000	-0.0575372797653177
chr7	138500001	139000000	-0.0816399689974954
chr7	139000001	139500000	-0.0561124525055587
chr7	139500001	140000000	-0.010599230477094
chr7	140000001	140500000	0.0800198806384238
chr7	140500001	141000000	-0.0668020392959567
chr7	141000001	141500000	-0.0749961122601499
chr7	141500001	142000000	-0.024801953621906
chr7	142000001	142500000	0.0741121763960476
chr7	142500001	143000000	0.0289086545903373
chr7	143000001	143500000	-0.0470070159169672
chr7	144000001	144500000	-0.294273009015135
chr7	144500001	145000000	-0.0788866801221441
chr7	145000001	145500000	-0.0221251564131152
chr7	145500001	146000000	-0.114302756759341
chr7	146000001	146500000	-0.0873804257761779
chr7	146500001	147000000	-0.0303984404853254
chr7	147000001	147500000	-0.0751714892978557
chr7	147500001	148000000	0.0386861056361108
chr7	148000001	148500000	-0.0673328076541308
chr7	148500001	149000000	-0.0181153540179307
chr7	149000001	149500000	-0.02155676388821
chr7	149500001	150000000	-0.00885460294787613
chr7	150500001	151000000	0.0612965811754987
chr7	151000001	151500000	-0.0505922783518073
chr7	151500001	152000000	-0.0328446357836751
chr7	152000001	152500000	0.161314605236724
chr7	152500001	153000000	-0.124496199705448
chr7	153000001	153500000	-0.034839189970449
chr7	153500001	154000000	-0.0500419647199454
chr7	154000001	154500000	-0.0830298132071784
chr7	154500001	155000000	NA
chr7	155000001	155500000	-0.0814360800915502
chr7	155500001	156000000	-0.102551954086789
chr7	156000001	156500000	-0.119831809544539
chr7	156500001	157000000	-0.131548548417445
chr7	157000001	157500000	0.0373805084452285
chr7	157500001	158000000	-0.000146920435938863
chr7	158000001	158500000	-0.0014669526243546
chr7	158500001	159000000	0.00906145875249696
chr7	159000001	159500000	NA
chr8	500001	1000000	-0.357857677750578
chr8	1000001	1500000	-0.233115310187681
chr8	1500001	2000000	-0.206480728085725
chr8	2500001	3000000	-0.242148315140287
chr8	3000001	3500000	-0.34614513835143
chr8	3500001	4000000	-0.20194093300823
chr8	4000001	4500000	-0.287149528457162
chr8	4500001	5000000	-0.242049241268292
chr8	5000001	5500000	-0.303801290260779
chr8	5500001	6000000	-0.245939527939306
chr8	6000001	6500000	-0.197039588877562
chr8	6500001	7000000	-0.168087444136288
chr8	8500001	9000000	-0.0708950860378426
chr8	9000001	9500000	-0.103872629128388
chr8	9500001	10000000	-0.129853906015155
chr8	10000001	10500000	-0.115874542847291
chr8	10500001	11000000	-0.276598662082786
chr8	11000001	11500000	-0.232171084160288
chr8	11500001	12000000	-0.178747924097163
chr8	13000001	13500000	0.0196943904879571
chr8	13500001	14000000	-0.0274528845139593
chr8	14000001	14500000	-0.0307216193219323
chr8	14500001	15000000	-0.0445922052481344
chr8	15000001	15500000	-0.0625671248594795
chr8	15500001	16000000	-0.018266274754586
chr8	16000001	16500000	-0.00727599716983299
chr8	16500001	17000000	-0.0976123487638606
chr8	17000001	17500000	-0.187196455835793
chr8	17500001	18000000	-0.135035746254581
chr8	18000001	18500000	-0.132820762416663
chr8	18500001	19000000	-0.116130435793879
chr8	19000001	19500000	-0.0993573030812291
chr8	19500001	20000000	0.0124496623033518
chr8	20000001	20500000	-0.123442821382896
chr8	20500001	21000000	-0.180801741251695
chr8	21000001	21500000	-0.119118409267391
chr8	21500001	22000000	-0.142444234893935
chr8	22000001	22500000	-0.13276389785882
chr8	22500001	23000000	-0.0682355057448125
chr8	23000001	23500000	-0.0829329355676576
chr8	23500001	24000000	-0.203974906724392
chr8	24000001	24500000	-0.256285441320687
chr8	24500001	25000000	-0.132050260579557
chr8	25000001	25500000	-0.0215455348082715
chr8	25500001	26000000	-0.117154020468259
chr8	26000001	26500000	-0.0457409781087581
chr8	26500001	27000000	-0.131124395873515
chr8	27000001	27500000	-0.0669599044441755
chr8	27500001	28000000	-0.188780515548976
chr8	28000001	28500000	-0.0383231629563558
chr8	28500001	29000000	-0.253265751101148
chr8	29000001	29500000	-0.0289869095668169
chr8	29500001	30000000	0.048942249489544
chr8	30000001	30500000	-0.132941118493971
chr8	30500001	31000000	-0.0544335845761712
chr8	31000001	31500000	-0.13634735341027
chr8	31500001	32000000	-0.102902492928979
chr8	32000001	32500000	-0.198110469182405
chr8	32500001	33000000	-0.133698410085812
chr8	33000001	33500000	-0.146370919717966
chr8	33500001	34000000	-0.152925363025611
chr8	34000001	34500000	-0.163097219750061
chr8	34500001	35000000	-0.226832541657099
chr8	35000001	35500000	-0.246511937450447
chr8	35500001	36000000	-0.15281567541848
chr8	36000001	36500000	-0.120446815018214
chr8	36500001	37000000	0.0106053432728412
chr8	37000001	37500000	0.0301201071053087
chr8	37500001	38000000	0.0752569422334501
chr8	38000001	38500000	0.0747511225676935
chr8	38500001	39000000	0.209238943311813
chr8	39000001	39500000	0.409707549681462
chr8	39500001	40000000	0.300120916447421
chr8	40000001	40500000	0.144441031578775
chr8	40500001	41000000	0.179486962985352
chr8	41000001	41500000	0.132001102318857
chr8	41500001	42000000	0.128248820293423
chr8	42000001	42500000	0.149561883503569
chr8	42500001	43000000	0.125079251001217
chr8	47500001	48000000	0.155479868412294
chr8	48000001	48500000	0.128507010599508
chr8	48500001	49000000	0.127083434334219
chr8	49000001	49500000	0.219074686119079
chr8	49500001	50000000	0.118027053049417
chr8	50000001	50500000	0.0922177561473519
chr8	50500001	51000000	0.135130801061516
chr8	51000001	51500000	0.13417022830964
chr8	51500001	52000000	0.114012189045396
chr8	52000001	52500000	0.0137155641889875
chr8	52500001	53000000	0.0721737332629168
chr8	53000001	53500000	0.201766150127787
chr8	53500001	54000000	0.190751139292748
chr8	54000001	54500000	0.0937583788376637
chr8	54500001	55000000	0.274799692860141
chr8	55000001	55500000	0.158173412988672
chr8	55500001	56000000	0.314750192167799
chr8	56000001	56500000	0.263598773975544
chr8	56500001	57000000	0.193151500066197
chr8	57000001	57500000	0.171213348124841
chr8	57500001	58000000	0.163278880401389
chr8	58000001	58500000	0.194939766619505
chr8	58500001	59000000	0.182697844851533
chr8	59000001	59500000	0.197601261218391
chr8	59500001	60000000	0.264398703936593
chr8	60000001	60500000	0.252974471777274
chr8	60500001	61000000	0.244238609919585
chr8	61000001	61500000	0.275335882098032
chr8	61500001	62000000	0.260517747983048
chr8	62000001	62500000	0.147435092682422
chr8	62500001	63000000	0.201950435908694
chr8	63000001	63500000	0.281912438368376
chr8	63500001	64000000	0.251100924231006
chr8	64000001	64500000	0.194278087284365
chr8	64500001	65000000	0.215892723896612
chr8	65000001	65500000	0.227321100394678
chr8	65500001	66000000	0.155667719647589
chr8	66000001	66500000	0.0975783133364183
chr8	66500001	67000000	0.156660229363665
chr8	67000001	67500000	0.273287268877606
chr8	67500001	68000000	0.0846402086882318
chr8	68000001	68500000	0.160778175272372
chr8	68500001	69000000	0.181393433571064
chr8	69000001	69500000	0.123374943086478
chr8	69500001	70000000	0.0584232895210297
chr8	70000001	70500000	0.148692002549317
chr8	70500001	71000000	0.111871035130933
chr8	71000001	71500000	0.0610976547817981
chr8	71500001	72000000	0.0828707977178324
chr8	72000001	72500000	0.0307989658622971
chr8	72500001	73000000	0.137041968503866
chr8	73000001	73500000	0.113587795147048
chr8	73500001	74000000	0.0912123213565912
chr8	74000001	74500000	0.119706933883274
chr8	74500001	75000000	0.0946787858281299
chr8	75000001	75500000	0.145523427755777
chr8	75500001	76000000	0.0853021774238776
chr8	76000001	76500000	0.150293373780931
chr8	76500001	77000000	0.0563663912431094
chr8	77000001	77500000	0.0861367351998195
chr8	77500001	78000000	0.15232884043249
chr8	78000001	78500000	0.0761156820026671
chr8	78500001	79000000	0.144457113360707
chr8	79000001	79500000	0.17257670809336
chr8	79500001	80000000	0.144248320358344
chr8	80000001	80500000	0.056455013501463
chr8	80500001	81000000	0.0930710593335169
chr8	81000001	81500000	0.143336717699584
chr8	81500001	82000000	0.0704997679051391
chr8	82000001	82500000	0.0478032850125845
chr8	82500001	83000000	-0.0101487491786569
chr8	83000001	83500000	0.0413333127596912
chr8	83500001	84000000	0.172791095122254
chr8	84000001	84500000	0.12526235410777
chr8	84500001	85000000	0.0195476719142379
chr8	85000001	85500000	0.00581600825089198
chr8	86000001	86500000	0.169508805297444
chr8	86500001	87000000	0.169726732782933
chr8	87000001	87500000	0.169646578562071
chr8	87500001	88000000	0.142430768625287
chr8	88000001	88500000	0.206154431148035
chr8	88500001	89000000	0.218914459615806
chr8	89000001	89500000	0.159756333059072
chr8	89500001	90000000	0.0770613268392697
chr8	90000001	90500000	0.109060470109604
chr8	90500001	91000000	0.0696037882622517
chr8	91000001	91500000	0.069464463047377
chr8	91500001	92000000	0.102489441565649
chr8	92000001	92500000	0.0695621560662377
chr8	92500001	93000000	0.166161433633922
chr8	93000001	93500000	0.0868735567975191
chr8	93500001	94000000	0.110675668434689
chr8	94000001	94500000	0.152693793186339
chr8	94500001	95000000	0.0881932361649688
chr8	95000001	95500000	0.192883515912102
chr8	95500001	96000000	0.136622627888149
chr8	96000001	96500000	0.0684986499483792
chr8	96500001	97000000	0.210483706053723
chr8	97000001	97500000	0.118614410795577
chr8	97500001	98000000	0.0639080404791177
chr8	98000001	98500000	0.128461099708757
chr8	98500001	99000000	0.157603538424871
chr8	99000001	99500000	0.180500432740224
chr8	99500001	100000000	0.187601112718963
chr8	100000001	100500000	0.184093215350002
chr8	100500001	101000000	0.144059494514741
chr8	101000001	101500000	0.133315579478136
chr8	101500001	102000000	0.134138096387121
chr8	102000001	102500000	0.178006256038827
chr8	102500001	103000000	0.201683834025222
chr8	103000001	103500000	0.165080785428746
chr8	103500001	104000000	0.150540260403689
chr8	104000001	104500000	0.130767813066215
chr8	104500001	105000000	0.148064247671446
chr8	105000001	105500000	0.195093114447243
chr8	105500001	106000000	0.158610463942652
chr8	106000001	106500000	0.162467372561269
chr8	106500001	107000000	0.157089796151884
chr8	107000001	107500000	0.0431264770733822
chr8	107500001	108000000	0.110852423906783
chr8	108000001	108500000	0.16317043861233
chr8	108500001	109000000	0.16617458157847
chr8	109000001	109500000	0.145536558363947
chr8	109500001	110000000	0.143644027931468
chr8	110000001	110500000	0.132196357089386
chr8	110500001	111000000	0.161724871970349
chr8	111000001	111500000	0.199694058309374
chr8	111500001	112000000	0.173252880362439
chr8	112000001	112500000	0.203248002609887
chr8	112500001	113000000	NA
chr8	113000001	113500000	0.198102148370605
chr8	113500001	114000000	0.155795283412626
chr8	114000001	114500000	0.187556161317
chr8	114500001	115000000	0.199255583788956
chr8	115000001	115500000	0.236876844393856
chr8	115500001	116000000	0.181755465790876
chr8	116000001	116500000	0.260307588755397
chr8	116500001	117000000	0.255239891120354
chr8	117000001	117500000	0.224611249246705
chr8	117500001	118000000	0.209179210643337
chr8	118000001	118500000	0.158853610311817
chr8	118500001	119000000	0.191768755464437
chr8	119000001	119500000	0.218565414347403
chr8	119500001	120000000	0.165110365128118
chr8	120000001	120500000	0.141359924960872
chr8	120500001	121000000	0.166845833466333
chr8	121000001	121500000	0.163588401452029
chr8	121500001	122000000	0.102781470007433
chr8	122000001	122500000	0.194113716601843
chr8	122500001	123000000	0.188551759114517
chr8	123000001	123500000	0.0622717075423548
chr8	123500001	124000000	0.131557776496917
chr8	124000001	124500000	0.264724659599376
chr8	124500001	125000000	0.183087062725022
chr8	125000001	125500000	0.15383387399311
chr8	125500001	126000000	0.209726741755382
chr8	126000001	126500000	0.175927951406222
chr8	126500001	127000000	0.176084945452653
chr8	127000001	127500000	0.186614314180465
chr8	127500001	128000000	0.12654682625083
chr8	128000001	128500000	0.172535342481019
chr8	128500001	129000000	0.219456221644771
chr8	129000001	129500000	0.167015967303697
chr8	129500001	130000000	0.273995791698437
chr8	130000001	130500000	0.28014041604984
chr8	130500001	131000000	0.14855438996003
chr8	131000001	131500000	0.130364129324361
chr8	131500001	132000000	0.210331973967335
chr8	132000001	132500000	0.170281762009815
chr8	132500001	133000000	0.207449732566453
chr8	133000001	133500000	0.284789421051385
chr8	133500001	134000000	0.226360011177945
chr8	134000001	134500000	0.164231242925216
chr8	134500001	135000000	0.118935958729128
chr8	135000001	135500000	0.10264941903084
chr8	135500001	136000000	0.088223162558591
chr8	136000001	136500000	0.21524016251524
chr8	136500001	137000000	0.097162438677963
chr8	137000001	137500000	0.201139269391158
chr8	137500001	138000000	0.113914321835894
chr8	138000001	138500000	0.104934243882646
chr8	138500001	139000000	0.109082017692794
chr8	139000001	139500000	0.115152858240938
chr8	139500001	140000000	0.0893303176839449
chr8	140000001	140500000	0.169009677480374
chr8	140500001	141000000	0.169182527123528
chr8	141000001	141500000	0.25478714275531
chr8	141500001	142000000	0.109947291939208
chr8	142000001	142500000	0.070053928807747
chr8	142500001	143000000	0.125730734285234
chr8	143000001	143500000	0.15555508539057
chr8	143500001	144000000	0.185390131385499
chr8	144000001	144500000	0.152783190072281
chr8	144500001	145000000	0.166267835684453
chr9	500001	1000000	-0.154948734574675
chr9	1000001	1500000	-0.0138067297985436
chr9	1500001	2000000	0.0141005070292231
chr9	2000001	2500000	-0.0725657011570769
chr9	2500001	3000000	-0.0717655036337888
chr9	3000001	3500000	-0.0905592960916034
chr9	3500001	4000000	-0.0604610068499008
chr9	4000001	4500000	-0.113502261025972
chr9	4500001	5000000	0.0187576374369836
chr9	5000001	5500000	-0.0134952783895825
chr9	5500001	6000000	-0.0395857934002699
chr9	6000001	6500000	-0.0279284022614101
chr9	6500001	7000000	-0.0732846910983103
chr9	7000001	7500000	-0.0510425841290201
chr9	7500001	8000000	-0.0837971088036773
chr9	8000001	8500000	-0.153154856935809
chr9	8500001	9000000	-0.191064641815802
chr9	9000001	9500000	-0.0834803000954287
chr9	9500001	10000000	-0.113695746855855
chr9	10000001	10500000	-0.0898291320801386
chr9	10500001	11000000	-0.118681251825692
chr9	11000001	11500000	-0.104930443594274
chr9	11500001	12000000	-0.123971386592604
chr9	12000001	12500000	-0.0568765028631431
chr9	12500001	13000000	-0.129805721068846
chr9	13000001	13500000	-0.121520009484394
chr9	13500001	14000000	-0.057930982036153
chr9	14000001	14500000	-0.102300263770309
chr9	14500001	15000000	-0.0624515531881212
chr9	15000001	15500000	-0.165435757775264
chr9	15500001	16000000	-0.00339802112855012
chr9	16000001	16500000	-0.106003633677332
chr9	16500001	17000000	-0.182832187790636
chr9	17000001	17500000	-0.0962525570381172
chr9	17500001	18000000	-0.156824907599713
chr9	18000001	18500000	-0.158330765387624
chr9	18500001	19000000	-0.166349361607975
chr9	19000001	19500000	-0.0986558012808138
chr9	19500001	20000000	-0.11067658443592
chr9	20000001	20500000	-0.0975083355676884
chr9	20500001	21000000	-0.120530582801848
chr9	21000001	21500000	0.041992243701809
chr9	21500001	22000000	-0.080178514430081
chr9	22000001	22500000	-0.0923769605521582
chr9	22500001	23000000	-0.0828562656303331
chr9	23000001	23500000	-0.0846015846673914
chr9	23500001	24000000	-0.123590143913426
chr9	24000001	24500000	-0.0503531166703088
chr9	24500001	25000000	-0.178389243873825
chr9	25000001	25500000	-0.0421633917386003
chr9	25500001	26000000	-0.0903714154484211
chr9	26000001	26500000	-0.128624485692501
chr9	26500001	27000000	-0.155764599304382
chr9	27000001	27500000	-0.131763095354933
chr9	27500001	28000000	-0.0266814715494525
chr9	28000001	28500000	-0.055542954060318
chr9	28500001	29000000	-0.102708120429066
chr9	29000001	29500000	-0.0616132201076837
chr9	29500001	30000000	-0.0511641583068675
chr9	30000001	30500000	-0.0582993094592985
chr9	30500001	31000000	-0.115912984007413
chr9	31000001	31500000	-0.095175616785122
chr9	31500001	32000000	-0.105725783368376
chr9	32000001	32500000	-0.0119783709440755
chr9	32500001	33000000	-0.0235500774800262
chr9	33000001	33500000	-0.0447435022190917
chr9	33500001	34000000	0.225675547027619
chr9	34000001	34500000	0.176983903405221
chr9	34500001	35000000	0.131230206269811
chr9	35000001	35500000	0.219933784003419
chr9	35500001	36000000	0.217214813809539
chr9	36000001	36500000	0.134680004334507
chr9	36500001	37000000	0.098647137847231
chr9	37000001	37500000	0.195293413472201
chr9	37500001	38000000	0.155251251610907
chr9	38000001	38500000	0.0490970812833995
chr9	68500001	69000000	0.0556332522066421
chr9	69000001	69500000	-0.0410947473742075
chr9	69500001	70000000	-0.00875405039683259
chr9	70000001	70500000	-0.0477548826530887
chr9	70500001	71000000	0.0338714272882868
chr9	71000001	71500000	-0.0974045722977779
chr9	71500001	72000000	0.0152392651163519
chr9	72000001	72500000	-0.0207977616186419
chr9	72500001	73000000	-0.0717249385421043
chr9	73000001	73500000	-0.122548037588024
chr9	73500001	74000000	-0.0804821514804292
chr9	74000001	74500000	-0.00497328488153208
chr9	74500001	75000000	-0.0674548627081192
chr9	75000001	75500000	-0.0122257256950642
chr9	75500001	76000000	0.047503931804813
chr9	76000001	76500000	-0.0301391945604129
chr9	76500001	77000000	-0.00508887171860045
chr9	77000001	77500000	0.0733104822060313
chr9	77500001	78000000	-0.0105594051747701
chr9	78000001	78500000	0.0853235082964905
chr9	78500001	79000000	-0.0155232869495921
chr9	79000001	79500000	0.0151736161098347
chr9	79500001	80000000	-0.0673287277855925
chr9	80000001	80500000	0.0610627863884202
chr9	80500001	81000000	0.0233395807631827
chr9	81000001	81500000	0.0876303681778664
chr9	81500001	82000000	-0.054317946996347
chr9	82000001	82500000	-0.0819350876318221
chr9	82500001	83000000	-0.0456736453456569
chr9	83000001	83500000	-0.090270474126404
chr9	83500001	84000000	0.00977673173657288
chr9	84000001	84500000	-0.0336522834310036
chr9	84500001	85000000	-0.0671098208760796
chr9	85000001	85500000	-0.0159663905463027
chr9	85500001	86000000	0.0677151356969838
chr9	86000001	86500000	0.00733994270831108
chr9	86500001	87000000	-0.0560200156613789
chr9	87000001	87500000	-0.0558764687203978
chr9	87500001	88000000	0.078953369752619
chr9	88000001	88500000	0.00445846017384097
chr9	88500001	89000000	0.0570463879340103
chr9	89000001	89500000	0.0246652227833441
chr9	89500001	90000000	NA
chr9	90000001	90500000	0.070359419425548
chr9	90500001	91000000	0.0850175383246755
chr9	91000001	91500000	0.107829797029337
chr9	91500001	92000000	0.0251703031452771
chr9	92000001	92500000	0.0732932328111107
chr9	92500001	93000000	0.116370264426191
chr9	93000001	93500000	0.130991360446684
chr9	93500001	94000000	0.0391916169485131
chr9	94000001	94500000	-0.0421571447235135
chr9	94500001	95000000	-0.0374516793616304
chr9	95000001	95500000	-0.129952360202458
chr9	95500001	96000000	-0.149873423106858
chr9	96000001	96500000	-0.178964425526331
chr9	96500001	97000000	-0.106789516380554
chr9	97000001	97500000	-0.0117348312965088
chr9	97500001	98000000	0.0408179088735163
chr9	98000001	98500000	-0.0302978521003948
chr9	98500001	99000000	-0.0324123128155562
chr9	99000001	99500000	0.0263775117544717
chr9	99500001	100000000	-0.00264582196080006
chr9	100000001	100500000	-0.12640515210351
chr9	100500001	101000000	-0.0986421503481473
chr9	101000001	101500000	-0.109769632583946
chr9	101500001	102000000	-0.0589841735856754
chr9	102000001	102500000	-0.0798019908259327
chr9	102500001	103000000	-0.071939256681341
chr9	103000001	103500000	-0.0151386007863943
chr9	103500001	104000000	-0.142347405450426
chr9	104000001	104500000	-0.0583308562711678
chr9	104500001	105000000	-0.130605107829988
chr9	105000001	105500000	-0.0175375408884135
chr9	105500001	106000000	-0.0449473547981209
chr9	106000001	106500000	0.0468070131598518
chr9	106500001	107000000	-0.0598224814122068
chr9	107000001	107500000	-0.134012178503926
chr9	107500001	108000000	-0.0254218790249898
chr9	108000001	108500000	-0.00119150591640083
chr9	108500001	109000000	-0.00987319588564445
chr9	109000001	109500000	-0.115469462992126
chr9	109500001	110000000	-0.0235720856302228
chr9	110000001	110500000	0.149006203988669
chr9	110500001	111000000	-0.0453704141892907
chr9	111000001	111500000	-0.0731011209732291
chr9	111500001	112000000	0.0621562641559618
chr9	112000001	112500000	0.0192007035824575
chr9	112500001	113000000	0.0485851076663265
chr9	113000001	113500000	0.0516252470188919
chr9	113500001	114000000	0.0786160735972352
chr9	114000001	114500000	0.0446718221700623
chr9	114500001	115000000	0.0955382081868845
chr9	115000001	115500000	0.00280001101773011
chr9	115500001	116000000	-0.00250359181460291
chr9	116000001	116500000	0.0161249238868819
chr9	116500001	117000000	0.0431469256018179
chr9	117000001	117500000	-0.0652387001984745
chr9	117500001	118000000	0.0221197577019159
chr9	118000001	118500000	-0.0377579900215008
chr9	118500001	119000000	-0.0584109177033181
chr9	119000001	119500000	-0.00585000269914111
chr9	119500001	120000000	-0.0185900238002313
chr9	120000001	120500000	0.0526239445764307
chr9	120500001	121000000	0.074488935036829
chr9	121000001	121500000	0.100571392133319
chr9	121500001	122000000	-0.042837053419627
chr9	122000001	122500000	-0.0241831435981675
chr9	122500001	123000000	-0.0182342150672429
chr9	123000001	123500000	0.0218440379266957
chr9	123500001	124000000	0.159218916161957
chr9	124000001	124500000	0.0395208910149364
chr9	124500001	125000000	-0.0217362640199425
chr9	125000001	125500000	-0.033556878714486
chr9	125500001	126000000	-0.045045277183036
chr9	126000001	126500000	-0.055611958638001
chr9	126500001	127000000	-0.0176501604119345
chr9	127000001	127500000	-0.00859285776752356
chr9	127500001	128000000	0.0929025775604572
chr9	128000001	128500000	0.0443287864763892
chr9	128500001	129000000	-0.00597010030200687
chr9	129000001	129500000	0.0459859949349284
chr9	129500001	130000000	0.0228541961258274
chr9	130000001	130500000	-0.0493266717794442
chr9	130500001	131000000	-0.194740555706566
chr9	131000001	131500000	-0.1007255234301
chr9	131500001	132000000	0.0970987442257069
chr9	132000001	132500000	-0.0512654359633218
chr9	132500001	133000000	-0.0795816736290111
chr9	133000001	133500000	-0.0460563739447828
chr9	133500001	134000000	-0.0925248777003999
chr9	134000001	134500000	NA
chr9	134500001	135000000	-0.0467920409938904
chr9	135000001	135500000	-0.149619666941258
chr9	135500001	136000000	-0.12840963832219
chr9	136000001	136500000	-0.040703545654032
chr9	136500001	137000000	0.0691923671781551
chr9	137000001	137500000	NA
chr9	137500001	138000000	-0.0836506887366318
chr10	1	500000	NA
chr10	500001	1000000	-0.0549112928671923
chr10	1000001	1500000	0.0618735956739351
chr10	1500001	2000000	0.0316052195611467
chr10	2000001	2500000	0.0491677356990562
chr10	2500001	3000000	0.070159856940486
chr10	3000001	3500000	0.00135434779144296
chr10	3500001	4000000	0.144221786879221
chr10	4000001	4500000	0.0860201432334858
chr10	4500001	5000000	0.0621483521971954
chr10	5000001	5500000	0.164989156226112
chr10	5500001	6000000	0.0512885212619583
chr10	6000001	6500000	0.194308190590072
chr10	6500001	7000000	0.152604402836322
chr10	7000001	7500000	0.178625193022393
chr10	7500001	8000000	0.189713100947374
chr10	8000001	8500000	0.0748653028154105
chr10	8500001	9000000	0.0697797501886056
chr10	9000001	9500000	0.060055540683181
chr10	9500001	10000000	0.0313160342470581
chr10	10000001	10500000	0.0569742365532625
chr10	10500001	11000000	0.0608662231503923
chr10	11000001	11500000	0.177310973772057
chr10	11500001	12000000	0.119390455262786
chr10	12000001	12500000	0.205366111013406
chr10	12500001	13000000	0.118822437225633
chr10	13000001	13500000	0.0695054973336508
chr10	13500001	14000000	0.0167024022366065
chr10	14000001	14500000	0.071961409112677
chr10	14500001	15000000	0.175525581201884
chr10	15000001	15500000	0.0385006795242788
chr10	15500001	16000000	0.0210893158002184
chr10	16000001	16500000	0.102734567398098
chr10	16500001	17000000	0.145940348122594
chr10	17000001	17500000	0.205018514922532
chr10	17500001	18000000	0.081998222372332
chr10	18000001	18500000	0.0637295348543599
chr10	18500001	19000000	0.154394167399742
chr10	19000001	19500000	0.0120048716521695
chr10	19500001	20000000	0.100452940334109
chr10	20000001	20500000	0.171654993554639
chr10	20500001	21000000	0.133064152543241
chr10	21000001	21500000	0.112816363942031
chr10	21500001	22000000	0.110168310189188
chr10	22000001	22500000	0.193150455595816
chr10	22500001	23000000	0.160309960516596
chr10	23000001	23500000	0.19177054189445
chr10	23500001	24000000	0.222487394132546
chr10	24000001	24500000	0.0467103071514711
chr10	24500001	25000000	0.0646775417545521
chr10	25000001	25500000	0.158678609770839
chr10	25500001	26000000	0.137977273228041
chr10	26000001	26500000	0.0961841081613945
chr10	26500001	27000000	0.162456677662731
chr10	27000001	27500000	0.171625641291151
chr10	27500001	28000000	0.192991724863613
chr10	28000001	28500000	0.29648014687305
chr10	28500001	29000000	0.172424804332615
chr10	29000001	29500000	0.117696906906572
chr10	29500001	30000000	0.2498808979121
chr10	30000001	30500000	0.25672390748631
chr10	30500001	31000000	0.279661745223098
chr10	31000001	31500000	0.260836325542971
chr10	31500001	32000000	0.277982213288844
chr10	32000001	32500000	0.238619491188057
chr10	32500001	33000000	0.315210330960152
chr10	33000001	33500000	0.107320594978242
chr10	33500001	34000000	0.142437131165648
chr10	34000001	34500000	0.145951671965109
chr10	34500001	35000000	0.114901097507865
chr10	35000001	35500000	0.172377721078571
chr10	35500001	36000000	0.151864958024781
chr10	36000001	36500000	0.115221771104134
chr10	36500001	37000000	0.156355493247761
chr10	37000001	37500000	0.177312362505202
chr10	42500001	43000000	0.198891690253431
chr10	43000001	43500000	0.104982007653919
chr10	43500001	44000000	0.0268107180630466
chr10	44000001	44500000	0.12358371606109
chr10	44500001	45000000	0.101661622500824
chr10	45000001	45500000	0.193194328070272
chr10	47000001	47500000	0.0832029754375502
chr10	48000001	48500000	0.0075884907323661
chr10	48500001	49000000	0.154479457852181
chr10	49000001	49500000	0.155220572471195
chr10	49500001	50000000	0.180732456956459
chr10	50000001	50500000	0.232568405022374
chr10	50500001	51000000	0.298212630043236
chr10	51000001	51500000	0.115511376165731
chr10	51500001	52000000	0.183531801402892
chr10	52000001	52500000	0.214983482075671
chr10	52500001	53000000	0.13682146553538
chr10	53000001	53500000	NA
chr10	53500001	54000000	0.087392358831609
chr10	54000001	54500000	0.0713307236040004
chr10	54500001	55000000	0.19085340163565
chr10	55000001	55500000	0.0498413992269036
chr10	55500001	56000000	0.0671759102122171
chr10	56000001	56500000	0.112364413481927
chr10	56500001	57000000	0.172032152383185
chr10	57000001	57500000	0.0877021972368414
chr10	57500001	58000000	0.154457739314848
chr10	58000001	58500000	NA
chr10	58500001	59000000	0.062251259048151
chr10	59000001	59500000	0.176205069481215
chr10	59500001	60000000	NA
chr10	60000001	60500000	0.146599460963414
chr10	60500001	61000000	0.144729600474733
chr10	61000001	61500000	0.174537227017198
chr10	61500001	62000000	0.210599740125408
chr10	62000001	62500000	0.157364858723332
chr10	62500001	63000000	NA
chr10	63000001	63500000	0.0857134042358086
chr10	63500001	64000000	-0.0339461534667884
chr10	64000001	64500000	0.0354165210040122
chr10	64500001	65000000	0.0644042315209267
chr10	65000001	65500000	0.00134881262993227
chr10	65500001	66000000	0.0199511537893363
chr10	66000001	66500000	0.0390284202078198
chr10	66500001	67000000	-0.0355284836035867
chr10	67000001	67500000	0.101696209301704
chr10	67500001	68000000	0.065646600835052
chr10	68000001	68500000	-0.0205846022852099
chr10	68500001	69000000	-0.0839871264713789
chr10	69000001	69500000	0.0617083732350328
chr10	69500001	70000000	0.0663600331002959
chr10	70000001	70500000	0.0908153600498844
chr10	70500001	71000000	0.0920602956411331
chr10	71000001	71500000	0.109287575835538
chr10	71500001	72000000	0.102882070630195
chr10	72000001	72500000	0.0443699409723458
chr10	72500001	73000000	0.0293684459333615
chr10	73000001	73500000	-0.00188354696294622
chr10	73500001	74000000	0.0196346995843016
chr10	74000001	74500000	0.105542754284799
chr10	74500001	75000000	0.113060726637012
chr10	75000001	75500000	0.205071409762981
chr10	75500001	76000000	0.221315271143201
chr10	76000001	76500000	0.140840867016557
chr10	76500001	77000000	0.0565282688252687
chr10	77000001	77500000	0.0442171206890251
chr10	77500001	78000000	0.0616903731207439
chr10	78000001	78500000	0.0291878533046857
chr10	78500001	79000000	0.0587245683400025
chr10	79000001	79500000	0.116386695088441
chr10	80000001	80500000	0.0703955828144191
chr10	80500001	81000000	0.106004700589471
chr10	81000001	81500000	0.0391320200968187
chr10	81500001	82000000	0.0457633455187877
chr10	82000001	82500000	0.030285904060714
chr10	82500001	83000000	0.0502478490654198
chr10	83000001	83500000	0.0721483156401893
chr10	83500001	84000000	0.0327115866927192
chr10	84000001	84500000	0.0502099118921977
chr10	84500001	85000000	-0.00275189832987749
chr10	85000001	85500000	-0.00825623495432427
chr10	85500001	86000000	0.019577355283703
chr10	86000001	86500000	-0.0811941874115885
chr10	86500001	87000000	0.0750793241073992
chr10	87500001	88000000	0.0395156348365697
chr10	88000001	88500000	0.232174964891799
chr10	88500001	89000000	0.119171646975668
chr10	89000001	89500000	0.118126244295699
chr10	89500001	90000000	0.017680236940342
chr10	90000001	90500000	-0.047541864410207
chr10	90500001	91000000	-0.0704879408138821
chr10	91000001	91500000	0.0724903939872073
chr10	91500001	92000000	0.0296825650812472
chr10	92000001	92500000	-0.0305863283739173
chr10	92500001	93000000	0.0928020943942803
chr10	93000001	93500000	0.0387780393796944
chr10	93500001	94000000	0.00535281621512065
chr10	94000001	94500000	-0.073697815164169
chr10	94500001	95000000	0.0915128042336944
chr10	95000001	95500000	0.0270885258510097
chr10	95500001	96000000	0.0850485311659532
chr10	96000001	96500000	0.0147181812026897
chr10	96500001	97000000	-0.0124016766567901
chr10	97000001	97500000	0.0196930807056842
chr10	97500001	98000000	0.052103462507206
chr10	98000001	98500000	-0.0409309250583177
chr10	98500001	99000000	-0.0569708208240145
chr10	99000001	99500000	0.030141256351595
chr10	99500001	100000000	0.122256084214196
chr10	100000001	100500000	0.0720548814340055
chr10	100500001	101000000	-0.0272782366972165
chr10	101000001	101500000	-0.0591592229707
chr10	101500001	102000000	0.0410665885521029
chr10	102000001	102500000	0.0632697581226654
chr10	102500001	103000000	-0.0133645541593108
chr10	103000001	103500000	0.0201616123753758
chr10	103500001	104000000	-0.0169910152775573
chr10	104000001	104500000	0.0678913468751737
chr10	104500001	105000000	-0.0435367495168681
chr10	105000001	105500000	-0.046840339407708
chr10	105500001	106000000	-0.0396536224688695
chr10	106000001	106500000	-0.0156728987440191
chr10	106500001	107000000	-0.0269108393601279
chr10	107000001	107500000	0.0214513519881942
chr10	107500001	108000000	0.0491524599611836
chr10	108000001	108500000	0.00810463042321458
chr10	108500001	109000000	-0.0278532271366368
chr10	109000001	109500000	-0.117444252669563
chr10	109500001	110000000	-0.015892158923338
chr10	110000001	110500000	0.159138928853268
chr10	110500001	111000000	0.0190159952936649
chr10	111000001	111500000	-0.0383317151260687
chr10	111500001	112000000	0.0545392973857878
chr10	112000001	112500000	-0.0215124058631799
chr10	112500001	113000000	0.0489159135419399
chr10	113000001	113500000	0.0693584553089805
chr10	113500001	114000000	0.0433535619794996
chr10	114000001	114500000	NA
chr10	114500001	115000000	-0.0649412950952717
chr10	115000001	115500000	-0.0749913379604376
chr10	115500001	116000000	-0.0812055755717443
chr10	116000001	116500000	-0.0234174584163131
chr10	116500001	117000000	-0.0783372773197736
chr10	117000001	117500000	0.143387257215199
chr10	117500001	118000000	-0.0299745060771672
chr10	118000001	118500000	-0.0278842571288835
chr10	118500001	119000000	0.00682974277689421
chr10	119000001	119500000	0.0778120793703696
chr10	119500001	120000000	-0.00140370596291269
chr10	120000001	120500000	-0.0991265303078968
chr10	120500001	121000000	0.00963705058999965
chr10	121000001	121500000	-0.0386326649590418
chr10	121500001	122000000	-0.0747137796766969
chr10	122000001	122500000	-0.0339809690467896
chr10	122500001	123000000	-0.030203605593849
chr10	123000001	123500000	-0.0117643111545334
chr10	123500001	124000000	0.0297781342547878
chr10	124000001	124500000	NA
chr10	124500001	125000000	0.0620072712153092
chr10	125000001	125500000	-0.0241652929074131
chr10	125500001	126000000	0.0133226274968277
chr10	126000001	126500000	0.0132866491990223
chr10	126500001	127000000	0.0143072492985739
chr10	127000001	127500000	-0.012175099757613
chr10	127500001	128000000	0.0795827973045393
chr10	128000001	128500000	0.0167165257225796
chr10	128500001	129000000	-0.0924588205919877
chr10	129000001	129500000	-0.020953747203047
chr10	129500001	130000000	-0.17028908653394
chr10	130000001	130500000	-0.143233894279904
chr10	130500001	131000000	-0.172507202484687
chr10	131000001	131500000	-0.110790883380296
chr10	131500001	132000000	NA
chr10	132000001	132500000	0.0723556203865033
chr10	132500001	133000000	-0.0148226553812393
chr10	133000001	133500000	-0.010101834944518
chr11	500001	1000000	-0.0596713872986174
chr11	1000001	1500000	-0.142503189896223
chr11	1500001	2000000	0.0320947516678327
chr11	2000001	2500000	-0.0131627174818435
chr11	2500001	3000000	-0.00540009822790398
chr11	3500001	4000000	-0.0430911887486339
chr11	4000001	4500000	-0.0527389684971865
chr11	4500001	5000000	-0.13246604851995
chr11	5000001	5500000	-0.127388183230729
chr11	5500001	6000000	-0.0467429757863908
chr11	6000001	6500000	0.0228860636175976
chr11	6500001	7000000	-0.0324482104729405
chr11	7000001	7500000	-0.0489039268379786
chr11	7500001	8000000	-0.0142692670208957
chr11	8000001	8500000	-0.181514779874257
chr11	8500001	9000000	-0.22118763447491
chr11	9000001	9500000	-0.222728621939776
chr11	9500001	10000000	-0.0604576792098424
chr11	10000001	10500000	-0.0499797702521058
chr11	10500001	11000000	-0.0365544082076458
chr11	11000001	11500000	-0.194351494665492
chr11	11500001	12000000	-0.179046514105003
chr11	12000001	12500000	-0.074706182730462
chr11	12500001	13000000	-0.250821547328542
chr11	13000001	13500000	-0.0554487660100115
chr11	13500001	14000000	-0.136399232903903
chr11	14000001	14500000	-0.16895948982488
chr11	14500001	15000000	-0.153934334169256
chr11	15000001	15500000	-0.156550271393083
chr11	15500001	16000000	-0.17592969882336
chr11	16000001	16500000	-0.159229028055552
chr11	16500001	17000000	-0.0793937780451045
chr11	17000001	17500000	-0.069544997920252
chr11	17500001	18000000	-0.157317363186722
chr11	18000001	18500000	-0.183363037059925
chr11	18500001	19000000	-0.23875643294491
chr11	19000001	19500000	-0.109994758765365
chr11	19500001	20000000	-0.176331822283591
chr11	20000001	20500000	-0.137469408228281
chr11	20500001	21000000	-0.199935050149771
chr11	21000001	21500000	-0.194835282685182
chr11	21500001	22000000	-0.155463752827266
chr11	22000001	22500000	-0.194302874224023
chr11	22500001	23000000	-0.241077658244981
chr11	23000001	23500000	-0.163645420089369
chr11	23500001	24000000	-0.168785539157494
chr11	24000001	24500000	-0.179702060780713
chr11	24500001	25000000	-0.166511785644525
chr11	25000001	25500000	-0.168096101488056
chr11	25500001	26000000	-0.190719951782212
chr11	26000001	26500000	-0.187633372004109
chr11	26500001	27000000	-0.209214707003492
chr11	27000001	27500000	-0.195159448975341
chr11	27500001	28000000	-0.144092686964154
chr11	28000001	28500000	-0.0607784513989939
chr11	28500001	29000000	-0.139010969615324
chr11	29000001	29500000	-0.118967194767446
chr11	29500001	30000000	-0.0715507312586113
chr11	30000001	30500000	-0.0679113402246785
chr11	30500001	31000000	-0.0380393695263875
chr11	31000001	31500000	-0.12112312351618
chr11	31500001	32000000	-0.0734768032740934
chr11	32000001	32500000	-0.118155777114008
chr11	32500001	33000000	-0.0455357943956251
chr11	33000001	33500000	0.00703119714571941
chr11	33500001	34000000	0.0599003936823148
chr11	34000001	34500000	0.0767798190694101
chr11	34500001	35000000	0.0248482874013854
chr11	35000001	35500000	0.0986130605091677
chr11	35500001	36000000	-0.112419646745343
chr11	36000001	36500000	-0.0320005151269879
chr11	36500001	37000000	-0.0649688745308418
chr11	37000001	37500000	-0.0240318500869898
chr11	37500001	38000000	-0.0222341760740392
chr11	38000001	38500000	0.00701026552857819
chr11	38500001	39000000	0.00640656362661767
chr11	39000001	39500000	-0.02548769801053
chr11	39500001	40000000	-0.017179196314913
chr11	40000001	40500000	-0.0907712038545033
chr11	40500001	41000000	-0.0547734936088081
chr11	41000001	41500000	-0.0185812487875513
chr11	41500001	42000000	0.0298900231175767
chr11	42000001	42500000	0.0289402444359322
chr11	42500001	43000000	-0.00724995090533462
chr11	43000001	43500000	-0.0604926079357041
chr11	43500001	44000000	0.0283053499516712
chr11	44000001	44500000	-0.0127713668467956
chr11	44500001	45000000	0.053588826793449
chr11	45000001	45500000	0.114521659000811
chr11	45500001	46000000	0.0903307467591084
chr11	46000001	46500000	0.0013759322235941
chr11	46500001	47000000	0.0462867242249094
chr11	47000001	47500000	0.108253918995305
chr11	47500001	48000000	0.0513162713312457
chr11	48000001	48500000	0.117141060147611
chr11	50000001	50500000	-0.0246525689474482
chr11	56000001	56500000	0.0472726225588048
chr11	56500001	57000000	0.00114162092785915
chr11	57000001	57500000	-0.00464140903619859
chr11	57500001	58000000	0.0504019947449251
chr11	58000001	58500000	0.0222047946547024
chr11	58500001	59000000	0.105767215621216
chr11	59000001	59500000	0.125576246803253
chr11	59500001	60000000	0.113571025608453
chr11	60000001	60500000	0.0292365312879452
chr11	60500001	61000000	0.0558192592831193
chr11	61000001	61500000	0.146886268560019
chr11	61500001	62000000	0.0806574350878752
chr11	62000001	62500000	0.0994675319571516
chr11	62500001	63000000	0.0541292853407132
chr11	63000001	63500000	0.281765240203807
chr11	63500001	64000000	0.143724666411373
chr11	64000001	64500000	0.0596000468897447
chr11	64500001	65000000	0.234214397649131
chr11	65000001	65500000	0.157655085685021
chr11	65500001	66000000	0.200132974358358
chr11	66000001	66500000	0.142205734583004
chr11	66500001	67000000	0.0080052013310613
chr11	67000001	67500000	0.0524124592379072
chr11	68000001	68500000	0.0580025511046046
chr11	68500001	69000000	0.131575949838181
chr11	69000001	69500000	0.0979708141331175
chr11	69500001	70000000	0.0111988195576773
chr11	70000001	70500000	-0.0238199318077118
chr11	70500001	71000000	NA
chr11	71000001	71500000	NA
chr11	72000001	72500000	0.187177414210574
chr11	72500001	73000000	0.232156068003017
chr11	73000001	73500000	0.195605625568299
chr11	73500001	74000000	0.0504812757813303
chr11	74000001	74500000	0.259718771012868
chr11	74500001	75000000	0.195685874525613
chr11	75000001	75500000	0.246177003166634
chr11	75500001	76000000	0.157478842199696
chr11	76000001	76500000	0.158862464556479
chr11	76500001	77000000	0.133177621795255
chr11	77000001	77500000	0.164594014344143
chr11	77500001	78000000	0.162234723348525
chr11	78000001	78500000	0.153657143804843
chr11	78500001	79000000	0.0567489426175871
chr11	79000001	79500000	0.0626458838273245
chr11	79500001	80000000	0.114566309413398
chr11	80000001	80500000	0.135939916617428
chr11	80500001	81000000	0.0470738589917967
chr11	81000001	81500000	0.129746029708033
chr11	81500001	82000000	0.0228593010823145
chr11	82000001	82500000	0.134774315678075
chr11	82500001	83000000	0.0630789007629089
chr11	83000001	83500000	0.0852744312040995
chr11	83500001	84000000	0.0631313927190721
chr11	84000001	84500000	0.114360607630591
chr11	84500001	85000000	0.0752781885964068
chr11	85000001	85500000	0.14805663370664
chr11	85500001	86000000	0.0668073958242844
chr11	86000001	86500000	0.154175034993297
chr11	86500001	87000000	0.0939611895939421
chr11	87000001	87500000	-0.0226779763579684
chr11	87500001	88000000	NA
chr11	88000001	88500000	NA
chr11	88500001	89000000	0.112664310960178
chr11	89000001	89500000	0.190622039184049
chr11	90000001	90500000	-0.050130065121935
chr11	90500001	91000000	-0.0198232485521047
chr11	91000001	91500000	-0.0100440219683667
chr11	91500001	92000000	0.0368549142068095
chr11	92000001	92500000	0.0714364475401673
chr11	92500001	93000000	-0.0171126426800369
chr11	93000001	93500000	-0.0171505188502597
chr11	93500001	94000000	0.0207881191489922
chr11	94000001	94500000	0.112607245801712
chr11	94500001	95000000	0.0901063031667906
chr11	95000001	95500000	0.104673896541993
chr11	95500001	96000000	0.0955409210232666
chr11	96000001	96500000	0.0892699703589961
chr11	96500001	97000000	NA
chr11	97000001	97500000	0.093351070057086
chr11	97500001	98000000	0.0734047031247915
chr11	98000001	98500000	0.0254123507656119
chr11	98500001	99000000	0.0505136211851265
chr11	99000001	99500000	-0.0210821576208718
chr11	99500001	100000000	0.0918129803646373
chr11	100000001	100500000	0.0592786958729253
chr11	100500001	101000000	-0.0463203981967541
chr11	101000001	101500000	0.103472578473088
chr11	101500001	102000000	0.0138912505040114
chr11	102000001	102500000	0.124578756884316
chr11	102500001	103000000	0.0891093243869923
chr11	103000001	103500000	0.0146923388913347
chr11	103500001	104000000	0.0298723545177719
chr11	104000001	104500000	0.0235476138492802
chr11	104500001	105000000	0.108356543171015
chr11	105000001	105500000	0.101426693891642
chr11	105500001	106000000	0.039218301632111
chr11	106000001	106500000	0.0537861246786425
chr11	106500001	107000000	0.0287996199022092
chr11	107000001	107500000	0.0625534193557312
chr11	107500001	108000000	0.022861608195708
chr11	108000001	108500000	0.0150327726517354
chr11	108500001	109000000	-0.0703961733325653
chr11	109000001	109500000	0.00871227091791538
chr11	109500001	110000000	-0.0428660735141771
chr11	110000001	110500000	0.027681736306645
chr11	110500001	111000000	0.0285839136570083
chr11	111000001	111500000	0.0408469135570596
chr11	111500001	112000000	0.078401452378468
chr11	112000001	112500000	-0.00571718161084126
chr11	112500001	113000000	-0.090853997375405
chr11	113000001	113500000	-0.131043325548773
chr11	113500001	114000000	-0.113357440232392
chr11	114000001	114500000	-0.0507759568441623
chr11	114500001	115000000	-0.0625029174138315
chr11	115000001	115500000	-0.188717582409002
chr11	115500001	116000000	-0.0435592054444145
chr11	116000001	116500000	-0.0649292911146773
chr11	116500001	117000000	-0.0854241582318928
chr11	117000001	117500000	-0.0470492354264579
chr11	117500001	118000000	-0.106233026858606
chr11	118000001	118500000	0.107288883308601
chr11	118500001	119000000	-0.00311855850033073
chr11	119000001	119500000	0.0229916566091001
chr11	119500001	120000000	0.0190104692231959
chr11	120000001	120500000	-0.0851679593343122
chr11	120500001	121000000	-0.1003523907692
chr11	121000001	121500000	0.0624722306065598
chr11	121500001	122000000	-0.038108556471076
chr11	122000001	122500000	-0.0571186495959949
chr11	122500001	123000000	-0.0979302292683783
chr11	123000001	123500000	-0.0697099061394156
chr11	123500001	124000000	-0.0121491573887272
chr11	124000001	124500000	-0.0829828597180212
chr11	124500001	125000000	-0.00785229988274797
chr11	125000001	125500000	-0.0714861719224361
chr11	125500001	126000000	-0.0624799333139817
chr11	126000001	126500000	-0.0216375123024443
chr11	126500001	127000000	-0.218318828370152
chr11	127000001	127500000	-0.126786711952752
chr11	127500001	128000000	-0.034756813970365
chr11	128000001	128500000	0.00509472180343589
chr11	128500001	129000000	0.0580318267392182
chr11	129000001	129500000	-0.116599502064189
chr11	129500001	130000000	-0.110323899650704
chr11	130000001	130500000	-0.0338748425968604
chr11	130500001	131000000	-0.0382869618018604
chr11	131000001	131500000	-0.199952609082423
chr11	131500001	132000000	-0.0878487227407337
chr11	132000001	132500000	-0.0558405646656774
chr11	132500001	133000000	-0.157181449155936
chr11	133000001	133500000	-0.125631603641128
chr11	133500001	134000000	-0.185673531371388
chr11	134000001	134500000	-0.15868731113648
chr11	134500001	135000000	-0.0871053479789432
chr11	135000001	135500000	NA
chr12	1	500000	NA
chr12	500001	1000000	0.221601349621007
chr12	1000001	1500000	0.121221417208795
chr12	1500001	2000000	0.207775862106216
chr12	2000001	2500000	0.114596275259435
chr12	2500001	3000000	0.161730328003823
chr12	3000001	3500000	0.00725044611988326
chr12	3500001	4000000	0.204140567785943
chr12	4000001	4500000	0.237806354008399
chr12	4500001	5000000	0.141181024811052
chr12	5000001	5500000	0.118720809340085
chr12	5500001	6000000	0.178425917295039
chr12	6000001	6500000	0.207756402139623
chr12	6500001	7000000	NA
chr12	7000001	7500000	NA
chr12	7500001	8000000	0.116301454328769
chr12	8500001	9000000	0.190296461100056
chr12	9000001	9500000	0.220529148844282
chr12	9500001	10000000	0.202727748506156
chr12	10000001	10500000	0.218098409915105
chr12	10500001	11000000	0.150759851691288
chr12	11000001	11500000	0.220224374466087
chr12	11500001	12000000	0.217828659242855
chr12	12000001	12500000	0.143973570414159
chr12	12500001	13000000	0.0627455097527856
chr12	13000001	13500000	0.0231553885732884
chr12	13500001	14000000	-0.0303072323048167
chr12	14000001	14500000	0.177411366269165
chr12	14500001	15000000	0.419546041641156
chr12	15000001	15500000	0.248479343453646
chr12	15500001	16000000	-0.0100621104015415
chr12	16000001	16500000	0.0174960921761654
chr12	16500001	17000000	0.0351209915254939
chr12	17000001	17500000	-0.00202877199286908
chr12	17500001	18000000	0.234680146537489
chr12	18000001	18500000	0.311495240457347
chr12	18500001	19000000	0.719058624967775
chr12	19000001	19500000	0.658819190391004
chr12	19500001	20000000	0.702755975207128
chr12	20000001	20500000	0.683936856207784
chr12	20500001	21000000	0.101124576897647
chr12	21000001	21500000	0.124778430496054
chr12	21500001	22000000	0.127843972403019
chr12	22000001	22500000	0.0391540264746762
chr12	22500001	23000000	0.160054339362219
chr12	23000001	23500000	0.0854882735117791
chr12	23500001	24000000	0.095665714529824
chr12	24000001	24500000	0.120155498220248
chr12	24500001	25000000	0.145450783539275
chr12	25000001	25500000	0.874385396909443
chr12	25500001	26000000	0.588931807758828
chr12	26000001	26500000	0.685956515762697
chr12	26500001	27000000	0.658464083496099
chr12	27000001	27500000	0.913645068652856
chr12	27500001	28000000	0.787560393206946
chr12	28000001	28500000	0.838046343871159
chr12	28500001	29000000	0.695080079809279
chr12	29000001	29500000	0.866089219794737
chr12	29500001	30000000	0.832955659629445
chr12	30000001	30500000	0.755232379509848
chr12	30500001	31000000	0.84576175749287
chr12	31000001	31500000	0.812355055921941
chr12	31500001	32000000	0.831298210186506
chr12	32000001	32500000	0.692257801118801
chr12	32500001	33000000	0.542706658455364
chr12	38000001	38500000	0.361108813626007
chr12	38500001	39000000	0.284532052776975
chr12	39000001	39500000	0.0869412219358756
chr12	39500001	40000000	0.272084041542838
chr12	40000001	40500000	0.404857453642694
chr12	40500001	41000000	0.276603860692491
chr12	41000001	41500000	0.279907211138232
chr12	41500001	42000000	0.234791494428748
chr12	42000001	42500000	0.31793373863065
chr12	42500001	43000000	0.249556892982491
chr12	43000001	43500000	0.194859673301725
chr12	43500001	44000000	0.289503111588654
chr12	44000001	44500000	0.333437333996435
chr12	44500001	45000000	0.296386557680837
chr12	45000001	45500000	0.368957978833103
chr12	45500001	46000000	0.393836974403349
chr12	46000001	46500000	0.41498886378407
chr12	46500001	47000000	0.285132248251644
chr12	47000001	47500000	0.302960548036231
chr12	47500001	48000000	0.431556068523094
chr12	48000001	48500000	0.364013477894756
chr12	48500001	49000000	0.307331263126636
chr12	49000001	49500000	0.351276965127065
chr12	49500001	50000000	0.265273016832517
chr12	50000001	50500000	0.269474507128513
chr12	50500001	51000000	0.20615038853802
chr12	51000001	51500000	0.245860594132465
chr12	51500001	52000000	0.238346098013719
chr12	52000001	52500000	0.131482401396345
chr12	52500001	53000000	0.169671173246911
chr12	53000001	53500000	0.281680707643255
chr12	53500001	54000000	0.285882959703238
chr12	54000001	54500000	0.252526159653583
chr12	54500001	55000000	0.134175632738802
chr12	55000001	55500000	0.0929170411864774
chr12	55500001	56000000	0.156712638913536
chr12	56000001	56500000	0.22822448640294
chr12	56500001	57000000	0.154519824413361
chr12	57000001	57500000	0.211518694007553
chr12	57500001	58000000	0.131257558334477
chr12	58000001	58500000	0.0959551464515269
chr12	58500001	59000000	0.0567931921911465
chr12	59000001	59500000	0.0607888198857775
chr12	59500001	60000000	0.0486820117490509
chr12	60000001	60500000	-0.0117590390397393
chr12	60500001	61000000	0.0612226871204595
chr12	61000001	61500000	0.07080575672499
chr12	61500001	62000000	0.135689139207486
chr12	62000001	62500000	0.136542459422499
chr12	62500001	63000000	0.082415778188573
chr12	63000001	63500000	0.0558779595576803
chr12	63500001	64000000	0.147816746901138
chr12	64000001	64500000	0.177321742504018
chr12	64500001	65000000	0.208793831183911
chr12	65000001	65500000	0.143155696447447
chr12	65500001	66000000	0.121031120498298
chr12	66000001	66500000	0.22987838130984
chr12	66500001	67000000	0.128669030790632
chr12	67000001	67500000	0.0243919328238503
chr12	67500001	68000000	0.0672113403982736
chr12	68000001	68500000	0.123887183935525
chr12	68500001	69000000	0.17246312680441
chr12	69000001	69500000	0.110557130680454
chr12	69500001	70000000	0.0744399662306579
chr12	70000001	70500000	0.0849823134244085
chr12	70500001	71000000	-0.00064508920443351
chr12	71000001	71500000	0.0559356478989084
chr12	71500001	72000000	0.0944836122768262
chr12	72000001	72500000	0.0734637142107395
chr12	72500001	73000000	0.00224402046134922
chr12	73000001	73500000	0.0278319884021497
chr12	73500001	74000000	0.0130560353858976
chr12	74000001	74500000	0.0405168598660776
chr12	74500001	75000000	0.0360105518479278
chr12	75000001	75500000	0.0436824042783377
chr12	75500001	76000000	0.0232987358722364
chr12	76000001	76500000	0.0239954526445439
chr12	76500001	77000000	0.0659642404435274
chr12	77000001	77500000	0.0465273316296647
chr12	77500001	78000000	-0.0250953738994647
chr12	78000001	78500000	-0.0659443903769188
chr12	78500001	79000000	0.00634079964589932
chr12	79000001	79500000	-0.194641390771435
chr12	79500001	80000000	-0.100678495765667
chr12	80000001	80500000	-0.105733177785982
chr12	80500001	81000000	-0.149085155403843
chr12	81000001	81500000	-0.077787166453047
chr12	81500001	82000000	-0.149375045869026
chr12	82000001	82500000	-0.121162190948816
chr12	82500001	83000000	-0.235392247244416
chr12	83000001	83500000	-0.226604151259292
chr12	83500001	84000000	-0.145222335347406
chr12	84000001	84500000	-0.17821899520575
chr12	84500001	85000000	-0.189962662046688
chr12	85000001	85500000	-0.144592845149529
chr12	85500001	86000000	-0.120944760472391
chr12	86000001	86500000	-0.181654842233284
chr12	86500001	87000000	-0.242256812671336
chr12	87000001	87500000	-0.123012016504996
chr12	87500001	88000000	-0.231585413918475
chr12	88000001	88500000	-0.113291388593233
chr12	88500001	89000000	-0.252392604166589
chr12	89000001	89500000	0.0180025774931841
chr12	89500001	90000000	-0.114642665336494
chr12	90000001	90500000	-0.185034921669989
chr12	90500001	91000000	-0.211617214797944
chr12	91000001	91500000	-0.20226110525585
chr12	91500001	92000000	-0.171044864038619
chr12	92000001	92500000	-0.0140847806100039
chr12	92500001	93000000	-0.0843055645841298
chr12	93000001	93500000	-0.103772803101579
chr12	93500001	94000000	-0.12060246979445
chr12	94000001	94500000	-0.0641712965428357
chr12	94500001	95000000	-0.0883362281547501
chr12	95000001	95500000	-0.0594916182475709
chr12	95500001	96000000	-0.15390017714153
chr12	96000001	96500000	-0.0483449788159509
chr12	96500001	97000000	-0.0431715988052365
chr12	97000001	97500000	-0.15744786260473
chr12	97500001	98000000	-0.0548729524447422
chr12	98000001	98500000	-0.100861380743625
chr12	98500001	99000000	-0.0869028724471424
chr12	99000001	99500000	-0.165349107227083
chr12	99500001	100000000	-0.199178332353121
chr12	100000001	100500000	-0.126883626811114
chr12	100500001	101000000	-0.144367457278155
chr12	101000001	101500000	-0.234051641883454
chr12	101500001	102000000	-0.141602563954996
chr12	102000001	102500000	-0.111003284763015
chr12	102500001	103000000	-0.142774458069545
chr12	103000001	103500000	-0.151913795967658
chr12	103500001	104000000	-0.0336219820776658
chr12	104000001	104500000	-0.0233490073949586
chr12	104500001	105000000	-0.0668455554017077
chr12	105000001	105500000	-0.0967313262789491
chr12	105500001	106000000	-0.136678565657295
chr12	106000001	106500000	-0.0851867199775017
chr12	106500001	107000000	-0.189897850278493
chr12	107000001	107500000	-0.09823574215281
chr12	107500001	108000000	-0.0598346511708678
chr12	108000001	108500000	-0.229891693169978
chr12	108500001	109000000	-0.0567575145118623
chr12	109000001	109500000	-0.158390568630081
chr12	109500001	110000000	-0.0939320068632569
chr12	110000001	110500000	-0.0532342993710976
chr12	110500001	111000000	-0.150611985282195
chr12	111000001	111500000	-0.145458253746516
chr12	111500001	112000000	-0.243331248706684
chr12	112000001	112500000	-0.187780869766434
chr12	112500001	113000000	-0.151555106957663
chr12	113000001	113500000	-0.0910268171997651
chr12	113500001	114000000	-0.0490047009039112
chr12	114000001	114500000	-0.140539722789875
chr12	114500001	115000000	-0.158014090585357
chr12	115000001	115500000	-0.032994910579115
chr12	115500001	116000000	-0.0677636647224396
chr12	116000001	116500000	0.0508455906686582
chr12	116500001	117000000	-0.0811537586906601
chr12	117000001	117500000	-0.0311529923381389
chr12	117500001	118000000	-0.190407970498562
chr12	118000001	118500000	-0.00677364606004711
chr12	118500001	119000000	-0.0611016989959021
chr12	119000001	119500000	-0.136459496694033
chr12	119500001	120000000	-0.0829871123746518
chr12	120000001	120500000	-0.047657410004073
chr12	120500001	121000000	-0.0173115998461415
chr12	121000001	121500000	0.016556962507279
chr12	121500001	122000000	-0.0531004289722765
chr12	122000001	122500000	NA
chr12	122500001	123000000	-0.0509053298453898
chr12	123000001	123500000	NA
chr12	123500001	124000000	-0.131146857231758
chr12	124000001	124500000	-0.04807010617604
chr12	124500001	125000000	-0.0151163640459273
chr12	125000001	125500000	-0.133128001880246
chr12	125500001	126000000	-0.117826913389731
chr12	126000001	126500000	0.0049476263629665
chr12	126500001	127000000	-0.103715320534346
chr12	127000001	127500000	-0.174930780215164
chr12	127500001	128000000	-0.0954052026234096
chr12	128000001	128500000	-0.140249106662531
chr12	128500001	129000000	-0.0614270915145789
chr12	129000001	129500000	-0.0884897865175912
chr12	129500001	130000000	-0.138620048114005
chr12	130000001	130500000	-0.150033230581466
chr12	130500001	131000000	-0.0755281146230649
chr12	131000001	131500000	-0.177319171953008
chr12	131500001	132000000	-0.0818083876439732
chr12	132000001	132500000	NA
chr12	132500001	133000000	-0.0236269229995819
chr12	133000001	133500000	NA
chr13	19000001	19500000	0.00167711164273879
chr13	19500001	20000000	-0.0135826248095914
chr13	20000001	20500000	-0.0752564884325938
chr13	20500001	21000000	-0.0107531140515339
chr13	21000001	21500000	-0.112385004053162
chr13	21500001	22000000	-0.060439439635051
chr13	22000001	22500000	-0.0474517209087752
chr13	22500001	23000000	0.0421378926699813
chr13	23000001	23500000	-0.0679298714454139
chr13	23500001	24000000	-0.0504948350782159
chr13	24000001	24500000	0.00031162269734468
chr13	24500001	25000000	-0.0149024821139353
chr13	25000001	25500000	-0.0183743573541267
chr13	25500001	26000000	-0.0438827383388219
chr13	26000001	26500000	-0.0201984753892088
chr13	26500001	27000000	-0.0793493962242192
chr13	27000001	27500000	0.0347818576757117
chr13	27500001	28000000	-0.0554202420287509
chr13	28000001	28500000	-0.0379446815688019
chr13	28500001	29000000	0.0625716602631034
chr13	29000001	29500000	-0.0590723919444497
chr13	29500001	30000000	-0.0253620218885277
chr13	30000001	30500000	-0.00902739342151594
chr13	30500001	31000000	0.162123173560162
chr13	31000001	31500000	0.00326651463142126
chr13	31500001	32000000	0.0212285299813018
chr13	32000001	32500000	-0.000885477912501875
chr13	32500001	33000000	-0.0343953106048918
chr13	33000001	33500000	-0.0220012034844328
chr13	33500001	34000000	-0.00497976196866667
chr13	34000001	34500000	-0.0567296614673531
chr13	34500001	35000000	-0.0297552212200214
chr13	35000001	35500000	-0.0107690142262044
chr13	35500001	36000000	-0.097630362927143
chr13	36000001	36500000	-0.0852328380622147
chr13	36500001	37000000	-0.111610574768263
chr13	37000001	37500000	-0.0737024342898555
chr13	37500001	38000000	-0.18345723098546
chr13	38000001	38500000	-0.092463928478953
chr13	38500001	39000000	-0.157009778400135
chr13	39000001	39500000	-0.251746271342947
chr13	39500001	40000000	-0.0809531883046727
chr13	40000001	40500000	-0.0900868856195402
chr13	40500001	41000000	-0.201973237560065
chr13	41000001	41500000	-0.0762320194705239
chr13	41500001	42000000	-0.115069263332373
chr13	42000001	42500000	-0.0910009634312291
chr13	42500001	43000000	-0.128709898623344
chr13	43000001	43500000	-0.236228181175965
chr13	43500001	44000000	-0.0605496464127122
chr13	44000001	44500000	-0.202026792830838
chr13	44500001	45000000	-0.142731673754157
chr13	45000001	45500000	-0.150592851286047
chr13	45500001	46000000	-0.02515563589294
chr13	46000001	46500000	-0.0724189565881588
chr13	46500001	47000000	-0.100304757745798
chr13	47000001	47500000	-0.155277047548505
chr13	47500001	48000000	-0.0655056421772039
chr13	48000001	48500000	-0.0615459123269382
chr13	48500001	49000000	-0.0335823050530652
chr13	49000001	49500000	-0.0246631900219544
chr13	49500001	50000000	-0.020109968109418
chr13	50000001	50500000	-0.11824702285352
chr13	50500001	51000000	-0.0426822274187548
chr13	51000001	51500000	-0.122012839593979
chr13	51500001	52000000	-0.080969195543907
chr13	52000001	52500000	-0.0412395941325182
chr13	52500001	53000000	-0.149504480444124
chr13	53000001	53500000	-0.0817716510487489
chr13	53500001	54000000	-0.195858313227122
chr13	54000001	54500000	0.0140887535402579
chr13	54500001	55000000	0.0389069010086937
chr13	55000001	55500000	-0.0214723668542014
chr13	55500001	56000000	0.0141977895272922
chr13	56000001	56500000	0.0505603893116653
chr13	56500001	57000000	-0.00746429266620745
chr13	57000001	57500000	-0.12691382876356
chr13	57500001	58000000	0.0667750520117364
chr13	58000001	58500000	0.00289775029660941
chr13	58500001	59000000	-0.055874540667258
chr13	59000001	59500000	0.0094246671515306
chr13	59500001	60000000	-0.0343944676696894
chr13	60000001	60500000	-0.0249429254923404
chr13	60500001	61000000	0.00439552618506336
chr13	61000001	61500000	0.051193286770488
chr13	61500001	62000000	-0.00186159198966324
chr13	62000001	62500000	-0.0650575862016931
chr13	62500001	63000000	NA
chr13	63000001	63500000	-0.218542420757335
chr13	63500001	64000000	-0.185782310846501
chr13	64000001	64500000	-0.155722911224765
chr13	64500001	65000000	-0.065035980616841
chr13	65000001	65500000	-0.0899370173185096
chr13	65500001	66000000	-0.0492736717229996
chr13	66000001	66500000	-0.0826266007731239
chr13	66500001	67000000	-0.0999615819275498
chr13	67000001	67500000	-0.02017477114413
chr13	67500001	68000000	0.0109401143834365
chr13	68000001	68500000	-0.0435627794306629
chr13	68500001	69000000	NA
chr13	69000001	69500000	NA
chr13	69500001	70000000	-0.112527279930078
chr13	70000001	70500000	-0.0888311174805042
chr13	70500001	71000000	-0.113830901714021
chr13	71000001	71500000	-0.0514077547933083
chr13	71500001	72000000	0.016807805695639
chr13	72000001	72500000	-0.0976485548120959
chr13	72500001	73000000	-0.0416710909850521
chr13	73000001	73500000	-0.0564628306615878
chr13	73500001	74000000	-0.0724343169113959
chr13	74000001	74500000	-0.16936258384305
chr13	74500001	75000000	-0.0748459570328482
chr13	75000001	75500000	-0.0275394713106058
chr13	75500001	76000000	0.0272563357555134
chr13	76000001	76500000	-0.0327741060579086
chr13	76500001	77000000	0.0495106153528076
chr13	77000001	77500000	0.0665976739884893
chr13	77500001	78000000	-0.00763151977365299
chr13	78000001	78500000	-0.0350312008213598
chr13	78500001	79000000	-0.0306016198231987
chr13	79000001	79500000	-0.0319482719921469
chr13	79500001	80000000	-0.0369020126473804
chr13	80000001	80500000	0.0895547793088528
chr13	80500001	81000000	0.0101884823794679
chr13	81000001	81500000	0.00701486415013607
chr13	81500001	82000000	0.0483043009579825
chr13	82000001	82500000	0.0349300329332341
chr13	82500001	83000000	-0.00822943035265234
chr13	83000001	83500000	0.0341485451821483
chr13	83500001	84000000	-0.032445263800912
chr13	84000001	84500000	-0.00475403432403668
chr13	84500001	85000000	-0.0802620663738136
chr13	85000001	85500000	-0.0999720152621803
chr13	85500001	86000000	-0.0339809224991645
chr13	86000001	86500000	NA
chr13	86500001	87000000	-0.0466963827132656
chr13	87000001	87500000	0.0437058030409081
chr13	87500001	88000000	0.0708116460559107
chr13	88000001	88500000	-0.0771872335839937
chr13	88500001	89000000	-0.0315327597555792
chr13	89000001	89500000	0.0406940790686757
chr13	89500001	90000000	-0.022920593317255
chr13	90000001	90500000	0.0381785496699391
chr13	90500001	91000000	0.0869753175666326
chr13	91000001	91500000	0.0163044904725417
chr13	91500001	92000000	-0.0487994823271337
chr13	92000001	92500000	0.00581708333260322
chr13	92500001	93000000	0.00159722220306276
chr13	93000001	93500000	0.0385594563366982
chr13	93500001	94000000	-0.0597135265614239
chr13	94000001	94500000	0.0129808481677837
chr13	94500001	95000000	0.0271603645864128
chr13	95000001	95500000	-0.0257614776056361
chr13	95500001	96000000	0.0163754705779868
chr13	96000001	96500000	0.0192364184060704
chr13	96500001	97000000	0.0408369520099622
chr13	97000001	97500000	0.0400031680963104
chr13	97500001	98000000	-0.0773707507720656
chr13	98000001	98500000	-0.0480070126628802
chr13	98500001	99000000	0.00311707333888094
chr13	99000001	99500000	0.0194468718532221
chr13	99500001	100000000	-0.0167778638869926
chr13	100000001	100500000	0.0466817651457797
chr13	100500001	101000000	NA
chr13	101000001	101500000	-0.0310030659447842
chr13	101500001	102000000	-0.0538760529288637
chr13	102000001	102500000	-0.0949310440817572
chr13	102500001	103000000	0.0212559195515435
chr13	103000001	103500000	-0.0567604651307566
chr13	103500001	104000000	-0.0516408402827607
chr13	104000001	104500000	-0.0306032202204629
chr13	104500001	105000000	-0.0261312238757163
chr13	105000001	105500000	0.0639142164294906
chr13	105500001	106000000	0.00321965962019822
chr13	106000001	106500000	-0.09261069023685
chr13	106500001	107000000	-0.0143902758330429
chr13	107000001	107500000	0.0302421989089929
chr13	107500001	108000000	0.00202798827137519
chr13	108000001	108500000	0.0437853310862857
chr13	108500001	109000000	-0.0457014386815161
chr13	109000001	109500000	0.00928887059850549
chr13	109500001	110000000	0.0667123425578439
chr13	110000001	110500000	0.0520981230747359
chr13	110500001	111000000	0.0150022965280829
chr13	111000001	111500000	-0.0737727448991656
chr13	112000001	112500000	-0.0904775306780402
chr13	112500001	113000000	-0.0106630299085889
chr13	113000001	113500000	-0.0226201622260119
chr13	113500001	114000000	NA
chr13	114000001	114500000	NA
chr14	20000001	20500000	0.172748860914294
chr14	20500001	21000000	0.150264693291967
chr14	21000001	21500000	0.126950931766369
chr14	21500001	22000000	0.0916376262016513
chr14	22000001	22500000	0.042784007261158
chr14	22500001	23000000	0.082061508929578
chr14	23000001	23500000	-0.0264833563850386
chr14	23500001	24000000	0.0609319860718983
chr14	24000001	24500000	0.172471209435049
chr14	24500001	25000000	0.0226003442340436
chr14	25000001	25500000	-0.0244392353964242
chr14	25500001	26000000	0.0908805073491089
chr14	26000001	26500000	-0.00866748886477988
chr14	26500001	27000000	-0.0563203941680353
chr14	27000001	27500000	0.0314412567384233
chr14	27500001	28000000	0.168177700658021
chr14	28000001	28500000	-0.051196435544168
chr14	28500001	29000000	-0.111404972854077
chr14	29000001	29500000	-0.00121770630876342
chr14	29500001	30000000	-0.00237857600739834
chr14	30000001	30500000	-0.0505141299378608
chr14	30500001	31000000	0.0119096416446862
chr14	31000001	31500000	0.0275317676531692
chr14	31500001	32000000	0.0102107419731498
chr14	32000001	32500000	-0.0237975817473848
chr14	32500001	33000000	-0.0538993932854139
chr14	33000001	33500000	-0.131510807319586
chr14	33500001	34000000	-0.0420628739169661
chr14	34000001	34500000	0.0684243644620581
chr14	34500001	35000000	0.0558259602017266
chr14	35000001	35500000	0.0925816747971568
chr14	35500001	36000000	0.0856268947082428
chr14	36000001	36500000	-0.008371591619485
chr14	36500001	37000000	-0.00497697934801631
chr14	37000001	37500000	0.125202372822464
chr14	37500001	38000000	-0.0400709160610349
chr14	38000001	38500000	0.0246418044511235
chr14	38500001	39000000	0.0578531649591075
chr14	39000001	39500000	0.0916060655695024
chr14	39500001	40000000	0.0440038343486047
chr14	40000001	40500000	-0.0303825406415138
chr14	40500001	41000000	-0.109199898584244
chr14	41000001	41500000	-0.0107377186157208
chr14	41500001	42000000	-0.109988534447354
chr14	42000001	42500000	0.0522778844195149
chr14	42500001	43000000	-0.0398079030308839
chr14	43000001	43500000	-0.0941238064293995
chr14	43500001	44000000	-0.134953377749731
chr14	44000001	44500000	0.00539922392883473
chr14	44500001	45000000	-0.114404924284195
chr14	45000001	45500000	-0.0937575769682086
chr14	45500001	46000000	-0.151250385472959
chr14	46000001	46500000	-0.10321626064793
chr14	46500001	47000000	-0.117795388063064
chr14	47000001	47500000	-0.0841678955336367
chr14	47500001	48000000	-0.128662091657929
chr14	48000001	48500000	-0.0387000281882931
chr14	48500001	49000000	-0.10735317915585
chr14	49000001	49500000	-0.103044886919975
chr14	49500001	50000000	-0.0603449472337236
chr14	50000001	50500000	0.016735491860566
chr14	50500001	51000000	-0.0441831219961623
chr14	51000001	51500000	-0.102669624089613
chr14	51500001	52000000	-0.0501273000328941
chr14	52000001	52500000	-0.00981447236631189
chr14	52500001	53000000	-0.173725864854893
chr14	53000001	53500000	-0.0989205106237111
chr14	53500001	54000000	-0.174211769324888
chr14	54000001	54500000	-0.0954446190678396
chr14	54500001	55000000	-0.0920308641435155
chr14	55000001	55500000	-0.166004087555087
chr14	55500001	56000000	-0.094164270208343
chr14	56000001	56500000	-0.0292514806135508
chr14	56500001	57000000	-0.0880974781719624
chr14	57000001	57500000	-0.136924213460215
chr14	57500001	58000000	-0.203745068819395
chr14	58000001	58500000	-0.0240624708414606
chr14	58500001	59000000	-0.015508025646285
chr14	59000001	59500000	-0.137143303914362
chr14	59500001	60000000	-0.0378078016164182
chr14	60000001	60500000	-0.0854755139170993
chr14	60500001	61000000	-0.0473731473993234
chr14	61000001	61500000	0.0746012595478565
chr14	61500001	62000000	-0.00230780152215961
chr14	62000001	62500000	-0.0554087181383019
chr14	62500001	63000000	0.0274237931700746
chr14	63000001	63500000	0.0655441564188113
chr14	63500001	64000000	-0.0531273189206139
chr14	64000001	64500000	-0.0144716215650855
chr14	64500001	65000000	0.0816717819985684
chr14	65000001	65500000	-0.0547842763941424
chr14	65500001	66000000	-0.0254291491097714
chr14	66000001	66500000	0.00708171283340671
chr14	66500001	67000000	0.000973085229302735
chr14	67000001	67500000	0.00243904316510365
chr14	67500001	68000000	0.131247040924694
chr14	68000001	68500000	0.154082617737631
chr14	68500001	69000000	0.172497345664351
chr14	69000001	69500000	0.0440539945448275
chr14	69500001	70000000	0.0878183274721374
chr14	70000001	70500000	0.0639406367700209
chr14	70500001	71000000	0.0812938691383557
chr14	71000001	71500000	0.117639326502707
chr14	71500001	72000000	0.0911558488607268
chr14	72000001	72500000	0.00203323476812303
chr14	72500001	73000000	-0.040565434688629
chr14	73000001	73500000	0.0206041954750753
chr14	73500001	74000000	0.0520851321350713
chr14	74000001	74500000	-0.00292607009571039
chr14	74500001	75000000	0.134798265111545
chr14	75000001	75500000	0.126447372337052
chr14	75500001	76000000	0.0434279943619889
chr14	76000001	76500000	0.0373726339050324
chr14	76500001	77000000	0.0914165073863259
chr14	77000001	77500000	0.0747523153722233
chr14	77500001	78000000	0.0800155286868472
chr14	78000001	78500000	0.0122131411372412
chr14	78500001	79000000	-0.0133141856898525
chr14	79000001	79500000	0.0417678279433994
chr14	79500001	80000000	0.0479940194631005
chr14	80000001	80500000	0.0439422991076818
chr14	80500001	81000000	0.112441000969234
chr14	81000001	81500000	0.119512891676448
chr14	81500001	82000000	0.0956823615906117
chr14	82000001	82500000	0.161300967799971
chr14	82500001	83000000	0.0601925868265335
chr14	83000001	83500000	0.0194478245451059
chr14	83500001	84000000	0.07428497230712
chr14	84000001	84500000	0.120368127477568
chr14	84500001	85000000	0.139671864212461
chr14	85000001	85500000	0.0479126315292176
chr14	85500001	86000000	0.034221481056901
chr14	86000001	86500000	-0.0325213406798398
chr14	86500001	87000000	-0.0112045006161338
chr14	87000001	87500000	0.0782658653148042
chr14	87500001	88000000	0.0959752103499606
chr14	88000001	88500000	0.0704912266514363
chr14	88500001	89000000	0.138481210280472
chr14	89000001	89500000	0.176789823486513
chr14	89500001	90000000	0.267766195995655
chr14	90000001	90500000	0.136143656226659
chr14	90500001	91000000	0.151752644918353
chr14	91000001	91500000	0.144621220057238
chr14	91500001	92000000	0.161781684886013
chr14	92000001	92500000	0.22500997300003
chr14	92500001	93000000	0.203659449566546
chr14	93000001	93500000	0.202298634054507
chr14	93500001	94000000	0.0369380495553689
chr14	94000001	94500000	0.157010159146122
chr14	94500001	95000000	0.046423337889523
chr14	95000001	95500000	0.0893001278475131
chr14	95500001	96000000	0.0400394598425777
chr14	96000001	96500000	0.0498744956754331
chr14	96500001	97000000	0.0739979321725183
chr14	97000001	97500000	0.100801482120494
chr14	97500001	98000000	0.161943666814761
chr14	98000001	98500000	0.112808970941473
chr14	98500001	99000000	0.148110568946461
chr14	99000001	99500000	0.0406347297218513
chr14	99500001	100000000	0.0216202567695512
chr14	100000001	100500000	0.195267266790454
chr14	100500001	101000000	0.103075256591385
chr14	101000001	101500000	0.0200143675542041
chr14	101500001	102000000	0.123761529732121
chr14	102000001	102500000	0.137707866311351
chr14	102500001	103000000	0.179106537383208
chr14	103000001	103500000	0.126295998830183
chr14	103500001	104000000	0.0274411310881506
chr14	104000001	104500000	0.0186437439628907
chr14	104500001	105000000	0.0236621834277244
chr14	105000001	105500000	0.125758028766565
chr14	106000001	106500000	0.0512763635404177
chr15	23500001	24000000	0.0321829339193234
chr15	24500001	25000000	0.16349473258265
chr15	25000001	25500000	0.10115647034703
chr15	25500001	26000000	-0.0397448801851919
chr15	26000001	26500000	0.06156793305957
chr15	26500001	27000000	-0.0454800382666162
chr15	27000001	27500000	NA
chr15	27500001	28000000	-0.0667876861210537
chr15	29000001	29500000	-0.120249188370975
chr15	29500001	30000000	-0.141553465288147
chr15	31000001	31500000	0.00334306377753047
chr15	31500001	32000000	0.0919188624163006
chr15	32500001	33000000	-0.0865315501809257
chr15	33000001	33500000	-0.135088319947062
chr15	33500001	34000000	-0.0113905679929313
chr15	34000001	34500000	0.00819269959608715
chr15	34500001	35000000	0.0533372890238404
chr15	35000001	35500000	0.0104182172765675
chr15	35500001	36000000	-0.0517034674892967
chr15	36000001	36500000	-0.123835206380389
chr15	36500001	37000000	-0.0575844165223273
chr15	37000001	37500000	-0.0486456285051016
chr15	37500001	38000000	-0.0994239919265374
chr15	38000001	38500000	-0.01343516706468
chr15	38500001	39000000	0.0117162071155654
chr15	39000001	39500000	0.0421712623347794
chr15	39500001	40000000	-0.104270292948924
chr15	40000001	40500000	0.00526020788626939
chr15	40500001	41000000	0.0220549583142091
chr15	41000001	41500000	-0.0190222609633722
chr15	41500001	42000000	0.00742993713659916
chr15	42000001	42500000	0.00402509960959742
chr15	42500001	43000000	-0.0357838009295352
chr15	43000001	43500000	-0.0858918395135991
chr15	43500001	44000000	-0.269280646661893
chr15	44000001	44500000	0.0235686637076054
chr15	44500001	45000000	-0.00733152946100559
chr15	45000001	45500000	-0.00709456105625411
chr15	45500001	46000000	-0.0628702673619962
chr15	46000001	46500000	-0.0247835792588839
chr15	46500001	47000000	0.0210575538102603
chr15	47000001	47500000	-0.0230899522397128
chr15	47500001	48000000	-0.119096993652848
chr15	48000001	48500000	-0.0636329084052428
chr15	48500001	49000000	-0.0594346383197152
chr15	49000001	49500000	-0.00217251594638576
chr15	49500001	50000000	0.0963551299379995
chr15	50000001	50500000	0.0402105920843524
chr15	50500001	51000000	-0.056380441183561
chr15	51000001	51500000	0.0425403979127463
chr15	51500001	52000000	0.0953298211955557
chr15	52000001	52500000	-0.0397409559227652
chr15	52500001	53000000	-0.00927338574549204
chr15	53000001	53500000	-0.0351807713465363
chr15	53500001	54000000	-0.0931432421519384
chr15	54000001	54500000	-0.0849689658223759
chr15	54500001	55000000	-0.0507603212429769
chr15	55000001	55500000	-0.0248191779083952
chr15	55500001	56000000	-0.105497924626274
chr15	56000001	56500000	-0.0255228890454774
chr15	56500001	57000000	0.0269840333767793
chr15	57000001	57500000	0.0368953266203608
chr15	57500001	58000000	-0.120494065227276
chr15	58000001	58500000	-0.045927408054509
chr15	58500001	59000000	-0.0407160296589737
chr15	59000001	59500000	-0.0641931533650832
chr15	59500001	60000000	-0.0667556069294822
chr15	60000001	60500000	-0.124345081485033
chr15	60500001	61000000	-0.107795753199086
chr15	61000001	61500000	-0.0738453404138544
chr15	61500001	62000000	-0.069748688459633
chr15	62000001	62500000	-0.0475774824332864
chr15	62500001	63000000	-0.0960552023964229
chr15	63000001	63500000	0.00345331381930096
chr15	63500001	64000000	0.0347921396919586
chr15	64000001	64500000	-0.0189504770701518
chr15	64500001	65000000	0.0177303754321378
chr15	65000001	65500000	-0.0668947451110981
chr15	65500001	66000000	-0.028995299595593
chr15	66000001	66500000	-0.0686579565938108
chr15	66500001	67000000	0.0166456578695527
chr15	67000001	67500000	-0.0555590414676342
chr15	67500001	68000000	-0.0269033068526053
chr15	68000001	68500000	0.0241419601044793
chr15	68500001	69000000	-0.0374903371082023
chr15	69000001	69500000	0.0237468777422204
chr15	69500001	70000000	0.158802934767932
chr15	70000001	70500000	0.128909610607947
chr15	70500001	71000000	-0.143055326918283
chr15	71000001	71500000	-0.100329878868354
chr15	71500001	72000000	-0.0764571858524742
chr15	72000001	72500000	0.000410024644761083
chr15	72500001	73000000	-0.0752899627284055
chr15	73000001	73500000	-0.123379921564359
chr15	73500001	74000000	-0.0207949863986238
chr15	74000001	74500000	-0.0649224782026824
chr15	74500001	75000000	0.0749941813453354
chr15	75000001	75500000	-0.0358841583509968
chr15	75500001	76000000	-0.0493107381919722
chr15	76000001	76500000	-0.0890306479929579
chr15	76500001	77000000	0.050379982793337
chr15	77000001	77500000	0.0441657267588239
chr15	77500001	78000000	-0.0202649836079109
chr15	78000001	78500000	-0.0684003591489858
chr15	78500001	79000000	-0.0721132600090137
chr15	79000001	79500000	-0.0847438590207868
chr15	79500001	80000000	-0.0195692795593569
chr15	80000001	80500000	-0.0514533934194932
chr15	80500001	81000000	-0.117667408446481
chr15	81000001	81500000	0.0786896580032329
chr15	81500001	82000000	0.0553516210414467
chr15	82500001	83000000	-0.0794460958596913
chr15	83000001	83500000	0.0274535978853042
chr15	83500001	84000000	0.0235817311305882
chr15	84500001	85000000	0.00938035766538662
chr15	85000001	85500000	0.0643561552729511
chr15	85500001	86000000	0.137476072817964
chr15	86000001	86500000	0.151877044751615
chr15	86500001	87000000	0.196066263650564
chr15	87000001	87500000	0.222195792278186
chr15	87500001	88000000	0.272694326491626
chr15	88000001	88500000	0.133923198825927
chr15	88500001	89000000	0.143180898058148
chr15	89000001	89500000	0.220301565731993
chr15	89500001	90000000	0.234833865273136
chr15	90000001	90500000	0.289495380765332
chr15	90500001	91000000	0.296700658561349
chr15	91000001	91500000	0.218557153853606
chr15	91500001	92000000	0.2233626613523
chr15	92000001	92500000	0.181505520889514
chr15	92500001	93000000	0.273401211188571
chr15	93000001	93500000	0.150983293263114
chr15	93500001	94000000	0.212953347035015
chr15	94000001	94500000	0.197510592251604
chr15	94500001	95000000	0.210978548968104
chr15	95000001	95500000	0.199198292742274
chr15	95500001	96000000	0.196715615448366
chr15	96000001	96500000	0.103405312801073
chr15	96500001	97000000	0.149690906458784
chr15	97000001	97500000	0.263015552517461
chr15	97500001	98000000	0.20481442291698
chr15	98000001	98500000	0.190561799252642
chr15	98500001	99000000	0.174214665151843
chr15	99000001	99500000	0.131075990520077
chr15	99500001	100000000	0.220481936304652
chr15	100000001	100500000	0.117253952241953
chr15	100500001	101000000	0.118438123841975
chr15	101000001	101500000	0.240810923111993
chr16	1	500000	NA
chr16	500001	1000000	NA
chr16	1000001	1500000	NA
chr16	1500001	2000000	-0.0834259297273284
chr16	2000001	2500000	-0.0745253421540575
chr16	2500001	3000000	-0.182000994540929
chr16	3000001	3500000	0.147135332461578
chr16	3500001	4000000	-0.0135241616621125
chr16	4000001	4500000	-0.0232520792846751
chr16	4500001	5000000	0.0180806205815633
chr16	5000001	5500000	0.0628283657612416
chr16	5500001	6000000	-0.0615238664809585
chr16	6000001	6500000	-0.151252186163163
chr16	6500001	7000000	-0.0871662862032761
chr16	7000001	7500000	-0.110375209784265
chr16	7500001	8000000	0.0391939268043737
chr16	8000001	8500000	-0.0267511147113402
chr16	8500001	9000000	0.0842258560916343
chr16	9000001	9500000	-0.0634107611208057
chr16	9500001	10000000	-0.0533564721198966
chr16	10000001	10500000	-0.00514460672453367
chr16	10500001	11000000	0.0514964119486298
chr16	11000001	11500000	0.159814045359926
chr16	11500001	12000000	0.139331231885372
chr16	12000001	12500000	0.0723337083397017
chr16	12500001	13000000	0.163566246949633
chr16	13000001	13500000	-0.0133693052155909
chr16	13500001	14000000	0.0823895774846675
chr16	14000001	14500000	0.0434950553615999
chr16	15500001	16000000	0.0981977339609331
chr16	17000001	17500000	0.101934560085492
chr16	17500001	18000000	-0.0361996468849688
chr16	19000001	19500000	-0.0998125149133345
chr16	19500001	20000000	0.0105475062263891
chr16	20000001	20500000	0.00564086277619772
chr16	20500001	21000000	-0.0101533916390842
chr16	22000001	22500000	-0.0895795572995995
chr16	22500001	23000000	0.283054924207717
chr16	23000001	23500000	-0.113527779309568
chr16	23500001	24000000	0.0247217244980979
chr16	24000001	24500000	-0.00427267229123835
chr16	24500001	25000000	-0.0458628258163805
chr16	25000001	25500000	-0.00691210087880296
chr16	25500001	26000000	-0.0219182582733941
chr16	26000001	26500000	-0.0489033170953468
chr16	26500001	27000000	-0.0518546407774671
chr16	27000001	27500000	0.0177357785732671
chr16	27500001	28000000	0.181871281699707
chr16	28000001	28500000	0.176711997159299
chr16	29500001	30000000	-0.100439111660384
chr16	30500001	31000000	0.169580958257173
chr16	31000001	31500000	0.271509207500779
chr16	31500001	32000000	0.186716806961978
chr16	46500001	47000000	-0.10282087610327
chr16	47000001	47500000	-0.0327402700285534
chr16	47500001	48000000	-0.0960716630869652
chr16	48000001	48500000	-0.0710460463818552
chr16	48500001	49000000	-0.0467657147809104
chr16	49000001	49500000	-0.213819037101153
chr16	49500001	50000000	-0.139389613964124
chr16	50000001	50500000	-0.145764654377837
chr16	50500001	51000000	0.0450748037223411
chr16	51000001	51500000	-0.164933398557571
chr16	51500001	52000000	-0.0980809067021423
chr16	52000001	52500000	-0.093869745051768
chr16	52500001	53000000	-0.159476336813067
chr16	53000001	53500000	-0.0496545844521224
chr16	53500001	54000000	-0.129121016634922
chr16	54000001	54500000	-0.111685054705698
chr16	54500001	55000000	-0.108960424929721
chr16	55000001	55500000	-0.143763608241915
chr16	55500001	56000000	-0.0797983195454636
chr16	56000001	56500000	-0.0836033887078705
chr16	56500001	57000000	-0.139421088656838
chr16	57000001	57500000	-0.00522748698376661
chr16	57500001	58000000	-0.10596834746288
chr16	58000001	58500000	-0.161455731581404
chr16	58500001	59000000	-0.134553112664461
chr16	59000001	59500000	-0.223160636017449
chr16	59500001	60000000	-0.162427543411607
chr16	60000001	60500000	-0.158602418563092
chr16	60500001	61000000	-0.184016881009283
chr16	61000001	61500000	-0.215340870018113
chr16	61500001	62000000	-0.130477900757256
chr16	62000001	62500000	-0.139970705389924
chr16	62500001	63000000	-0.127094831696862
chr16	63000001	63500000	-0.165793764697939
chr16	63500001	64000000	-0.108889112451581
chr16	64000001	64500000	-0.211221363519901
chr16	64500001	65000000	-0.23826279053334
chr16	65000001	65500000	-0.249802548082658
chr16	65500001	66000000	-0.177968760036745
chr16	66000001	66500000	-0.187026256967021
chr16	66500001	67000000	-0.116566353165281
chr16	67000001	67500000	0.0524352921907497
chr16	67500001	68000000	-0.0916909671255426
chr16	68000001	68500000	-0.151541801130965
chr16	68500001	69000000	-0.222398314533168
chr16	69000001	69500000	-0.197765801576549
chr16	69500001	70000000	-0.172141952688958
chr16	70500001	71000000	-0.340468176344985
chr16	71000001	71500000	-0.298052174423997
chr16	71500001	72000000	-0.122295280614379
chr16	72000001	72500000	-0.0964262122596679
chr16	72500001	73000000	-0.0732799648298446
chr16	73000001	73500000	-0.215772620361293
chr16	73500001	74000000	-0.315111550243385
chr16	74000001	74500000	-0.126454183647208
chr16	74500001	75000000	-0.122046534974216
chr16	75000001	75500000	-0.111333508244229
chr16	75500001	76000000	-0.180869431578508
chr16	76000001	76500000	-0.16704228007479
chr16	76500001	77000000	-0.223905946819834
chr16	77000001	77500000	-0.178455335936657
chr16	77500001	78000000	-0.250776197248512
chr16	78000001	78500000	-0.205766504511505
chr16	78500001	79000000	-0.244328541702021
chr16	79000001	79500000	-0.177274713670271
chr16	79500001	80000000	-0.191470961308481
chr16	80000001	80500000	-0.17792935080545
chr16	80500001	81000000	-0.182184146466094
chr16	81000001	81500000	-0.214287054480218
chr16	81500001	82000000	-0.0387777582132728
chr16	82000001	82500000	-0.144969641436114
chr16	82500001	83000000	-0.169368009871831
chr16	83000001	83500000	-0.136905281051911
chr16	83500001	84000000	-0.129192898109817
chr16	84000001	84500000	-0.184050317041437
chr16	84500001	85000000	-0.0350207968031356
chr16	85000001	85500000	-0.0923168747722617
chr16	85500001	86000000	-0.129018504935772
chr16	86000001	86500000	-0.16228899364702
chr16	86500001	87000000	-0.162539420228047
chr16	87000001	87500000	-0.204859249810977
chr16	87500001	88000000	-0.107014468480927
chr16	88000001	88500000	NA
chr16	88500001	89000000	-0.0398170212912227
chr16	89000001	89500000	-0.0489124886354195
chr16	89500001	90000000	-0.126780565338977
chr17	500001	1000000	-0.070903004882336
chr17	1000001	1500000	-0.0720320048659115
chr17	1500001	2000000	-0.049441971429254
chr17	2000001	2500000	-0.0227562159910894
chr17	2500001	3000000	-0.085887919950399
chr17	3000001	3500000	-0.13762204776424
chr17	3500001	4000000	0.0209950020357399
chr17	4000001	4500000	-0.0396011520836812
chr17	4500001	5000000	-0.0120017343387026
chr17	5000001	5500000	-0.101369033563483
chr17	5500001	6000000	-0.152162670453444
chr17	6000001	6500000	-0.204328406360513
chr17	6500001	7000000	-0.0416365916873266
chr17	7000001	7500000	0.0422870973703605
chr17	7500001	8000000	-0.0462791438995441
chr17	8000001	8500000	0.0671680388519206
chr17	8500001	9000000	-0.0515155945943471
chr17	9000001	9500000	-0.146237647649068
chr17	9500001	10000000	-0.138594670007338
chr17	10000001	10500000	-0.14815278602884
chr17	10500001	11000000	-0.108357449689207
chr17	11000001	11500000	-0.0210201354105551
chr17	11500001	12000000	-0.102987246126948
chr17	12000001	12500000	0.01775036067494
chr17	12500001	13000000	-0.223429065012536
chr17	13000001	13500000	-0.110709568596861
chr17	13500001	14000000	-0.143505533955288
chr17	14000001	14500000	-0.100744305574696
chr17	14500001	15000000	-0.160036859966241
chr17	15000001	15500000	-0.0901048123323907
chr17	16000001	16500000	0.0247147693761851
chr17	17000001	17500000	-0.0879746332733654
chr17	17500001	18000000	-0.12478454172156
chr17	18000001	18500000	-0.11986326932049
chr17	19500001	20000000	-0.0201984656586101
chr17	20000001	20500000	-0.163751925531624
chr17	21000001	21500000	0.138948770936324
chr17	27500001	28000000	-0.0361023414143186
chr17	28000001	28500000	-0.0292462132305595
chr17	28500001	29000000	0.0238985450229045
chr17	29000001	29500000	-0.00377995639930635
chr17	29500001	30000000	-0.0136914525989049
chr17	30000001	30500000	-0.0471603941336127
chr17	30500001	31000000	-0.0237927318741544
chr17	31000001	31500000	0.000810915852684085
chr17	31500001	32000000	-0.0207204503260863
chr17	32000001	32500000	-0.0293698105191482
chr17	32500001	33000000	0.0451426302448927
chr17	33000001	33500000	-0.114992542386473
chr17	33500001	34000000	-0.0848852091279269
chr17	34000001	34500000	0.100429754131357
chr17	34500001	35000000	0.0455352792616769
chr17	35000001	35500000	0.13756577946592
chr17	35500001	36000000	0.0351224287591812
chr17	36500001	37000000	0.0435776932513861
chr17	37000001	37500000	0.0174587629933904
chr17	37500001	38000000	-0.185101410631801
chr17	38500001	39000000	0.0497272129858256
chr17	39000001	39500000	-0.0378460800902415
chr17	39500001	40000000	0.00710904667935976
chr17	40000001	40500000	0.031098697954713
chr17	40500001	41000000	-0.132255049842302
chr17	41000001	41500000	-0.0109767683198681
chr17	41500001	42000000	-0.00577495166174556
chr17	42000001	42500000	0.00358389914504811
chr17	42500001	43000000	-0.00714932309949441
chr17	43000001	43500000	-0.230752584758047
chr17	43500001	44000000	-0.00545194647074997
chr17	44000001	44500000	0.0136130080282066
chr17	44500001	45000000	-0.0817521755111795
chr17	45000001	45500000	0.000941086848980616
chr17	45500001	46000000	0.0579485810934605
chr17	47000001	47500000	-0.0154281061185148
chr17	47500001	48000000	-0.0747070940122569
chr17	48000001	48500000	0.00429365679216752
chr17	48500001	49000000	0.0246894131765502
chr17	49000001	49500000	0.0204384271948365
chr17	49500001	50000000	0.114057433676431
chr17	50000001	50500000	0.0757447555174216
chr17	50500001	51000000	0.101849733133823
chr17	51000001	51500000	-0.0723820320918296
chr17	51500001	52000000	-0.175960354001068
chr17	52000001	52500000	-0.0455586435942465
chr17	52500001	53000000	0.0192710651721406
chr17	53000001	53500000	0.0155432515596305
chr17	53500001	54000000	-0.0843771314951009
chr17	54000001	54500000	-0.0327647232105601
chr17	54500001	55000000	-0.162792339515011
chr17	55000001	55500000	-0.0996191943904577
chr17	55500001	56000000	-0.00498874207014572
chr17	56000001	56500000	-0.0851733512384625
chr17	56500001	57000000	-0.025042401275679
chr17	57000001	57500000	-0.0663773799312192
chr17	57500001	58000000	0.0348620946609914
chr17	58000001	58500000	0.100052912605078
chr17	58500001	59000000	-0.0522255476030264
chr17	59000001	59500000	-0.0990820646486825
chr17	59500001	60000000	0.0484691528883039
chr17	60000001	60500000	-0.0118918685919564
chr17	60500001	61000000	0.00588121320862849
chr17	61000001	61500000	0.0105219121635888
chr17	61500001	62000000	-0.104778124089465
chr17	62000001	62500000	0.0803347440993659
chr17	62500001	63000000	0.0107404043175597
chr17	63000001	63500000	0.0108376429618871
chr17	63500001	64000000	0.0320202624852646
chr17	64000001	64500000	0.00751523230705622
chr17	64500001	65000000	-0.018438301329356
chr17	65000001	65500000	-0.104610805244033
chr17	65500001	66000000	-0.104744889903664
chr17	66000001	66500000	-0.0481803688651038
chr17	66500001	67000000	-0.0905023849231475
chr17	67000001	67500000	-0.0278226613642722
chr17	67500001	68000000	-0.090109219441326
chr17	68000001	68500000	0.0695488931768234
chr17	68500001	69000000	-0.0236638828647547
chr17	69000001	69500000	-0.109281492397578
chr17	69500001	70000000	-0.0428257330234636
chr17	70000001	70500000	0.0377748666473296
chr17	70500001	71000000	-0.0379968550030695
chr17	71000001	71500000	-0.03695941226398
chr17	71500001	72000000	-0.0839709478404761
chr17	72000001	72500000	-0.102144666279443
chr17	72500001	73000000	0.0268781436093558
chr17	73000001	73500000	0.0427229575462731
chr17	73500001	74000000	-0.00134460615350787
chr17	74000001	74500000	-0.0186378692552886
chr17	74500001	75000000	0.1188001226318
chr17	75000001	75500000	0.0782154167093537
chr17	75500001	76000000	-0.0306131219628549
chr17	76000001	76500000	0.000555227184438858
chr17	76500001	77000000	0.0338214186511678
chr17	77000001	77500000	0.146835967020988
chr17	77500001	78000000	0.0681449660954299
chr17	78000001	78500000	0.0323453858896025
chr17	78500001	79000000	0.146439507152904
chr17	79000001	79500000	-0.0518529532788054
chr17	79500001	80000000	-0.0701057653187942
chr17	80000001	80500000	0.106275638627696
chr17	80500001	81000000	-0.0200019554106753
chr17	81000001	81500000	NA
chr17	81500001	82000000	NA
chr17	82000001	82500000	0.103758109653344
chr17	82500001	83000000	0.0684997386631542
chr17	83000001	83500000	NA
chr18	1	500000	NA
chr18	500001	1000000	0.114348390488525
chr18	1000001	1500000	0.0789209788597943
chr18	1500001	2000000	0.0755981091068729
chr18	2000001	2500000	0.0245766891362467
chr18	2500001	3000000	0.25182539968338
chr18	3000001	3500000	0.00965740563448442
chr18	3500001	4000000	0.201496434612626
chr18	4000001	4500000	0.113432106006609
chr18	4500001	5000000	0.157260558175734
chr18	5000001	5500000	0.120170279431781
chr18	5500001	6000000	0.127798928135679
chr18	6000001	6500000	0.169411017079755
chr18	6500001	7000000	0.110980994645641
chr18	7000001	7500000	0.0522453435982673
chr18	7500001	8000000	0.0174713464341638
chr18	8000001	8500000	-0.0678025975205226
chr18	8500001	9000000	-0.0793371654126474
chr18	9000001	9500000	0.0480097816829928
chr18	9500001	10000000	0.10410972789802
chr18	10000001	10500000	0.0225302671700572
chr18	10500001	11000000	0.0583646703657091
chr18	11000001	11500000	-0.10624797023607
chr18	11500001	12000000	-0.0518422291691112
chr18	12000001	12500000	-0.0734632050159544
chr18	12500001	13000000	0.0730433501439506
chr18	13000001	13500000	0.00439535307316551
chr18	13500001	14000000	0.0648836197441439
chr18	22000001	22500000	-0.0794107848092977
chr18	22500001	23000000	-0.0822296502148367
chr18	23000001	23500000	-0.00682164497471623
chr18	23500001	24000000	-0.00116990034526768
chr18	24000001	24500000	-0.0154408047069574
chr18	24500001	25000000	0.022295020752845
chr18	25000001	25500000	0.0537868784073744
chr18	25500001	26000000	-0.0441148194279747
chr18	26000001	26500000	-0.0589045129352167
chr18	26500001	27000000	0.0319038436657042
chr18	27000001	27500000	-0.00744358008554345
chr18	27500001	28000000	0.0258844529343486
chr18	28000001	28500000	0.0669164396536659
chr18	28500001	29000000	-0.12235845999036
chr18	29000001	29500000	0.0406509008289579
chr18	29500001	30000000	-0.0855596534051859
chr18	30000001	30500000	-0.0150475034173818
chr18	30500001	31000000	-0.0305364441892977
chr18	31000001	31500000	-0.0966425660039764
chr18	31500001	32000000	0.0291223218854324
chr18	32000001	32500000	-0.00236962239929163
chr18	32500001	33000000	-0.0165994103353843
chr18	33000001	33500000	-0.0338577925262603
chr18	33500001	34000000	0.0286433916790916
chr18	34000001	34500000	-0.111217311206972
chr18	34500001	35000000	-0.0538383479432497
chr18	35000001	35500000	0.0745924665009487
chr18	35500001	36000000	0.0759711874517882
chr18	36000001	36500000	0.0184926228792771
chr18	36500001	37000000	-0.181385502884937
chr18	37000001	37500000	-0.107205779484661
chr18	37500001	38000000	0.0333306224617076
chr18	38000001	38500000	-0.0538451654931461
chr18	38500001	39000000	0.0112450373092735
chr18	39000001	39500000	0.00558591479978134
chr18	39500001	40000000	0.0317230806302242
chr18	40000001	40500000	-0.00380490159492854
chr18	40500001	41000000	-0.0182724140663824
chr18	41000001	41500000	-0.0308304630757143
chr18	41500001	42000000	-0.0188786348401891
chr18	42000001	42500000	0.0138513398379875
chr18	42500001	43000000	-0.12609365145094
chr18	43000001	43500000	-0.0110736588227521
chr18	43500001	44000000	-0.245061174021682
chr18	44000001	44500000	-0.161338818398733
chr18	44500001	45000000	-0.165000158458086
chr18	45000001	45500000	-0.151138208062309
chr18	45500001	46000000	-0.153473271269451
chr18	46000001	46500000	-0.287280171966053
chr18	46500001	47000000	NA
chr18	47000001	47500000	NA
chr18	47500001	48000000	-0.205762371039007
chr18	48000001	48500000	-0.221924261394461
chr18	48500001	49000000	-0.121804217183997
chr18	49000001	49500000	-0.0938517847568398
chr18	49500001	50000000	-0.29861707747364
chr18	50000001	50500000	-0.197710462326546
chr18	50500001	51000000	-0.303650612811028
chr18	51000001	51500000	-0.238087215541152
chr18	51500001	52000000	-0.240535486116864
chr18	52000001	52500000	-0.343560215463477
chr18	52500001	53000000	-0.225173768218217
chr18	53000001	53500000	-0.212034289423091
chr18	53500001	54000000	-0.171916314805335
chr18	54000001	54500000	-0.184285865210959
chr18	54500001	55000000	NA
chr18	55000001	55500000	-0.231283272070922
chr18	55500001	56000000	-0.29302282727326
chr18	56000001	56500000	-0.153456831145633
chr18	56500001	57000000	-0.155608876444655
chr18	57000001	57500000	-0.230992275261924
chr18	57500001	58000000	-0.119287921227088
chr18	58000001	58500000	-0.28012923402979
chr18	58500001	59000000	-0.272678245754297
chr18	59000001	59500000	-0.233521914536922
chr18	59500001	60000000	-0.226835161119742
chr18	60000001	60500000	-0.21104848531292
chr18	60500001	61000000	-0.289699663685128
chr18	61000001	61500000	-0.197438135004032
chr18	61500001	62000000	-0.158501666222924
chr18	62000001	62500000	-0.185147064596554
chr18	62500001	63000000	-0.181438215773855
chr18	63000001	63500000	-0.174779326749597
chr18	63500001	64000000	-0.222887758603974
chr18	64000001	64500000	-0.201392024442726
chr18	64500001	65000000	-0.214036714094642
chr18	65000001	65500000	-0.208450206078903
chr18	65500001	66000000	-0.248844739907411
chr18	66000001	66500000	-0.267983442851641
chr18	66500001	67000000	-0.220016340936823
chr18	67000001	67500000	-0.25042666684222
chr18	67500001	68000000	-0.252688048615938
chr18	68000001	68500000	-0.283218715579497
chr18	68500001	69000000	-0.285772016339368
chr18	69000001	69500000	-0.207698147093202
chr18	69500001	70000000	-0.162555016142655
chr18	70000001	70500000	-0.164469022087811
chr18	70500001	71000000	-0.137711910233177
chr18	71000001	71500000	-0.25829708350208
chr18	71500001	72000000	-0.217110283029194
chr18	72000001	72500000	-0.304306023373931
chr18	72500001	73000000	-0.32081651451452
chr18	73000001	73500000	-0.273073298412309
chr18	73500001	74000000	-0.336286207237294
chr18	74000001	74500000	-0.243978435241079
chr18	74500001	75000000	-0.183830666352265
chr18	75000001	75500000	-0.244061383361472
chr18	75500001	76000000	-0.31981838462639
chr18	76000001	76500000	-0.197936782651929
chr18	76500001	77000000	-0.161033320378439
chr18	77000001	77500000	-0.0396392766009751
chr18	77500001	78000000	-0.233856456819864
chr18	78000001	78500000	-0.308444801200374
chr18	78500001	79000000	-0.367040655498163
chr18	79000001	79500000	-0.252900154953705
chr18	79500001	80000000	-0.181877040370584
chr19	500001	1000000	NA
chr19	1000001	1500000	NA
chr19	1500001	2000000	-0.147761647395908
chr19	2000001	2500000	0.00768916395976021
chr19	2500001	3000000	-0.058903992669534
chr19	3000001	3500000	-0.0702259826844036
chr19	3500001	4000000	-0.233805696610094
chr19	4000001	4500000	-0.0623112855341986
chr19	4500001	5000000	-0.0949942334101358
chr19	5000001	5500000	-0.0630669797303717
chr19	5500001	6000000	-0.0839868277367809
chr19	6000001	6500000	-0.0888363628271343
chr19	6500001	7000000	-0.106575749582429
chr19	7000001	7500000	0.0169955564258821
chr19	7500001	8000000	-0.0121958782474107
chr19	8000001	8500000	0.0171240249743391
chr19	8500001	9000000	-0.150476549640281
chr19	9000001	9500000	-0.124873564831127
chr19	9500001	10000000	0.0199647881124822
chr19	10000001	10500000	0.00995045075750636
chr19	10500001	11000000	-0.047015316099282
chr19	11000001	11500000	-0.0203860913252534
chr19	11500001	12000000	0.0108086266507998
chr19	12000001	12500000	-0.0348334339948276
chr19	12500001	13000000	-0.0472424721807126
chr19	13000001	13500000	-0.140979281564492
chr19	13500001	14000000	-0.0866757635669269
chr19	14000001	14500000	-0.00273172616053752
chr19	14500001	15000000	-0.0337636496090425
chr19	15000001	15500000	-0.0531146935114129
chr19	15500001	16000000	-0.032639943087168
chr19	16000001	16500000	0.0365086186733205
chr19	16500001	17000000	-0.0957310383506414
chr19	17000001	17500000	-0.0537443220933464
chr19	17500001	18000000	-0.0129415874449143
chr19	18000001	18500000	0.0993574560340949
chr19	18500001	19000000	-0.019491193139249
chr19	19000001	19500000	-0.0728995089472253
chr19	19500001	20000000	-0.000232306772821322
chr19	20000001	20500000	-0.0329067018402341
chr19	20500001	21000000	0.0219722161805041
chr19	21000001	21500000	-0.0271911027262569
chr19	21500001	22000000	0.124157175353737
chr19	22000001	22500000	-0.0470025195399156
chr19	22500001	23000000	-0.0147462243815742
chr19	23000001	23500000	0.0941780579008079
chr19	23500001	24000000	0.168714790298442
chr19	28500001	29000000	-0.148744464870504
chr19	29000001	29500000	0.171537218271114
chr19	29500001	30000000	0.397557904931346
chr19	30000001	30500000	0.357094577196881
chr19	30500001	31000000	0.307419717202463
chr19	31000001	31500000	0.301811039353818
chr19	31500001	32000000	0.618172381407634
chr19	32000001	32500000	0.583315133244282
chr19	32500001	33000000	0.342401993426175
chr19	33000001	33500000	0.377738974725324
chr19	33500001	34000000	0.325081900878497
chr19	34000001	34500000	0.318492187564901
chr19	34500001	35000000	0.379444429259343
chr19	35000001	35500000	0.454205575084547
chr19	35500001	36000000	0.383754791758821
chr19	36000001	36500000	0.213138367333224
chr19	36500001	37000000	0.42999532606147
chr19	37000001	37500000	0.0864977152332636
chr19	37500001	38000000	0.00685548069898241
chr19	38000001	38500000	-0.0833074053154731
chr19	38500001	39000000	-0.0846350788925163
chr19	39000001	39500000	0.137810898712517
chr19	39500001	40000000	0.373465661714142
chr19	40000001	40500000	-0.00619032197141531
chr19	40500001	41000000	0.0399031525823623
chr19	41000001	41500000	-0.0383647575468677
chr19	41500001	42000000	-0.0105522173524148
chr19	42000001	42500000	0.0400178372427087
chr19	43500001	44000000	0.0350169107900042
chr19	44000001	44500000	-0.0266816923455614
chr19	44500001	45000000	0.0505803502951478
chr19	45000001	45500000	0.173101645379588
chr19	45500001	46000000	0.246602451910212
chr19	46000001	46500000	0.0817659054477819
chr19	46500001	47000000	0.0296869053690876
chr19	47000001	47500000	0.122844095410456
chr19	47500001	48000000	-0.0576337032234988
chr19	48000001	48500000	0.00630313358657543
chr19	48500001	49000000	-0.0828412036648735
chr19	49000001	49500000	-0.0472826824146892
chr19	49500001	50000000	0.0272415312567037
chr19	50000001	50500000	-0.0609433608054602
chr19	50500001	51000000	-0.17243150873889
chr19	51000001	51500000	-0.0143543474362248
chr19	51500001	52000000	0.0335775150995447
chr19	52000001	52500000	-0.0537316108943701
chr19	52500001	53000000	-0.142588574577358
chr19	53000001	53500000	0.177329207969191
chr19	53500001	54000000	-0.102467146541119
chr19	54000001	54500000	0.123720969253236
chr19	54500001	55000000	-0.174566665094088
chr19	55000001	55500000	-0.0438221632093715
chr19	55500001	56000000	-0.0753681096154258
chr19	56000001	56500000	-0.0444773275650983
chr19	56500001	57000000	-0.0285767575654045
chr19	57000001	57500000	0.0135757409828699
chr19	57500001	58000000	0.0253843053931556
chr19	58000001	58500000	-0.00835739066766311
chr20	1	500000	NA
chr20	500001	1000000	-0.0395797169173095
chr20	1000001	1500000	-0.0135408331311451
chr20	1500001	2000000	0.188858212392699
chr20	2000001	2500000	0.001519588044322
chr20	2500001	3000000	-0.0898317554572726
chr20	3000001	3500000	-0.159200341861911
chr20	3500001	4000000	-0.0148068662313052
chr20	4000001	4500000	0.0456389608844887
chr20	4500001	5000000	-0.0682407591418504
chr20	5000001	5500000	-0.00541326599543944
chr20	5500001	6000000	0.000946472465688755
chr20	6000001	6500000	-0.158534633444312
chr20	6500001	7000000	-0.0672153862323537
chr20	7000001	7500000	-0.105433577393313
chr20	7500001	8000000	-0.160770062130003
chr20	8000001	8500000	-0.0838357019458548
chr20	8500001	9000000	-0.0869398459705942
chr20	9000001	9500000	-0.0787720945797529
chr20	9500001	10000000	-0.207285776246379
chr20	10000001	10500000	-0.0990914592533936
chr20	10500001	11000000	-0.0947543133683316
chr20	11000001	11500000	-0.0521284821343529
chr20	11500001	12000000	-0.144381365496213
chr20	12000001	12500000	-0.0688229509655581
chr20	12500001	13000000	-0.109662633118688
chr20	13000001	13500000	-0.115127338065631
chr20	13500001	14000000	0.00837052840114355
chr20	14000001	14500000	0.0267351151361782
chr20	14500001	15000000	-0.0267289172169081
chr20	15000001	15500000	-0.0588170163198924
chr20	15500001	16000000	-0.00409314632863733
chr20	16000001	16500000	-0.084487865519183
chr20	16500001	17000000	-0.0318760277011105
chr20	17000001	17500000	0.101540436135409
chr20	17500001	18000000	0.0172483316519923
chr20	18000001	18500000	0.0909951098389009
chr20	18500001	19000000	0.0451194351173433
chr20	19000001	19500000	0.0906734015767399
chr20	19500001	20000000	0.0694986823567331
chr20	20000001	20500000	0.20790840528894
chr20	20500001	21000000	0.128370667318552
chr20	21000001	21500000	0.0782661452107926
chr20	21500001	22000000	0.0972016276289001
chr20	22000001	22500000	0.0750068725541549
chr20	22500001	23000000	0.0222151096953002
chr20	23000001	23500000	0.211983023549873
chr20	23500001	24000000	0.24556431601484
chr20	24000001	24500000	0.0212695119937802
chr20	24500001	25000000	0.0791218479827103
chr20	25000001	25500000	0.0461842815797541
chr20	31500001	32000000	0.0705196715716106
chr20	32000001	32500000	0.135727471823671
chr20	32500001	33000000	0.0626135805128746
chr20	33000001	33500000	0.0167971684189326
chr20	33500001	34000000	0.0756179508079745
chr20	34000001	34500000	0.128493481846195
chr20	34500001	35000000	0.0359577377624702
chr20	35000001	35500000	0.0800894817773815
chr20	35500001	36000000	-0.00231018547653711
chr20	36000001	36500000	NA
chr20	36500001	37000000	-0.0229791418944132
chr20	37000001	37500000	0.0850021555872121
chr20	37500001	38000000	0.206634986531432
chr20	38000001	38500000	0.317426545188297
chr20	38500001	39000000	0.224726640539392
chr20	39000001	39500000	0.161645018065818
chr20	39500001	40000000	0.284679139410824
chr20	40000001	40500000	0.207334181347651
chr20	40500001	41000000	0.338140383706406
chr20	41000001	41500000	0.259014711242534
chr20	41500001	42000000	0.179846581112928
chr20	42000001	42500000	0.143991545607943
chr20	42500001	43000000	0.17934054994383
chr20	43000001	43500000	0.300030433482374
chr20	43500001	44000000	0.253952860332518
chr20	44000001	44500000	0.136954864229094
chr20	44500001	45000000	0.265312265371544
chr20	45000001	45500000	0.279184867718778
chr20	45500001	46000000	0.217206687692096
chr20	46000001	46500000	0.276198427210892
chr20	46500001	47000000	0.186404195966981
chr20	47000001	47500000	0.193897463950057
chr20	47500001	48000000	0.270964894785893
chr20	48000001	48500000	0.161937971341827
chr20	48500001	49000000	0.430148096813067
chr20	49000001	49500000	0.26230522213099
chr20	49500001	50000000	0.319314152293699
chr20	50000001	50500000	0.36592680527012
chr20	50500001	51000000	0.201915948354568
chr20	51000001	51500000	0.0767962753711756
chr20	51500001	52000000	0.0976231068157361
chr20	52000001	52500000	0.20721631252066
chr20	52500001	53000000	0.239708362626988
chr20	53000001	53500000	0.220666854439506
chr20	53500001	54000000	0.307022646931928
chr20	54000001	54500000	0.140568199377582
chr20	54500001	55000000	0.297933195686665
chr20	55000001	55500000	0.185951061717741
chr20	55500001	56000000	0.154863108095877
chr20	56000001	56500000	0.218146604063402
chr20	56500001	57000000	0.0974195351581214
chr20	57000001	57500000	0.143836760966398
chr20	57500001	58000000	0.190231681213629
chr20	58000001	58500000	0.231635577838265
chr20	58500001	59000000	0.196412177566454
chr20	59000001	59500000	0.155633880512848
chr20	59500001	60000000	0.154969387922028
chr20	60000001	60500000	0.215497936834017
chr20	60500001	61000000	0.214306791758266
chr20	61000001	61500000	0.167767986335188
chr20	61500001	62000000	0.16937807541591
chr20	62000001	62500000	0.120694646123845
chr20	62500001	63000000	0.251281868402725
chr20	63000001	63500000	0.0745924178792658
chr20	63500001	64000000	0.229422344394314
chr21	14000001	14500000	-0.0445268964673584
chr21	14500001	15000000	0.187435397999273
chr21	15000001	15500000	0.118114265113786
chr21	15500001	16000000	0.135842545809493
chr21	16000001	16500000	-0.0658981089050081
chr21	16500001	17000000	0.0347376758413861
chr21	17000001	17500000	0.0794997236803332
chr21	17500001	18000000	0.08604937673835
chr21	18000001	18500000	0.00310606427238392
chr21	18500001	19000000	0.0368485015928519
chr21	19000001	19500000	0.15456134720542
chr21	19500001	20000000	0.00262288159590039
chr21	20000001	20500000	0.0229627149868059
chr21	20500001	21000000	0.00961454442488688
chr21	21000001	21500000	-0.0893300677486922
chr21	21500001	22000000	0.060846041393955
chr21	22000001	22500000	0.0243443915525443
chr21	22500001	23000000	0.0613772154401959
chr21	23000001	23500000	-0.0332929398032293
chr21	23500001	24000000	-0.0781292900240696
chr21	24000001	24500000	-0.0148123724209333
chr21	24500001	25000000	-0.0205144706654497
chr21	25000001	25500000	0.0546633053783272
chr21	25500001	26000000	0.0368478268167601
chr21	26000001	26500000	-0.0281838233717239
chr21	26500001	27000000	-0.0201044412986346
chr21	27000001	27500000	0.0217415566643834
chr21	27500001	28000000	-0.0481823635033355
chr21	28000001	28500000	0.0219675743864608
chr21	28500001	29000000	0.0299372891082412
chr21	29000001	29500000	0.101090721563533
chr21	29500001	30000000	-0.102195282388884
chr21	30000001	30500000	-0.0905275440169152
chr21	30500001	31000000	0.0999521195435268
chr21	31000001	31500000	-0.0303359635045661
chr21	31500001	32000000	NA
chr21	32000001	32500000	-0.0326377624645169
chr21	32500001	33000000	-0.036320763835521
chr21	33000001	33500000	0.107522837077892
chr21	33500001	34000000	0.0305049608276348
chr21	34000001	34500000	-0.290722329812891
chr21	34500001	35000000	0.0544705086045794
chr21	35000001	35500000	-0.0492944471973338
chr21	35500001	36000000	0.0261087029637814
chr21	36000001	36500000	0.034881336000473
chr21	36500001	37000000	-0.115959444916378
chr21	37000001	37500000	0.0757296400073415
chr21	37500001	38000000	0.0056592517729958
chr21	38000001	38500000	0.139367924454142
chr21	38500001	39000000	NA
chr21	39000001	39500000	0.0622083977614635
chr21	39500001	40000000	-0.0347960455230071
chr21	40000001	40500000	-0.00715767698514055
chr21	40500001	41000000	-0.019756792052795
chr21	41000001	41500000	-0.00236554104179611
chr21	41500001	42000000	NA
chr21	42000001	42500000	0.106631088001515
chr21	42500001	43000000	NA
chr21	43500001	44000000	0.030495953776286
chr21	44000001	44500000	-0.30590042506001
chr21	44500001	45000000	0.13306936933223
chr21	45000001	45500000	0.0608794466084794
chr21	45500001	46000000	0.0605326041372273
chr21	46000001	46500000	-0.0583657630018622
chr21	46500001	47000000	NA
chr22	17500001	18000000	-0.121386166435425
chr22	19000001	19500000	-0.0177399827895379
chr22	19500001	20000000	-0.131109267475315
chr22	20000001	20500000	0.0533873731360551
chr22	20500001	21000000	-0.0407629853760634
chr22	21500001	22000000	-0.235346940802282
chr22	22000001	22500000	0.0384238582687362
chr22	22500001	23000000	-0.10386979070428
chr22	23000001	23500000	-0.0799104543189973
chr22	23500001	24000000	-0.0681562334540696
chr22	24000001	24500000	-0.105090625551225
chr22	24500001	25000000	-0.00376301385539942
chr22	25000001	25500000	-0.154055141828135
chr22	25500001	26000000	-0.102033326906765
chr22	26000001	26500000	-0.115277664911487
chr22	26500001	27000000	-0.0615589203433849
chr22	27000001	27500000	-0.167552211017405
chr22	27500001	28000000	-0.114114908676173
chr22	28000001	28500000	-0.120956476836966
chr22	28500001	29000000	-0.138652768596818
chr22	29000001	29500000	-0.100957191116056
chr22	29500001	30000000	0.010801465016193
chr22	30000001	30500000	0.0566028568428715
chr22	30500001	31000000	-0.121036468298338
chr22	31000001	31500000	-0.0790546699188431
chr22	31500001	32000000	-0.0825586660190673
chr22	32000001	32500000	-0.0542063375672867
chr22	32500001	33000000	-0.056244552468717
chr22	33000001	33500000	-0.187012902771387
chr22	33500001	34000000	-0.100507915515972
chr22	34000001	34500000	-0.0467018960718752
chr22	34500001	35000000	-0.127344584217925
chr22	35000001	35500000	-0.0169784401567238
chr22	35500001	36000000	-0.0758424918264304
chr22	36000001	36500000	-0.0497277338270393
chr22	36500001	37000000	0.0701704560244113
chr22	37000001	37500000	0.111448521908882
chr22	37500001	38000000	-0.010888977072942
chr22	38000001	38500000	0.0283522449402435
chr22	38500001	39000000	-0.011626195881087
chr22	39000001	39500000	-0.0399344092320527
chr22	39500001	40000000	-0.0606555690003241
chr22	40000001	40500000	0.0105400663098927
chr22	40500001	41000000	-0.0920776563702825
chr22	41000001	41500000	-0.0585350270316059
chr22	41500001	42000000	-0.104828484514931
chr22	42000001	42500000	-0.0888784346365726
chr22	42500001	43000000	-0.0947082261380845
chr22	43000001	43500000	-0.125202751111826
chr22	43500001	44000000	-0.154012342742363
chr22	44000001	44500000	-0.0794241245688356
chr22	44500001	45000000	-0.124993484293679
chr22	45000001	45500000	-0.0245936163820032
chr22	45500001	46000000	-0.121163173331211
chr22	46000001	46500000	-0.059636270140828
chr22	46500001	47000000	0.0347378506125251
chr22	47000001	47500000	-0.11636221570643
chr22	47500001	48000000	-0.124490844870002
chr22	48000001	48500000	-0.196372798346179
chr22	48500001	49000000	-0.207371638741371
chr22	49000001	49500000	-0.150440963023906
chr22	49500001	50000000	NA
chr22	50000001	50500000	-0.0897096122431038
chr22	50500001	51000000	NA
chrX	3000001	3500000	-0.0426786493232099
chrX	3500001	4000000	-0.215270991658297
chrX	4000001	4500000	0.115673783660921
chrX	4500001	5000000	0.0569324001321679
chrX	5000001	5500000	-0.0180522104323763
chrX	5500001	6000000	0.140293178586261
chrX	6000001	6500000	0.0939246372147175
chrX	6500001	7000000	0.0995133974438788
chrX	7000001	7500000	0.0568121628857976
chrX	7500001	8000000	0.103153351095623
chrX	8000001	8500000	0.0717397370674449
chrX	8500001	9000000	0.0115401255815623
chrX	9000001	9500000	0.0469610245969451
chrX	9500001	10000000	0.0200564512244502
chrX	10000001	10500000	0.00707485559626657
chrX	10500001	11000000	-0.156713088092748
chrX	11000001	11500000	-0.0737129250732378
chrX	11500001	12000000	-0.115838921349165
chrX	12000001	12500000	-0.173108368674553
chrX	12500001	13000000	-0.0201574135910833
chrX	13000001	13500000	0.0071142968870328
chrX	13500001	14000000	-0.0314091279888888
chrX	14000001	14500000	-0.057654532120587
chrX	14500001	15000000	-0.043042084334086
chrX	15000001	15500000	-0.107925750903438
chrX	15500001	16000000	-0.0343623314425422
chrX	16000001	16500000	-0.0263046176381416
chrX	16500001	17000000	-0.111559186459321
chrX	17000001	17500000	-0.0633811869769006
chrX	17500001	18000000	-0.0599383689966562
chrX	18000001	18500000	-0.0307457618888107
chrX	18500001	19000000	-0.0819741997980552
chrX	19000001	19500000	-0.0032726359952997
chrX	19500001	20000000	0.0169052255279111
chrX	20000001	20500000	-0.0179025536694672
chrX	20500001	21000000	-0.0358655325579588
chrX	21000001	21500000	-0.0498328600647878
chrX	21500001	22000000	-0.109649475120875
chrX	22000001	22500000	-0.0681414359187858
chrX	22500001	23000000	0.00818905439367592
chrX	23000001	23500000	-0.0708898145938194
chrX	23500001	24000000	-0.00663712011122053
chrX	24000001	24500000	-0.112724715403772
chrX	24500001	25000000	-0.0790353047914794
chrX	25000001	25500000	-0.015342458725686
chrX	25500001	26000000	0.0213509966749327
chrX	26000001	26500000	-0.0838541740216683
chrX	26500001	27000000	-0.173764720951392
chrX	27000001	27500000	-0.152208512070621
chrX	27500001	28000000	-0.176272892152407
chrX	28000001	28500000	0.0451105851351733
chrX	28500001	29000000	-0.0667067784196436
chrX	29000001	29500000	-0.122183679430138
chrX	29500001	30000000	-0.0784227532302191
chrX	30000001	30500000	-0.028035628236499
chrX	30500001	31000000	-0.0168619533174831
chrX	31000001	31500000	-0.0682338677912164
chrX	31500001	32000000	-0.0501589710964163
chrX	32000001	32500000	-0.163952235310826
chrX	32500001	33000000	-0.151651928678676
chrX	33000001	33500000	-0.191112083273265
chrX	33500001	34000000	-0.201658149971597
chrX	34000001	34500000	-0.137406953376555
chrX	34500001	35000000	-0.145684187859851
chrX	35000001	35500000	-0.202071827116201
chrX	35500001	36000000	-0.158408074186168
chrX	36000001	36500000	-0.172017796427511
chrX	36500001	37000000	-0.120230080745675
chrX	37500001	38000000	-0.0587409906952698
chrX	38000001	38500000	-0.141180871355217
chrX	38500001	39000000	-0.16073035520778
chrX	39000001	39500000	0.0657684804631349
chrX	39500001	40000000	-0.0452554984211545
chrX	40000001	40500000	0.0658575244367482
chrX	40500001	41000000	-0.0698423046065998
chrX	41000001	41500000	-0.101954158540977
chrX	41500001	42000000	0.0293239325244776
chrX	42000001	42500000	-0.0107614534454059
chrX	42500001	43000000	0.0458161514337767
chrX	43000001	43500000	0.036471321474157
chrX	43500001	44000000	0.0205269838952342
chrX	44000001	44500000	-0.084481719539508
chrX	44500001	45000000	0.0229043544965916
chrX	45000001	45500000	0.0635975657933417
chrX	45500001	46000000	-0.0662957221827753
chrX	46000001	46500000	0.0399083790292264
chrX	46500001	47000000	-0.0364172560922076
chrX	47000001	47500000	-0.0184959543819197
chrX	47500001	48000000	0.0336485198750863
chrX	48500001	49000000	0.0561287762382112
chrX	49500001	50000000	NA
chrX	50000001	50500000	NA
chrX	50500001	51000000	-0.0241299368305158
chrX	51000001	51500000	0.0896367281253159
chrX	51500001	52000000	-0.023144900785231
chrX	52000001	52500000	-0.167791498688224
chrX	53000001	53500000	-0.037264144746319
chrX	53500001	54000000	0.070674062801162
chrX	54000001	54500000	0.0673494539114192
chrX	54500001	55000000	0.162990883128908
chrX	55000001	55500000	0.0754239348618466
chrX	55500001	56000000	0.134454433854653
chrX	56000001	56500000	0.197425345547171
chrX	56500001	57000000	0.131426090930388
chrX	57000001	57500000	0.127319316004422
chrX	64000001	64500000	0.0924785437870719
chrX	64500001	65000000	0.0890224840450944
chrX	65000001	65500000	-0.0253671346436971
chrX	65500001	66000000	0.138118544955502
chrX	66000001	66500000	0.0244745220749713
chrX	66500001	67000000	0.0950776512220067
chrX	67000001	67500000	-0.0088775903715198
chrX	67500001	68000000	-0.033288917778797
chrX	68000001	68500000	-0.0907820376444098
chrX	68500001	69000000	-0.0598847936109512
chrX	69000001	69500000	0.0100138245465829
chrX	69500001	70000000	0.0708580770027194
chrX	70000001	70500000	0.0386409356449708
chrX	70500001	71000000	-0.00340125463961493
chrX	71000001	71500000	-0.107270517961765
chrX	71500001	72000000	-0.268846661374336
chrX	72000001	72500000	-0.0184477488894254
chrX	73000001	73500000	-0.111572138825113
chrX	73500001	74000000	-0.0903039271167213
chrX	74000001	74500000	-0.10899183373381
chrX	74500001	75000000	-0.0282963312616371
chrX	75000001	75500000	0.0595523805327775
chrX	75500001	76000000	0.0918585055070635
chrX	76000001	76500000	0.0263649662903294
chrX	76500001	77000000	0.0760285145972053
chrX	77000001	77500000	0.0382825373557878
chrX	77500001	78000000	-0.0855971609276243
chrX	78000001	78500000	-0.0419695444410623
chrX	78500001	79000000	-0.00286946288408528
chrX	79000001	79500000	-0.0042933739465136
chrX	79500001	80000000	-0.0425182400693644
chrX	80000001	80500000	-0.072806345388728
chrX	80500001	81000000	-0.0675826301284495
chrX	81000001	81500000	-0.1165694151218
chrX	81500001	82000000	-0.0820377062133831
chrX	82000001	82500000	-0.146925679527334
chrX	82500001	83000000	-0.0274925948298879
chrX	83000001	83500000	-0.0335759895942694
chrX	83500001	84000000	-0.0366728755272492
chrX	84000001	84500000	-0.10477922247414
chrX	84500001	85000000	-0.114945293459891
chrX	85000001	85500000	-0.094708336288823
chrX	85500001	86000000	-0.102360010024191
chrX	86000001	86500000	-0.0772886254185872
chrX	86500001	87000000	-0.0729122704799421
chrX	87000001	87500000	0.00256808824616609
chrX	87500001	88000000	0.0498407687858395
chrX	88000001	88500000	-0.158472822703895
chrX	88500001	89000000	-0.0758766659810103
chrX	91000001	91500000	-0.12102614776956
chrX	93000001	93500000	-0.0100808885296537
chrX	93500001	94000000	-0.14447851296134
chrX	94000001	94500000	-0.070699845257651
chrX	94500001	95000000	-0.136782853519295
chrX	95000001	95500000	-0.102641758033549
chrX	95500001	96000000	-0.157625003034573
chrX	96000001	96500000	-0.11113138703444
chrX	96500001	97000000	-0.136078833595091
chrX	97000001	97500000	-0.142478290276994
chrX	97500001	98000000	-0.128062501596244
chrX	98000001	98500000	-0.0731975502981956
chrX	98500001	99000000	-0.0235508322461303
chrX	99000001	99500000	-0.0703378009177254
chrX	99500001	100000000	-0.0604209938397057
chrX	100000001	100500000	-0.0814531044327071
chrX	100500001	101000000	-0.0635858363419636
chrX	101000001	101500000	-0.0904013818706982
chrX	101500001	102000000	-0.113494360242855
chrX	102500001	103000000	0.00608977357451106
chrX	103000001	103500000	-0.104901165171447
chrX	103500001	104000000	-0.119341181411572
chrX	104000001	104500000	-0.0488302620953675
chrX	104500001	105000000	-0.00101839145342124
chrX	105000001	105500000	-0.126963091946387
chrX	105500001	106000000	-0.0462313320040809
chrX	106000001	106500000	-0.0717339867583735
chrX	106500001	107000000	-0.079154716047858
chrX	107000001	107500000	-0.107877788035108
chrX	107500001	108000000	-0.121397352337217
chrX	108000001	108500000	-0.0969557958588216
chrX	108500001	109000000	-0.117782033933064
chrX	109000001	109500000	-0.0831094366291222
chrX	109500001	110000000	-0.0726719387847939
chrX	110000001	110500000	-0.0970934463812462
chrX	110500001	111000000	-0.175017148769581
chrX	111000001	111500000	-0.103368544101062
chrX	111500001	112000000	-0.12611674853578
chrX	112000001	112500000	-0.16870203225919
chrX	112500001	113000000	-0.0834556682736726
chrX	113000001	113500000	-0.0730828522165217
chrX	113500001	114000000	-0.139508561868263
chrX	114000001	114500000	NA
chrX	114500001	115000000	-0.0873021463942531
chrX	115000001	115500000	-0.0490744822924612
chrX	116000001	116500000	-0.0717908004141353
chrX	116500001	117000000	NA
chrX	117000001	117500000	0.00788068823803762
chrX	117500001	118000000	0.131946436769125
chrX	118000001	118500000	-0.0648985328610099
chrX	118500001	119000000	0.130901994659765
chrX	119000001	119500000	-0.13241254662313
chrX	119500001	120000000	-0.161251262923609
chrX	120000001	120500000	-0.303940921193007
chrX	121000001	121500000	-0.0698308050512445
chrX	121500001	122000000	-0.174349624930386
chrX	122000001	122500000	-0.105960522829142
chrX	122500001	123000000	-0.0751422949819898
chrX	123000001	123500000	-0.216961475341061
chrX	123500001	124000000	-0.190908731747132
chrX	124000001	124500000	-0.0912182765415513
chrX	124500001	125000000	-0.0620629904503369
chrX	125000001	125500000	-0.0617806655250561
chrX	125500001	126000000	-0.0835034021909087
chrX	126000001	126500000	-0.117511966821019
chrX	126500001	127000000	-0.0705658157012921
chrX	127000001	127500000	-0.0867845598518138
chrX	127500001	128000000	-0.139713365669744
chrX	128000001	128500000	-0.105216788972215
chrX	128500001	129000000	-0.147696684692082
chrX	129000001	129500000	-0.110701611484027
chrX	129500001	130000000	-0.0775868289353154
chrX	130000001	130500000	-0.134590133458761
chrX	130500001	131000000	-0.110517055684361
chrX	131000001	131500000	-0.062350361781943
chrX	131500001	132000000	-0.0991475330264157
chrX	132000001	132500000	0.00396813719033558
chrX	132500001	133000000	-0.0675297656248439
chrX	133000001	133500000	-0.1250392943085
chrX	133500001	134000000	-0.186237470309455
chrX	134000001	134500000	1.47611911728573e-05
chrX	134500001	135000000	-0.0411340243928003
chrX	135000001	135500000	-0.162779640045726
chrX	136000001	136500000	-0.0626516225072996
chrX	136500001	137000000	-0.0289252658328506
chrX	137000001	137500000	-0.0630311883735955
chrX	137500001	138000000	-0.0925859783102007
chrX	138000001	138500000	-0.0817404217484299
chrX	138500001	139000000	-0.0658481940553771
chrX	139000001	139500000	-0.0896033510934059
chrX	139500001	140000000	-0.0931760737724212
chrX	140000001	140500000	-0.132838401755938
chrX	140500001	141000000	-0.108759588714452
chrX	141000001	141500000	-0.380639707918143
chrX	141500001	142000000	-0.261460440699768
chrX	142000001	142500000	-0.0154096822318722
chrX	142500001	143000000	-0.0824933026426797
chrX	143000001	143500000	-0.0828723951853482
chrX	143500001	144000000	-0.0699330521160506
chrX	144500001	145000000	-0.0303547802872314
chrX	145000001	145500000	-0.0210394932788706
chrX	145500001	146000000	-0.08699802030298
chrX	146000001	146500000	-0.0849519148970379
chrX	146500001	147000000	-0.0485112532348299
chrX	147000001	147500000	-0.070573980869137
chrX	147500001	148000000	-0.0214505789536676
chrX	148000001	148500000	-0.0528777932740134
chrX	148500001	149000000	-0.0337409238168636
chrX	149000001	149500000	-0.00917972201439252
chrX	149500001	150000000	-0.400331338723173
chrX	150000001	150500000	0.0346522643234507
chrX	150500001	151000000	-0.0856862442197547
chrX	151000001	151500000	-0.0894487881471587
chrX	151500001	152000000	-0.0535677984241407
chrX	152000001	152500000	0.0377756774946781
chrX	152500001	153000000	-0.235822240647136
chrX	153000001	153500000	-0.258046584798581
chrX	153500001	154000000	-0.0263040330925627
chrX	154500001	155000000	-0.309436664215061
chrX	155000001	155500000	-0.210174463327942
