chr	start	end	log2_TNratio_corrected
chr1	1000001	1500000	NA
chr1	1500001	2000000	0.159082576834055
chr1	2000001	2500000	0.245159585955412
chr1	2500001	3000000	NA
chr1	3000001	3500000	0.12325927025185
chr1	3500001	4000000	0.351116646609776
chr1	4000001	4500000	0.225471174562384
chr1	4500001	5000000	0.28550086919166
chr1	5000001	5500000	0.354850543199785
chr1	5500001	6000000	0.353189642045189
chr1	6000001	6500000	0.24131140146302
chr1	6500001	7000000	0.207028880082495
chr1	7000001	7500000	0.275807007700216
chr1	7500001	8000000	0.297513708523011
chr1	8000001	8500000	0.185967116320175
chr1	8500001	9000000	0.21077709723032
chr1	9000001	9500000	0.301098506848389
chr1	9500001	10000000	0.347700473882538
chr1	10000001	10500000	0.330408196809391
chr1	10500001	11000000	0.230273115497392
chr1	11000001	11500000	0.259869286786417
chr1	11500001	12000000	0.234340885224324
chr1	12000001	12500000	0.261847626563425
chr1	13500001	14000000	0.17174334497226
chr1	14000001	14500000	0.156665447996774
chr1	14500001	15000000	0.0462474009883527
chr1	15000001	15500000	0.0671923109864096
chr1	15500001	16000000	-0.00211669361757168
chr1	16000001	16500000	0.0906169840791319
chr1	17000001	17500000	0.133977516808585
chr1	17500001	18000000	0.0146988161746726
chr1	18000001	18500000	0.077782135538677
chr1	18500001	19000000	0.0499532170512292
chr1	19000001	19500000	0.08196135095888
chr1	19500001	20000000	-0.0349395873703277
chr1	20000001	20500000	0.00973439103613666
chr1	20500001	21000000	0.115248405292257
chr1	21000001	21500000	0.0850538381661671
chr1	21500001	22000000	0.0993580331853434
chr1	22000001	22500000	0.0583525660493402
chr1	22500001	23000000	0.0152046277553463
chr1	23000001	23500000	0.118316606524931
chr1	23500001	24000000	0.220176206752717
chr1	24000001	24500000	0.0984757521126216
chr1	24500001	25000000	0.0215669969401812
chr1	25000001	25500000	0.0606944460996612
chr1	25500001	26000000	0.133034485972144
chr1	26000001	26500000	0.223728803123352
chr1	26500001	27000000	0.200895367025672
chr1	27000001	27500000	0.189847048459432
chr1	27500001	28000000	0.169350817151128
chr1	28000001	28500000	0.0708600678562782
chr1	28500001	29000000	0.0710310872256731
chr1	29000001	29500000	0.0584411125696444
chr1	29500001	30000000	NA
chr1	30000001	30500000	-0.00467894060758436
chr1	30500001	31000000	0.0785687400082989
chr1	31000001	31500000	0.0353689970321067
chr1	31500001	32000000	0.148547382199401
chr1	32000001	32500000	0.0109716652826072
chr1	32500001	33000000	0.00616872472349077
chr1	33000001	33500000	0.101672990682406
chr1	33500001	34000000	0.0360705855135399
chr1	34000001	34500000	0.0641557379679862
chr1	34500001	35000000	0.0928786688561401
chr1	35000001	35500000	0.11585311724971
chr1	35500001	36000000	0.164284002333745
chr1	36000001	36500000	0.164265965288441
chr1	36500001	37000000	0.0625612539169007
chr1	37000001	37500000	0.148957994813516
chr1	37500001	38000000	0.127991991267289
chr1	38000001	38500000	0.11672278889557
chr1	38500001	39000000	0.11184525161091
chr1	39000001	39500000	0.0798760141601749
chr1	39500001	40000000	0.0442950385719589
chr1	40000001	40500000	0.224654165233742
chr1	40500001	41000000	0.144162720821705
chr1	41000001	41500000	0.105055937881766
chr1	41500001	42000000	0.127526120895305
chr1	42000001	42500000	0.123230022125181
chr1	42500001	43000000	0.215514778326265
chr1	43000001	43500000	0.0521446252730596
chr1	43500001	44000000	0.0886756876852628
chr1	44000001	44500000	0.134480815710046
chr1	44500001	45000000	0.129258110099922
chr1	45000001	45500000	0.145384457761098
chr1	45500001	46000000	0.128396168573479
chr1	46000001	46500000	0.118398061324439
chr1	46500001	47000000	0.173055901601604
chr1	47000001	47500000	0.124371813656011
chr1	47500001	48000000	0.0471366623490343
chr1	48000001	48500000	0.0622305860552322
chr1	48500001	49000000	0.326730617151159
chr1	49000001	49500000	0.0722417586361994
chr1	49500001	50000000	0.0855100796485841
chr1	50000001	50500000	0.0884927932992077
chr1	50500001	51000000	-0.0934026681441347
chr1	51000001	51500000	0.0549477314902366
chr1	51500001	52000000	0.109740723575781
chr1	52000001	52500000	0.0197612342088592
chr1	52500001	53000000	0.0719198749488771
chr1	53000001	53500000	0.0992488834403232
chr1	53500001	54000000	0.0334098117533952
chr1	54000001	54500000	0.0604057205402975
chr1	54500001	55000000	0.0140624295632515
chr1	55000001	55500000	0.0315964721898488
chr1	55500001	56000000	0.106240590785217
chr1	56000001	56500000	0.0964540352171958
chr1	56500001	57000000	0.109046916328298
chr1	57000001	57500000	0.0731558888717432
chr1	57500001	58000000	0.0092209145575453
chr1	58000001	58500000	-0.00402767523026757
chr1	58500001	59000000	0.0738412801353232
chr1	59000001	59500000	0.0399074877665652
chr1	59500001	60000000	-0.00857895554149175
chr1	60000001	60500000	-0.0359846760753761
chr1	60500001	61000000	-0.0327427841419755
chr1	61000001	61500000	0.00381258159432578
chr1	61500001	62000000	-0.0336979675117203
chr1	62000001	62500000	-0.0376191849573897
chr1	62500001	63000000	-0.00856321988185625
chr1	63000001	63500000	0.00916103845023867
chr1	63500001	64000000	0.0368976377190306
chr1	64000001	64500000	-0.0105351877451665
chr1	64500001	65000000	0.104960883400867
chr1	65000001	65500000	0.12315993830503
chr1	65500001	66000000	0.0499225326180395
chr1	66000001	66500000	0.0608569362247893
chr1	66500001	67000000	0.0238408228702144
chr1	67000001	67500000	0.090339483862071
chr1	67500001	68000000	0.185315082607646
chr1	68000001	68500000	0.185431734248158
chr1	68500001	69000000	0.219420987832624
chr1	69000001	69500000	0.279314206514894
chr1	69500001	70000000	0.303440473898676
chr1	70000001	70500000	0.201657423903655
chr1	70500001	71000000	0.256005904432604
chr1	71000001	71500000	0.319858287975968
chr1	71500001	72000000	0.248359030237824
chr1	72000001	72500000	0.204561008399644
chr1	72500001	73000000	0.282424442450301
chr1	73000001	73500000	0.353802466938399
chr1	73500001	74000000	0.275828315853726
chr1	74000001	74500000	0.269432376063657
chr1	74500001	75000000	0.262496118447038
chr1	75000001	75500000	0.244238263163328
chr1	75500001	76000000	0.299158362657433
chr1	76000001	76500000	0.254176295068656
chr1	76500001	77000000	0.244643396224257
chr1	77000001	77500000	0.283070507751255
chr1	77500001	78000000	0.187693631907155
chr1	78000001	78500000	0.223355835221408
chr1	78500001	79000000	0.291638723395035
chr1	79000001	79500000	0.251410904197098
chr1	79500001	80000000	0.29236781015818
chr1	80000001	80500000	0.309419886832676
chr1	80500001	81000000	0.245306675236692
chr1	81000001	81500000	0.255459294411703
chr1	81500001	82000000	0.170856319596101
chr1	82000001	82500000	0.195345436656202
chr1	82500001	83000000	0.26476812734417
chr1	83500001	84000000	0.278382125564697
chr1	84000001	84500000	0.27919198055705
chr1	84500001	85000000	0.29679768906829
chr1	85000001	85500000	0.109576589781801
chr1	85500001	86000000	0.258571073967063
chr1	86000001	86500000	0.227019795451206
chr1	86500001	87000000	0.246329386440082
chr1	87000001	87500000	0.332717746578205
chr1	87500001	88000000	0.229452471697561
chr1	88000001	88500000	0.243850071929841
chr1	88500001	89000000	0.248978596654079
chr1	89000001	89500000	0.284174112391155
chr1	89500001	90000000	0.279306343436734
chr1	90000001	90500000	0.242104299033009
chr1	90500001	91000000	0.0642202619998447
chr1	91000001	91500000	0.214264495539586
chr1	91500001	92000000	0.16687851391576
chr1	92000001	92500000	0.25108599205944
chr1	92500001	93000000	0.171706663250994
chr1	93000001	93500000	0.205858816766845
chr1	93500001	94000000	0.243923585111511
chr1	94000001	94500000	0.194028328886326
chr1	94500001	95000000	0.239191366297199
chr1	95000001	95500000	0.213947502271154
chr1	95500001	96000000	0.284726286983197
chr1	96000001	96500000	0.272290421059756
chr1	96500001	97000000	0.231044208746456
chr1	97000001	97500000	0.257367595687211
chr1	97500001	98000000	0.254558025026056
chr1	98000001	98500000	0.218217226771291
chr1	98500001	99000000	0.294001217577601
chr1	99000001	99500000	0.242510992745785
chr1	99500001	100000000	0.171852473291376
chr1	100000001	100500000	0.323667713838565
chr1	100500001	101000000	0.233850481577704
chr1	101000001	101500000	0.323169562191294
chr1	101500001	102000000	0.357248052893165
chr1	102000001	102500000	0.311621660774865
chr1	102500001	103000000	0.268692061738184
chr1	103000001	103500000	0.300946768016606
chr1	103500001	104000000	-0.0428186062306601
chr1	104000001	104500000	0.290399342379228
chr1	104500001	105000000	0.318003280131565
chr1	105000001	105500000	0.29698470887032
chr1	105500001	106000000	0.146325689868992
chr1	106000001	106500000	0.17121720781013
chr1	106500001	107000000	0.101248179984425
chr1	107000001	107500000	0.108604372204217
chr1	107500001	108000000	0.223611149440635
chr1	108500001	109000000	0.238501111795355
chr1	109000001	109500000	0.135737189310564
chr1	109500001	110000000	0.149065259231221
chr1	110000001	110500000	0.24301099457444
chr1	110500001	111000000	0.214643227801282
chr1	111000001	111500000	0.120090553064075
chr1	111500001	112000000	0.192654788640425
chr1	112000001	112500000	0.122325510651368
chr1	112500001	113000000	0.0860816077823882
chr1	113000001	113500000	0.0148540858192665
chr1	113500001	114000000	0.109085639935892
chr1	114000001	114500000	0.141348309052762
chr1	114500001	115000000	0.124983258102779
chr1	115000001	115500000	0.147151609427221
chr1	115500001	116000000	0.113540272387753
chr1	116000001	116500000	0.150329012389664
chr1	116500001	117000000	0.210227938752409
chr1	117000001	117500000	0.125215290206089
chr1	117500001	118000000	0.235518456589716
chr1	118000001	118500000	0.0759970246287408
chr1	118500001	119000000	0.0441609875615015
chr1	119000001	119500000	0.0513821877415144
chr1	119500001	120000000	0.0434985817053756
chr1	145500001	146000000	0.270912311823567
chr1	147000001	147500000	0.380350587363387
chr1	147500001	148000000	0.340702492839183
chr1	150000001	150500000	0.434083572866665
chr1	150500001	151000000	0.345972094265403
chr1	151000001	151500000	0.379323523295377
chr1	151500001	152000000	0.342235540757784
chr1	152000001	152500000	0.317080467257324
chr1	152500001	153000000	0.311070790079102
chr1	153000001	153500000	0.368486602152887
chr1	153500001	154000000	0.33405680185751
chr1	154000001	154500000	0.215443481699647
chr1	154500001	155000000	0.394392930366198
chr1	155000001	155500000	0.347392791388541
chr1	155500001	156000000	0.280681827684829
chr1	156000001	156500000	0.343046634684941
chr1	156500001	157000000	0.331514370939758
chr1	157000001	157500000	0.0886414988739464
chr1	157500001	158000000	0.278522218167084
chr1	158000001	158500000	0.269538024310775
chr1	158500001	159000000	0.235252970087454
chr1	159000001	159500000	0.316064876105295
chr1	159500001	160000000	0.419353189593448
chr1	160000001	160500000	0.285853561437432
chr1	160500001	161000000	0.359714297708441
chr1	161000001	161500000	0.231278702964993
chr1	161500001	162000000	0.0551709358551342
chr1	162000001	162500000	0.182660363721156
chr1	162500001	163000000	0.170265516356991
chr1	163000001	163500000	0.149011314080409
chr1	163500001	164000000	0.241115186503177
chr1	164000001	164500000	0.24418551957433
chr1	164500001	165000000	0.188729621701847
chr1	165000001	165500000	0.128186873951579
chr1	165500001	166000000	0.281023830287024
chr1	166000001	166500000	0.356051552353532
chr1	166500001	167000000	0.252556677510089
chr1	167000001	167500000	0.289619308762125
chr1	167500001	168000000	0.300525797397974
chr1	168000001	168500000	0.393504207817092
chr1	168500001	169000000	0.429188041465193
chr1	169000001	169500000	0.3149031393799
chr1	169500001	170000000	0.306205908336276
chr1	170000001	170500000	0.305790189406696
chr1	170500001	171000000	0.295547252189132
chr1	171000001	171500000	0.288285097186814
chr1	171500001	172000000	0.305220481832976
chr1	172000001	172500000	0.289013027592481
chr1	172500001	173000000	0.261640476488028
chr1	173000001	173500000	0.273817121644996
chr1	173500001	174000000	0.274652931736563
chr1	174000001	174500000	0.313643608504222
chr1	174500001	175000000	0.342285673379855
chr1	175000001	175500000	0.245574994205205
chr1	175500001	176000000	0.269190118785652
chr1	176000001	176500000	0.345121155962836
chr1	176500001	177000000	0.390586573657468
chr1	177000001	177500000	0.240212513156283
chr1	177500001	178000000	0.351399726127853
chr1	178000001	178500000	0.205657700044411
chr1	178500001	179000000	0.301489433845045
chr1	179000001	179500000	0.233987049111279
chr1	179500001	180000000	0.257367873100679
chr1	180000001	180500000	0.294789892499446
chr1	180500001	181000000	0.264799021680843
chr1	181000001	181500000	0.39482632897701
chr1	181500001	182000000	0.376982678406025
chr1	182000001	182500000	0.143613034417631
chr1	182500001	183000000	0.028909482377328
chr1	183000001	183500000	-0.0441014143440731
chr1	183500001	184000000	0.0113715432286651
chr1	184000001	184500000	0.0260230798662263
chr1	184500001	185000000	0.0797496465089116
chr1	185000001	185500000	0.00748293299652031
chr1	185500001	186000000	-0.038350206185979
chr1	186000001	186500000	-0.0635311673391603
chr1	186500001	187000000	0.0103242343112011
chr1	187000001	187500000	0.0299304142415633
chr1	187500001	188000000	-0.0669436867759294
chr1	188000001	188500000	-0.0340019938576269
chr1	188500001	189000000	0.0268493290568362
chr1	189000001	189500000	0.051619242300449
chr1	189500001	190000000	-0.0290984449463223
chr1	190000001	190500000	NA
chr1	190500001	191000000	0.0390005996293724
chr1	191000001	191500000	-0.0490284334923155
chr1	191500001	192000000	-0.00326449811430076
chr1	192000001	192500000	-0.0313739423567339
chr1	192500001	193000000	0.0474682033903782
chr1	193000001	193500000	-0.0851433547190538
chr1	193500001	194000000	-0.173248084687361
chr1	194000001	194500000	-0.0791525849350932
chr1	194500001	195000000	-0.0038812320477492
chr1	195000001	195500000	-0.0851493290158739
chr1	195500001	196000000	-0.0608224475079035
chr1	196000001	196500000	-0.0711067067272787
chr1	196500001	197000000	-0.0319684319147577
chr1	197000001	197500000	-0.180648699842979
chr1	197500001	198000000	-0.137947240411164
chr1	198000001	198500000	-0.0913102042989991
chr1	198500001	199000000	0.00578842152999204
chr1	199000001	199500000	-0.0738820130484942
chr1	199500001	200000000	-0.0468112849018915
chr1	200000001	200500000	-0.0402694257222633
chr1	200500001	201000000	-0.0561454777743072
chr1	201000001	201500000	-0.0542515363121529
chr1	201500001	202000000	-0.0559554976755426
chr1	202000001	202500000	-0.0897092347082436
chr1	202500001	203000000	0.0182491358312401
chr1	203000001	203500000	-0.0155006393411168
chr1	203500001	204000000	-0.123926095241681
chr1	204000001	204500000	-0.0397367274893545
chr1	204500001	205000000	-0.0137004249108153
chr1	205000001	205500000	-0.0787845842494449
chr1	205500001	206000000	-0.0624527562401582
chr1	206500001	207000000	-0.0569624970101766
chr1	207000001	207500000	0.00676499319908954
chr1	207500001	208000000	-0.0813460341589373
chr1	208000001	208500000	-0.0956744232327633
chr1	208500001	209000000	0.0110270037082035
chr1	209000001	209500000	-0.0499567431763404
chr1	209500001	210000000	-0.0699862201810795
chr1	210000001	210500000	-0.0687403663357354
chr1	210500001	211000000	-0.105496627271417
chr1	211000001	211500000	-0.0890905839117511
chr1	211500001	212000000	-0.0480547890972771
chr1	212000001	212500000	-0.0981455721100487
chr1	212500001	213000000	-0.0354064504623913
chr1	213000001	213500000	-0.129048859999232
chr1	213500001	214000000	-0.0196895983822568
chr1	214000001	214500000	-0.0476434325429677
chr1	214500001	215000000	-0.078514374100302
chr1	215000001	215500000	0.0522155303688232
chr1	215500001	216000000	0.14587965958386
chr1	216000001	216500000	0.0229121176863207
chr1	216500001	217000000	0.0858060320827274
chr1	217000001	217500000	0.0599769159102739
chr1	217500001	218000000	0.145825605527361
chr1	218000001	218500000	-0.00797030502249089
chr1	218500001	219000000	-0.00105524066691688
chr1	219000001	219500000	0.172967344375459
chr1	219500001	220000000	0.111237577456079
chr1	220000001	220500000	0.0485570233920661
chr1	220500001	221000000	-0.0118928834866211
chr1	221000001	221500000	0.0576215521045651
chr1	221500001	222000000	0.175531717134145
chr1	222000001	222500000	0.0646677775368489
chr1	222500001	223000000	0.0491831705545344
chr1	223000001	223500000	0.000300129289268244
chr1	224000001	224500000	0.113835523511148
chr1	224500001	225000000	0.142257741752621
chr1	225000001	225500000	0.0903020519421318
chr1	225500001	226000000	0.174260166146544
chr1	226000001	226500000	0.238648170392889
chr1	226500001	227000000	0.170333418878965
chr1	227000001	227500000	0.288810704852818
chr1	227500001	228000000	0.361077152302046
chr1	228000001	228500000	0.294249213294257
chr1	228500001	229000000	NA
chr1	229000001	229500000	0.401267371699741
chr1	229500001	230000000	0.365567490786094
chr1	230000001	230500000	0.356624756241287
chr1	230500001	231000000	0.351928166469066
chr1	231000001	231500000	0.359932703595974
chr1	231500001	232000000	0.384291381969401
chr1	232000001	232500000	0.343613046300613
chr1	232500001	233000000	0.35047235274593
chr1	233000001	233500000	0.559744040178975
chr1	233500001	234000000	0.555118133568269
chr1	234000001	234500000	0.561305196456174
chr1	234500001	235000000	0.533168781058576
chr1	235000001	235500000	0.521677093384643
chr1	235500001	236000000	0.644453419272081
chr1	236000001	236500000	0.55548296464551
chr1	236500001	237000000	0.548313292356374
chr1	237000001	237500000	0.538438698022189
chr1	237500001	238000000	0.494406159773259
chr1	238000001	238500000	0.496812947144606
chr1	238500001	239000000	0.546418858618873
chr1	239000001	239500000	0.501447296801626
chr1	239500001	240000000	0.549622978621578
chr1	240000001	240500000	0.436337819254343
chr1	240500001	241000000	0.560370916227931
chr1	241000001	241500000	0.556781639033662
chr1	241500001	242000000	0.516471551212659
chr1	242000001	242500000	0.529361465232118
chr1	242500001	243000000	0.569062482137049
chr1	243500001	244000000	0.513308766186551
chr1	244000001	244500000	0.580750126260231
chr1	244500001	245000000	0.471864751849066
chr1	245000001	245500000	0.449688509481231
chr1	245500001	246000000	0.55773880851995
chr1	246000001	246500000	0.514472954004562
chr1	246500001	247000000	0.518484133131559
chr1	247000001	247500000	0.419378016391685
chr1	247500001	248000000	0.441833588389464
chr1	248000001	248500000	0.42830232069269
chr1	248500001	249000000	NA
chr2	1	500000	NA
chr2	500001	1000000	0.117960895823974
chr2	1000001	1500000	0.164159730749478
chr2	1500001	2000000	0.0733704183796742
chr2	2000001	2500000	0.122149642735479
chr2	2500001	3000000	0.0953762255735486
chr2	3000001	3500000	0.172932070920366
chr2	3500001	4000000	0.0919008736499863
chr2	4000001	4500000	0.221558902598526
chr2	4500001	5000000	0.167040239693116
chr2	5000001	5500000	0.0997055436424095
chr2	5500001	6000000	0.172302830124089
chr2	6000001	6500000	0.151928501030489
chr2	6500001	7000000	0.176777219262996
chr2	7000001	7500000	0.155913885936373
chr2	7500001	8000000	0.197043523592525
chr2	8000001	8500000	0.231484311856688
chr2	8500001	9000000	0.190717246489931
chr2	9000001	9500000	0.19650325988216
chr2	9500001	10000000	0.122437248103591
chr2	10000001	10500000	0.214294950456143
chr2	10500001	11000000	0.0740105626122139
chr2	11000001	11500000	0.164468033988103
chr2	11500001	12000000	0.179966023892305
chr2	12000001	12500000	0.192829276794315
chr2	12500001	13000000	0.18775743259576
chr2	13000001	13500000	0.13939147953674
chr2	13500001	14000000	0.176681587879178
chr2	14000001	14500000	0.150167361184043
chr2	14500001	15000000	0.17974215582889
chr2	15000001	15500000	0.126746479630532
chr2	15500001	16000000	0.0768606599651648
chr2	16000001	16500000	NA
chr2	16500001	17000000	0.122995447392657
chr2	17000001	17500000	0.170565579829058
chr2	17500001	18000000	0.20996652730866
chr2	18000001	18500000	0.111484890458513
chr2	18500001	19000000	0.205392280806737
chr2	19000001	19500000	0.194315939294917
chr2	19500001	20000000	0.250021243750091
chr2	20000001	20500000	0.174508413852852
chr2	20500001	21000000	NA
chr2	21000001	21500000	0.126418314679244
chr2	21500001	22000000	0.243566400050603
chr2	22000001	22500000	0.15735149624639
chr2	22500001	23000000	0.199233036089898
chr2	23000001	23500000	0.156712455617526
chr2	23500001	24000000	0.171007837071582
chr2	24000001	24500000	0.139352996577756
chr2	24500001	25000000	0.186437337265567
chr2	25000001	25500000	0.170377205929038
chr2	25500001	26000000	0.0982764008370004
chr2	26000001	26500000	0.180348464658248
chr2	26500001	27000000	0.204617837990239
chr2	27000001	27500000	0.213049374022007
chr2	27500001	28000000	0.21726811407582
chr2	28000001	28500000	0.212831198379615
chr2	28500001	29000000	0.145020488508703
chr2	29000001	29500000	0.19042945158354
chr2	29500001	30000000	0.173005413411332
chr2	30000001	30500000	0.17078948346841
chr2	30500001	31000000	0.194364093120161
chr2	31000001	31500000	NA
chr2	31500001	32000000	NA
chr2	32000001	32500000	0.170371409985163
chr2	32500001	33000000	NA
chr2	33000001	33500000	0.0810434924639295
chr2	33500001	34000000	0.134767494001077
chr2	34000001	34500000	0.224373443583772
chr2	34500001	35000000	0.161435373460207
chr2	35000001	35500000	0.138255370369262
chr2	35500001	36000000	0.147595661928677
chr2	36000001	36500000	0.153197750114276
chr2	36500001	37000000	0.0774578133564898
chr2	37000001	37500000	0.217465705461408
chr2	37500001	38000000	0.173979161097174
chr2	38000001	38500000	0.128817144136361
chr2	38500001	39000000	0.188687288952048
chr2	39000001	39500000	0.171585021822431
chr2	39500001	40000000	0.143542965035
chr2	40000001	40500000	0.184829914821784
chr2	40500001	41000000	0.116171427522215
chr2	41000001	41500000	0.146960938510846
chr2	41500001	42000000	0.278525598131717
chr2	42000001	42500000	0.185820240393279
chr2	42500001	43000000	0.14490073181508
chr2	43000001	43500000	0.251392508824908
chr2	43500001	44000000	0.101984465278378
chr2	44000001	44500000	0.217116323303754
chr2	44500001	45000000	0.189680358324673
chr2	45000001	45500000	0.139088101093309
chr2	45500001	46000000	0.189230671945705
chr2	46000001	46500000	0.168634545500831
chr2	46500001	47000000	0.102158876411949
chr2	47000001	47500000	0.0783029585659565
chr2	47500001	48000000	0.124384943068523
chr2	48000001	48500000	0.251196148579687
chr2	48500001	49000000	0.18901164447059
chr2	49000001	49500000	0.205696161460578
chr2	49500001	50000000	0.2057759159126
chr2	50000001	50500000	0.159246605418486
chr2	50500001	51000000	0.112487029969874
chr2	51000001	51500000	0.116272589206504
chr2	51500001	52000000	0.201668106797506
chr2	52000001	52500000	0.214331561224471
chr2	52500001	53000000	0.255101152217265
chr2	53000001	53500000	0.203867843187088
chr2	53500001	54000000	0.149942863775353
chr2	54000001	54500000	0.186286841531736
chr2	54500001	55000000	0.176052704125202
chr2	55000001	55500000	0.160937871591165
chr2	55500001	56000000	0.0779108229134356
chr2	56000001	56500000	0.151592250795297
chr2	56500001	57000000	0.199897540887139
chr2	57000001	57500000	0.100592258166549
chr2	57500001	58000000	0.0946830798853698
chr2	58000001	58500000	0.10109194376805
chr2	58500001	59000000	0.215137319693999
chr2	59000001	59500000	0.130182718877024
chr2	59500001	60000000	0.143278077198371
chr2	60000001	60500000	0.205190338208548
chr2	60500001	61000000	0.247991448538801
chr2	61000001	61500000	0.09218783807603
chr2	61500001	62000000	0.148162989021656
chr2	62000001	62500000	0.2391204172981
chr2	62500001	63000000	0.219793874731894
chr2	63000001	63500000	0.16977286392084
chr2	63500001	64000000	0.154913619933923
chr2	64000001	64500000	0.268232678200765
chr2	64500001	65000000	0.206642804985037
chr2	65000001	65500000	0.221084132395119
chr2	65500001	66000000	0.0590111288519335
chr2	66000001	66500000	0.160552624524256
chr2	66500001	67000000	0.148949754605459
chr2	67000001	67500000	0.0608536243013355
chr2	67500001	68000000	0.166754211397034
chr2	68000001	68500000	0.221817810873511
chr2	68500001	69000000	0.176314957418803
chr2	69000001	69500000	0.168791875953654
chr2	69500001	70000000	0.262965782614597
chr2	70000001	70500000	0.265325131757604
chr2	70500001	71000000	0.142930960793431
chr2	71000001	71500000	0.181334576664145
chr2	71500001	72000000	0.16805852465493
chr2	72000001	72500000	0.15312327593989
chr2	72500001	73000000	0.186864973140488
chr2	73000001	73500000	0.226855883343507
chr2	73500001	74000000	0.0673538254294433
chr2	74000001	74500000	0.114939608792778
chr2	74500001	75000000	0.24398310490782
chr2	75000001	75500000	0.157157397581678
chr2	75500001	76000000	0.129583231055438
chr2	76000001	76500000	0.17114101944596
chr2	76500001	77000000	0.19333799926851
chr2	77000001	77500000	0.237287504495464
chr2	77500001	78000000	0.146610768154236
chr2	78000001	78500000	0.128699781031357
chr2	78500001	79000000	0.122482988463494
chr2	79000001	79500000	0.153538392858064
chr2	79500001	80000000	0.170375932725389
chr2	80000001	80500000	0.168391610883013
chr2	80500001	81000000	0.248427266384345
chr2	81000001	81500000	0.165386076625395
chr2	81500001	82000000	0.134792021351117
chr2	82000001	82500000	0.084155396837175
chr2	82500001	83000000	0.148074476922501
chr2	83000001	83500000	0.0885376613570242
chr2	83500001	84000000	0.126827737341006
chr2	84000001	84500000	0.261483359446258
chr2	84500001	85000000	0.193463318082492
chr2	85000001	85500000	0.141506229995969
chr2	85500001	86000000	0.239270076372311
chr2	86000001	86500000	0.162831028524358
chr2	88000001	88500000	0.0796037728601087
chr2	88500001	89000000	0.140945148550688
chr2	96500001	97000000	0.0465990503937737
chr2	97500001	98000000	-0.0663048272148496
chr2	98000001	98500000	-0.0449541527467909
chr2	98500001	99000000	0.0654663177269169
chr2	99000001	99500000	0.038651164771763
chr2	99500001	100000000	0.0854837203517316
chr2	100000001	100500000	0.00625794040339324
chr2	100500001	101000000	-0.101637379889365
chr2	101000001	101500000	0.0656940725148173
chr2	101500001	102000000	0.0728035967203265
chr2	102000001	102500000	0.143831049017881
chr2	102500001	103000000	0.0726467886167841
chr2	103000001	103500000	-0.0388333634258833
chr2	103500001	104000000	-0.01248768957536
chr2	104000001	104500000	0.014417885537685
chr2	104500001	105000000	-0.0829518078842366
chr2	105000001	105500000	0.034513878708993
chr2	105500001	106000000	0.0659798266487328
chr2	106000001	106500000	0.0865676638470153
chr2	106500001	107000000	0.0235557747069855
chr2	107000001	107500000	-0.0129584026283078
chr2	107500001	108000000	-0.0146340611204809
chr2	108000001	108500000	-0.0268699854017696
chr2	108500001	109000000	-0.0382567150634603
chr2	109000001	109500000	NA
chr2	110500001	111000000	-0.230415009058436
chr2	111000001	111500000	-0.17220463701103
chr2	112000001	112500000	-0.0797649640370394
chr2	112500001	113000000	0.0664068409016163
chr2	113000001	113500000	0.0229187577360481
chr2	113500001	114000000	0.05167555421599
chr2	114000001	114500000	0.0100290237906565
chr2	114500001	115000000	0.0881007792810913
chr2	115000001	115500000	0.00514266821581681
chr2	115500001	116000000	-0.0139460373849754
chr2	116000001	116500000	-0.00991899302362111
chr2	116500001	117000000	0.0216567636269824
chr2	117000001	117500000	0.00169766292086892
chr2	117500001	118000000	0.0115817683688005
chr2	118000001	118500000	0.0400887452085448
chr2	118500001	119000000	-0.00521080103863257
chr2	119000001	119500000	-0.0777342749037795
chr2	119500001	120000000	0.0274398097459828
chr2	120000001	120500000	-0.00278533383675175
chr2	120500001	121000000	-0.0400140260197125
chr2	121000001	121500000	-0.0661288090858238
chr2	121500001	122000000	0.017839081773615
chr2	122000001	122500000	-0.013002875077654
chr2	122500001	123000000	0.0310480536332492
chr2	123000001	123500000	0.0410276803736667
chr2	123500001	124000000	-0.0114359854491004
chr2	124000001	124500000	0.0347999481552736
chr2	124500001	125000000	0.0213057721745296
chr2	125000001	125500000	0.00893682459675905
chr2	125500001	126000000	0.05422313350434
chr2	126000001	126500000	0.00789355694301395
chr2	126500001	127000000	0.0993980457181446
chr2	127000001	127500000	-0.010667438940665
chr2	127500001	128000000	-0.0666225941768595
chr2	128000001	128500000	0.0016088690686333
chr2	128500001	129000000	-0.11561934107195
chr2	129000001	129500000	-0.0107202194887853
chr2	129500001	130000000	-0.0198889500530425
chr2	132500001	133000000	0.0483329104833586
chr2	133000001	133500000	0.00468919759013587
chr2	133500001	134000000	0.0114827144450505
chr2	134000001	134500000	0.0292856567152212
chr2	134500001	135000000	-0.00588756265788203
chr2	135000001	135500000	0.0501641777642408
chr2	135500001	136000000	-0.0553123575510039
chr2	136000001	136500000	0.137231320827062
chr2	136500001	137000000	0.118480350163884
chr2	137000001	137500000	-0.0394040722254217
chr2	137500001	138000000	-0.0604022578133374
chr2	138000001	138500000	-0.057290964810982
chr2	138500001	139000000	-0.0332008873525026
chr2	139000001	139500000	0.106116599054156
chr2	139500001	140000000	0.0737391545987064
chr2	140000001	140500000	0.0826016429218887
chr2	140500001	141000000	-0.0142899817819667
chr2	141000001	141500000	0.0169928467037075
chr2	141500001	142000000	0.0538635781994347
chr2	142000001	142500000	-0.03741462463986
chr2	142500001	143000000	-0.187968722630138
chr2	143000001	143500000	-0.0958492603329887
chr2	143500001	144000000	-0.032758526350975
chr2	144000001	144500000	-0.129540389682567
chr2	144500001	145000000	-0.0255895028102569
chr2	145000001	145500000	-0.133720876999365
chr2	145500001	146000000	-0.169693611339351
chr2	146000001	146500000	-0.141911149526629
chr2	146500001	147000000	-0.117820435884624
chr2	147000001	147500000	-0.187980118610755
chr2	147500001	148000000	-0.121093052365718
chr2	148000001	148500000	-0.207813303283142
chr2	148500001	149000000	-0.115605409427214
chr2	149000001	149500000	-0.0843852796388729
chr2	149500001	150000000	-0.146101898515912
chr2	150000001	150500000	-0.15754211298637
chr2	150500001	151000000	-0.171549293293807
chr2	151000001	151500000	-0.0709169456661401
chr2	151500001	152000000	-0.122080085225159
chr2	152000001	152500000	-0.176078690414752
chr2	152500001	153000000	-0.209590840373522
chr2	153000001	153500000	-0.289804572579403
chr2	153500001	154000000	-0.15294996029674
chr2	154000001	154500000	-0.226070602798101
chr2	154500001	155000000	-0.174767046815195
chr2	155000001	155500000	-0.168773244322795
chr2	155500001	156000000	-0.114880356725603
chr2	156000001	156500000	-0.112936762160195
chr2	156500001	157000000	-0.152401302423031
chr2	157000001	157500000	-0.0951308379640862
chr2	157500001	158000000	-0.208323555853415
chr2	158000001	158500000	-0.105187508193492
chr2	158500001	159000000	-0.151974196419853
chr2	159000001	159500000	-0.180324035311782
chr2	159500001	160000000	-0.169256664630321
chr2	160000001	160500000	-0.164270136780059
chr2	160500001	161000000	-0.196023218385303
chr2	161000001	161500000	-0.11615447101768
chr2	161500001	162000000	-0.157223969294404
chr2	162000001	162500000	-0.0570406082480105
chr2	162500001	163000000	-0.139269565955104
chr2	163000001	163500000	-0.143798089440408
chr2	163500001	164000000	-0.123244908266747
chr2	164000001	164500000	-0.203993065517272
chr2	164500001	165000000	-0.171923918762801
chr2	165000001	165500000	-0.212543529350607
chr2	165500001	166000000	-0.0563071427251002
chr2	166000001	166500000	-0.214473796529084
chr2	166500001	167000000	-0.162551651349536
chr2	167000001	167500000	-0.130001588878284
chr2	167500001	168000000	-0.164514490991943
chr2	168000001	168500000	-0.117117084930208
chr2	168500001	169000000	-0.202216385291113
chr2	169000001	169500000	-0.132816610615587
chr2	169500001	170000000	-0.138312719850675
chr2	170000001	170500000	-0.0621641640361379
chr2	170500001	171000000	-0.194097718891985
chr2	171000001	171500000	-0.24774384777596
chr2	171500001	172000000	-0.182493327145806
chr2	172000001	172500000	-0.196955772250054
chr2	172500001	173000000	-0.0875737076569036
chr2	173000001	173500000	-0.145382733335996
chr2	173500001	174000000	-0.0904779919251004
chr2	174000001	174500000	-0.119968501446151
chr2	174500001	175000000	-0.0396203448816555
chr2	175000001	175500000	-0.191459581771006
chr2	175500001	176000000	-0.136370423492142
chr2	176000001	176500000	-0.209709759648351
chr2	176500001	177000000	-0.164642369816724
chr2	177000001	177500000	-0.100938405495253
chr2	177500001	178000000	-0.214186717991678
chr2	178000001	178500000	-0.19833149632168
chr2	178500001	179000000	-0.175413290133832
chr2	179000001	179500000	-0.198599033163421
chr2	179500001	180000000	-0.112884807600034
chr2	180000001	180500000	-0.09651887936162
chr2	180500001	181000000	-0.247068443903003
chr2	181000001	181500000	-0.198805706370277
chr2	181500001	182000000	-0.204132244676117
chr2	182000001	182500000	-0.258823486209731
chr2	182500001	183000000	-0.14429868747495
chr2	183000001	183500000	-0.140653067343513
chr2	183500001	184000000	-0.0984796267678506
chr2	184000001	184500000	-0.0933944323293956
chr2	184500001	185000000	-0.208748085140535
chr2	185000001	185500000	-0.084105316240022
chr2	185500001	186000000	-0.132870784909511
chr2	186000001	186500000	-0.115200066839994
chr2	186500001	187000000	0.0275717475453497
chr2	187000001	187500000	0.0605949514246687
chr2	187500001	188000000	-0.0266179685031699
chr2	188000001	188500000	-0.0435128344299158
chr2	188500001	189000000	0.000301767399938155
chr2	189000001	189500000	0.0301652633784004
chr2	189500001	190000000	0.0513932128722037
chr2	190000001	190500000	0.0287850923389639
chr2	190500001	191000000	0.0598925996020567
chr2	191000001	191500000	0.116391096027387
chr2	191500001	192000000	0.0576169146190618
chr2	192000001	192500000	0.0280204545833303
chr2	192500001	193000000	0.0314162510100725
chr2	193000001	193500000	NA
chr2	193500001	194000000	-0.0744814032987914
chr2	194000001	194500000	0.0518965541793248
chr2	194500001	195000000	0.0358740996026095
chr2	195000001	195500000	-0.0123324155006086
chr2	195500001	196000000	-0.00399205347543019
chr2	196000001	196500000	0.0269808298918144
chr2	196500001	197000000	0.0555716989375944
chr2	197000001	197500000	0.132336585424847
chr2	197500001	198000000	-0.00107609362752788
chr2	198000001	198500000	0.0871491225451542
chr2	198500001	199000000	-0.0693472570543301
chr2	199000001	199500000	0.0935367134449854
chr2	199500001	200000000	-0.0436657234408939
chr2	200000001	200500000	-0.0363163519321492
chr2	200500001	201000000	0.016771838672205
chr2	201000001	201500000	0.128169923707665
chr2	201500001	202000000	-0.0446062148128604
chr2	202000001	202500000	-0.0138160256491314
chr2	202500001	203000000	-0.0732645433572336
chr2	203000001	203500000	-0.0723983828273884
chr2	203500001	204000000	-0.0481268065952588
chr2	204000001	204500000	-0.00675075266250805
chr2	204500001	205000000	-0.0360641098965342
chr2	205000001	205500000	-0.0602696499989199
chr2	205500001	206000000	0.069315845118233
chr2	206000001	206500000	0.0109132663158172
chr2	206500001	207000000	0.0123047690572988
chr2	207000001	207500000	0.0369726348067908
chr2	207500001	208000000	0.0507308183128579
chr2	208000001	208500000	0.00830398577473699
chr2	208500001	209000000	0.0707480934002957
chr2	209000001	209500000	-0.0396521123631872
chr2	209500001	210000000	0.0465537672925282
chr2	210000001	210500000	-0.00793373496016738
chr2	210500001	211000000	0.0573147148696609
chr2	211000001	211500000	0.0812649922422449
chr2	211500001	212000000	0.0651058013418965
chr2	212000001	212500000	-0.0472962227212839
chr2	212500001	213000000	0.0887190837896415
chr2	213000001	213500000	-0.0349720717233404
chr2	213500001	214000000	0.0698886084243827
chr2	214000001	214500000	0.0697315779982554
chr2	214500001	215000000	0.0536543728368419
chr2	215000001	215500000	-0.0799978968075034
chr2	215500001	216000000	-0.0326475341240437
chr2	216000001	216500000	-0.00130180058387999
chr2	216500001	217000000	0.00251585166307296
chr2	217000001	217500000	0.0871875557788157
chr2	217500001	218000000	-0.0211805484708791
chr2	218000001	218500000	0.136444767822835
chr2	218500001	219000000	0.0259220864881027
chr2	219000001	219500000	0.0568332461388725
chr2	219500001	220000000	0.0673521503016118
chr2	220000001	220500000	0.013625785860138
chr2	220500001	221000000	0.0155086303774571
chr2	221000001	221500000	0.0280833861328898
chr2	221500001	222000000	-0.059920306612545
chr2	222000001	222500000	0.00578903338763554
chr2	222500001	223000000	0.0538282666891172
chr2	223000001	223500000	0.0400054344001176
chr2	223500001	224000000	0.00598884591469129
chr2	224000001	224500000	-0.0189205744575947
chr2	224500001	225000000	0.000896362880207481
chr2	225000001	225500000	0.0186619234965182
chr2	225500001	226000000	0.0766970509062886
chr2	226000001	226500000	0.0117727553861345
chr2	226500001	227000000	0.0864565710183168
chr2	227000001	227500000	0.0586861495115224
chr2	227500001	228000000	-0.0687253149467309
chr2	228000001	228500000	0.0757822306661115
chr2	228500001	229000000	0.0657642875714454
chr2	229000001	229500000	0.0253753289417323
chr2	229500001	230000000	0.0110305563787152
chr2	230000001	230500000	0.0916267893180028
chr2	230500001	231000000	0.0520935539923443
chr2	231000001	231500000	0.0785476622669475
chr2	231500001	232000000	0.03744407757341
chr2	232000001	232500000	-0.0805771631665659
chr2	232500001	233000000	0.0284499734664866
chr2	233000001	233500000	NA
chr2	233500001	234000000	-0.122560794126284
chr2	234000001	234500000	-0.175039815563885
chr2	234500001	235000000	-0.373279345880539
chr2	235000001	235500000	-0.298660517301573
chr2	235500001	236000000	-0.331661440535587
chr2	236000001	236500000	-0.396188255451184
chr2	236500001	237000000	-0.365009605867377
chr2	237000001	237500000	-0.329874099705903
chr2	237500001	238000000	-0.310786603010916
chr2	238000001	238500000	-0.194556940427947
chr2	238500001	239000000	NA
chr2	239000001	239500000	0.00364583103879001
chr2	239500001	240000000	NA
chr2	240000001	240500000	-0.419887860569202
chr2	240500001	241000000	-0.328288396007351
chr2	241000001	241500000	-0.417425263591265
chr2	241500001	242000000	-0.288450947931357
chr3	1	500000	NA
chr3	500001	1000000	-0.17884977043752
chr3	1000001	1500000	-0.0556299646034144
chr3	1500001	2000000	-0.0859389612773248
chr3	2000001	2500000	-0.134195653282349
chr3	2500001	3000000	-0.147924826066163
chr3	3000001	3500000	-0.133189952429085
chr3	3500001	4000000	-0.144846610326998
chr3	4000001	4500000	-0.167905676865261
chr3	4500001	5000000	0.0235601056267207
chr3	5000001	5500000	-0.158887007514988
chr3	5500001	6000000	-0.119604079909718
chr3	6000001	6500000	-0.154727987277309
chr3	6500001	7000000	-0.0766394536179954
chr3	7000001	7500000	-0.11772180628058
chr3	7500001	8000000	-0.17195961228787
chr3	8000001	8500000	-0.141683692197039
chr3	8500001	9000000	-0.0975743147214656
chr3	9000001	9500000	-0.289436414518174
chr3	9500001	10000000	-0.0769182644984586
chr3	10000001	10500000	-0.184544777686493
chr3	10500001	11000000	-0.128418414038591
chr3	11000001	11500000	-0.163245329075978
chr3	11500001	12000000	-0.179272501221463
chr3	12000001	12500000	-0.0718977261666734
chr3	12500001	13000000	0.00205560735703781
chr3	13000001	13500000	-0.0819830009140634
chr3	13500001	14000000	-0.210451130766303
chr3	14000001	14500000	-0.121075983771976
chr3	14500001	15000000	-0.121776716020503
chr3	15000001	15500000	-0.0625650890138474
chr3	15500001	16000000	-0.108025093066647
chr3	16000001	16500000	-0.157150492891967
chr3	16500001	17000000	NA
chr3	17000001	17500000	-0.110592523409746
chr3	17500001	18000000	-0.1142262234093
chr3	18000001	18500000	-0.200608892282665
chr3	18500001	19000000	-0.206266458827601
chr3	19000001	19500000	-0.195220411368819
chr3	19500001	20000000	-0.126352326508314
chr3	20000001	20500000	-0.102598425300666
chr3	20500001	21000000	-0.134233075038309
chr3	21000001	21500000	-0.18575928948859
chr3	21500001	22000000	-0.0614841958588084
chr3	22000001	22500000	-0.1491508671603
chr3	22500001	23000000	-0.117685025919919
chr3	23000001	23500000	-0.181790141792077
chr3	23500001	24000000	-0.130419311740526
chr3	24000001	24500000	-0.191322319473202
chr3	24500001	25000000	-0.239636812977245
chr3	25000001	25500000	-0.191429667960522
chr3	25500001	26000000	-0.0294394012188697
chr3	26000001	26500000	-0.10660377357291
chr3	26500001	27000000	-0.120999468569283
chr3	27000001	27500000	-0.156809028323134
chr3	27500001	28000000	-0.163027558669064
chr3	28000001	28500000	-0.154682765590297
chr3	28500001	29000000	-0.0643517283049164
chr3	29000001	29500000	-0.0995671565028717
chr3	29500001	30000000	-0.144014694409987
chr3	30000001	30500000	-0.160289385291738
chr3	30500001	31000000	-0.0757910687635385
chr3	31000001	31500000	-0.113347993588926
chr3	31500001	32000000	-0.12399798854085
chr3	32000001	32500000	-0.094452326985933
chr3	32500001	33000000	-0.102643308409681
chr3	33000001	33500000	-0.160741278370696
chr3	33500001	34000000	-0.120532143303754
chr3	34000001	34500000	-0.140521836414888
chr3	34500001	35000000	-0.190512933296976
chr3	35000001	35500000	-0.232439799360131
chr3	35500001	36000000	-0.144063959766936
chr3	36000001	36500000	-0.180965941037341
chr3	36500001	37000000	-0.0637510694620958
chr3	37000001	37500000	-0.0381358551629285
chr3	37500001	38000000	-0.0577288543291268
chr3	38000001	38500000	-0.0824043160946407
chr3	38500001	39000000	-0.157761444716423
chr3	39000001	39500000	-0.152330786898118
chr3	39500001	40000000	-0.145835290777942
chr3	40000001	40500000	-0.16861785464743
chr3	40500001	41000000	-0.212171188553438
chr3	41000001	41500000	-0.182307984081513
chr3	41500001	42000000	-0.230767611966162
chr3	42000001	42500000	-0.186262355039372
chr3	42500001	43000000	-0.0860429623836673
chr3	43000001	43500000	-0.185125819783878
chr3	43500001	44000000	-0.18535716390112
chr3	44000001	44500000	-0.0521804402064591
chr3	44500001	45000000	-0.132068158992521
chr3	45000001	45500000	-0.172699852311618
chr3	45500001	46000000	-0.0364923384958904
chr3	46000001	46500000	-0.0673924178359041
chr3	46500001	47000000	-0.132836962600029
chr3	47000001	47500000	-0.136141119339336
chr3	47500001	48000000	-0.182889362709643
chr3	48000001	48500000	-0.225806490973356
chr3	48500001	49000000	-0.152533814184023
chr3	49000001	49500000	-0.0437057121962507
chr3	49500001	50000000	-0.0206043208758745
chr3	50000001	50500000	-0.0438265846397139
chr3	50500001	51000000	-0.175905200301151
chr3	51000001	51500000	-0.172465162531079
chr3	51500001	52000000	-0.175566563532328
chr3	52000001	52500000	-0.0600924978763361
chr3	52500001	53000000	-0.12820939612112
chr3	53000001	53500000	-0.144726021256056
chr3	53500001	54000000	-0.145062213790533
chr3	54000001	54500000	-0.213931109326702
chr3	54500001	55000000	0.0167610558094218
chr3	55000001	55500000	-0.130222007024242
chr3	55500001	56000000	-0.137591210776159
chr3	56000001	56500000	-0.141398016952048
chr3	56500001	57000000	-0.147695860119759
chr3	57000001	57500000	-0.112288052868453
chr3	57500001	58000000	-0.235074935250334
chr3	58000001	58500000	-0.12523707147788
chr3	58500001	59000000	-0.1192576957708
chr3	59000001	59500000	-0.165509187773452
chr3	59500001	60000000	-0.143439131589331
chr3	60000001	60500000	NA
chr3	60500001	61000000	-0.139183209904643
chr3	61000001	61500000	-0.193058682437453
chr3	61500001	62000000	-0.149051828770383
chr3	62000001	62500000	-0.109976787389396
chr3	62500001	63000000	-0.0646010037159598
chr3	63000001	63500000	-0.132187214682324
chr3	63500001	64000000	-0.179039830085145
chr3	64000001	64500000	-0.151450673341208
chr3	64500001	65000000	-0.209558229811905
chr3	65000001	65500000	-0.188960251641343
chr3	65500001	66000000	-0.195784376281929
chr3	66000001	66500000	NA
chr3	66500001	67000000	-0.129650194682364
chr3	67000001	67500000	-0.115233434601624
chr3	67500001	68000000	-0.0657511991281044
chr3	68000001	68500000	-0.104774949849365
chr3	68500001	69000000	-0.0995854664528955
chr3	69000001	69500000	-0.120480146310818
chr3	69500001	70000000	-0.168033220733953
chr3	70000001	70500000	-0.137396383352564
chr3	70500001	71000000	-0.134743378154638
chr3	71000001	71500000	-0.195710824538431
chr3	71500001	72000000	-0.0938609986936244
chr3	72000001	72500000	-0.0795838431387454
chr3	72500001	73000000	-0.101397284300888
chr3	73000001	73500000	-0.202447676190475
chr3	73500001	74000000	-0.10326747554854
chr3	74000001	74500000	-0.146365600162998
chr3	74500001	75000000	-0.0895529876636733
chr3	75000001	75500000	0.00413658185530616
chr3	76000001	76500000	-0.146135641611369
chr3	76500001	77000000	-0.150910092936246
chr3	77000001	77500000	-0.127174518332933
chr3	77500001	78000000	-0.129737568318947
chr3	78000001	78500000	-0.156043037051084
chr3	78500001	79000000	-0.198855929242015
chr3	79000001	79500000	-0.148152593613424
chr3	79500001	80000000	-0.0623420104931084
chr3	80000001	80500000	-0.193809849029407
chr3	80500001	81000000	-0.219238075310963
chr3	81000001	81500000	-0.102344922687425
chr3	81500001	82000000	-0.160798127288307
chr3	82000001	82500000	-0.211099705993345
chr3	82500001	83000000	-0.0655612304028334
chr3	83000001	83500000	NA
chr3	83500001	84000000	0.0762715376727681
chr3	84000001	84500000	-0.0511879653979456
chr3	84500001	85000000	-0.0290358629079069
chr3	85000001	85500000	NA
chr3	85500001	86000000	0.054849117197954
chr3	86000001	86500000	-0.0235730666826673
chr3	86500001	87000000	-0.157133941648451
chr3	87000001	87500000	-0.102467857926046
chr3	94500001	95000000	0.386690994114581
chr3	95000001	95500000	0.354605001287294
chr3	95500001	96000000	0.307082059173937
chr3	96000001	96500000	0.337365573151502
chr3	96500001	97000000	0.308333758126827
chr3	97000001	97500000	0.378519683408202
chr3	97500001	98000000	0.258809438064144
chr3	98000001	98500000	0.347680569788523
chr3	98500001	99000000	0.410270806510855
chr3	99000001	99500000	0.333796043222613
chr3	99500001	100000000	0.300204844328301
chr3	100000001	100500000	0.305310422160992
chr3	100500001	101000000	0.437159765531449
chr3	101000001	101500000	0.290481156079843
chr3	101500001	102000000	0.262593373870746
chr3	102000001	102500000	0.345309289705924
chr3	102500001	103000000	0.291031782324997
chr3	103000001	103500000	0.341151393963934
chr3	103500001	104000000	0.332958781087496
chr3	104000001	104500000	0.314924307753435
chr3	104500001	105000000	0.407363586385931
chr3	105000001	105500000	0.338770092492052
chr3	105500001	106000000	0.257331806607045
chr3	106000001	106500000	0.240147747358292
chr3	106500001	107000000	0.223992250897352
chr3	107000001	107500000	0.278728083958286
chr3	107500001	108000000	0.221125736775459
chr3	108000001	108500000	0.347456979318077
chr3	108500001	109000000	0.327808096237838
chr3	109000001	109500000	0.282480874914329
chr3	109500001	110000000	0.276972294084215
chr3	110000001	110500000	0.284220250124361
chr3	110500001	111000000	0.267274214894929
chr3	111000001	111500000	0.268715241768316
chr3	111500001	112000000	0.322555685094231
chr3	112000001	112500000	0.319884867737411
chr3	112500001	113000000	0.371125173734603
chr3	113000001	113500000	0.315760027762517
chr3	113500001	114000000	0.307038820023329
chr3	114000001	114500000	0.359997812414408
chr3	114500001	115000000	0.365436106379274
chr3	115000001	115500000	0.28417417028426
chr3	115500001	116000000	0.350804136702871
chr3	116000001	116500000	0.33458589458241
chr3	116500001	117000000	0.393930715825365
chr3	117000001	117500000	0.337430837108571
chr3	117500001	118000000	0.278705865773756
chr3	118000001	118500000	0.331326246560203
chr3	118500001	119000000	0.324076388196272
chr3	119000001	119500000	0.247123485805643
chr3	119500001	120000000	0.384332333441425
chr3	120000001	120500000	0.25585844511461
chr3	120500001	121000000	0.292882632415777
chr3	121000001	121500000	0.396570641841051
chr3	121500001	122000000	0.337657043180691
chr3	122000001	122500000	0.325120306071323
chr3	122500001	123000000	0.373151934962521
chr3	123000001	123500000	0.276952527417215
chr3	123500001	124000000	0.377850127882766
chr3	124000001	124500000	0.275469997244642
chr3	124500001	125000000	0.321823338719337
chr3	125000001	125500000	0.207278689414248
chr3	126000001	126500000	0.275127730428778
chr3	126500001	127000000	0.268997618869124
chr3	127000001	127500000	0.317803128715777
chr3	127500001	128000000	0.316975455780414
chr3	128000001	128500000	0.302926976520866
chr3	128500001	129000000	0.398018770404427
chr3	129000001	129500000	0.396398373084608
chr3	129500001	130000000	0.276227080714486
chr3	130500001	131000000	0.34789807351132
chr3	131000001	131500000	0.282547521241128
chr3	131500001	132000000	0.406279203139582
chr3	132000001	132500000	0.296912811074107
chr3	132500001	133000000	0.255307809270285
chr3	133000001	133500000	0.29794852940897
chr3	133500001	134000000	0.34266397069734
chr3	134000001	134500000	0.376730580870102
chr3	134500001	135000000	0.423693602541085
chr3	135000001	135500000	0.349453576382005
chr3	135500001	136000000	0.335337185668623
chr3	136000001	136500000	0.281896358325926
chr3	136500001	137000000	0.280773767301897
chr3	137000001	137500000	0.309986870644041
chr3	137500001	138000000	0.329953733952481
chr3	138000001	138500000	0.356104561855918
chr3	138500001	139000000	0.341563137701034
chr3	139000001	139500000	0.336108893534292
chr3	139500001	140000000	0.331704852779097
chr3	140000001	140500000	0.417220514288452
chr3	140500001	141000000	0.310479406391089
chr3	141000001	141500000	0.357273166471496
chr3	141500001	142000000	0.364810285338032
chr3	142000001	142500000	0.316450807928508
chr3	142500001	143000000	0.290605535581042
chr3	143000001	143500000	0.320903356354244
chr3	143500001	144000000	0.4120142980211
chr3	144000001	144500000	0.345825698481845
chr3	144500001	145000000	0.296696254763776
chr3	145000001	145500000	0.331660639560923
chr3	145500001	146000000	0.338642128468715
chr3	146000001	146500000	0.214348407587329
chr3	146500001	147000000	0.338877499616048
chr3	147000001	147500000	0.282866759373121
chr3	147500001	148000000	0.321058023375429
chr3	148000001	148500000	0.19569752819128
chr3	148500001	149000000	0.415179916920089
chr3	149000001	149500000	0.33750790886727
chr3	149500001	150000000	0.254902512447578
chr3	150000001	150500000	0.236763048318998
chr3	150500001	151000000	0.432750199168248
chr3	151000001	151500000	0.409155987817277
chr3	151500001	152000000	0.312349211446596
chr3	152000001	152500000	0.347521426716188
chr3	152500001	153000000	0.294341742087857
chr3	153000001	153500000	0.273722543312869
chr3	153500001	154000000	0.309844721018266
chr3	154000001	154500000	0.253550302534323
chr3	154500001	155000000	0.341293391953364
chr3	155000001	155500000	0.334499842630878
chr3	155500001	156000000	0.268833567736314
chr3	156000001	156500000	0.328303165867575
chr3	156500001	157000000	0.327340664121262
chr3	157000001	157500000	0.368638792653368
chr3	157500001	158000000	0.392522835782726
chr3	158000001	158500000	0.281368394747809
chr3	158500001	159000000	0.363941047624661
chr3	159000001	159500000	0.33004808756931
chr3	159500001	160000000	0.369243170156569
chr3	160000001	160500000	0.295106230417517
chr3	160500001	161000000	0.370269839669433
chr3	161000001	161500000	0.252141622109543
chr3	161500001	162000000	0.284097069001748
chr3	162000001	162500000	0.334890314673372
chr3	162500001	163000000	0.282644210686779
chr3	163000001	163500000	0.373144836706528
chr3	163500001	164000000	0.330913448620637
chr3	164000001	164500000	0.336610670190242
chr3	164500001	165000000	0.272191120243896
chr3	165000001	165500000	0.366974673848018
chr3	165500001	166000000	0.293128689678574
chr3	166000001	166500000	0.367146735924861
chr3	166500001	167000000	0.299182861360009
chr3	167000001	167500000	0.312828153246206
chr3	167500001	168000000	0.310168495946965
chr3	168000001	168500000	0.354999628540974
chr3	168500001	169000000	0.2982686777
chr3	169000001	169500000	0.27320727186964
chr3	169500001	170000000	0.364530614689438
chr3	170000001	170500000	0.299797016038806
chr3	170500001	171000000	0.341942150601403
chr3	171000001	171500000	0.347092372717859
chr3	171500001	172000000	0.293095860584778
chr3	172000001	172500000	0.303139247906257
chr3	172500001	173000000	0.26925586885859
chr3	173000001	173500000	0.360862798796401
chr3	173500001	174000000	0.40577321732872
chr3	174000001	174500000	0.343215233134114
chr3	174500001	175000000	0.233791040941378
chr3	175000001	175500000	0.272387148399205
chr3	175500001	176000000	0.337534993074426
chr3	176000001	176500000	0.300087475285797
chr3	176500001	177000000	0.299306338870509
chr3	177000001	177500000	0.274246027818064
chr3	177500001	178000000	0.244758005499721
chr3	178000001	178500000	0.321848064112586
chr3	178500001	179000000	0.311667437652774
chr3	179000001	179500000	0.346485170592766
chr3	179500001	180000000	0.323075666869131
chr3	180000001	180500000	0.339582084176309
chr3	180500001	181000000	0.0751743507615808
chr3	181000001	181500000	0.054951170399549
chr3	181500001	182000000	-0.0372146095731575
chr3	182000001	182500000	0.00899739869950177
chr3	182500001	183000000	0.0370142904942701
chr3	183000001	183500000	0.0406976107105584
chr3	183500001	184000000	0.126128659533267
chr3	184000001	184500000	0.145062706381211
chr3	184500001	185000000	0.128466928250447
chr3	185000001	185500000	0.0542969032372795
chr3	185500001	186000000	-0.0316541450663867
chr3	186000001	186500000	0.130572199507945
chr3	186500001	187000000	0.0963253222061851
chr3	187000001	187500000	-0.00755364823988572
chr3	187500001	188000000	-0.0118093933512664
chr3	188000001	188500000	0.208844302558639
chr3	188500001	189000000	0.107384197518349
chr3	189000001	189500000	0.0985182676053695
chr3	189500001	190000000	0.141386424709895
chr3	190000001	190500000	0.0753723854740771
chr3	190500001	191000000	0.101022596993579
chr3	191000001	191500000	0.0293987162047787
chr3	191500001	192000000	0.0537030147388536
chr3	192000001	192500000	0.0358643452258594
chr3	192500001	193000000	-0.0216513744196109
chr3	193000001	193500000	-0.0136162050345897
chr3	193500001	194000000	0.171839315344261
chr3	194000001	194500000	-0.0171505215649504
chr3	194500001	195000000	-0.31010992670818
chr3	195000001	195500000	-0.238172281845603
chr3	195500001	196000000	-0.261948657854633
chr3	196000001	196500000	-0.294328709905139
chr3	196500001	197000000	-0.363600669896213
chr3	197000001	197500000	-0.283675182757099
chr3	197500001	198000000	-0.457234033890546
chr4	1	500000	NA
chr4	500001	1000000	0.188833743381129
chr4	1000001	1500000	NA
chr4	1500001	2000000	0.00911371147164447
chr4	2000001	2500000	0.0249251063812784
chr4	2500001	3000000	0.0565812669031311
chr4	3000001	3500000	0.0748511252366953
chr4	3500001	4000000	0.243006318444437
chr4	4500001	5000000	0.0666622239281362
chr4	5000001	5500000	0.135849816989996
chr4	5500001	6000000	0.0153187843642055
chr4	6000001	6500000	0.0433609448681839
chr4	6500001	7000000	0.0732088533388623
chr4	7000001	7500000	0.074409673828515
chr4	7500001	8000000	0.0645841811998325
chr4	8000001	8500000	0.0702375989710486
chr4	8500001	9000000	NA
chr4	10000001	10500000	0.239868860555496
chr4	10500001	11000000	0.079880422116447
chr4	11000001	11500000	0.0693044437187767
chr4	11500001	12000000	0.110102502012718
chr4	12000001	12500000	0.12350517594508
chr4	12500001	13000000	0.187739395416421
chr4	13000001	13500000	0.0908801297761658
chr4	13500001	14000000	0.11126630742618
chr4	14000001	14500000	0.0747493301005369
chr4	14500001	15000000	0.167015871860907
chr4	15000001	15500000	0.0373072097947046
chr4	15500001	16000000	0.180917651387955
chr4	16000001	16500000	0.217818287498208
chr4	16500001	17000000	0.123483730836015
chr4	17000001	17500000	0.238765543196173
chr4	17500001	18000000	0.166632754858318
chr4	18000001	18500000	0.220844288553826
chr4	18500001	19000000	0.313254629034562
chr4	19000001	19500000	0.185656233173028
chr4	19500001	20000000	0.239477591953256
chr4	20000001	20500000	0.299793588984014
chr4	20500001	21000000	0.165356309186667
chr4	21000001	21500000	0.225908400715492
chr4	21500001	22000000	0.0833743082492017
chr4	22000001	22500000	0.0495693502163785
chr4	22500001	23000000	0.0331455097511384
chr4	23000001	23500000	0.0748545979436983
chr4	23500001	24000000	0.104048426399683
chr4	24000001	24500000	0.0759929904650165
chr4	24500001	25000000	0.0680767414941727
chr4	25000001	25500000	0.218874692504862
chr4	25500001	26000000	-0.0142628594144581
chr4	26000001	26500000	0.102059658822913
chr4	26500001	27000000	0.103774478592599
chr4	27000001	27500000	0.0786794223724608
chr4	27500001	28000000	0.126142375723303
chr4	28000001	28500000	0.0681837373656769
chr4	28500001	29000000	0.122048991753173
chr4	29000001	29500000	0.0604822584136357
chr4	29500001	30000000	0.0762375866524935
chr4	30000001	30500000	-0.0071583461368235
chr4	30500001	31000000	0.0928805003718454
chr4	31000001	31500000	0.0691339671943377
chr4	31500001	32000000	NA
chr4	32000001	32500000	0.0458587266988152
chr4	32500001	33000000	NA
chr4	33000001	33500000	0.0809053211651253
chr4	33500001	34000000	0.144228588839678
chr4	34000001	34500000	0.119334465185436
chr4	34500001	35000000	-0.0583272901359288
chr4	35000001	35500000	0.16732557568753
chr4	35500001	36000000	0.0847399673490836
chr4	36000001	36500000	0.0432481271394601
chr4	36500001	37000000	0.057477653034442
chr4	37000001	37500000	0.212585572341141
chr4	37500001	38000000	0.269021664565997
chr4	38000001	38500000	0.108734611591053
chr4	38500001	39000000	0.137313273488377
chr4	39000001	39500000	0.15431123631688
chr4	39500001	40000000	-0.0930919306812363
chr4	40000001	40500000	0.0472041075070248
chr4	40500001	41000000	-0.026597725914013
chr4	41000001	41500000	-0.0342031005542601
chr4	41500001	42000000	0.0265669239529087
chr4	42000001	42500000	0.164119397502846
chr4	42500001	43000000	0.169564373668106
chr4	43000001	43500000	0.166886440958515
chr4	43500001	44000000	0.150762879342633
chr4	44000001	44500000	0.194741415574097
chr4	44500001	45000000	0.212400220376073
chr4	45000001	45500000	0.152590233529492
chr4	45500001	46000000	0.151873052573102
chr4	46000001	46500000	0.171886987323606
chr4	46500001	47000000	0.160904458648172
chr4	47000001	47500000	0.165060670058751
chr4	47500001	48000000	0.198421496544247
chr4	52000001	52500000	0.0652454267635902
chr4	52500001	53000000	-0.0749497085145833
chr4	53000001	53500000	0.19223259765261
chr4	53500001	54000000	0.31472614470798
chr4	54000001	54500000	0.39412352034314
chr4	54500001	55000000	0.400912920861393
chr4	55000001	55500000	0.36716175187588
chr4	55500001	56000000	0.323808618278393
chr4	56000001	56500000	0.308142364957455
chr4	56500001	57000000	0.39905318565007
chr4	57000001	57500000	0.381138180721888
chr4	57500001	58000000	0.392694497135991
chr4	58000001	58500000	0.452842987903325
chr4	58500001	59000000	NA
chr4	59000001	59500000	0.477051697129906
chr4	59500001	60000000	0.468025975276138
chr4	60000001	60500000	0.479509635581963
chr4	60500001	61000000	0.40481126208131
chr4	61000001	61500000	0.4624518105871
chr4	61500001	62000000	0.300749693338087
chr4	62000001	62500000	0.180532024770879
chr4	62500001	63000000	0.0628215851604692
chr4	63000001	63500000	0.129819240871191
chr4	63500001	64000000	0.0931908095127704
chr4	64000001	64500000	0.213279636191565
chr4	64500001	65000000	0.212401668089791
chr4	65000001	65500000	0.187035288786843
chr4	65500001	66000000	0.125229964858304
chr4	66000001	66500000	0.0819785145787398
chr4	66500001	67000000	0.0874275278433805
chr4	67000001	67500000	0.0954314147755639
chr4	67500001	68000000	0.0954132083320477
chr4	68000001	68500000	0.0883326236386101
chr4	68500001	69000000	-0.0671886797347657
chr4	69000001	69500000	0.232436917607893
chr4	69500001	70000000	0.157043844901787
chr4	70000001	70500000	0.101774598750588
chr4	70500001	71000000	0.0262946945489198
chr4	71000001	71500000	0.148790624902359
chr4	71500001	72000000	0.0690218464752743
chr4	72000001	72500000	0.134805692911867
chr4	72500001	73000000	0.259732569524515
chr4	73000001	73500000	0.309217131138484
chr4	73500001	74000000	0.340893408374875
chr4	74000001	74500000	0.0711014323500621
chr4	74500001	75000000	0.0767907573620424
chr4	75000001	75500000	0.121156976736796
chr4	75500001	76000000	0.158726130838818
chr4	76000001	76500000	0.0747657530958625
chr4	76500001	77000000	0.131982584397966
chr4	77000001	77500000	0.0974865265649617
chr4	77500001	78000000	0.0617817399563709
chr4	78000001	78500000	0.225844936635415
chr4	78500001	79000000	0.0950193562224775
chr4	79000001	79500000	-0.185894361847157
chr4	79500001	80000000	-0.15994321912446
chr4	80000001	80500000	-0.095791816947906
chr4	80500001	81000000	-0.204967801988007
chr4	81000001	81500000	-0.181286401262711
chr4	81500001	82000000	-0.170007944597619
chr4	82000001	82500000	-0.2088207241745
chr4	82500001	83000000	-0.345814805241803
chr4	83000001	83500000	-0.2777283458585
chr4	83500001	84000000	-0.307923009877311
chr4	84000001	84500000	-0.334142773465651
chr4	84500001	85000000	-0.39445383893474
chr4	85000001	85500000	-0.345200283533137
chr4	85500001	86000000	-0.303289124032066
chr4	86000001	86500000	-0.337342687403426
chr4	86500001	87000000	-0.341039926300586
chr4	87000001	87500000	-0.382485627095677
chr4	87500001	88000000	-0.341485555869181
chr4	88000001	88500000	-0.346955836917088
chr4	88500001	89000000	-0.351421361443749
chr4	89000001	89500000	-0.319429043981278
chr4	89500001	90000000	-0.296562307865605
chr4	90000001	90500000	-0.471620070750391
chr4	90500001	91000000	-0.288863104031221
chr4	91000001	91500000	-0.36024087849774
chr4	91500001	92000000	-0.313128007569885
chr4	92000001	92500000	-0.34271838296205
chr4	92500001	93000000	-0.299202954731986
chr4	93000001	93500000	-0.372190811448538
chr4	93500001	94000000	-0.162726586722942
chr4	94000001	94500000	-0.415242941957292
chr4	94500001	95000000	-0.354639443426521
chr4	95000001	95500000	-0.343801997648182
chr4	95500001	96000000	-0.29136696704343
chr4	96000001	96500000	-0.390835719568061
chr4	96500001	97000000	-0.307070374190384
chr4	97000001	97500000	-0.354296326065396
chr4	97500001	98000000	-0.302292321353297
chr4	98000001	98500000	-0.415151116735867
chr4	98500001	99000000	-0.307234465990772
chr4	99000001	99500000	-0.363710871230577
chr4	99500001	100000000	-0.260918887225869
chr4	100000001	100500000	-0.246401670773645
chr4	100500001	101000000	-0.399710891942231
chr4	101000001	101500000	-0.245589200913453
chr4	101500001	102000000	-0.352504206469898
chr4	102000001	102500000	-0.332779908035171
chr4	102500001	103000000	-0.34135019642491
chr4	103000001	103500000	-0.377777753132591
chr4	103500001	104000000	-0.287728125340779
chr4	104000001	104500000	-0.392159370213251
chr4	104500001	105000000	-0.308098956638737
chr4	105000001	105500000	-0.129616561465064
chr4	105500001	106000000	-0.178156098340642
chr4	106000001	106500000	-0.122994689148274
chr4	106500001	107000000	-0.183950327262636
chr4	107000001	107500000	0.0739328927965354
chr4	107500001	108000000	0.075078032673444
chr4	108000001	108500000	0.0535805509045425
chr4	108500001	109000000	-0.0385537446233338
chr4	109000001	109500000	-0.197196508894401
chr4	109500001	110000000	-0.215918592327387
chr4	110000001	110500000	-0.0688668326630029
chr4	110500001	111000000	-0.108087924600232
chr4	111000001	111500000	-0.113492205684384
chr4	111500001	112000000	-0.14448259161316
chr4	112000001	112500000	0.00692796395313535
chr4	112500001	113000000	-0.114688555923715
chr4	113000001	113500000	-0.102443047887848
chr4	113500001	114000000	-0.0723456252335572
chr4	114000001	114500000	-0.154354431896927
chr4	114500001	115000000	0.00994580460473858
chr4	115000001	115500000	0.128833507795873
chr4	115500001	116000000	0.0674217050794617
chr4	116000001	116500000	0.12786299426152
chr4	116500001	117000000	0.0860599967275973
chr4	117000001	117500000	0.159526839945091
chr4	117500001	118000000	0.148768772574321
chr4	118000001	118500000	0.102699568407782
chr4	118500001	119000000	0.188506183056657
chr4	119000001	119500000	0.0653817757302324
chr4	119500001	120000000	0.155528754409041
chr4	120000001	120500000	0.0742744104139374
chr4	120500001	121000000	0.14576005355525
chr4	121000001	121500000	0.107685533461138
chr4	121500001	122000000	0.119131805977798
chr4	122000001	122500000	-0.00868024387144479
chr4	122500001	123000000	-0.176410477313641
chr4	123000001	123500000	-0.160816555709661
chr4	123500001	124000000	-0.149479355477318
chr4	124000001	124500000	-0.157551231609375
chr4	124500001	125000000	-0.137242382922679
chr4	125000001	125500000	-0.162474503485679
chr4	125500001	126000000	-0.130532762192721
chr4	126000001	126500000	-0.160439906848587
chr4	126500001	127000000	-0.0652174809785772
chr4	127000001	127500000	0.0488969928123732
chr4	127500001	128000000	0.00215416101991768
chr4	128000001	128500000	-0.0467495980597927
chr4	128500001	129000000	0.0317688070177946
chr4	129000001	129500000	0.0445776062065437
chr4	129500001	130000000	0.0158665922727607
chr4	130000001	130500000	0.0477689476759218
chr4	130500001	131000000	0.0460472275407978
chr4	131000001	131500000	0.0692640367910145
chr4	132000001	132500000	0.0241740601044206
chr4	132500001	133000000	0.0319211205504965
chr4	133000001	133500000	-0.0063549238006032
chr4	133500001	134000000	-0.0985716091214765
chr4	134000001	134500000	-0.189888252769303
chr4	134500001	135000000	-0.200360317158019
chr4	135000001	135500000	-0.171681081120998
chr4	135500001	136000000	-0.185640578656294
chr4	136000001	136500000	-0.164650467287302
chr4	136500001	137000000	-0.25212938001601
chr4	137000001	137500000	-0.13740119761546
chr4	137500001	138000000	-0.118505713124282
chr4	138000001	138500000	-0.175770370743214
chr4	138500001	139000000	-0.16808277031859
chr4	139000001	139500000	-0.119192873335753
chr4	139500001	140000000	-0.155180108391134
chr4	140000001	140500000	-0.146430509826793
chr4	140500001	141000000	-0.22124061925535
chr4	141000001	141500000	-0.292130766423567
chr4	141500001	142000000	-0.219782780155077
chr4	142000001	142500000	-0.208015023827826
chr4	142500001	143000000	-0.178857606352948
chr4	143000001	143500000	-0.169278418280689
chr4	143500001	144000000	0.162738217875462
chr4	144000001	144500000	0.114886293386218
chr4	144500001	145000000	0.151558039555863
chr4	145000001	145500000	0.113934280502854
chr4	145500001	146000000	0.0802525797330332
chr4	146000001	146500000	0.0885630888736152
chr4	146500001	147000000	0.095082142736771
chr4	147000001	147500000	0.0342890169686771
chr4	147500001	148000000	0.139267040579857
chr4	148000001	148500000	0.164707056105407
chr4	148500001	149000000	0.172210018929918
chr4	149000001	149500000	0.156914466415451
chr4	149500001	150000000	0.136968102455933
chr4	150000001	150500000	0.07962266041258
chr4	150500001	151000000	0.073029724883455
chr4	151000001	151500000	0.071341062970757
chr4	151500001	152000000	0.21639539712534
chr4	152000001	152500000	0.181924522920757
chr4	152500001	153000000	0.193224821301584
chr4	153000001	153500000	0.126934260556896
chr4	153500001	154000000	0.255453022968228
chr4	154000001	154500000	0.115950337378757
chr4	154500001	155000000	0.109409417489328
chr4	155000001	155500000	0.170940005420198
chr4	155500001	156000000	0.0755605935170066
chr4	156000001	156500000	0.112616137307798
chr4	156500001	157000000	0.0645832767762772
chr4	157000001	157500000	0.0621368756081509
chr4	157500001	158000000	0.147352423340745
chr4	158000001	158500000	0.107269366223827
chr4	158500001	159000000	0.0874212297242018
chr4	159000001	159500000	0.100831517621541
chr4	159500001	160000000	0.162591915885032
chr4	160000001	160500000	0.149719995362879
chr4	160500001	161000000	0.149465620062283
chr4	161000001	161500000	0.104826992191875
chr4	161500001	162000000	0.0251662322442824
chr4	162000001	162500000	0.0270070896117339
chr4	162500001	163000000	0.117620297982748
chr4	163000001	163500000	0.166189908423297
chr4	163500001	164000000	0.0970711338402266
chr4	164000001	164500000	0.169899228278325
chr4	164500001	165000000	0.0797810211402303
chr4	165000001	165500000	0.0857042167989431
chr4	165500001	166000000	0.176016174565198
chr4	166000001	166500000	0.0792603435557449
chr4	166500001	167000000	0.131521388482131
chr4	167000001	167500000	0.122240793438119
chr4	167500001	168000000	0.0837840509768168
chr4	168000001	168500000	0.0726147934790856
chr4	168500001	169000000	-0.081689504991628
chr4	169000001	169500000	-0.269196405558799
chr4	169500001	170000000	-0.179070598923242
chr4	170000001	170500000	-0.0956665104805598
chr4	170500001	171000000	-0.198948129278314
chr4	171000001	171500000	-0.135031422905779
chr4	171500001	172000000	-0.156574377417437
chr4	172000001	172500000	-0.2001430091822
chr4	172500001	173000000	-0.182148279215489
chr4	173000001	173500000	-0.216007703498478
chr4	173500001	174000000	-0.224769748557357
chr4	174000001	174500000	-0.254059474424309
chr4	174500001	175000000	-0.233732074282563
chr4	175000001	175500000	-0.146906842052316
chr4	175500001	176000000	-0.252086914564697
chr4	176000001	176500000	-0.178624721888968
chr4	176500001	177000000	-0.200415208779306
chr4	177000001	177500000	-0.201084202598623
chr4	177500001	178000000	-0.171836072411314
chr4	178000001	178500000	-0.194691398085568
chr4	178500001	179000000	-0.222834681509029
chr4	179000001	179500000	-0.156106435305136
chr4	179500001	180000000	-0.16411760690737
chr4	180000001	180500000	-0.247061670229157
chr4	180500001	181000000	-0.121494095575722
chr4	181000001	181500000	-0.242738765551739
chr4	181500001	182000000	-0.199383559862021
chr4	182000001	182500000	-0.188662037445092
chr4	182500001	183000000	-0.122645958765795
chr4	183000001	183500000	-0.26942734414409
chr4	183500001	184000000	-0.261270627645446
chr4	184000001	184500000	-0.162451626310778
chr4	184500001	185000000	-0.119681030761881
chr4	185000001	185500000	-0.265098853505255
chr4	185500001	186000000	-0.180442771308535
chr4	186000001	186500000	-0.228338552971488
chr4	186500001	187000000	-0.189956385066115
chr4	187000001	187500000	-0.159052504571873
chr4	187500001	188000000	-0.226307877043381
chr4	188000001	188500000	-0.167218993071516
chr4	188500001	189000000	-0.2120457252238
chr4	189000001	189500000	-0.201946423099316
chr5	1	500000	NA
chr5	500001	1000000	0.440432166009147
chr5	1000001	1500000	0.576459115662543
chr5	1500001	2000000	0.440010421973106
chr5	2000001	2500000	0.383675374265715
chr5	2500001	3000000	0.498292718372947
chr5	3000001	3500000	0.401014928695811
chr5	3500001	4000000	0.44609543272325
chr5	4000001	4500000	0.443442031355547
chr5	4500001	5000000	0.438238076774314
chr5	5000001	5500000	0.442388042293929
chr5	5500001	6000000	0.487079755766266
chr5	6000001	6500000	0.447405480819603
chr5	6500001	7000000	0.380596695013213
chr5	7000001	7500000	0.427086701791997
chr5	7500001	8000000	0.49823735684638
chr5	8000001	8500000	0.495888470633411
chr5	8500001	9000000	0.448719792248499
chr5	9000001	9500000	0.448809024746831
chr5	9500001	10000000	0.421675897432131
chr5	10000001	10500000	0.483009835775896
chr5	10500001	11000000	0.513081489007042
chr5	11000001	11500000	0.22423812858114
chr5	11500001	12000000	0.107984554454676
chr5	12000001	12500000	0.186855556584702
chr5	12500001	13000000	0.140194737400765
chr5	13000001	13500000	0.17288247550223
chr5	13500001	14000000	0.129829176172746
chr5	14000001	14500000	0.127906797368361
chr5	14500001	15000000	0.145461628431426
chr5	15000001	15500000	0.152006310043342
chr5	15500001	16000000	0.186363429237248
chr5	16000001	16500000	0.188552747713608
chr5	16500001	17000000	0.0805882408991523
chr5	17000001	17500000	0.193253700647634
chr5	17500001	18000000	NA
chr5	18000001	18500000	0.10687419316218
chr5	18500001	19000000	0.0420351277774953
chr5	19000001	19500000	0.120527189440413
chr5	19500001	20000000	0.137135860578608
chr5	20000001	20500000	0.146681147590599
chr5	20500001	21000000	0.116980219212311
chr5	21500001	22000000	0.131586590415861
chr5	22000001	22500000	0.0916107158254889
chr5	22500001	23000000	0.0438281642485255
chr5	23000001	23500000	0.175541747886156
chr5	23500001	24000000	0.089768388539589
chr5	24000001	24500000	0.132636450577001
chr5	24500001	25000000	0.03650387911524
chr5	25000001	25500000	0.0530525362752497
chr5	25500001	26000000	0.16423619906973
chr5	26000001	26500000	0.123704418323479
chr5	26500001	27000000	0.134821746398769
chr5	27000001	27500000	0.0146043341542108
chr5	27500001	28000000	0.336370234091035
chr5	28000001	28500000	0.124478395092799
chr5	28500001	29000000	0.107576475599835
chr5	29000001	29500000	0.0608326058701119
chr5	29500001	30000000	0.129859585289502
chr5	30000001	30500000	0.0800657009098797
chr5	30500001	31000000	0.0925574252398358
chr5	31000001	31500000	0.120903827454609
chr5	31500001	32000000	0.0121563939674827
chr5	32000001	32500000	0.0504757518163436
chr5	32500001	33000000	0.124343315055607
chr5	33000001	33500000	0.0829051120301689
chr5	33500001	34000000	0.125807906424226
chr5	34500001	35000000	0.141528207289038
chr5	35000001	35500000	0.258673068149033
chr5	35500001	36000000	0.124991916788431
chr5	36000001	36500000	0.116157811033664
chr5	36500001	37000000	0.0986419377880569
chr5	37000001	37500000	0.107558711492422
chr5	37500001	38000000	-0.00584512955850084
chr5	38000001	38500000	0.135074354922423
chr5	38500001	39000000	0.0327159247195751
chr5	39000001	39500000	0.220969603769481
chr5	39500001	40000000	0.0666666659721922
chr5	40000001	40500000	0.175400268634303
chr5	40500001	41000000	0.112114358103291
chr5	41000001	41500000	0.103578923648467
chr5	41500001	42000000	0.139339328229819
chr5	42000001	42500000	0.108874904815758
chr5	42500001	43000000	0.0638537222477814
chr5	43000001	43500000	0.127232194850007
chr5	43500001	44000000	0.168738525844138
chr5	44000001	44500000	0.273398864233723
chr5	44500001	45000000	0.205854831084126
chr5	45000001	45500000	0.246103736700053
chr5	51500001	52000000	-0.207946730034506
chr5	52000001	52500000	-0.194084018428847
chr5	52500001	53000000	-0.200582495480562
chr5	53000001	53500000	-0.247806783999772
chr5	53500001	54000000	-0.193383423783848
chr5	54000001	54500000	-0.0923696198761623
chr5	54500001	55000000	-0.0927988290483215
chr5	55000001	55500000	-0.228330711764488
chr5	55500001	56000000	-0.258467897996644
chr5	56000001	56500000	-0.165497625847673
chr5	56500001	57000000	-0.0749581990527386
chr5	57000001	57500000	-0.153145478640494
chr5	57500001	58000000	-0.122205060990393
chr5	58000001	58500000	-0.151722244480384
chr5	58500001	59000000	-0.144089983179948
chr5	59000001	59500000	-0.183340788315378
chr5	59500001	60000000	-0.156755296333591
chr5	60000001	60500000	-0.221544989416396
chr5	60500001	61000000	-0.175145614297261
chr5	61000001	61500000	-0.0315848316697667
chr5	61500001	62000000	-0.168856277978884
chr5	62000001	62500000	-0.105041456466174
chr5	62500001	63000000	-0.0905035274356753
chr5	63000001	63500000	-0.159227087807161
chr5	63500001	64000000	-0.0745279351824873
chr5	64000001	64500000	-0.110627851720542
chr5	64500001	65000000	-0.143582276873072
chr5	65000001	65500000	-0.171221876025417
chr5	65500001	66000000	-0.0426054942993604
chr5	66000001	66500000	-0.247806268852779
chr5	66500001	67000000	-0.176378645571347
chr5	67000001	67500000	-0.165527805264732
chr5	67500001	68000000	-0.032861584335588
chr5	68000001	68500000	-0.200587124554792
chr5	68500001	69000000	-0.168708414913927
chr5	69000001	69500000	-0.216443397249178
chr5	71500001	72000000	-0.188922836546005
chr5	72000001	72500000	-0.0687336376347467
chr5	72500001	73000000	-0.166840104101007
chr5	73000001	73500000	-0.152540662422726
chr5	73500001	74000000	-0.146647526325574
chr5	74000001	74500000	-0.1840235404485
chr5	74500001	75000000	-0.1106941225152
chr5	75000001	75500000	-0.204012757815609
chr5	75500001	76000000	-0.129846476244081
chr5	76000001	76500000	-0.127365927645092
chr5	76500001	77000000	-0.10900412633985
chr5	77000001	77500000	-0.14295838160437
chr5	77500001	78000000	-0.0738291230449487
chr5	78000001	78500000	-0.144481917288392
chr5	78500001	79000000	-0.117851939057514
chr5	79000001	79500000	-0.134671982996044
chr5	79500001	80000000	-0.175753983661235
chr5	80000001	80500000	-0.14389135127587
chr5	80500001	81000000	-0.192157345231409
chr5	81000001	81500000	-0.101730117648549
chr5	81500001	82000000	-0.217502887841993
chr5	82000001	82500000	-0.126388257823504
chr5	82500001	83000000	-0.17119968510771
chr5	83000001	83500000	-0.204864095998769
chr5	83500001	84000000	-0.172448890826211
chr5	84000001	84500000	-0.22863156455396
chr5	84500001	85000000	-0.270851475369249
chr5	85000001	85500000	-0.149871367850553
chr5	85500001	86000000	-0.131665282288619
chr5	86000001	86500000	-0.214911651479722
chr5	86500001	87000000	-0.111426133208064
chr5	87000001	87500000	-0.120655110794598
chr5	87500001	88000000	-0.21253317489949
chr5	88000001	88500000	-0.152353180999508
chr5	88500001	89000000	-0.137426880515222
chr5	89000001	89500000	-0.0746828433744246
chr5	89500001	90000000	-0.114250578848351
chr5	90000001	90500000	-0.0961454873805515
chr5	90500001	91000000	-0.238377160523973
chr5	91000001	91500000	-0.163504400220659
chr5	91500001	92000000	-0.108131021167801
chr5	92000001	92500000	-0.052833302485446
chr5	92500001	93000000	-0.130561761802593
chr5	93000001	93500000	-0.179267772303894
chr5	93500001	94000000	-0.180920408583953
chr5	94000001	94500000	-0.188884747501318
chr5	94500001	95000000	-0.0155856922020988
chr5	95000001	95500000	-0.134107934686999
chr5	95500001	96000000	-0.0803161839263811
chr5	96000001	96500000	-0.153659778930593
chr5	96500001	97000000	-0.0231452154123106
chr5	97000001	97500000	-0.144319692288784
chr5	97500001	98000000	-0.114128366483872
chr5	98000001	98500000	-0.228972280764088
chr5	98500001	99000000	-0.218134738654001
chr5	99000001	99500000	-0.131150366707551
chr5	99500001	100000000	-0.123588817914241
chr5	100000001	100500000	-0.255775988420798
chr5	100500001	101000000	-0.15518077018237
chr5	101000001	101500000	-0.252812031833903
chr5	101500001	102000000	-0.177340772224903
chr5	102000001	102500000	-0.124991219485012
chr5	102500001	103000000	-0.148661816931489
chr5	103000001	103500000	-0.143629621853132
chr5	103500001	104000000	-0.190016948147332
chr5	104000001	104500000	-0.113979832656233
chr5	104500001	105000000	-0.115705052991688
chr5	105000001	105500000	-0.127369793547783
chr5	105500001	106000000	-0.13539018642124
chr5	106000001	106500000	-0.153621200744139
chr5	106500001	107000000	-0.171430343917975
chr5	107000001	107500000	-0.0637031169366577
chr5	107500001	108000000	-0.118553673703157
chr5	108000001	108500000	-0.195262127262008
chr5	108500001	109000000	-0.23366555286073
chr5	109000001	109500000	-0.13634128738197
chr5	109500001	110000000	-0.197741519202191
chr5	110000001	110500000	-0.0432358384893373
chr5	110500001	111000000	-0.201276564313995
chr5	111000001	111500000	-0.241482881013732
chr5	111500001	112000000	-0.155091071877862
chr5	112000001	112500000	-0.189412606924966
chr5	112500001	113000000	-0.153426228227445
chr5	113000001	113500000	-0.157492793590165
chr5	113500001	114000000	-0.152317011633425
chr5	114000001	114500000	-0.155182061494655
chr5	114500001	115000000	-0.080999411038088
chr5	115000001	115500000	-0.238546705959447
chr5	115500001	116000000	-0.196249859233246
chr5	116000001	116500000	-0.102902859241829
chr5	116500001	117000000	-0.143928808925173
chr5	117000001	117500000	-0.109568012323398
chr5	117500001	118000000	-0.0917904862649284
chr5	118000001	118500000	-0.116350734888416
chr5	118500001	119000000	-0.200451254914143
chr5	119000001	119500000	-0.0491032987864449
chr5	119500001	120000000	-0.0981900768068412
chr5	120000001	120500000	-0.147905415851196
chr5	120500001	121000000	-0.118710175914185
chr5	121000001	121500000	-0.135752427870933
chr5	121500001	122000000	-0.120922981124776
chr5	122000001	122500000	-0.15590499000973
chr5	122500001	123000000	-0.100020226628637
chr5	123000001	123500000	-0.206356587704727
chr5	123500001	124000000	-0.131996606619727
chr5	124000001	124500000	-0.146016992644062
chr5	124500001	125000000	-0.25468868929054
chr5	125000001	125500000	-0.148053836325559
chr5	125500001	126000000	-0.145686318520613
chr5	126000001	126500000	-0.121888673521901
chr5	126500001	127000000	-0.144102282600572
chr5	127000001	127500000	-0.191889715669583
chr5	127500001	128000000	-0.287256321582713
chr5	128000001	128500000	-0.195314780113376
chr5	128500001	129000000	-0.153818607455052
chr5	129000001	129500000	-0.125989259616658
chr5	129500001	130000000	-0.155463048225365
chr5	130000001	130500000	-0.187120417167825
chr5	130500001	131000000	-0.194954519449684
chr5	131000001	131500000	-0.0748316561745892
chr5	131500001	132000000	-0.177521282466211
chr5	132000001	132500000	-0.129234731050757
chr5	132500001	133000000	-0.102177612291091
chr5	133000001	133500000	-0.114058346532059
chr5	133500001	134000000	-0.138619455179621
chr5	134000001	134500000	-0.156505104247311
chr5	134500001	135000000	-0.197121730384553
chr5	135000001	135500000	-0.104448423267377
chr5	135500001	136000000	-0.124295493545335
chr5	136000001	136500000	-0.202610724479098
chr5	136500001	137000000	-0.115132885328441
chr5	137000001	137500000	-0.135971979878678
chr5	137500001	138000000	-0.141571652209923
chr5	138000001	138500000	-0.159854098032793
chr5	138500001	139000000	-0.0567568697136539
chr5	139000001	139500000	NA
chr5	139500001	140000000	-0.190186133635372
chr5	140000001	140500000	-0.0967265389075828
chr5	140500001	141000000	-0.07196350524221
chr5	141000001	141500000	-0.0406760925753007
chr5	141500001	142000000	-0.120403551578627
chr5	142000001	142500000	-0.0829678624910198
chr5	142500001	143000000	-0.0668361712483385
chr5	143000001	143500000	-0.0874100983372985
chr5	143500001	144000000	-0.150027408151839
chr5	144000001	144500000	-0.154040984771966
chr5	144500001	145000000	-0.0915879078397174
chr5	145000001	145500000	-0.0798224400293294
chr5	145500001	146000000	-0.0663691246460618
chr5	146000001	146500000	-0.0650256491914275
chr5	146500001	147000000	-0.178531550020505
chr5	147000001	147500000	-0.194274854676808
chr5	147500001	148000000	-0.231025034894033
chr5	148000001	148500000	-0.083351590207899
chr5	148500001	149000000	-0.100896324330144
chr5	149000001	149500000	-0.161207425808345
chr5	149500001	150000000	-0.13393757921341
chr5	150000001	150500000	0.028078696460346
chr5	150500001	151000000	-0.127900880133583
chr5	151000001	151500000	-0.0214617955607959
chr5	151500001	152000000	-0.113266781217375
chr5	152000001	152500000	-0.0889400517183181
chr5	152500001	153000000	-0.170333463221349
chr5	153000001	153500000	-0.177744450074529
chr5	153500001	154000000	-0.193806008634373
chr5	154000001	154500000	-0.0418418097780902
chr5	154500001	155000000	-0.155537317139886
chr5	155000001	155500000	-0.124624983398803
chr5	155500001	156000000	NA
chr5	156000001	156500000	-0.0669847220226935
chr5	156500001	157000000	-0.174822045317214
chr5	157000001	157500000	-0.128032472202623
chr5	157500001	158000000	-0.158051021048027
chr5	158000001	158500000	-0.130693694992921
chr5	158500001	159000000	-0.135611876679652
chr5	159000001	159500000	-0.0501159034626082
chr5	159500001	160000000	-0.137522284921634
chr5	160000001	160500000	-0.126689005490974
chr5	160500001	161000000	-0.0596697423239002
chr5	161000001	161500000	-0.139203132937842
chr5	161500001	162000000	-0.110429234700884
chr5	162000001	162500000	-0.0349152938524847
chr5	162500001	163000000	-0.0632688715339658
chr5	163000001	163500000	-0.178724445178698
chr5	163500001	164000000	-0.20060972927292
chr5	164000001	164500000	-0.176592016792067
chr5	164500001	165000000	-0.171256097465737
chr5	165000001	165500000	-0.206441908469206
chr5	165500001	166000000	-0.0936977184098131
chr5	166000001	166500000	-0.154375372024282
chr5	166500001	167000000	-0.172197740613785
chr5	167000001	167500000	-0.147046413879671
chr5	167500001	168000000	-0.213286933063712
chr5	168000001	168500000	-0.138947656205984
chr5	168500001	169000000	-0.17634416378785
chr5	169000001	169500000	-0.160660274251369
chr5	169500001	170000000	-0.156042245543342
chr5	170000001	170500000	-0.0235194727887902
chr5	170500001	171000000	-0.147557953386251
chr5	171000001	171500000	-0.18428708468426
chr5	171500001	172000000	-0.0556029572890964
chr5	172000001	172500000	-0.139715506051816
chr5	172500001	173000000	-0.0698418840637517
chr5	173000001	173500000	-0.189007568164347
chr5	173500001	174000000	-0.0715077800807507
chr5	174000001	174500000	-0.118093812741234
chr5	174500001	175000000	-0.128388493458256
chr5	175000001	175500000	-0.12008999836129
chr5	175500001	176000000	-0.165733974672342
chr5	176500001	177000000	-0.069569159080289
chr5	177000001	177500000	-0.00547239416754253
chr5	178000001	178500000	-0.179581103075616
chr5	178500001	179000000	-0.143748838139284
chr5	179000001	179500000	-0.130075259081671
chr5	179500001	180000000	-0.113761078180628
chr5	180000001	180500000	-0.229696252298965
chr5	180500001	181000000	-0.0107530810900836
chr6	500001	1000000	0.381265822972176
chr6	1000001	1500000	0.311855697100389
chr6	1500001	2000000	0.333019838400536
chr6	2000001	2500000	0.316566808940473
chr6	2500001	3000000	0.387815365898347
chr6	3000001	3500000	0.345230861584028
chr6	3500001	4000000	0.387013470376198
chr6	4000001	4500000	0.311095607828733
chr6	4500001	5000000	0.332630555281193
chr6	5000001	5500000	0.385491485060659
chr6	5500001	6000000	0.369044870279139
chr6	6000001	6500000	0.432603545181474
chr6	6500001	7000000	0.454424026841678
chr6	7000001	7500000	0.372786555501467
chr6	7500001	8000000	0.353766691698726
chr6	8000001	8500000	0.341904248670471
chr6	8500001	9000000	0.298524722312113
chr6	9000001	9500000	0.361412848926094
chr6	9500001	10000000	0.303389395238958
chr6	10000001	10500000	0.314578032957111
chr6	10500001	11000000	0.243533480461556
chr6	11000001	11500000	0.386319656517832
chr6	11500001	12000000	0.363035640757529
chr6	12000001	12500000	0.33667232493396
chr6	12500001	13000000	0.422418802903747
chr6	13000001	13500000	0.436876747885033
chr6	13500001	14000000	0.361323777212819
chr6	14000001	14500000	0.33825517552769
chr6	14500001	15000000	0.349233072318299
chr6	15000001	15500000	0.373532702668462
chr6	15500001	16000000	0.390699479105452
chr6	16000001	16500000	0.344171249584124
chr6	16500001	17000000	0.340920469508519
chr6	17000001	17500000	0.270460753768416
chr6	17500001	18000000	0.322772134712262
chr6	18000001	18500000	0.403826832051743
chr6	18500001	19000000	0.383698732690726
chr6	19000001	19500000	0.341544434789487
chr6	19500001	20000000	0.350496528186291
chr6	20000001	20500000	0.422741012381512
chr6	20500001	21000000	0.346612928520276
chr6	21000001	21500000	0.369426798181095
chr6	21500001	22000000	0.322494756626775
chr6	22000001	22500000	0.41644208986648
chr6	22500001	23000000	0.33106195880531
chr6	23000001	23500000	0.389983419993981
chr6	23500001	24000000	0.221782433066911
chr6	24000001	24500000	0.275162056070766
chr6	24500001	25000000	0.271543530057519
chr6	25000001	25500000	0.245111816784372
chr6	25500001	26000000	0.274589228839049
chr6	26000001	26500000	0.336976928556161
chr6	27000001	27500000	0.269813028911357
chr6	27500001	28000000	0.143322441635506
chr6	28000001	28500000	0.335152730007904
chr6	28500001	29000000	0.213947764016465
chr6	29000001	29500000	0.168721579081446
chr6	29500001	30000000	0.357487419068557
chr6	30000001	30500000	0.150777966255098
chr6	30500001	31000000	0.210848716864642
chr6	31000001	31500000	0.154613691805547
chr6	31500001	32000000	0.246997105295547
chr6	32000001	32500000	0.226866013990595
chr6	32500001	33000000	0.326348406969565
chr6	33000001	33500000	0.146346997353717
chr6	33500001	34000000	0.193411204974422
chr6	34000001	34500000	0.061346657064072
chr6	34500001	35000000	0.0119536668999768
chr6	35000001	35500000	0.0552732295327465
chr6	35500001	36000000	0.10550570263667
chr6	36000001	36500000	0.157956198042618
chr6	36500001	37000000	0.0754921355317309
chr6	37000001	37500000	0.133289542853319
chr6	37500001	38000000	0.00303220325359854
chr6	38000001	38500000	0.0569921120790884
chr6	38500001	39000000	0.0652030997699195
chr6	39000001	39500000	0.0932557961800449
chr6	39500001	40000000	0.0643907902867051
chr6	40000001	40500000	0.114124550344671
chr6	40500001	41000000	0.119156205441108
chr6	41000001	41500000	0.0912194968502705
chr6	41500001	42000000	0.0656739504699784
chr6	42000001	42500000	0.204369245219182
chr6	42500001	43000000	0.28602875286462
chr6	43000001	43500000	0.0820420374216437
chr6	43500001	44000000	0.0557644308822206
chr6	44000001	44500000	0.112270540544822
chr6	44500001	45000000	0.0809429076653677
chr6	45000001	45500000	0.0707368102174503
chr6	45500001	46000000	0.286033665198432
chr6	46000001	46500000	0.288536589440833
chr6	46500001	47000000	0.0562361414219792
chr6	47000001	47500000	0.0518553312782153
chr6	47500001	48000000	0.107499476353515
chr6	48000001	48500000	0.0499060753351566
chr6	48500001	49000000	0.11642600207827
chr6	49000001	49500000	0.102437226998076
chr6	49500001	50000000	-0.0173591285996254
chr6	50000001	50500000	0.0717143589873782
chr6	50500001	51000000	0.113262439366404
chr6	51000001	51500000	0.0426096220373634
chr6	51500001	52000000	0.123922388718677
chr6	52000001	52500000	0.0658792319322852
chr6	52500001	53000000	0.0745806550823147
chr6	53000001	53500000	0.141382976884069
chr6	53500001	54000000	-0.0291226701547176
chr6	54000001	54500000	0.168776893559387
chr6	54500001	55000000	0.116961697222613
chr6	55000001	55500000	0.0895359214441732
chr6	55500001	56000000	0.146358496229684
chr6	56000001	56500000	0.140398679856885
chr6	56500001	57000000	0.0851406985270333
chr6	57000001	57500000	0.197046119080862
chr6	63000001	63500000	0.0411703847521853
chr6	63500001	64000000	0.0903567742872493
chr6	64000001	64500000	0.0721696580121298
chr6	64500001	65000000	-0.00551265102558962
chr6	65000001	65500000	-0.00911951191956458
chr6	65500001	66000000	-0.0546015977619036
chr6	66000001	66500000	-0.0308868858336302
chr6	66500001	67000000	-0.0869379475800864
chr6	67000001	67500000	NA
chr6	67500001	68000000	-0.0794060997998399
chr6	68000001	68500000	0.00990428551922992
chr6	68500001	69000000	-0.142166638566824
chr6	69000001	69500000	0.00513293905258981
chr6	69500001	70000000	-0.0269185018964207
chr6	70000001	70500000	-0.155668814186051
chr6	70500001	71000000	-0.0621412894473957
chr6	71000001	71500000	-0.0257983619299311
chr6	71500001	72000000	0.000990710792938158
chr6	72000001	72500000	-0.0567047543306803
chr6	72500001	73000000	-0.097135570683473
chr6	73000001	73500000	-0.112569027755721
chr6	73500001	74000000	-0.0656917626880154
chr6	74000001	74500000	0.0200016185812697
chr6	74500001	75000000	-0.0986579720847517
chr6	75000001	75500000	-0.126278831048182
chr6	75500001	76000000	-0.186351923259592
chr6	76000001	76500000	-0.0146672748936162
chr6	76500001	77000000	-0.186300012679249
chr6	77000001	77500000	-0.203535540921943
chr6	77500001	78000000	-0.0818082374933143
chr6	78000001	78500000	-0.0400554921595836
chr6	78500001	79000000	-0.105832550223108
chr6	79000001	79500000	-0.238297534188269
chr6	79500001	80000000	-0.183824102708475
chr6	80000001	80500000	-0.15265366257851
chr6	80500001	81000000	-0.113709506843427
chr6	81000001	81500000	-0.0995134292296787
chr6	81500001	82000000	-0.115777104677069
chr6	82000001	82500000	-0.175840576315885
chr6	82500001	83000000	-0.035049920049359
chr6	83000001	83500000	-0.20975496215682
chr6	83500001	84000000	-0.100387534863357
chr6	84000001	84500000	-0.0565379396439716
chr6	84500001	85000000	-0.169846210007519
chr6	85000001	85500000	-0.151755858899326
chr6	85500001	86000000	-0.159134250479934
chr6	86000001	86500000	-0.125017971678386
chr6	86500001	87000000	-0.114659818350129
chr6	87000001	87500000	-0.210427055556772
chr6	87500001	88000000	-0.169822282924165
chr6	88000001	88500000	-0.10029904073257
chr6	88500001	89000000	-0.131807644566923
chr6	89000001	89500000	-0.101393969700589
chr6	89500001	90000000	-0.1742772404119
chr6	90000001	90500000	-0.164389370265551
chr6	90500001	91000000	-0.225110646744758
chr6	91000001	91500000	-0.141784414208763
chr6	91500001	92000000	-0.186080835705318
chr6	92000001	92500000	-0.0662519596205265
chr6	92500001	93000000	-0.107155497732612
chr6	93000001	93500000	-0.19760593269025
chr6	93500001	94000000	-0.155823039121983
chr6	94000001	94500000	-0.105113550980678
chr6	94500001	95000000	-0.0991441666615593
chr6	95000001	95500000	NA
chr6	95500001	96000000	-0.137525805708027
chr6	96000001	96500000	-0.118326529381463
chr6	96500001	97000000	-0.0918021817437671
chr6	97000001	97500000	-0.0794268958595357
chr6	97500001	98000000	-0.118061512784944
chr6	98000001	98500000	-0.239253100175717
chr6	98500001	99000000	-0.218171946454451
chr6	99000001	99500000	-0.154260392885937
chr6	99500001	100000000	-0.168219868751245
chr6	100000001	100500000	-0.162198089554636
chr6	100500001	101000000	-0.15515353556707
chr6	101000001	101500000	-0.201809729619913
chr6	101500001	102000000	0.00602125610258854
chr6	102000001	102500000	-0.154591605773078
chr6	102500001	103000000	-0.139277527261408
chr6	103000001	103500000	-0.114356939383234
chr6	103500001	104000000	-0.206823777296707
chr6	104000001	104500000	-0.116692563439262
chr6	104500001	105000000	-0.124055175759349
chr6	105000001	105500000	-0.20572371081596
chr6	105500001	106000000	-0.133527779583441
chr6	106000001	106500000	-0.0958971319799336
chr6	106500001	107000000	-0.0687763487085749
chr6	107000001	107500000	-0.179566203689979
chr6	107500001	108000000	-0.0724049415423375
chr6	108000001	108500000	-0.191317108376837
chr6	108500001	109000000	-0.117184444775303
chr6	109000001	109500000	-0.0460473174698585
chr6	109500001	110000000	-0.0413466850559703
chr6	110000001	110500000	-0.155759012469714
chr6	110500001	111000000	-0.111400455032511
chr6	111000001	111500000	-0.213615302830146
chr6	111500001	112000000	-0.140791289847714
chr6	112000001	112500000	-0.10427793209199
chr6	112500001	113000000	-0.142188431797666
chr6	113000001	113500000	-0.143087867669889
chr6	113500001	114000000	-0.0863809841255971
chr6	114000001	114500000	-0.114859090540449
chr6	114500001	115000000	-0.0741664575345425
chr6	115000001	115500000	NA
chr6	115500001	116000000	-0.174354797381383
chr6	116000001	116500000	-0.133292343119016
chr6	116500001	117000000	-0.14602447802882
chr6	117000001	117500000	-0.0727408677554317
chr6	117500001	118000000	-0.0339218749716182
chr6	118000001	118500000	-0.185445559175734
chr6	118500001	119000000	-0.206736701544316
chr6	119000001	119500000	-0.0837349791916826
chr6	119500001	120000000	-0.159831369294672
chr6	120000001	120500000	-0.196668605154545
chr6	120500001	121000000	-0.0936241725503183
chr6	121000001	121500000	-0.138378365950949
chr6	121500001	122000000	-0.145652405597707
chr6	122000001	122500000	-0.14845636657373
chr6	122500001	123000000	-0.1008839187114
chr6	123000001	123500000	-0.161896275512246
chr6	123500001	124000000	-0.142808076127346
chr6	124000001	124500000	-0.0721409352480347
chr6	124500001	125000000	-0.215431200380813
chr6	125000001	125500000	-0.155741250742323
chr6	125500001	126000000	-0.0835937703237419
chr6	126000001	126500000	-0.13342185147618
chr6	126500001	127000000	-0.167031667123706
chr6	127000001	127500000	-0.148981226377134
chr6	127500001	128000000	-0.118423605726376
chr6	128000001	128500000	-0.115771429277598
chr6	128500001	129000000	-0.0812513952592891
chr6	129000001	129500000	-0.172017076606566
chr6	129500001	130000000	-0.114152695803126
chr6	130000001	130500000	-0.106985321432138
chr6	130500001	131000000	-0.215534482604197
chr6	131000001	131500000	-0.203859381449361
chr6	131500001	132000000	-0.113150735886339
chr6	132000001	132500000	-0.14442869164001
chr6	132500001	133000000	-0.112022118656231
chr6	133000001	133500000	-0.176341407517532
chr6	133500001	134000000	-0.212950048719362
chr6	134000001	134500000	-0.119647972598672
chr6	134500001	135000000	-0.19234856377295
chr6	135000001	135500000	-0.130756847741616
chr6	135500001	136000000	-0.151996519838217
chr6	136000001	136500000	-0.120697252032488
chr6	136500001	137000000	-0.0943122814104338
chr6	137000001	137500000	-0.0546749729622851
chr6	137500001	138000000	-0.118847924253015
chr6	138000001	138500000	-0.189718573632316
chr6	138500001	139000000	-0.174053979550828
chr6	139000001	139500000	-0.126890870330186
chr6	139500001	140000000	-0.158400418153271
chr6	140000001	140500000	-0.0958454518370815
chr6	140500001	141000000	-0.150173079409737
chr6	141000001	141500000	-0.153554695850833
chr6	141500001	142000000	-0.0858311357551677
chr6	142000001	142500000	-0.177905444920275
chr6	142500001	143000000	-0.160580647198512
chr6	143000001	143500000	-0.136481937807778
chr6	143500001	144000000	-0.118873512441362
chr6	144000001	144500000	-0.0357449722206641
chr6	144500001	145000000	-0.142863951425745
chr6	145000001	145500000	-0.145314156608197
chr6	145500001	146000000	-0.205295739836805
chr6	146000001	146500000	-0.12412252306076
chr6	146500001	147000000	-0.115953076513849
chr6	147000001	147500000	-0.12316486904145
chr6	147500001	148000000	-0.227926273009977
chr6	148000001	148500000	-0.15260209065534
chr6	148500001	149000000	-0.157396987285981
chr6	149000001	149500000	-0.0696605322449849
chr6	149500001	150000000	-0.187907100034738
chr6	150000001	150500000	-0.180994713438724
chr6	150500001	151000000	-0.259841853567194
chr6	151000001	151500000	-0.0863958011762555
chr6	151500001	152000000	-0.143456595949674
chr6	152000001	152500000	-0.0982430649580036
chr6	152500001	153000000	-0.0955085971894793
chr6	153000001	153500000	-0.166490209506287
chr6	153500001	154000000	-0.149731525091558
chr6	154000001	154500000	-0.132258509755597
chr6	154500001	155000000	-0.194369824329918
chr6	155000001	155500000	-0.132621784672757
chr6	155500001	156000000	-0.0744417636973456
chr6	156000001	156500000	-0.212935212625452
chr6	156500001	157000000	-0.181790798807347
chr6	157000001	157500000	-0.151035061909936
chr6	157500001	158000000	-0.118672941432699
chr6	158000001	158500000	-0.116097317500265
chr6	158500001	159000000	-0.177978060442259
chr6	159000001	159500000	-0.0796321459706365
chr6	159500001	160000000	-0.0415907804252724
chr6	160000001	160500000	-0.155872079482347
chr6	160500001	161000000	-0.102245306039321
chr6	161000001	161500000	-0.249043466470386
chr6	161500001	162000000	-0.0487944216896233
chr6	162000001	162500000	-6.69513823704573e-05
chr6	162500001	163000000	-0.195172907993179
chr6	163000001	163500000	-0.143407799364625
chr6	163500001	164000000	-0.17618967522689
chr6	164000001	164500000	-0.120781950132577
chr6	164500001	165000000	-0.0665360573891071
chr6	165000001	165500000	-0.16132567494896
chr6	165500001	166000000	-0.20212560487994
chr6	166000001	166500000	-0.134946154496463
chr6	166500001	167000000	-0.213707958889759
chr6	167000001	167500000	-0.0891093176227874
chr6	167500001	168000000	NA
chr6	168000001	168500000	-0.142911101409066
chr6	168500001	169000000	-0.139279921211218
chr6	169000001	169500000	-0.113344026629642
chr6	169500001	170000000	-0.168207733306271
chr6	170000001	170500000	-0.20851564313136
chr7	1	500000	NA
chr7	500001	1000000	-0.197078698253993
chr7	1000001	1500000	-0.163029699746154
chr7	1500001	2000000	-0.162986242162733
chr7	2000001	2500000	-0.101231485324494
chr7	2500001	3000000	-0.190595108142515
chr7	3000001	3500000	-0.1894638457917
chr7	3500001	4000000	-0.181938807237922
chr7	4000001	4500000	-0.0361295408840513
chr7	4500001	5000000	-0.185871400186879
chr7	5000001	5500000	-0.349371506089873
chr7	5500001	6000000	-0.289626705338772
chr7	6000001	6500000	-0.182504133150518
chr7	7000001	7500000	-0.100410999866578
chr7	7500001	8000000	-0.113149826308076
chr7	8000001	8500000	-0.120117765232115
chr7	8500001	9000000	-0.0510164211100704
chr7	9000001	9500000	-0.139085088044962
chr7	9500001	10000000	-0.0886268336058949
chr7	10000001	10500000	-0.132327602112899
chr7	10500001	11000000	-0.146668177894251
chr7	11000001	11500000	-0.10370817327084
chr7	11500001	12000000	-0.0460180326824197
chr7	12000001	12500000	-0.256161365232749
chr7	12500001	13000000	-0.121095319122648
chr7	13000001	13500000	-0.152277816151801
chr7	13500001	14000000	-0.153137390151524
chr7	14000001	14500000	-0.0950964107487977
chr7	14500001	15000000	-0.168038125580229
chr7	15000001	15500000	-0.110613610971365
chr7	15500001	16000000	-0.174460434565738
chr7	16000001	16500000	-0.168711188725176
chr7	16500001	17000000	-0.0570308550088772
chr7	17000001	17500000	-0.135290366362768
chr7	17500001	18000000	-0.179164533682255
chr7	18000001	18500000	-0.141446109685663
chr7	18500001	19000000	-0.0925830565887599
chr7	19000001	19500000	-0.0861047158960777
chr7	19500001	20000000	-0.126820902817486
chr7	20000001	20500000	-0.15391517942902
chr7	20500001	21000000	-0.116815384592687
chr7	21000001	21500000	-0.143421321299737
chr7	21500001	22000000	-0.0993443173508061
chr7	22000001	22500000	-0.104965759631272
chr7	22500001	23000000	-0.106840032691796
chr7	23000001	23500000	-0.0816332774162821
chr7	23500001	24000000	-0.166617982328318
chr7	24000001	24500000	-0.130148131991819
chr7	24500001	25000000	-0.265764780671903
chr7	25000001	25500000	-0.208247534594637
chr7	25500001	26000000	-0.203701160465626
chr7	26000001	26500000	-0.232541869608603
chr7	26500001	27000000	-0.0785781394280993
chr7	27000001	27500000	-0.202328113638614
chr7	27500001	28000000	-0.123151302063128
chr7	28000001	28500000	-0.194631058134143
chr7	28500001	29000000	-0.158116288382651
chr7	29000001	29500000	-0.083995378867549
chr7	29500001	30000000	-0.0722679119855551
chr7	30000001	30500000	-0.211312821501503
chr7	30500001	31000000	-0.126788009546016
chr7	31000001	31500000	-0.1359342961977
chr7	31500001	32000000	-0.213615441464916
chr7	32000001	32500000	-0.169753695939534
chr7	32500001	33000000	-0.0696866808426102
chr7	33000001	33500000	-0.190421041385435
chr7	33500001	34000000	-0.159188243120833
chr7	34000001	34500000	-0.238387309046848
chr7	34500001	35000000	-0.185512992327656
chr7	35000001	35500000	0.0727972231766916
chr7	35500001	36000000	-0.209083982147529
chr7	36000001	36500000	-0.131565564933763
chr7	36500001	37000000	-0.0942202272265022
chr7	37000001	37500000	-0.0862988282346816
chr7	37500001	38000000	-0.111058504498336
chr7	38000001	38500000	-0.190803273971897
chr7	38500001	39000000	-0.184619835350465
chr7	39000001	39500000	-0.180565225779583
chr7	39500001	40000000	-0.166279041114389
chr7	40000001	40500000	-0.168214729066635
chr7	40500001	41000000	-0.0863568174378866
chr7	41000001	41500000	-0.0416514302285099
chr7	41500001	42000000	-0.0752914376839959
chr7	42000001	42500000	-0.126086889235895
chr7	42500001	43000000	-0.112425295375674
chr7	43000001	43500000	-0.1751889008696
chr7	43500001	44000000	-0.145269723485445
chr7	44000001	44500000	-0.0948368695061147
chr7	44500001	45000000	-0.129471756431173
chr7	45000001	45500000	-0.106400772108671
chr7	45500001	46000000	-0.0826356006701371
chr7	46000001	46500000	-0.225925571233208
chr7	46500001	47000000	-0.0979288719564776
chr7	47000001	47500000	-0.145254845780395
chr7	47500001	48000000	-0.148076960968092
chr7	48000001	48500000	-0.0834841712064523
chr7	48500001	49000000	-0.171563469762946
chr7	49000001	49500000	-0.0990015837445384
chr7	49500001	50000000	-0.187874162741754
chr7	50000001	50500000	-0.0605518605639123
chr7	50500001	51000000	-0.118743059798392
chr7	51000001	51500000	-0.184138847030479
chr7	51500001	52000000	-0.106190671499209
chr7	52000001	52500000	-0.0186346075980116
chr7	52500001	53000000	-0.105645182087373
chr7	53000001	53500000	-0.0999417004062037
chr7	53500001	54000000	-0.0743037505475883
chr7	54000001	54500000	-0.14579029579354
chr7	54500001	55000000	-0.181367245696552
chr7	55000001	55500000	-0.189104682114017
chr7	55500001	56000000	-0.11840085609415
chr7	56000001	56500000	-0.0541136323710214
chr7	57000001	57500000	-0.219027163759034
chr7	62500001	63000000	NA
chr7	64000001	64500000	0.109281821571418
chr7	64500001	65000000	0.126145497640468
chr7	66000001	66500000	0.0743561050359362
chr7	66500001	67000000	0.00634455748421834
chr7	67000001	67500000	0.112675247618911
chr7	67500001	68000000	-0.0233607545924105
chr7	68000001	68500000	0.0376970875264317
chr7	68500001	69000000	0.0730154934291206
chr7	69000001	69500000	0.0258973467273361
chr7	69500001	70000000	0.00909509021823214
chr7	70000001	70500000	-0.0877597156794209
chr7	70500001	71000000	0.0607961285994453
chr7	71000001	71500000	0.0382850204909975
chr7	71500001	72000000	0.0252731091839452
chr7	72000001	72500000	0.0450324050121659
chr7	73500001	74000000	0.0350350396060264
chr7	74000001	74500000	-0.0959784372438297
chr7	75500001	76000000	0.090407300414489
chr7	76000001	76500000	-0.0528228108543433
chr7	77000001	77500000	-0.0339117493184388
chr7	77500001	78000000	0.0279979560461387
chr7	78000001	78500000	-0.023260324224729
chr7	78500001	79000000	0.00976065450496652
chr7	79000001	79500000	-0.0520515200739277
chr7	79500001	80000000	0.00268709906136772
chr7	80000001	80500000	-0.032775932033082
chr7	80500001	81000000	0.0438122255065359
chr7	81000001	81500000	0.0414368053756617
chr7	81500001	82000000	-0.0387995980322514
chr7	82000001	82500000	0.0404575643221596
chr7	82500001	83000000	0.0302425529201046
chr7	83000001	83500000	-0.0410854267565586
chr7	83500001	84000000	-0.00205774371921429
chr7	84000001	84500000	0.00465382530486161
chr7	84500001	85000000	0.00605234705320811
chr7	85000001	85500000	0.0532311322589316
chr7	85500001	86000000	0.029262588685479
chr7	86000001	86500000	0.0101716203806422
chr7	86500001	87000000	0.0380867418207788
chr7	87000001	87500000	0.00121237149376665
chr7	87500001	88000000	0.0106249530471101
chr7	88000001	88500000	0.0108038102022373
chr7	88500001	89000000	0.0140457325757816
chr7	89000001	89500000	0.0320980019811652
chr7	89500001	90000000	0.0393336397058912
chr7	90000001	90500000	-0.0417577283635677
chr7	90500001	91000000	-0.0162803001636322
chr7	91000001	91500000	0.0219732481247701
chr7	91500001	92000000	0.0357903837501632
chr7	92000001	92500000	-0.0352680282203219
chr7	92500001	93000000	-0.0355973824243893
chr7	93000001	93500000	0.0687534196878974
chr7	93500001	94000000	-0.0262936568956237
chr7	94000001	94500000	0.0680729879991592
chr7	94500001	95000000	-0.0172112840816991
chr7	95000001	95500000	-0.0205943878289236
chr7	95500001	96000000	0.0343975896436703
chr7	96000001	96500000	0.0151376556009112
chr7	96500001	97000000	0.0168685776364544
chr7	97000001	97500000	0.0295404175451074
chr7	97500001	98000000	0.075769830292486
chr7	98000001	98500000	0.0541676468964052
chr7	98500001	99000000	0.157205818210016
chr7	99000001	99500000	0.0920619897575178
chr7	99500001	100000000	0.212234859467065
chr7	100000001	100500000	0.0598322717608956
chr7	100500001	101000000	0.197932757992895
chr7	101000001	101500000	0.164084710704469
chr7	101500001	102000000	0.179938198927987
chr7	102000001	102500000	0.0772772874803972
chr7	103000001	103500000	0.254172168285957
chr7	103500001	104000000	0.101198685385809
chr7	104000001	104500000	0.156410228446141
chr7	104500001	105000000	0.0657120695558159
chr7	105000001	105500000	0.130602090542116
chr7	105500001	106000000	0.266115712650057
chr7	106000001	106500000	0.184734921300614
chr7	106500001	107000000	0.21161333410822
chr7	107000001	107500000	0.202146653762744
chr7	107500001	108000000	0.248470464768085
chr7	108000001	108500000	0.156755680445973
chr7	108500001	109000000	0.214655647545037
chr7	109000001	109500000	0.215886706082972
chr7	109500001	110000000	0.0990012575934097
chr7	110000001	110500000	0.156423529723275
chr7	110500001	111000000	0.0139757503990771
chr7	111000001	111500000	0.0139397903143592
chr7	111500001	112000000	-0.0661240914778107
chr7	112000001	112500000	-0.0100182385477191
chr7	112500001	113000000	0.0141111748377638
chr7	113000001	113500000	0.035291196900777
chr7	113500001	114000000	0.0431462890750192
chr7	114000001	114500000	-0.0307409970213522
chr7	114500001	115000000	0.0140156862268892
chr7	115000001	115500000	-0.046709565412874
chr7	115500001	116000000	0.0507165635586913
chr7	116000001	116500000	-0.0443136822062695
chr7	116500001	117000000	0.0133417372067523
chr7	117000001	117500000	-0.0547887841006728
chr7	117500001	118000000	-0.0435356512681787
chr7	118000001	118500000	0.0232442671421101
chr7	118500001	119000000	0.0732642585944982
chr7	119000001	119500000	0.0644117193898121
chr7	119500001	120000000	0.0257795534149191
chr7	120000001	120500000	0.0766699013558252
chr7	120500001	121000000	0.0266944511068662
chr7	121000001	121500000	-0.030159194908852
chr7	121500001	122000000	0.0480259342154147
chr7	122000001	122500000	0.0312412496442596
chr7	122500001	123000000	0.0942381837270929
chr7	123000001	123500000	0.0748203539604009
chr7	123500001	124000000	0.0283512247873796
chr7	124000001	124500000	0.069280708804588
chr7	124500001	125000000	0.00379366216434882
chr7	125000001	125500000	0.0368296286822206
chr7	125500001	126000000	0.081474368050944
chr7	126000001	126500000	0.10030434175508
chr7	126500001	127000000	0.0400487363596356
chr7	127000001	127500000	0.0463035367184191
chr7	127500001	128000000	0.092358428955239
chr7	128000001	128500000	0.0788721490733662
chr7	128500001	129000000	0.0365362668334767
chr7	129000001	129500000	-0.00700593369072972
chr7	129500001	130000000	0.0513590219407381
chr7	130000001	130500000	0.0600609868292261
chr7	130500001	131000000	0.0231062795669119
chr7	131000001	131500000	0.0883641192406673
chr7	131500001	132000000	0.0456743587274073
chr7	132000001	132500000	0.115137816323281
chr7	132500001	133000000	0.0307246020649155
chr7	133000001	133500000	0.0777486600420326
chr7	133500001	134000000	0.128309228591585
chr7	134000001	134500000	0.0167984924859486
chr7	134500001	135000000	-0.0469798963544458
chr7	135000001	135500000	0.0374193007489909
chr7	135500001	136000000	0.0340380081575567
chr7	136000001	136500000	0.0325672163537196
chr7	136500001	137000000	0.0547928201890993
chr7	137000001	137500000	0.00653676613278655
chr7	137500001	138000000	0.0530765273938954
chr7	138000001	138500000	0.0806001026515796
chr7	138500001	139000000	0.0489216988249225
chr7	139000001	139500000	0.0702402969786835
chr7	139500001	140000000	0.180205621741361
chr7	140000001	140500000	-0.0152352859389142
chr7	140500001	141000000	-0.0444200009148319
chr7	141000001	141500000	0.0927092864164167
chr7	141500001	142000000	0.0226633517925661
chr7	142000001	142500000	0.0722276576552193
chr7	142500001	143000000	-0.00883371033847334
chr7	143000001	143500000	0.067910261662844
chr7	144000001	144500000	-0.208731357215825
chr7	144500001	145000000	0.0326769320792954
chr7	145000001	145500000	0.0316967599168708
chr7	145500001	146000000	0.122613115777842
chr7	146000001	146500000	-0.0274234925179534
chr7	146500001	147000000	-0.0184776763770376
chr7	147000001	147500000	-0.0376854275078696
chr7	147500001	148000000	0.00134695900192562
chr7	148000001	148500000	-0.0735344080355834
chr7	148500001	149000000	0.0289754057686215
chr7	149000001	149500000	0.060484239749805
chr7	149500001	150000000	0.10691851048272
chr7	150500001	151000000	0.129211767947687
chr7	151000001	151500000	0.0417827450755133
chr7	151500001	152000000	0.0306259601923447
chr7	152000001	152500000	0.166494439306704
chr7	152500001	153000000	0.0773550589995991
chr7	153000001	153500000	0.232883505154907
chr7	153500001	154000000	0.104111609651329
chr7	154000001	154500000	0.123131965924817
chr7	154500001	155000000	NA
chr7	155000001	155500000	0.0440777394857337
chr7	155500001	156000000	0.106931558275805
chr7	156000001	156500000	0.0411525049502618
chr7	156500001	157000000	0.0809235171181216
chr7	157000001	157500000	0.00320103955626451
chr7	157500001	158000000	0.0364876490951912
chr7	158000001	158500000	0.0866536872164646
chr7	158500001	159000000	0.122137848967923
chr7	159000001	159500000	NA
chr8	500001	1000000	-0.21059247942554
chr8	1000001	1500000	-0.124136003191575
chr8	1500001	2000000	-0.202829935094053
chr8	2500001	3000000	-0.148409837103029
chr8	3000001	3500000	-0.151273319292374
chr8	3500001	4000000	-0.0141428223983078
chr8	4000001	4500000	-0.0891924720295637
chr8	4500001	5000000	-0.167121871829822
chr8	5000001	5500000	-0.199584156965718
chr8	5500001	6000000	-0.133943484890906
chr8	6000001	6500000	-0.147938473974251
chr8	6500001	7000000	-0.115240462883055
chr8	8500001	9000000	-0.228133681900228
chr8	9000001	9500000	-0.108501985625441
chr8	9500001	10000000	-0.143201540172707
chr8	10000001	10500000	-0.0399023333022432
chr8	10500001	11000000	-0.104283077099309
chr8	11000001	11500000	-0.101540916977452
chr8	11500001	12000000	-0.0956603230872832
chr8	13000001	13500000	-0.146094149722426
chr8	13500001	14000000	-0.197146296009376
chr8	14000001	14500000	-0.192269889090835
chr8	14500001	15000000	-0.241618856691329
chr8	15000001	15500000	-0.106767863294952
chr8	15500001	16000000	-0.193463246994214
chr8	16000001	16500000	-0.307050896034046
chr8	16500001	17000000	-0.153350042259693
chr8	17000001	17500000	-0.106404511434917
chr8	17500001	18000000	-0.213456443949568
chr8	18000001	18500000	-0.187460685270263
chr8	18500001	19000000	-0.171855755499598
chr8	19000001	19500000	-0.18096131924409
chr8	19500001	20000000	-0.144915002241087
chr8	20000001	20500000	-0.080240776044768
chr8	20500001	21000000	-0.173763335129942
chr8	21000001	21500000	-0.0956511482959345
chr8	21500001	22000000	-0.157998685662734
chr8	22000001	22500000	-0.137704633599842
chr8	22500001	23000000	-0.204323814740712
chr8	23000001	23500000	-0.130890081525422
chr8	23500001	24000000	-0.109736819250883
chr8	24000001	24500000	-0.263449099879519
chr8	24500001	25000000	-0.278405583230647
chr8	25000001	25500000	-0.0503035259682075
chr8	25500001	26000000	-0.16201155830815
chr8	26000001	26500000	-0.16297959173089
chr8	26500001	27000000	-0.190324382903483
chr8	27000001	27500000	-0.0445007466890682
chr8	27500001	28000000	-0.256660760547875
chr8	28000001	28500000	-0.0759015763536783
chr8	28500001	29000000	-0.235507434200908
chr8	29000001	29500000	-0.160763257848155
chr8	29500001	30000000	-0.135889269724331
chr8	30000001	30500000	-0.186273746519846
chr8	30500001	31000000	-0.213737077986531
chr8	31000001	31500000	-0.155203633059125
chr8	31500001	32000000	-0.110292555742496
chr8	32000001	32500000	-0.216974933295371
chr8	32500001	33000000	-0.139369892059956
chr8	33000001	33500000	-0.188521262621511
chr8	33500001	34000000	-0.182411447427192
chr8	34000001	34500000	-0.174415873101247
chr8	34500001	35000000	-0.213020962777822
chr8	35000001	35500000	-0.00898549148003441
chr8	35500001	36000000	-0.259958400126516
chr8	36000001	36500000	-0.172177543319771
chr8	36500001	37000000	-0.121642576146804
chr8	37000001	37500000	-0.117585137686427
chr8	37500001	38000000	-0.138406903437734
chr8	38000001	38500000	-0.179617022455127
chr8	38500001	39000000	-0.0981761692994641
chr8	39000001	39500000	-0.311610586374494
chr8	39500001	40000000	-0.183822400139257
chr8	40000001	40500000	-0.11563686289375
chr8	40500001	41000000	-0.26840873696902
chr8	41000001	41500000	-0.0881056782293796
chr8	41500001	42000000	-0.294705940026189
chr8	42000001	42500000	-0.0897649358947067
chr8	42500001	43000000	-0.138133013902282
chr8	47500001	48000000	0.262313497258027
chr8	48000001	48500000	0.329463340933069
chr8	48500001	49000000	0.296867491546542
chr8	49000001	49500000	0.333828499474884
chr8	49500001	50000000	0.310524940455129
chr8	50000001	50500000	0.299876613157368
chr8	50500001	51000000	0.344731746009135
chr8	51000001	51500000	0.297952218316013
chr8	51500001	52000000	0.264221213975058
chr8	52000001	52500000	0.206504627447033
chr8	52500001	53000000	0.27076333311196
chr8	53000001	53500000	0.285881092472215
chr8	53500001	54000000	0.31265045151767
chr8	54000001	54500000	0.270994388981008
chr8	54500001	55000000	0.313638403570144
chr8	55000001	55500000	0.320107205421066
chr8	55500001	56000000	0.366093316912659
chr8	56000001	56500000	0.349955964276632
chr8	56500001	57000000	0.350337069372986
chr8	57000001	57500000	0.288010392553466
chr8	57500001	58000000	0.322720383202072
chr8	58000001	58500000	0.348736922277008
chr8	58500001	59000000	0.292463379510768
chr8	59000001	59500000	0.298201398747461
chr8	59500001	60000000	0.328052922780068
chr8	60000001	60500000	0.231719022242029
chr8	60500001	61000000	0.399049139072915
chr8	61000001	61500000	0.326135046029671
chr8	61500001	62000000	0.349588508305522
chr8	62000001	62500000	0.266775440136786
chr8	62500001	63000000	0.346302855153449
chr8	63000001	63500000	0.347191692285169
chr8	63500001	64000000	0.358209745310971
chr8	64000001	64500000	0.318329739470249
chr8	64500001	65000000	0.383300915744877
chr8	65000001	65500000	0.299519820359169
chr8	65500001	66000000	0.365262902952984
chr8	66000001	66500000	0.385388751549531
chr8	66500001	67000000	0.328648061493772
chr8	67000001	67500000	0.415989820391713
chr8	67500001	68000000	0.361256700625333
chr8	68000001	68500000	0.300827881674355
chr8	68500001	69000000	0.328062196723751
chr8	69000001	69500000	0.355781028949331
chr8	69500001	70000000	0.229742352377391
chr8	70000001	70500000	0.34837671974788
chr8	70500001	71000000	0.302910909533728
chr8	71000001	71500000	0.372308527448741
chr8	71500001	72000000	0.283383748306007
chr8	72000001	72500000	0.369989682199342
chr8	72500001	73000000	0.353577250311735
chr8	73000001	73500000	0.380130440678588
chr8	73500001	74000000	0.346288727295276
chr8	74000001	74500000	0.341404516982919
chr8	74500001	75000000	0.301110340663534
chr8	75000001	75500000	0.315195700633568
chr8	75500001	76000000	0.307111808135687
chr8	76000001	76500000	0.300232399911838
chr8	76500001	77000000	0.308781181751629
chr8	77000001	77500000	0.268846307287806
chr8	77500001	78000000	0.291472939738668
chr8	78000001	78500000	0.345703484121834
chr8	78500001	79000000	0.279465562609898
chr8	79000001	79500000	0.319981250462813
chr8	79500001	80000000	0.281366927159384
chr8	80000001	80500000	0.211905531783085
chr8	80500001	81000000	0.234972540437372
chr8	81000001	81500000	0.28677078852131
chr8	81500001	82000000	0.259522508555538
chr8	82000001	82500000	0.306883640416399
chr8	82500001	83000000	0.294938831171428
chr8	83000001	83500000	0.24929187888762
chr8	83500001	84000000	0.258063409522525
chr8	84000001	84500000	0.327955335398629
chr8	84500001	85000000	0.256273639323192
chr8	85000001	85500000	0.251903025719298
chr8	86000001	86500000	0.214939527233085
chr8	86500001	87000000	0.212823275888055
chr8	87000001	87500000	0.305353840864454
chr8	87500001	88000000	0.189423729693555
chr8	88000001	88500000	0.112980469772351
chr8	88500001	89000000	0.0308881021265747
chr8	89000001	89500000	0.0232710321189994
chr8	89500001	90000000	0.116941773329559
chr8	90000001	90500000	-0.0232606422443768
chr8	90500001	91000000	-0.0458900816177043
chr8	91000001	91500000	0.0128136096659894
chr8	91500001	92000000	0.0232903721685829
chr8	92000001	92500000	0.00926328525337766
chr8	92500001	93000000	0.0169720595519279
chr8	93000001	93500000	0.0365478309988369
chr8	93500001	94000000	0.0134239133933706
chr8	94000001	94500000	0.079888743862707
chr8	94500001	95000000	0.0239357710549057
chr8	95000001	95500000	0.1093946289173
chr8	95500001	96000000	0.0119001956441086
chr8	96000001	96500000	0.0450445645193023
chr8	96500001	97000000	0.104213125922725
chr8	97000001	97500000	0.0163705156002803
chr8	97500001	98000000	0.0317752331926364
chr8	98000001	98500000	0.16067204011201
chr8	98500001	99000000	0.0539986456550007
chr8	99000001	99500000	0.0399762725467151
chr8	99500001	100000000	0.0184686937257812
chr8	100000001	100500000	0.0641263688279528
chr8	100500001	101000000	0.0451714410962117
chr8	101000001	101500000	0.0679414952736508
chr8	101500001	102000000	-0.0369677291292548
chr8	102000001	102500000	0.101708746974531
chr8	102500001	103000000	0.0107653099315423
chr8	103000001	103500000	-0.216099452534125
chr8	103500001	104000000	-0.318311169510866
chr8	104000001	104500000	-0.340722418116384
chr8	104500001	105000000	-0.364759436400645
chr8	105000001	105500000	-0.306606833424019
chr8	105500001	106000000	-0.378308865560924
chr8	106000001	106500000	-0.391645699655896
chr8	106500001	107000000	-0.294365390162706
chr8	107000001	107500000	-0.406485232176661
chr8	107500001	108000000	-0.323660430585086
chr8	108000001	108500000	-0.304504737620614
chr8	108500001	109000000	-0.301677147324204
chr8	109000001	109500000	-0.285216535435244
chr8	109500001	110000000	-0.350391419328217
chr8	110000001	110500000	-0.32593504289128
chr8	110500001	111000000	-0.382417901313637
chr8	111000001	111500000	-0.363589605013434
chr8	111500001	112000000	-0.350948737793559
chr8	112000001	112500000	-0.341480148992341
chr8	112500001	113000000	NA
chr8	113000001	113500000	-0.344368441855229
chr8	113500001	114000000	-0.262841708759976
chr8	114000001	114500000	-0.322535255977142
chr8	114500001	115000000	-0.39021958711702
chr8	115000001	115500000	-0.281794456146678
chr8	115500001	116000000	-0.297118069898451
chr8	116000001	116500000	-0.247949268236068
chr8	116500001	117000000	-0.271594223833433
chr8	117000001	117500000	-0.309059152968796
chr8	117500001	118000000	-0.359295391982026
chr8	118000001	118500000	-0.377163684924219
chr8	118500001	119000000	-0.331996543162096
chr8	119000001	119500000	-0.473896233361985
chr8	119500001	120000000	-0.34548558181913
chr8	120000001	120500000	-0.154967108049656
chr8	120500001	121000000	0.0722781239925113
chr8	121000001	121500000	0.0719300057208891
chr8	121500001	122000000	0.0284680155551097
chr8	122000001	122500000	0.024799509108078
chr8	122500001	123000000	0.0426508460584947
chr8	123000001	123500000	-0.0148209409293545
chr8	123500001	124000000	0.0330463531320029
chr8	124000001	124500000	0.042218616417146
chr8	124500001	125000000	0.0560412001030977
chr8	125000001	125500000	0.0540269222329231
chr8	125500001	126000000	0.101097120104287
chr8	126000001	126500000	0.0122044979347329
chr8	126500001	127000000	-0.0689519144589733
chr8	127000001	127500000	0.0400983195373051
chr8	127500001	128000000	0.0655264867653932
chr8	128000001	128500000	0.0217240946893607
chr8	128500001	129000000	-0.0165708409428897
chr8	129000001	129500000	0.00692241187748373
chr8	129500001	130000000	0.115863056886069
chr8	130000001	130500000	0.0251511186396011
chr8	130500001	131000000	0.0392264375893938
chr8	131000001	131500000	0.0265864106874876
chr8	131500001	132000000	0.0957479702843725
chr8	132000001	132500000	-0.0109281387665655
chr8	132500001	133000000	0.0926342859523258
chr8	133000001	133500000	0.0862466693706297
chr8	133500001	134000000	0.124090295611339
chr8	134000001	134500000	0.00640133002637924
chr8	134500001	135000000	0.0150118942237004
chr8	135000001	135500000	0.0994668237529465
chr8	135500001	136000000	0.0443664077791482
chr8	136000001	136500000	-0.00716762670258235
chr8	136500001	137000000	-0.0123628905964141
chr8	137000001	137500000	0.0494203142225641
chr8	137500001	138000000	0.0801963539467044
chr8	138000001	138500000	0.00547876831527475
chr8	138500001	139000000	0.0496771333328248
chr8	139000001	139500000	0.1079977161513
chr8	139500001	140000000	0.0890558523727812
chr8	140000001	140500000	0.0306716993313599
chr8	140500001	141000000	0.110279917601598
chr8	141000001	141500000	0.168732991208856
chr8	141500001	142000000	0.0376069933760145
chr8	142000001	142500000	0.0397199687042309
chr8	142500001	143000000	-0.0130135280940493
chr8	143000001	143500000	-0.0140740539651852
chr8	143500001	144000000	-0.0735110439705225
chr8	144000001	144500000	0.143670315951941
chr8	144500001	145000000	0.0639738563869734
chr9	500001	1000000	0.0664012034527982
chr9	1000001	1500000	0.0501231488685788
chr9	1500001	2000000	0.13164382606151
chr9	2000001	2500000	0.0842364843342117
chr9	2500001	3000000	0.180192993030934
chr9	3000001	3500000	0.0789015538674482
chr9	3500001	4000000	0.0793831467341106
chr9	4000001	4500000	0.103842584604809
chr9	4500001	5000000	0.139819491526659
chr9	5000001	5500000	0.185432272653894
chr9	5500001	6000000	0.151471600042009
chr9	6000001	6500000	0.07064238518357
chr9	6500001	7000000	0.089576038485042
chr9	7000001	7500000	0.0932365037151007
chr9	7500001	8000000	0.177457486625797
chr9	8000001	8500000	0.0566079980090629
chr9	8500001	9000000	0.116577314774914
chr9	9000001	9500000	0.162804076630812
chr9	9500001	10000000	0.155492220146882
chr9	10000001	10500000	0.0737149566973464
chr9	10500001	11000000	0.0935400120515444
chr9	11000001	11500000	0.132451733041079
chr9	11500001	12000000	0.0803595130400258
chr9	12000001	12500000	0.159567750789742
chr9	12500001	13000000	0.242042232112816
chr9	13000001	13500000	0.531451322966191
chr9	13500001	14000000	0.523043321977829
chr9	14000001	14500000	0.37286376187525
chr9	14500001	15000000	0.320407883540454
chr9	15000001	15500000	0.383748902758438
chr9	15500001	16000000	0.393387093324337
chr9	16000001	16500000	0.393617027257007
chr9	16500001	17000000	0.219859245803443
chr9	17000001	17500000	0.178837388836815
chr9	17500001	18000000	0.146164006206092
chr9	18000001	18500000	0.0929949802779993
chr9	18500001	19000000	0.146316556654964
chr9	19000001	19500000	0.120944246464226
chr9	19500001	20000000	0.138476144811161
chr9	20000001	20500000	0.0240424015713949
chr9	20500001	21000000	0.0134860797840872
chr9	21000001	21500000	0.160115926865474
chr9	21500001	22000000	-0.114394927945927
chr9	22000001	22500000	-0.0396131106741475
chr9	22500001	23000000	0.0383351219297916
chr9	23000001	23500000	-0.0696227870823071
chr9	23500001	24000000	-0.0420124640739426
chr9	24000001	24500000	-0.0368777243233432
chr9	24500001	25000000	-0.0885766573546248
chr9	25000001	25500000	-0.0718811739506482
chr9	25500001	26000000	-0.0659291031349435
chr9	26000001	26500000	-0.111141164336299
chr9	26500001	27000000	-0.0525872888990959
chr9	27000001	27500000	-0.0303718620252972
chr9	27500001	28000000	0.0311409928478109
chr9	28000001	28500000	-0.0176820101367707
chr9	28500001	29000000	-0.00889432540908837
chr9	29000001	29500000	0.0708641563458905
chr9	29500001	30000000	5.4257224277432e-05
chr9	30000001	30500000	-0.0161468468621963
chr9	30500001	31000000	-0.0657996193122438
chr9	31000001	31500000	0.0373783572409736
chr9	31500001	32000000	0.065935150232918
chr9	32000001	32500000	0.147977048833082
chr9	32500001	33000000	0.176359883694287
chr9	33000001	33500000	0.199319416783244
chr9	33500001	34000000	0.246922505863686
chr9	34000001	34500000	0.208695357374637
chr9	34500001	35000000	0.206424869795553
chr9	35000001	35500000	0.281790650628004
chr9	35500001	36000000	0.33665902608855
chr9	36000001	36500000	0.232830145687651
chr9	36500001	37000000	0.205123858464488
chr9	37000001	37500000	0.308722506648608
chr9	37500001	38000000	0.137461088888655
chr9	38000001	38500000	0.0356223815616948
chr9	68500001	69000000	0.575922226962114
chr9	69000001	69500000	0.294811719635506
chr9	69500001	70000000	0.388963137439273
chr9	70000001	70500000	0.413461979611646
chr9	70500001	71000000	0.361045557045088
chr9	71000001	71500000	0.48980608721778
chr9	71500001	72000000	0.216166419153431
chr9	72000001	72500000	-0.0105597330079861
chr9	72500001	73000000	-0.110207815408508
chr9	73000001	73500000	-0.147774095163168
chr9	73500001	74000000	-0.15266283835614
chr9	74000001	74500000	-0.262143422296882
chr9	74500001	75000000	-0.193191438150225
chr9	75000001	75500000	-0.20221317313431
chr9	75500001	76000000	-0.0397404349233806
chr9	76000001	76500000	-0.283836230695604
chr9	76500001	77000000	-0.20324958831409
chr9	77000001	77500000	-0.173080827984935
chr9	77500001	78000000	-0.187606006647791
chr9	78000001	78500000	-0.109017473600466
chr9	78500001	79000000	-0.0422188133504223
chr9	79000001	79500000	-0.213875026249897
chr9	79500001	80000000	-0.0132051755098285
chr9	80000001	80500000	-0.0685829057442322
chr9	80500001	81000000	-0.15039166153953
chr9	81000001	81500000	-0.146171960686145
chr9	81500001	82000000	-0.199038290324049
chr9	82000001	82500000	-0.172169772430201
chr9	82500001	83000000	-0.213087374715393
chr9	83000001	83500000	-0.160511147588838
chr9	83500001	84000000	-0.272070739596039
chr9	84000001	84500000	-0.124927970216311
chr9	84500001	85000000	-0.0946917676455376
chr9	85000001	85500000	-0.149295198358301
chr9	85500001	86000000	-0.201243892029138
chr9	86000001	86500000	-0.0539957274296256
chr9	86500001	87000000	-0.105646751383366
chr9	87000001	87500000	-0.0772533150189582
chr9	87500001	88000000	0.0101913081428832
chr9	88000001	88500000	-0.129517098121842
chr9	88500001	89000000	-0.0927976859348932
chr9	89000001	89500000	-0.00974605463937171
chr9	89500001	90000000	NA
chr9	90000001	90500000	0.00157504755570693
chr9	90500001	91000000	-0.0127374293884623
chr9	91000001	91500000	-0.00848295486316574
chr9	91500001	92000000	-0.116454499858307
chr9	92000001	92500000	-0.00509749345411937
chr9	92500001	93000000	0.025054885435312
chr9	93000001	93500000	0.0398458879698787
chr9	93500001	94000000	0.0308615727899646
chr9	94000001	94500000	-0.0691932395593347
chr9	94500001	95000000	-0.0955996916249425
chr9	95000001	95500000	-0.0265371765715153
chr9	95500001	96000000	-0.0402353653751795
chr9	96000001	96500000	-0.00952710307351679
chr9	96500001	97000000	-0.0790883678633019
chr9	97000001	97500000	0.0758170869937898
chr9	97500001	98000000	0.0210367304570975
chr9	98000001	98500000	0.0424626019720314
chr9	98500001	99000000	0.0186442325774791
chr9	99000001	99500000	0.0913280834527828
chr9	99500001	100000000	-0.0884777032564819
chr9	100000001	100500000	-0.0324422913839547
chr9	100500001	101000000	-0.00815193562464567
chr9	101000001	101500000	0.0490625208603769
chr9	101500001	102000000	0.00309131017353785
chr9	102000001	102500000	0.0615340585544058
chr9	102500001	103000000	0.0525513912628144
chr9	103000001	103500000	0.0476265603639925
chr9	103500001	104000000	0.00257703394503106
chr9	104000001	104500000	0.0743119412777706
chr9	104500001	105000000	-0.0190905457063342
chr9	105000001	105500000	-0.0262430079155614
chr9	105500001	106000000	-0.0367109041583809
chr9	106000001	106500000	0.0530002267556199
chr9	106500001	107000000	0.0181696484240296
chr9	107000001	107500000	0.00923050234393279
chr9	107500001	108000000	0.000442103847979672
chr9	108000001	108500000	0.115134126067281
chr9	108500001	109000000	-0.0236872988617778
chr9	109000001	109500000	0.0428310419672719
chr9	109500001	110000000	-0.0659564525488027
chr9	110000001	110500000	-0.0251767351455858
chr9	110500001	111000000	-0.0278408679843346
chr9	111000001	111500000	0.0335246253950095
chr9	111500001	112000000	0.0535823593243507
chr9	112000001	112500000	0.122659099065573
chr9	112500001	113000000	0.0364644919966651
chr9	113000001	113500000	0.0609319813560731
chr9	113500001	114000000	-0.0291513356493881
chr9	114000001	114500000	0.0194990082361403
chr9	114500001	115000000	0.0267466426846599
chr9	115000001	115500000	0.023870696543279
chr9	115500001	116000000	-0.00466361725827258
chr9	116000001	116500000	0.0171775872148167
chr9	116500001	117000000	0.00779676230817845
chr9	117000001	117500000	0.116720069850688
chr9	117500001	118000000	0.0562707628497435
chr9	118000001	118500000	0.0460579711203806
chr9	118500001	119000000	0.047515998711772
chr9	119000001	119500000	0.106238042885741
chr9	119500001	120000000	0.0828963824846667
chr9	120000001	120500000	0.103294080581288
chr9	120500001	121000000	0.157269716239744
chr9	121000001	121500000	0.0606169675747974
chr9	121500001	122000000	-0.0483143484853174
chr9	122000001	122500000	-0.00210747934646704
chr9	122500001	123000000	0.024322049846708
chr9	123000001	123500000	-0.0524930175768968
chr9	123500001	124000000	0.112452971153298
chr9	124000001	124500000	0.0523831095690035
chr9	124500001	125000000	-0.0309316094201883
chr9	125000001	125500000	0.0651427117590048
chr9	125500001	126000000	-0.0466013888863561
chr9	126000001	126500000	-0.0292680089952825
chr9	126500001	127000000	-0.0152765052994729
chr9	127000001	127500000	0.0839966660244883
chr9	127500001	128000000	-0.00665823211000864
chr9	128000001	128500000	0.00141382486800056
chr9	128500001	129000000	-0.0283490320487167
chr9	129000001	129500000	0.165341675631208
chr9	129500001	130000000	-0.0163414474241348
chr9	130000001	130500000	-0.0660738431038852
chr9	130500001	131000000	-0.131378175796124
chr9	131000001	131500000	0.0660305781158202
chr9	131500001	132000000	0.0219617873621156
chr9	132000001	132500000	0.0269868539068495
chr9	132500001	133000000	-0.0304635876969719
chr9	133000001	133500000	-0.0429957159102204
chr9	133500001	134000000	-0.0755400913603126
chr9	134000001	134500000	NA
chr9	134500001	135000000	-0.107247356988733
chr9	135000001	135500000	-0.0401986276851503
chr9	135500001	136000000	-0.0413003931483492
chr9	136000001	136500000	-0.0643217112257984
chr9	136500001	137000000	0.0468028756167698
chr9	137000001	137500000	NA
chr9	137500001	138000000	-0.0556757461985286
chr10	1	500000	NA
chr10	500001	1000000	0.379125337862924
chr10	1000001	1500000	0.233895743509769
chr10	1500001	2000000	0.0644633362363118
chr10	2000001	2500000	0.156927553865985
chr10	2500001	3000000	0.0500848971711974
chr10	3000001	3500000	-0.0562617229780664
chr10	3500001	4000000	0.000532379103993438
chr10	4000001	4500000	0.0614489209677629
chr10	4500001	5000000	-0.102292060865959
chr10	5000001	5500000	-0.00828772781420977
chr10	5500001	6000000	-0.0210605718344995
chr10	6000001	6500000	0.0599508552131771
chr10	6500001	7000000	0.035046747606227
chr10	7000001	7500000	0.00522223500223078
chr10	7500001	8000000	0.00540397217297688
chr10	8000001	8500000	-0.0778091862560723
chr10	8500001	9000000	-0.0597217670155383
chr10	9000001	9500000	-0.0947888279152788
chr10	9500001	10000000	-0.0181128271050952
chr10	10000001	10500000	-0.120364698260152
chr10	10500001	11000000	-0.0430552362300698
chr10	11000001	11500000	0.000589934665761668
chr10	11500001	12000000	-0.0313786663712981
chr10	12000001	12500000	0.0389172206020379
chr10	12500001	13000000	-0.0495441698382275
chr10	13000001	13500000	-0.133992412721785
chr10	13500001	14000000	-0.111182656463982
chr10	14000001	14500000	-0.000167266014568811
chr10	14500001	15000000	-0.00317119753508752
chr10	15000001	15500000	-0.10229074569425
chr10	15500001	16000000	-0.106295700400823
chr10	16000001	16500000	0.0672686544005332
chr10	16500001	17000000	-0.000156936996358804
chr10	17000001	17500000	-0.0219795880429049
chr10	17500001	18000000	-0.0488147980915009
chr10	18000001	18500000	-0.0295819042534277
chr10	18500001	19000000	-0.0304937071882508
chr10	19000001	19500000	-0.050326061116608
chr10	19500001	20000000	-0.0111691626471485
chr10	20000001	20500000	0.0351774869082433
chr10	20500001	21000000	-0.0199575094324616
chr10	21000001	21500000	0.00122160744459108
chr10	21500001	22000000	-0.0107483353055175
chr10	22000001	22500000	0.0458865340692226
chr10	22500001	23000000	-0.0396227414777011
chr10	23000001	23500000	-0.0157584827871933
chr10	23500001	24000000	-0.024198305577687
chr10	24000001	24500000	-0.111848298762127
chr10	24500001	25000000	-0.125141443817806
chr10	25000001	25500000	-0.0237603198683679
chr10	25500001	26000000	0.0015589428338364
chr10	26000001	26500000	0.00199316981781534
chr10	26500001	27000000	0.0403535994521818
chr10	27000001	27500000	0.047662809437453
chr10	27500001	28000000	0.0658757060494336
chr10	28000001	28500000	0.0715500513653259
chr10	28500001	29000000	0.00293650194186281
chr10	29000001	29500000	-0.102573045269465
chr10	29500001	30000000	0.0752120278929181
chr10	30000001	30500000	0.106012279161054
chr10	30500001	31000000	0.0746604718479023
chr10	31000001	31500000	-0.0239151646146033
chr10	31500001	32000000	0.0904786355757222
chr10	32000001	32500000	0.0368352425890579
chr10	32500001	33000000	0.0125353673578005
chr10	33000001	33500000	-0.0133396278285656
chr10	33500001	34000000	-0.0762636410175618
chr10	34000001	34500000	-0.03838132601829
chr10	34500001	35000000	-0.123678797063758
chr10	35000001	35500000	0.0106431685097154
chr10	35500001	36000000	0.00277756220421933
chr10	36000001	36500000	0.0276881793551593
chr10	36500001	37000000	-0.0333127059925853
chr10	37000001	37500000	0.149682732777563
chr10	42500001	43000000	0.108713563480313
chr10	43000001	43500000	0.0154238614085254
chr10	43500001	44000000	-0.0334021589014152
chr10	44000001	44500000	0.0293955360705089
chr10	44500001	45000000	0.023412327692854
chr10	45000001	45500000	-0.0110431001540128
chr10	47000001	47500000	0.0568382420680931
chr10	48000001	48500000	-0.189780564975845
chr10	48500001	49000000	0.0200552078012575
chr10	49000001	49500000	0.0463076891343348
chr10	49500001	50000000	-0.0380026886729602
chr10	50000001	50500000	0.0350718111924195
chr10	50500001	51000000	0.0517196055156907
chr10	51000001	51500000	-0.0638183752160068
chr10	51500001	52000000	-0.0762730551868315
chr10	52000001	52500000	-0.0613502978780013
chr10	52500001	53000000	-0.0576070012529556
chr10	53000001	53500000	NA
chr10	53500001	54000000	-0.0613986751404612
chr10	54000001	54500000	-0.0147135066935905
chr10	54500001	55000000	0.0215918417335627
chr10	55000001	55500000	-0.0122446711873786
chr10	55500001	56000000	0.0234189247970152
chr10	56000001	56500000	-0.00247894225958954
chr10	56500001	57000000	0.0382949035589504
chr10	57000001	57500000	0.02092235725851
chr10	57500001	58000000	0.0652740827573343
chr10	58000001	58500000	NA
chr10	58500001	59000000	0.111261952233787
chr10	59000001	59500000	0.025744752847515
chr10	59500001	60000000	NA
chr10	60000001	60500000	-0.0201616992386522
chr10	60500001	61000000	-0.0260356529562936
chr10	61000001	61500000	-0.0385397982942169
chr10	61500001	62000000	0.0288674430127123
chr10	62000001	62500000	-0.0298017737167089
chr10	62500001	63000000	NA
chr10	63000001	63500000	0.0075987770250968
chr10	63500001	64000000	-0.00843875986317966
chr10	64000001	64500000	-0.03953794410987
chr10	64500001	65000000	0.0344310598509796
chr10	65000001	65500000	0.0683835567610437
chr10	65500001	66000000	0.0453475626245629
chr10	66000001	66500000	0.00645487479583628
chr10	66500001	67000000	-0.0761024371089302
chr10	67000001	67500000	0.0103824905909013
chr10	67500001	68000000	-0.0925515218045363
chr10	68000001	68500000	0.0783634443778107
chr10	68500001	69000000	0.0283420695071642
chr10	69000001	69500000	0.0839658162007541
chr10	69500001	70000000	0.00343203258127391
chr10	70000001	70500000	-0.0187041485091716
chr10	70500001	71000000	-0.0240041167238406
chr10	71000001	71500000	0.0459551529875853
chr10	71500001	72000000	0.149474385364159
chr10	72000001	72500000	-0.0226674157449303
chr10	72500001	73000000	0.0572634393670319
chr10	73000001	73500000	-0.0244415522060326
chr10	73500001	74000000	-0.0643344321181853
chr10	74000001	74500000	0.00607052557733281
chr10	74500001	75000000	-0.0411266745244765
chr10	75000001	75500000	0.0430098948356255
chr10	75500001	76000000	0.0307021436549831
chr10	76000001	76500000	0.0252298362394768
chr10	76500001	77000000	0.068062838940159
chr10	77000001	77500000	0.0511797024209928
chr10	77500001	78000000	-0.0715959730116968
chr10	78000001	78500000	0.0193204549926492
chr10	78500001	79000000	-0.0394466555785994
chr10	79000001	79500000	0.126929654959919
chr10	80000001	80500000	-0.0423010375469832
chr10	80500001	81000000	0.0984042201058479
chr10	81000001	81500000	0.0539134586070336
chr10	81500001	82000000	-0.0180990171097415
chr10	82000001	82500000	0.00884431139437083
chr10	82500001	83000000	-0.0119825162017796
chr10	83000001	83500000	0.057431058249894
chr10	83500001	84000000	0.0455743193399076
chr10	84000001	84500000	0.01773732422332
chr10	84500001	85000000	0.0468507968063574
chr10	85000001	85500000	-0.0183980903261203
chr10	85500001	86000000	-0.025495955264939
chr10	86000001	86500000	-0.0269293499077338
chr10	86500001	87000000	-0.0172438914039716
chr10	87500001	88000000	0.0132804346378788
chr10	88000001	88500000	0.136049054077596
chr10	88500001	89000000	0.0663964535069601
chr10	89000001	89500000	0.0720780096235818
chr10	89500001	90000000	0.00884663206142924
chr10	90000001	90500000	-0.00204683098021904
chr10	90500001	91000000	-0.021399321654989
chr10	91000001	91500000	0.0135546722450165
chr10	91500001	92000000	0.0108655886426069
chr10	92000001	92500000	0.0220221281352899
chr10	92500001	93000000	0.136732845624824
chr10	93000001	93500000	0.0234826483896669
chr10	93500001	94000000	0.0206022685767773
chr10	94000001	94500000	-0.00349157693010125
chr10	94500001	95000000	0.0394753707031575
chr10	95000001	95500000	-0.0249781576095562
chr10	95500001	96000000	0.0488954085373117
chr10	96000001	96500000	0.0905953094575882
chr10	96500001	97000000	0.0367908975250926
chr10	97000001	97500000	-0.135049179000535
chr10	97500001	98000000	-0.306874027175573
chr10	98000001	98500000	-0.361330267139388
chr10	98500001	99000000	-0.407484744561794
chr10	99000001	99500000	-0.280568549231538
chr10	99500001	100000000	-0.326634557297217
chr10	100000001	100500000	-0.318765338593945
chr10	100500001	101000000	-0.345611388788107
chr10	101000001	101500000	-0.321529748831064
chr10	101500001	102000000	-0.254973473238183
chr10	102000001	102500000	-0.161518737737006
chr10	102500001	103000000	-0.344811595555198
chr10	103000001	103500000	-0.341590468803561
chr10	103500001	104000000	-0.360187359173358
chr10	104000001	104500000	-0.32601377078398
chr10	104500001	105000000	-0.422527651185262
chr10	105000001	105500000	-0.288637326200415
chr10	105500001	106000000	-0.30891216267677
chr10	106000001	106500000	-0.351239835959354
chr10	106500001	107000000	-0.364422925768055
chr10	107000001	107500000	-0.34210998497577
chr10	107500001	108000000	-0.427791828988272
chr10	108000001	108500000	-0.319033789614481
chr10	108500001	109000000	-0.408503643053413
chr10	109000001	109500000	-0.232457261077661
chr10	109500001	110000000	-0.32561945465001
chr10	110000001	110500000	-0.380083169955403
chr10	110500001	111000000	-0.369926909590122
chr10	111000001	111500000	-0.349619287335543
chr10	111500001	112000000	-0.287924927356356
chr10	112000001	112500000	-0.340784853901879
chr10	112500001	113000000	-0.434894239395352
chr10	113000001	113500000	-0.315400516449325
chr10	113500001	114000000	-0.302963060133317
chr10	114000001	114500000	NA
chr10	114500001	115000000	-0.304205244875558
chr10	115000001	115500000	-0.295157589727202
chr10	115500001	116000000	-0.398750526316269
chr10	116000001	116500000	-0.322538771938785
chr10	116500001	117000000	-0.440944872435846
chr10	117000001	117500000	-0.359348205971114
chr10	117500001	118000000	-0.384796656572721
chr10	118000001	118500000	-0.160381235084741
chr10	118500001	119000000	-0.05128875242439
chr10	119000001	119500000	0.0225194874601015
chr10	119500001	120000000	0.070138816977125
chr10	120000001	120500000	0.0066605509820527
chr10	120500001	121000000	-0.0056037268032743
chr10	121000001	121500000	0.0184518399161866
chr10	121500001	122000000	0.00599754710856867
chr10	122000001	122500000	0.0172477167683296
chr10	122500001	123000000	0.0373760642761263
chr10	123000001	123500000	0.0540243930896898
chr10	123500001	124000000	0.0220946815372061
chr10	124000001	124500000	NA
chr10	124500001	125000000	0.0512420790684356
chr10	125000001	125500000	0.0649540942251185
chr10	125500001	126000000	-0.0591081345499993
chr10	126000001	126500000	0.0815661157172522
chr10	126500001	127000000	-0.0957962407143899
chr10	127000001	127500000	-0.0642670174609845
chr10	127500001	128000000	0.00157724266297132
chr10	128000001	128500000	-0.0139245806367943
chr10	128500001	129000000	-0.0179873842721651
chr10	129000001	129500000	0.0150014684289279
chr10	129500001	130000000	-0.0364535295490386
chr10	130000001	130500000	-0.0730940676158831
chr10	130500001	131000000	-0.0615566964482704
chr10	131000001	131500000	0.0366328551779063
chr10	131500001	132000000	NA
chr10	132000001	132500000	0.0725510331765022
chr10	132500001	133000000	0.0506516391028164
chr10	133000001	133500000	-0.0531314500171878
chr11	500001	1000000	-0.150589820209857
chr11	1000001	1500000	-0.251075487244982
chr11	1500001	2000000	-0.0545094654235928
chr11	2000001	2500000	-0.128076993095649
chr11	2500001	3000000	-0.193170675610941
chr11	3500001	4000000	-0.13586454664647
chr11	4000001	4500000	-0.103512281454345
chr11	4500001	5000000	-0.200879256808421
chr11	5000001	5500000	-0.142309290439135
chr11	5500001	6000000	-0.169143218168467
chr11	6000001	6500000	-0.0883963508526752
chr11	6500001	7000000	-0.0658309732694743
chr11	7000001	7500000	-0.133349416752079
chr11	7500001	8000000	-0.144725931042513
chr11	8000001	8500000	-0.183321040274226
chr11	8500001	9000000	-0.0558446060173097
chr11	9000001	9500000	-0.0691525654387632
chr11	9500001	10000000	-0.202734267504087
chr11	10000001	10500000	-0.177042170638014
chr11	10500001	11000000	-0.0874132642655953
chr11	11000001	11500000	-0.152290329811394
chr11	11500001	12000000	-0.0661733628863586
chr11	12000001	12500000	-0.158915362667517
chr11	12500001	13000000	-0.204219045532647
chr11	13000001	13500000	-0.148272558240877
chr11	13500001	14000000	-0.146217123763551
chr11	14000001	14500000	-0.0928751702757379
chr11	14500001	15000000	0.430183743382657
chr11	15000001	15500000	0.507999467773738
chr11	15500001	16000000	0.52231082066617
chr11	16000001	16500000	0.422600247821155
chr11	16500001	17000000	0.460665445230433
chr11	17000001	17500000	0.337954088927304
chr11	17500001	18000000	0.198319951543096
chr11	18000001	18500000	0.0659087983570926
chr11	18500001	19000000	0.115494736301683
chr11	19000001	19500000	-0.0704070513353935
chr11	19500001	20000000	0.062875825180994
chr11	20000001	20500000	0.00826936701374134
chr11	20500001	21000000	0.105474739171757
chr11	21000001	21500000	0.0197687451029616
chr11	21500001	22000000	0.174861778648023
chr11	22000001	22500000	0.0881533072189601
chr11	22500001	23000000	-0.0316532109264453
chr11	23000001	23500000	0.0462591375560783
chr11	23500001	24000000	0.00236447200709112
chr11	24000001	24500000	-0.0732893659823255
chr11	24500001	25000000	0.078705388950785
chr11	25000001	25500000	-0.0382452759388197
chr11	25500001	26000000	0.02217587909102
chr11	26000001	26500000	0.0594504003143622
chr11	26500001	27000000	0.19452671577932
chr11	27000001	27500000	0.144648463816764
chr11	27500001	28000000	0.113688796863145
chr11	28000001	28500000	0.0178444961921144
chr11	28500001	29000000	0.0868777170222916
chr11	29000001	29500000	0.0775085898513374
chr11	29500001	30000000	0.177309734704911
chr11	30000001	30500000	-0.0323054772278123
chr11	30500001	31000000	0.189081610722016
chr11	31000001	31500000	0.102810617891062
chr11	31500001	32000000	0.221125859618886
chr11	32000001	32500000	0.291994634632726
chr11	32500001	33000000	0.287021083186944
chr11	33000001	33500000	0.385509451619793
chr11	33500001	34000000	0.509865078604995
chr11	34000001	34500000	0.55600430693498
chr11	34500001	35000000	0.428608059232832
chr11	35000001	35500000	0.503296204500114
chr11	35500001	36000000	0.391303258762358
chr11	36000001	36500000	0.63435067521701
chr11	36500001	37000000	0.436707020378029
chr11	37000001	37500000	0.45410568852033
chr11	37500001	38000000	0.4644849101395
chr11	38000001	38500000	0.292981308447355
chr11	38500001	39000000	0.382598746281455
chr11	39000001	39500000	0.493298181657777
chr11	39500001	40000000	0.36916003334796
chr11	40000001	40500000	0.17769826899892
chr11	40500001	41000000	0.0715411311982187
chr11	41000001	41500000	0.0361688107127188
chr11	41500001	42000000	0.0239501866943289
chr11	42000001	42500000	0.0721970425983761
chr11	42500001	43000000	-0.031484681592835
chr11	43000001	43500000	-0.0100028719001031
chr11	43500001	44000000	0.0170813891431804
chr11	44000001	44500000	0.0625620627140574
chr11	44500001	45000000	0.100443006881867
chr11	45000001	45500000	0.0814609505217052
chr11	45500001	46000000	0.0118778670541686
chr11	46000001	46500000	0.0492695266720193
chr11	46500001	47000000	0.0150998453569374
chr11	47000001	47500000	0.0310671666189344
chr11	47500001	48000000	-0.0343579547414861
chr11	48000001	48500000	0.111676734624055
chr11	50000001	50500000	-0.00787883864093387
chr11	56000001	56500000	0.111229417963064
chr11	56500001	57000000	0.143860420381434
chr11	57000001	57500000	0.178129779938462
chr11	57500001	58000000	0.189440877305171
chr11	58000001	58500000	0.105621946007112
chr11	58500001	59000000	0.205376344202229
chr11	59000001	59500000	0.285905669353063
chr11	59500001	60000000	0.253983129879813
chr11	60000001	60500000	0.232254506848723
chr11	60500001	61000000	0.128608894475244
chr11	61000001	61500000	0.0973100996566093
chr11	61500001	62000000	0.117898728598495
chr11	62000001	62500000	0.120706065228198
chr11	62500001	63000000	0.192119503970405
chr11	63000001	63500000	0.295974252970403
chr11	63500001	64000000	0.230952846860988
chr11	64000001	64500000	0.297710531176439
chr11	64500001	65000000	0.326344070566487
chr11	65000001	65500000	0.286962457087943
chr11	65500001	66000000	0.26865216590212
chr11	66000001	66500000	0.256885419458907
chr11	66500001	67000000	0.143985441824024
chr11	67000001	67500000	0.277848815712926
chr11	68000001	68500000	0.241386396717102
chr11	68500001	69000000	0.183301407800735
chr11	69000001	69500000	0.222996228075635
chr11	69500001	70000000	0.111372205740521
chr11	70000001	70500000	0.180525576914087
chr11	70500001	71000000	NA
chr11	71000001	71500000	NA
chr11	72000001	72500000	0.107782916730648
chr11	72500001	73000000	0.226685022975002
chr11	73000001	73500000	0.148753409711009
chr11	73500001	74000000	0.0676132540954276
chr11	74000001	74500000	0.0884358673297281
chr11	74500001	75000000	0.0480667318930961
chr11	75000001	75500000	0.125381166854784
chr11	75500001	76000000	0.0367479144292941
chr11	76000001	76500000	0.104388630329738
chr11	76500001	77000000	0.213167732066446
chr11	77000001	77500000	0.191364419555813
chr11	77500001	78000000	0.215207802910724
chr11	78000001	78500000	0.058546336644973
chr11	78500001	79000000	-0.168634663960029
chr11	79000001	79500000	-0.148853675708859
chr11	79500001	80000000	-0.121861272315669
chr11	80000001	80500000	-0.11607464317156
chr11	80500001	81000000	-0.155593353695046
chr11	81000001	81500000	-0.178555030289377
chr11	81500001	82000000	-0.126556577949845
chr11	82000001	82500000	-0.141169742613705
chr11	82500001	83000000	-0.0015797672032452
chr11	83000001	83500000	-0.205814054830468
chr11	83500001	84000000	-0.161502813917858
chr11	84000001	84500000	-0.128542520110293
chr11	84500001	85000000	-0.169626625311102
chr11	85000001	85500000	-0.090279487063375
chr11	85500001	86000000	-0.122061369516355
chr11	86000001	86500000	-0.0975927204410905
chr11	86500001	87000000	-0.190445828620938
chr11	87000001	87500000	-0.248718671007783
chr11	87500001	88000000	NA
chr11	88000001	88500000	NA
chr11	88500001	89000000	-0.118070910166624
chr11	89000001	89500000	-0.0861057815130588
chr11	90000001	90500000	-0.228776912184992
chr11	90500001	91000000	-0.102623707751377
chr11	91000001	91500000	-0.149131659261825
chr11	91500001	92000000	-0.157873158179889
chr11	92000001	92500000	-0.15338183062955
chr11	92500001	93000000	-0.135716371916831
chr11	93000001	93500000	-0.195752964947771
chr11	93500001	94000000	-0.0488766667403758
chr11	94000001	94500000	-0.0579028438645997
chr11	94500001	95000000	-0.0700200452101912
chr11	95000001	95500000	-0.120696562449092
chr11	95500001	96000000	-0.144594293367441
chr11	96000001	96500000	-0.207898605953411
chr11	96500001	97000000	NA
chr11	97000001	97500000	-0.11444565616172
chr11	97500001	98000000	-0.0685862660125851
chr11	98000001	98500000	-0.114930871082093
chr11	98500001	99000000	-0.143622514599188
chr11	99000001	99500000	-0.166740191774608
chr11	99500001	100000000	-0.106328531137272
chr11	100000001	100500000	-0.217021491741059
chr11	100500001	101000000	-0.159311876594609
chr11	101000001	101500000	-0.169208101684144
chr11	101500001	102000000	-0.0958775637283367
chr11	102000001	102500000	-0.154698123823979
chr11	102500001	103000000	-0.161625199319034
chr11	103000001	103500000	-0.164100359948011
chr11	103500001	104000000	-0.108172569098029
chr11	104000001	104500000	-0.186575022137834
chr11	104500001	105000000	-0.117735590067391
chr11	105000001	105500000	-0.0992844050802348
chr11	105500001	106000000	-0.106577610840368
chr11	106000001	106500000	-0.300219853664973
chr11	106500001	107000000	-0.351516390224238
chr11	107000001	107500000	-0.116884995341073
chr11	107500001	108000000	-0.140210814488777
chr11	108000001	108500000	-0.272676726219748
chr11	108500001	109000000	-0.227021166090604
chr11	109000001	109500000	-0.16766852010891
chr11	109500001	110000000	-0.115377456414827
chr11	110000001	110500000	-0.154087120994939
chr11	110500001	111000000	-0.21302228504846
chr11	111000001	111500000	-0.169928769580932
chr11	111500001	112000000	-0.171625348592356
chr11	112000001	112500000	-0.072679171451561
chr11	112500001	113000000	-0.0662810038539099
chr11	113000001	113500000	-0.156285487225233
chr11	113500001	114000000	-0.0822987741699462
chr11	114000001	114500000	-0.199283923544373
chr11	114500001	115000000	-0.16786356727876
chr11	115000001	115500000	-0.165626941689021
chr11	115500001	116000000	-0.146018239750393
chr11	116000001	116500000	-0.203852213908263
chr11	116500001	117000000	-0.141173758124439
chr11	117000001	117500000	-0.247747886791409
chr11	117500001	118000000	-0.160902071840579
chr11	118000001	118500000	-0.0706586351561422
chr11	118500001	119000000	-0.19562115250689
chr11	119000001	119500000	-0.142796678120866
chr11	119500001	120000000	-0.0685958916894618
chr11	120000001	120500000	-0.132965863398251
chr11	120500001	121000000	-0.17656554345404
chr11	121000001	121500000	-0.0950629325321648
chr11	121500001	122000000	-0.184906889921284
chr11	122000001	122500000	-0.138770936304559
chr11	122500001	123000000	-0.108795586532179
chr11	123000001	123500000	-0.110022103249125
chr11	123500001	124000000	-0.183435641203724
chr11	124000001	124500000	-0.178512990507602
chr11	124500001	125000000	-0.187411365163256
chr11	125000001	125500000	-0.156328156818491
chr11	125500001	126000000	-0.197639022925402
chr11	126000001	126500000	-0.123630123713811
chr11	126500001	127000000	-0.098436048126439
chr11	127000001	127500000	-0.0765167292428617
chr11	127500001	128000000	-0.109949408202488
chr11	128000001	128500000	-0.195352693508362
chr11	128500001	129000000	-0.0924359937104426
chr11	129000001	129500000	-0.224941999973143
chr11	129500001	130000000	-0.230059135366408
chr11	130000001	130500000	-0.0815412886510219
chr11	130500001	131000000	-0.141656328323462
chr11	131000001	131500000	-0.138672083008633
chr11	131500001	132000000	-0.109018073686688
chr11	132000001	132500000	-0.186743988589544
chr11	132500001	133000000	-0.161007031457301
chr11	133000001	133500000	-0.215951230643412
chr11	133500001	134000000	-0.205261705198926
chr11	134000001	134500000	-0.205052042455323
chr11	134500001	135000000	-0.174245248378725
chr11	135000001	135500000	NA
chr12	1	500000	NA
chr12	500001	1000000	0.282708123632386
chr12	1000001	1500000	0.184314449286802
chr12	1500001	2000000	0.403385628397921
chr12	2000001	2500000	0.176423813584931
chr12	2500001	3000000	0.118954692937955
chr12	3000001	3500000	0.0634943185716719
chr12	3500001	4000000	0.176141969123946
chr12	4000001	4500000	0.202485220505418
chr12	4500001	5000000	0.140452174266689
chr12	5000001	5500000	0.0943471067296972
chr12	5500001	6000000	0.175970598220742
chr12	6000001	6500000	0.303259426640922
chr12	6500001	7000000	NA
chr12	7000001	7500000	NA
chr12	7500001	8000000	0.17945485049191
chr12	8500001	9000000	0.165715955806999
chr12	9000001	9500000	0.113019108765075
chr12	9500001	10000000	-0.00187202722500306
chr12	10000001	10500000	0.269635757721034
chr12	10500001	11000000	0.134098647692015
chr12	11000001	11500000	0.378535821280764
chr12	11500001	12000000	0.189661425038221
chr12	12000001	12500000	0.0909270629564694
chr12	12500001	13000000	0.0926172606600096
chr12	13000001	13500000	0.101983834509151
chr12	13500001	14000000	0.154323177792438
chr12	14000001	14500000	0.143619047022338
chr12	14500001	15000000	0.159013511830913
chr12	15000001	15500000	0.0992964079268027
chr12	15500001	16000000	0.105130663728981
chr12	16000001	16500000	0.121868543042307
chr12	16500001	17000000	0.187872909837517
chr12	17000001	17500000	0.154899182457803
chr12	17500001	18000000	0.143685164891697
chr12	18000001	18500000	0.145305842017677
chr12	18500001	19000000	0.225946699714744
chr12	19000001	19500000	0.222868550863121
chr12	19500001	20000000	0.0747237420621374
chr12	20000001	20500000	0.159486287842663
chr12	20500001	21000000	0.0539646453534036
chr12	21000001	21500000	0.028589827489802
chr12	21500001	22000000	0.106533924014851
chr12	22000001	22500000	0.101352482332229
chr12	22500001	23000000	0.223215270721483
chr12	23000001	23500000	0.147548466326505
chr12	23500001	24000000	0.13526961868365
chr12	24000001	24500000	0.0383386788406735
chr12	24500001	25000000	-0.00908606909835375
chr12	25000001	25500000	-0.0246049842492792
chr12	25500001	26000000	-0.0341899162516771
chr12	26000001	26500000	0.0872793712219078
chr12	26500001	27000000	0.316168450271878
chr12	27000001	27500000	0.250283930114626
chr12	27500001	28000000	0.135815318591924
chr12	28000001	28500000	0.22461423195605
chr12	28500001	29000000	0.0778127647713302
chr12	29000001	29500000	0.257558631422827
chr12	29500001	30000000	0.176265436270763
chr12	30000001	30500000	0.138892696541105
chr12	30500001	31000000	0.170654624564541
chr12	31000001	31500000	0.1570939079223
chr12	31500001	32000000	0.165168187694381
chr12	32000001	32500000	0.164348646946662
chr12	32500001	33000000	0.211597088727883
chr12	38000001	38500000	0.244508517490669
chr12	38500001	39000000	0.0732286941588596
chr12	39000001	39500000	0.120073010517137
chr12	39500001	40000000	0.0916013282865976
chr12	40000001	40500000	0.232242728924352
chr12	40500001	41000000	0.171286310268234
chr12	41000001	41500000	0.15899902063811
chr12	41500001	42000000	0.180230493505709
chr12	42000001	42500000	0.182102115497189
chr12	42500001	43000000	0.170539956932121
chr12	43000001	43500000	0.189905899251158
chr12	43500001	44000000	0.146480056246513
chr12	44000001	44500000	0.209821517981718
chr12	44500001	45000000	0.186578171098615
chr12	45000001	45500000	0.2096670495037
chr12	45500001	46000000	0.22082158388171
chr12	46000001	46500000	0.0895245112214484
chr12	46500001	47000000	0.191775857565588
chr12	47000001	47500000	0.135657299368143
chr12	47500001	48000000	0.250683734761298
chr12	48000001	48500000	0.221509005676726
chr12	48500001	49000000	0.155860596765041
chr12	49000001	49500000	0.220525824121778
chr12	49500001	50000000	0.21803993755521
chr12	50000001	50500000	0.153388998380994
chr12	50500001	51000000	0.116236958176343
chr12	51000001	51500000	0.191338351609586
chr12	51500001	52000000	0.219078491849716
chr12	52000001	52500000	0.111372864190933
chr12	52500001	53000000	0.099246910639362
chr12	53000001	53500000	0.289952931847714
chr12	53500001	54000000	0.151070339231221
chr12	54000001	54500000	0.187890067970783
chr12	54500001	55000000	0.167271748275059
chr12	55000001	55500000	0.212835176457516
chr12	55500001	56000000	0.207349360922422
chr12	56000001	56500000	0.246938327138221
chr12	56500001	57000000	0.168975368596421
chr12	57000001	57500000	0.220204874219261
chr12	57500001	58000000	0.198494176223778
chr12	58000001	58500000	0.214255579203692
chr12	58500001	59000000	0.0647415817298868
chr12	59000001	59500000	0.00808871620933369
chr12	59500001	60000000	0.00931072288957812
chr12	60000001	60500000	-0.0377264862988225
chr12	60500001	61000000	0.0176580200904916
chr12	61000001	61500000	-0.0424106127769719
chr12	61500001	62000000	-0.0188293673020812
chr12	62000001	62500000	0.0566582052888331
chr12	62500001	63000000	-0.0451810224403674
chr12	63000001	63500000	-0.0264265357516376
chr12	63500001	64000000	0.0777636183814902
chr12	64000001	64500000	-7.22703839652963e-05
chr12	64500001	65000000	0.0932366344721817
chr12	65000001	65500000	-0.0612254451591111
chr12	65500001	66000000	0.00592899203370484
chr12	66000001	66500000	0.113094454514896
chr12	66500001	67000000	0.000844280438970516
chr12	67000001	67500000	-0.0784069131882739
chr12	67500001	68000000	-0.000294894941454182
chr12	68000001	68500000	0.0308128827067222
chr12	68500001	69000000	0.075450603274671
chr12	69000001	69500000	0.0575867498539145
chr12	69500001	70000000	0.0695949062704749
chr12	70000001	70500000	0.029027675785171
chr12	70500001	71000000	0.037251602586566
chr12	71000001	71500000	-0.00337898891931598
chr12	71500001	72000000	0.0648248583751023
chr12	72000001	72500000	0.0246290053909024
chr12	72500001	73000000	0.0218298057162263
chr12	73000001	73500000	0.0461010032375945
chr12	73500001	74000000	0.0640146685819192
chr12	74000001	74500000	-0.026917045519914
chr12	74500001	75000000	0.0863599244057549
chr12	75000001	75500000	-0.0299392637923497
chr12	75500001	76000000	-0.0198637975186851
chr12	76000001	76500000	0.0311496813164172
chr12	76500001	77000000	0.0136172342530283
chr12	77000001	77500000	0.00727080190285835
chr12	77500001	78000000	0.026905746826959
chr12	78000001	78500000	0.0401261600316358
chr12	78500001	79000000	0.0148106084892623
chr12	79000001	79500000	-0.017128144697285
chr12	79500001	80000000	0.059779108098989
chr12	80000001	80500000	-0.0166790020738004
chr12	80500001	81000000	0.0678742910208095
chr12	81000001	81500000	-0.0359875852203425
chr12	81500001	82000000	0.0231761950726236
chr12	82000001	82500000	0.0523300601516045
chr12	82500001	83000000	-0.107328540868644
chr12	83000001	83500000	0.000417847708162788
chr12	83500001	84000000	-0.00874908738319957
chr12	84000001	84500000	-0.0340377040607273
chr12	84500001	85000000	0.091359850640877
chr12	85000001	85500000	0.0497372275120973
chr12	85500001	86000000	-0.00421140491003533
chr12	86000001	86500000	-0.0542326984238002
chr12	86500001	87000000	0.0427076326961297
chr12	87000001	87500000	0.0545193535641188
chr12	87500001	88000000	-0.0438049939471854
chr12	88000001	88500000	0.0317247200946285
chr12	88500001	89000000	-0.0785303627005037
chr12	89000001	89500000	0.0744792053172682
chr12	89500001	90000000	0.0823239358106995
chr12	90000001	90500000	0.037849094299029
chr12	90500001	91000000	-0.0842048489400059
chr12	91000001	91500000	0.0378078508504866
chr12	91500001	92000000	0.0236619598863906
chr12	92000001	92500000	0.120411368346996
chr12	92500001	93000000	0.0322088655859117
chr12	93000001	93500000	0.0600297864323574
chr12	93500001	94000000	-0.0179376017726727
chr12	94000001	94500000	0.0572151510137735
chr12	94500001	95000000	0.0513337010671056
chr12	95000001	95500000	0.0504800508704573
chr12	95500001	96000000	-0.0333426995433302
chr12	96000001	96500000	0.0418733081053034
chr12	96500001	97000000	0.0281575371755184
chr12	97000001	97500000	0.0156026020540357
chr12	97500001	98000000	0.120850362424526
chr12	98000001	98500000	0.0646155256813868
chr12	98500001	99000000	0.0453608958326751
chr12	99000001	99500000	0.0410512967248884
chr12	99500001	100000000	0.0454277932145818
chr12	100000001	100500000	-0.00412910366345408
chr12	100500001	101000000	0.00269291723103414
chr12	101000001	101500000	-0.00866648805151815
chr12	101500001	102000000	0.0340720973986374
chr12	102000001	102500000	-0.0198059465498304
chr12	102500001	103000000	0.0537793512655518
chr12	103000001	103500000	0.0157759392087208
chr12	103500001	104000000	0.0340640403379221
chr12	104000001	104500000	0.0967359109871633
chr12	104500001	105000000	0.0640827063296964
chr12	105000001	105500000	0.0977897259403394
chr12	105500001	106000000	0.0524211172022283
chr12	106000001	106500000	-0.094214177492731
chr12	106500001	107000000	0.0617423671247412
chr12	107000001	107500000	-0.0184490450761068
chr12	107500001	108000000	0.00500474104984272
chr12	108000001	108500000	0.0664959857436039
chr12	108500001	109000000	0.136339291453458
chr12	109000001	109500000	-0.0261294815496523
chr12	109500001	110000000	0.096745569989294
chr12	110000001	110500000	0.0779408006958927
chr12	110500001	111000000	-0.00264082878448676
chr12	111000001	111500000	0.0806489282366051
chr12	111500001	112000000	-0.0198235195940211
chr12	112000001	112500000	0.0230737434305559
chr12	112500001	113000000	0.0384345451369381
chr12	113000001	113500000	0.0555404874915537
chr12	113500001	114000000	0.0226346493980537
chr12	114000001	114500000	0.0132280011795971
chr12	114500001	115000000	0.00609685238579313
chr12	115000001	115500000	-0.00597506391442666
chr12	115500001	116000000	-0.0110974019915433
chr12	116000001	116500000	0.0990921959657392
chr12	116500001	117000000	0.00633745077313911
chr12	117000001	117500000	0.0133870941643889
chr12	117500001	118000000	-0.0164852248484882
chr12	118000001	118500000	0.0392321888054463
chr12	118500001	119000000	0.0723200467104196
chr12	119000001	119500000	0.0844742674834867
chr12	119500001	120000000	-0.0820243881368128
chr12	120000001	120500000	0.0141725071910791
chr12	120500001	121000000	-0.0341494210048727
chr12	121000001	121500000	0.057733433238868
chr12	121500001	122000000	-0.0150745878444624
chr12	122000001	122500000	NA
chr12	122500001	123000000	0.0268391214842994
chr12	123000001	123500000	NA
chr12	123500001	124000000	-0.0336638390293708
chr12	124000001	124500000	-0.0793110409404498
chr12	124500001	125000000	-0.133072008480296
chr12	125000001	125500000	-0.118998601688651
chr12	125500001	126000000	-0.00644678906415893
chr12	126000001	126500000	-0.0290749147716738
chr12	126500001	127000000	-0.107303342825
chr12	127000001	127500000	-0.0242465844888315
chr12	127500001	128000000	-0.0427309793794364
chr12	128000001	128500000	-0.0783541026114768
chr12	128500001	129000000	-0.0750913248812986
chr12	129000001	129500000	-0.115005916515881
chr12	129500001	130000000	-0.114009313384777
chr12	130000001	130500000	-0.187115215612954
chr12	130500001	131000000	-0.15987620315038
chr12	131000001	131500000	-0.121725399933909
chr12	131500001	132000000	-0.0932135588500944
chr12	132000001	132500000	NA
chr12	132500001	133000000	-0.0288391200938808
chr12	133000001	133500000	NA
chr13	19000001	19500000	-0.0929278924391735
chr13	19500001	20000000	-0.208117036489437
chr13	20000001	20500000	-0.0869083515944761
chr13	20500001	21000000	-0.121712857731756
chr13	21000001	21500000	-0.146041923327692
chr13	21500001	22000000	-0.172716145332349
chr13	22000001	22500000	-0.122888481887479
chr13	22500001	23000000	-0.0860864771119187
chr13	23000001	23500000	-0.174339260067325
chr13	23500001	24000000	-0.211985583857079
chr13	24000001	24500000	-0.299345576579034
chr13	24500001	25000000	-0.139659682400615
chr13	25000001	25500000	-0.154268532314165
chr13	25500001	26000000	-0.181029736170789
chr13	26000001	26500000	-0.226295590554692
chr13	26500001	27000000	-0.146571849747114
chr13	27000001	27500000	-0.153778871727848
chr13	27500001	28000000	-0.205650694061607
chr13	28000001	28500000	-0.0659881771110981
chr13	28500001	29000000	-0.0606356313499688
chr13	29000001	29500000	-0.104269742079458
chr13	29500001	30000000	-0.15741440560422
chr13	30000001	30500000	-0.0462446030943482
chr13	30500001	31000000	-0.0275132807137117
chr13	31000001	31500000	-0.035869550671608
chr13	31500001	32000000	-0.0789090120930167
chr13	32000001	32500000	-0.00158075430597344
chr13	32500001	33000000	-0.0647200041826256
chr13	33000001	33500000	-0.0162295514184239
chr13	33500001	34000000	-0.0822510583490466
chr13	34000001	34500000	-0.0347262427978943
chr13	34500001	35000000	-0.107762294799415
chr13	35000001	35500000	-0.0521285047627932
chr13	35500001	36000000	-0.117120031015146
chr13	36000001	36500000	-0.0955383295325525
chr13	36500001	37000000	-0.0288683421832777
chr13	37000001	37500000	-0.0650089587343795
chr13	37500001	38000000	-0.0495699815986647
chr13	38000001	38500000	-0.103127388879273
chr13	38500001	39000000	-0.0534161738529352
chr13	39000001	39500000	-0.114843799871899
chr13	39500001	40000000	-0.036662933050111
chr13	40000001	40500000	-0.0639264981496814
chr13	40500001	41000000	-0.106102349589538
chr13	41000001	41500000	-0.0352338642291852
chr13	41500001	42000000	-0.0846173161831336
chr13	42000001	42500000	-0.131257396598173
chr13	42500001	43000000	-0.0454268905861924
chr13	43000001	43500000	-0.114194633353224
chr13	43500001	44000000	-0.0771490984783979
chr13	44000001	44500000	-0.0932440617582501
chr13	44500001	45000000	-0.172142614788621
chr13	45000001	45500000	-0.0638540795837006
chr13	45500001	46000000	0.0206817417516321
chr13	46000001	46500000	-0.0800793491118864
chr13	46500001	47000000	-0.0869202312112057
chr13	47000001	47500000	0.0053698074056194
chr13	47500001	48000000	-0.0128779440984598
chr13	48000001	48500000	-0.131047207007703
chr13	48500001	49000000	0.0152017927182962
chr13	49000001	49500000	-0.130659302784576
chr13	49500001	50000000	-0.0830334030857127
chr13	50000001	50500000	-0.0664556964819163
chr13	50500001	51000000	-0.154867839937441
chr13	51000001	51500000	-0.0564694923571178
chr13	51500001	52000000	-0.0338213542117915
chr13	52000001	52500000	-0.03724792224105
chr13	52500001	53000000	-0.161637627966736
chr13	53000001	53500000	-0.085659066341876
chr13	53500001	54000000	0.0174922407394128
chr13	54000001	54500000	0.0511388218412617
chr13	54500001	55000000	-0.0123153071640712
chr13	55000001	55500000	-0.0725545202464223
chr13	55500001	56000000	-0.0641391754942911
chr13	56000001	56500000	-0.145865128217316
chr13	56500001	57000000	-0.0590250274595785
chr13	57000001	57500000	-0.0012750327196753
chr13	57500001	58000000	0.0183088464283334
chr13	58000001	58500000	-0.0281482636566803
chr13	58500001	59000000	-0.116474433304937
chr13	59000001	59500000	-0.117980528895011
chr13	59500001	60000000	-0.124919778590531
chr13	60000001	60500000	-0.0673437385855905
chr13	60500001	61000000	-0.0449406984009991
chr13	61000001	61500000	-0.128200297558711
chr13	61500001	62000000	-0.0123195232294139
chr13	62000001	62500000	-0.106590269503062
chr13	62500001	63000000	NA
chr13	63000001	63500000	-0.0322210383550472
chr13	63500001	64000000	-0.18825061875152
chr13	64000001	64500000	-0.109488788117763
chr13	64500001	65000000	-0.0211407478142198
chr13	65000001	65500000	-0.117507099543634
chr13	65500001	66000000	-0.0738234440032197
chr13	66000001	66500000	-0.218676530179278
chr13	66500001	67000000	-0.10542016312898
chr13	67000001	67500000	-0.149505984344736
chr13	67500001	68000000	-0.00328865759756549
chr13	68000001	68500000	-0.170106823203589
chr13	68500001	69000000	NA
chr13	69000001	69500000	NA
chr13	69500001	70000000	0.0357712436320606
chr13	70000001	70500000	-0.18006518855435
chr13	70500001	71000000	-0.0510642480692588
chr13	71000001	71500000	-0.103032893632724
chr13	71500001	72000000	-0.0573054927931789
chr13	72000001	72500000	-0.033953782859684
chr13	72500001	73000000	-0.0823545163337935
chr13	73000001	73500000	-0.118243236746635
chr13	73500001	74000000	-0.0989155982946136
chr13	74000001	74500000	-0.0368555271365505
chr13	74500001	75000000	0.0199824647991936
chr13	75000001	75500000	-0.0244235821274469
chr13	75500001	76000000	-0.114445192749045
chr13	76000001	76500000	-0.0687047201638939
chr13	76500001	77000000	-0.119415295784359
chr13	77000001	77500000	-0.0454011111466287
chr13	77500001	78000000	-0.029963646471698
chr13	78000001	78500000	-0.103564456625471
chr13	78500001	79000000	-0.150028405860516
chr13	79000001	79500000	-0.0781931594697804
chr13	79500001	80000000	0.0149018051827321
chr13	80000001	80500000	-0.083441783778654
chr13	80500001	81000000	-0.12980962153551
chr13	81000001	81500000	-0.0921875431682345
chr13	81500001	82000000	-0.0810747681616008
chr13	82000001	82500000	-0.0252089568006704
chr13	82500001	83000000	-0.115285018350044
chr13	83000001	83500000	-0.0411000054454086
chr13	83500001	84000000	-0.159871608233949
chr13	84000001	84500000	-0.110732697157993
chr13	84500001	85000000	-0.151040080413965
chr13	85000001	85500000	-0.0979160814508523
chr13	85500001	86000000	-0.148959656674103
chr13	86000001	86500000	NA
chr13	86500001	87000000	-0.108673982173538
chr13	87000001	87500000	-0.0724713542866871
chr13	87500001	88000000	-0.0738787531069898
chr13	88000001	88500000	-0.0705662736522574
chr13	88500001	89000000	-0.11388005735351
chr13	89000001	89500000	-0.145408403523897
chr13	89500001	90000000	-0.086863135679657
chr13	90000001	90500000	-0.112548421292125
chr13	90500001	91000000	-0.179714158514575
chr13	91000001	91500000	-0.0668195572269574
chr13	91500001	92000000	-0.0525617609421598
chr13	92000001	92500000	-0.0775061650512173
chr13	92500001	93000000	-0.0139649114669412
chr13	93000001	93500000	-0.0739250720184524
chr13	93500001	94000000	-0.0394284239411929
chr13	94000001	94500000	-0.0215804466329112
chr13	94500001	95000000	-0.0978947793087042
chr13	95000001	95500000	-0.110147563492157
chr13	95500001	96000000	-0.0872349985606218
chr13	96000001	96500000	-0.0456851971566757
chr13	96500001	97000000	-0.0129781848672361
chr13	97000001	97500000	-0.0638242617906399
chr13	97500001	98000000	-0.133709532485566
chr13	98000001	98500000	-0.0912446152506061
chr13	98500001	99000000	-0.110424345770319
chr13	99000001	99500000	-0.029659327292259
chr13	99500001	100000000	-0.034430132505502
chr13	100000001	100500000	-0.112003870754855
chr13	100500001	101000000	NA
chr13	101000001	101500000	-0.146811805090073
chr13	101500001	102000000	-0.0261744966981229
chr13	102000001	102500000	-0.0757479497944416
chr13	102500001	103000000	-0.0331628022436602
chr13	103000001	103500000	-0.029538938947157
chr13	103500001	104000000	-0.0317401969121971
chr13	104000001	104500000	-0.152045811533556
chr13	104500001	105000000	-0.0663775972468508
chr13	105000001	105500000	-0.0361384572192645
chr13	105500001	106000000	-0.108658404198687
chr13	106000001	106500000	-0.144240900934256
chr13	106500001	107000000	-0.130506865548718
chr13	107000001	107500000	-0.0420882586938554
chr13	107500001	108000000	-0.122317003899047
chr13	108000001	108500000	-0.0492994252452575
chr13	108500001	109000000	-0.0667144712914259
chr13	109000001	109500000	-0.023182468742805
chr13	109500001	110000000	-0.0682071930494251
chr13	110000001	110500000	-0.0837932852284359
chr13	110500001	111000000	-0.10415836610126
chr13	111000001	111500000	-0.0552386161964407
chr13	112000001	112500000	-0.108135440534713
chr13	112500001	113000000	-0.0591001358123393
chr13	113000001	113500000	-0.0881583716321459
chr13	113500001	114000000	NA
chr13	114000001	114500000	NA
chr14	20000001	20500000	0.00978636777743143
chr14	20500001	21000000	0.106968339123286
chr14	21000001	21500000	0.00327569111604259
chr14	21500001	22000000	-0.000999854266496361
chr14	22000001	22500000	-0.0551194769931794
chr14	22500001	23000000	0.00385885806184504
chr14	23000001	23500000	0.0435148743905148
chr14	23500001	24000000	-0.00383554339895657
chr14	24000001	24500000	0.137402170279923
chr14	24500001	25000000	0.0483671590810343
chr14	25000001	25500000	-0.0834195010179102
chr14	25500001	26000000	0.0971820042549429
chr14	26000001	26500000	0.0192126893566143
chr14	26500001	27000000	-0.083012893182034
chr14	27000001	27500000	-0.0851703428267316
chr14	27500001	28000000	0.0978960435408012
chr14	28000001	28500000	0.000527143791158898
chr14	28500001	29000000	-0.115067830886912
chr14	29000001	29500000	-0.0336496111930704
chr14	29500001	30000000	-0.0346932095342704
chr14	30000001	30500000	-0.170024114366292
chr14	30500001	31000000	-0.0358176580497522
chr14	31000001	31500000	-0.0732292422592283
chr14	31500001	32000000	-0.0492912339018471
chr14	32000001	32500000	-0.113465228265423
chr14	32500001	33000000	-0.129303408133762
chr14	33000001	33500000	-0.0729122577140275
chr14	33500001	34000000	-0.0597537194646319
chr14	34000001	34500000	-0.0701099316791197
chr14	34500001	35000000	-0.0885833408581618
chr14	35000001	35500000	-0.0191173594623087
chr14	35500001	36000000	-0.121486580543852
chr14	36000001	36500000	-0.181569214165459
chr14	36500001	37000000	-0.0561838504378858
chr14	37000001	37500000	-0.0595761491644095
chr14	37500001	38000000	-0.0669387228698538
chr14	38000001	38500000	0.0899481576591143
chr14	38500001	39000000	0.238821464334526
chr14	39000001	39500000	0.0663827869093916
chr14	39500001	40000000	-0.0146660595815869
chr14	40000001	40500000	-0.168811405641824
chr14	40500001	41000000	-0.0545230096318427
chr14	41000001	41500000	-0.250996374585705
chr14	41500001	42000000	-0.0910804923623993
chr14	42000001	42500000	0.0630551768613182
chr14	42500001	43000000	0.12440679114081
chr14	43000001	43500000	0.133382787288891
chr14	43500001	44000000	0.166354182230197
chr14	44000001	44500000	0.10872757969967
chr14	44500001	45000000	0.0945343008186529
chr14	45000001	45500000	0.0846909894006975
chr14	45500001	46000000	0.0639629536649636
chr14	46000001	46500000	0.0179845987190626
chr14	46500001	47000000	0.0504307327731196
chr14	47000001	47500000	-0.0210309216604984
chr14	47500001	48000000	0.00810018808071195
chr14	48000001	48500000	0.0195559643344742
chr14	48500001	49000000	-0.0551827877584272
chr14	49000001	49500000	0.0357433646215721
chr14	49500001	50000000	-0.0458223085114317
chr14	50000001	50500000	-0.0208562508472242
chr14	50500001	51000000	-0.028065955191278
chr14	51000001	51500000	0.0654915432238041
chr14	51500001	52000000	-0.061317925573932
chr14	52000001	52500000	-0.0274025103193651
chr14	52500001	53000000	-0.0842129336185941
chr14	53000001	53500000	0.0654173943860211
chr14	53500001	54000000	0.0500795175962898
chr14	54000001	54500000	0.0572651141732456
chr14	54500001	55000000	0.0103411190736118
chr14	55000001	55500000	-0.0441594329198298
chr14	55500001	56000000	-0.0763891142114373
chr14	56000001	56500000	0.0165096623402298
chr14	56500001	57000000	-0.145094475810127
chr14	57000001	57500000	-0.246975474204798
chr14	57500001	58000000	-0.182855735613387
chr14	58000001	58500000	-0.183162012526535
chr14	58500001	59000000	-0.0328118717399503
chr14	59000001	59500000	-0.123992886584966
chr14	59500001	60000000	-0.163954562918365
chr14	60000001	60500000	-0.215624011004257
chr14	60500001	61000000	-0.190700179388261
chr14	61000001	61500000	-0.0762412433548867
chr14	61500001	62000000	-0.12349459852054
chr14	62000001	62500000	-0.2355635669069
chr14	62500001	63000000	-0.162142087538598
chr14	63000001	63500000	-0.132420147133559
chr14	63500001	64000000	-0.126104258532091
chr14	64000001	64500000	-0.169961973704649
chr14	64500001	65000000	-0.145334974406546
chr14	65000001	65500000	-0.0374079272279035
chr14	65500001	66000000	-0.212844315592235
chr14	66000001	66500000	-0.143038590812062
chr14	66500001	67000000	-0.179150334309738
chr14	67000001	67500000	-0.104588785268821
chr14	67500001	68000000	-0.069454362237052
chr14	68000001	68500000	-0.156803459205262
chr14	68500001	69000000	-0.0607750296462667
chr14	69000001	69500000	-0.0922279968148055
chr14	69500001	70000000	-0.118158193586562
chr14	70000001	70500000	-0.174644849003879
chr14	70500001	71000000	-0.137523409649269
chr14	71000001	71500000	-0.0486097225158434
chr14	71500001	72000000	-0.201489850430825
chr14	72000001	72500000	-0.192355536846591
chr14	72500001	73000000	-0.147750574028319
chr14	73000001	73500000	-0.0372414332270251
chr14	73500001	74000000	-0.232449732837096
chr14	74000001	74500000	-0.12586552925437
chr14	74500001	75000000	-0.100743899518856
chr14	75000001	75500000	0.018292576591568
chr14	75500001	76000000	-0.0883157033942343
chr14	76000001	76500000	-0.0897055837582038
chr14	76500001	77000000	-0.0682883430301528
chr14	77000001	77500000	-0.0778020523701338
chr14	77500001	78000000	-0.0951829683119553
chr14	78000001	78500000	0.00219235481659776
chr14	78500001	79000000	-0.0498717822658148
chr14	79000001	79500000	-0.0660496172245998
chr14	79500001	80000000	-0.022198205887153
chr14	80000001	80500000	-0.0931346955994174
chr14	80500001	81000000	-0.214799376042877
chr14	81000001	81500000	-0.0723528132699781
chr14	81500001	82000000	-0.0391770132663199
chr14	82000001	82500000	-0.000300720063436427
chr14	82500001	83000000	-0.177031487502974
chr14	83000001	83500000	-0.0617878864493827
chr14	83500001	84000000	-0.128112125610991
chr14	84000001	84500000	-0.202565390873301
chr14	84500001	85000000	-0.0723882005375007
chr14	85000001	85500000	-0.0997361285000786
chr14	85500001	86000000	-0.177368454232609
chr14	86000001	86500000	-0.193936458545174
chr14	86500001	87000000	-0.157054087821104
chr14	87000001	87500000	-0.100208361535242
chr14	87500001	88000000	-0.0870352592833429
chr14	88000001	88500000	-0.157389033633056
chr14	88500001	89000000	-0.195213515633156
chr14	89000001	89500000	-0.0216878394988906
chr14	89500001	90000000	-0.0972996568112101
chr14	90000001	90500000	-0.121877416661496
chr14	90500001	91000000	-0.0745849259486931
chr14	91000001	91500000	-0.0965416866317104
chr14	91500001	92000000	-0.261249047588295
chr14	92000001	92500000	-0.141655291113541
chr14	92500001	93000000	-0.06689576078142
chr14	93000001	93500000	-0.176086392565936
chr14	93500001	94000000	-0.161979039659998
chr14	94000001	94500000	-0.110115685931083
chr14	94500001	95000000	-0.133704341860714
chr14	95000001	95500000	-0.210483350823127
chr14	95500001	96000000	-0.168630034120271
chr14	96000001	96500000	-0.119309930461556
chr14	96500001	97000000	-0.127177892614321
chr14	97000001	97500000	-0.144551503506893
chr14	97500001	98000000	-0.0747161336786001
chr14	98000001	98500000	-0.0984405514573705
chr14	98500001	99000000	-0.084023570508603
chr14	99000001	99500000	-0.190096176667554
chr14	99500001	100000000	-0.229003283977421
chr14	100000001	100500000	-0.168427604485731
chr14	100500001	101000000	-0.13988294551481
chr14	101000001	101500000	-0.202925420513416
chr14	101500001	102000000	-0.115092283027892
chr14	102000001	102500000	-0.14049841289953
chr14	102500001	103000000	-0.117994095121808
chr14	103000001	103500000	-0.0971786316118685
chr14	103500001	104000000	-0.166446601267011
chr14	104000001	104500000	-0.129697303538978
chr14	104500001	105000000	-0.138043927709281
chr14	105000001	105500000	-0.23702181297866
chr14	106000001	106500000	0.0294101255047607
chr15	23500001	24000000	-0.169280916449645
chr15	24500001	25000000	-0.0402243981822226
chr15	25000001	25500000	-0.177604233618074
chr15	25500001	26000000	-0.120008678679234
chr15	26000001	26500000	-0.167597321641804
chr15	26500001	27000000	-0.0896311980926515
chr15	27000001	27500000	NA
chr15	27500001	28000000	-0.134621368007834
chr15	29000001	29500000	-0.230608523846708
chr15	29500001	30000000	-0.124936445557558
chr15	31000001	31500000	-0.106511786829642
chr15	31500001	32000000	-0.147477787792805
chr15	32500001	33000000	-0.244967817164345
chr15	33000001	33500000	-0.116087330114593
chr15	33500001	34000000	-0.0712109938874498
chr15	34000001	34500000	-0.060805183100867
chr15	34500001	35000000	-0.124058208276761
chr15	35000001	35500000	-0.180884082190365
chr15	35500001	36000000	-0.119552526567985
chr15	36000001	36500000	-0.162286695351736
chr15	36500001	37000000	-0.164143541957543
chr15	37000001	37500000	-0.126849091635655
chr15	37500001	38000000	-0.156715314117365
chr15	38000001	38500000	-0.195860572487248
chr15	38500001	39000000	-0.171455785606844
chr15	39000001	39500000	-0.115159135464862
chr15	39500001	40000000	-0.190091848485962
chr15	40000001	40500000	-0.050457851478088
chr15	40500001	41000000	-0.129946979974083
chr15	41000001	41500000	-0.115595583409612
chr15	41500001	42000000	-0.189045671672457
chr15	42000001	42500000	-0.0592847703028622
chr15	42500001	43000000	-0.137299035664675
chr15	43000001	43500000	-0.239484441122881
chr15	43500001	44000000	-0.352329796032436
chr15	44000001	44500000	-0.220863173433218
chr15	44500001	45000000	-0.204235949863235
chr15	45000001	45500000	-0.146907415706191
chr15	45500001	46000000	-0.10226707018232
chr15	46000001	46500000	-0.0629395406746043
chr15	46500001	47000000	-0.134985323478642
chr15	47000001	47500000	-0.165533232957078
chr15	47500001	48000000	-0.110690142062338
chr15	48000001	48500000	-0.265563961201156
chr15	48500001	49000000	-0.293176488972128
chr15	49000001	49500000	-0.388138282721396
chr15	49500001	50000000	-0.26905833070863
chr15	50000001	50500000	-0.215940318041138
chr15	50500001	51000000	-0.344962462412714
chr15	51000001	51500000	-0.20284133550702
chr15	51500001	52000000	-0.285011553331094
chr15	52000001	52500000	-0.213834651540802
chr15	52500001	53000000	-0.303421131121398
chr15	53000001	53500000	-0.350830047031011
chr15	53500001	54000000	-0.313057060269432
chr15	54000001	54500000	-0.380194129221023
chr15	54500001	55000000	-0.411371227267462
chr15	55000001	55500000	-0.390888231689904
chr15	55500001	56000000	-0.326135873184537
chr15	56000001	56500000	-0.342969483562216
chr15	56500001	57000000	-0.434570170444181
chr15	57000001	57500000	-0.383861012474397
chr15	57500001	58000000	-0.319064653094504
chr15	58000001	58500000	-0.385989986285538
chr15	58500001	59000000	-0.324892954265401
chr15	59000001	59500000	-0.247748543201699
chr15	59500001	60000000	-0.386404182109143
chr15	60000001	60500000	-0.356377032496373
chr15	60500001	61000000	-0.383657810772785
chr15	61000001	61500000	-0.225086586749658
chr15	61500001	62000000	-0.309275500844958
chr15	62000001	62500000	-0.21991183070625
chr15	62500001	63000000	0.042139647025531
chr15	63000001	63500000	0.101784444214548
chr15	63500001	64000000	0.122778374755923
chr15	64000001	64500000	0.0145253712830579
chr15	64500001	65000000	-0.0303317763002698
chr15	65000001	65500000	0.0646565152835937
chr15	65500001	66000000	0.0204580039211506
chr15	66000001	66500000	0.0735214157700845
chr15	66500001	67000000	-0.00410780850074696
chr15	67000001	67500000	-0.0134632852695165
chr15	67500001	68000000	0.0420766153070052
chr15	68000001	68500000	0.0360884314200215
chr15	68500001	69000000	0.00961718179609796
chr15	69000001	69500000	0.0245452871029733
chr15	69500001	70000000	0.0166435656664052
chr15	70000001	70500000	0.125979053308581
chr15	70500001	71000000	0.0417926640667757
chr15	71000001	71500000	-0.00651462244306679
chr15	71500001	72000000	-0.0154146348189273
chr15	72000001	72500000	0.0098729606071682
chr15	72500001	73000000	0.0849121894339223
chr15	73000001	73500000	-0.0370066161112484
chr15	73500001	74000000	0.0446664249008571
chr15	74000001	74500000	-0.0290668742235637
chr15	74500001	75000000	0.177209530176406
chr15	75000001	75500000	-0.134965564046525
chr15	75500001	76000000	-0.0202714187280605
chr15	76000001	76500000	0.0484292807035823
chr15	76500001	77000000	0.0693006962517322
chr15	77000001	77500000	0.131022710536594
chr15	77500001	78000000	0.107552153659506
chr15	78000001	78500000	0.0112057330110755
chr15	78500001	79000000	-0.033822446403762
chr15	79000001	79500000	-0.0252990750738282
chr15	79500001	80000000	0.028882072274161
chr15	80000001	80500000	0.0738555139540925
chr15	80500001	81000000	0.0529400540146988
chr15	81000001	81500000	0.0261220276204999
chr15	81500001	82000000	0.103563551378631
chr15	82500001	83000000	0.0811338568732006
chr15	83000001	83500000	0.0509833878821725
chr15	83500001	84000000	0.0529377731471709
chr15	84500001	85000000	0.0379683428382951
chr15	85000001	85500000	0.268610101683366
chr15	85500001	86000000	0.182484140628104
chr15	86000001	86500000	0.0927763800403223
chr15	86500001	87000000	0.0175805501728896
chr15	87000001	87500000	-0.0133560495839494
chr15	87500001	88000000	0.111504219413898
chr15	88000001	88500000	0.0636495603225327
chr15	88500001	89000000	-0.0491853991420761
chr15	89000001	89500000	0.0777745002898239
chr15	89500001	90000000	0.087525033761514
chr15	90000001	90500000	0.247178243499784
chr15	90500001	91000000	0.0507802677186532
chr15	91000001	91500000	-0.0419745253330448
chr15	91500001	92000000	0.0455427220038276
chr15	92000001	92500000	0.0558096732625059
chr15	92500001	93000000	0.0214198301549061
chr15	93000001	93500000	0.0651576304967768
chr15	93500001	94000000	0.00340573741991291
chr15	94000001	94500000	0.0152676900450988
chr15	94500001	95000000	0.0919789934886636
chr15	95000001	95500000	0.0187957173442972
chr15	95500001	96000000	0.0085586124137505
chr15	96000001	96500000	-0.077612595117901
chr15	96500001	97000000	0.0376124614183787
chr15	97000001	97500000	0.0248654391042176
chr15	97500001	98000000	0.0838744470694519
chr15	98000001	98500000	0.0627328509161875
chr15	98500001	99000000	0.107901739055973
chr15	99000001	99500000	-0.0166564647399692
chr15	99500001	100000000	0.0810834812700237
chr15	100000001	100500000	0.00151265087306279
chr15	100500001	101000000	0.0385179012276468
chr15	101000001	101500000	0.136112398568882
chr16	1	500000	NA
chr16	500001	1000000	NA
chr16	1000001	1500000	NA
chr16	1500001	2000000	-0.135850569750394
chr16	2000001	2500000	-0.147662189642446
chr16	2500001	3000000	-0.231033313915901
chr16	3000001	3500000	-0.0195025954676677
chr16	3500001	4000000	-0.182807297183313
chr16	4000001	4500000	-0.235262881246737
chr16	4500001	5000000	-0.0902431133875898
chr16	5000001	5500000	-0.0245216738622857
chr16	5500001	6000000	-0.0982401223018721
chr16	6000001	6500000	-0.0996529618958692
chr16	6500001	7000000	-0.0926491253354311
chr16	7000001	7500000	-0.127944508240781
chr16	7500001	8000000	-0.126124356764609
chr16	8000001	8500000	-0.153309861769137
chr16	8500001	9000000	-0.0678919808380145
chr16	9000001	9500000	-0.00851711806105857
chr16	9500001	10000000	-0.00296260220213083
chr16	10000001	10500000	-0.0595577342533202
chr16	10500001	11000000	0.0386558646645992
chr16	11000001	11500000	0.109153013635003
chr16	11500001	12000000	0.0768718752029286
chr16	12000001	12500000	0.0908855362040589
chr16	12500001	13000000	0.14206920833321
chr16	13000001	13500000	0.134439645743724
chr16	13500001	14000000	0.129319263550957
chr16	14000001	14500000	-0.0323199734722661
chr16	15500001	16000000	0.0822679088790136
chr16	17000001	17500000	0.315490278671516
chr16	17500001	18000000	0.271225748600802
chr16	19000001	19500000	0.264247439554811
chr16	19500001	20000000	0.232368244537216
chr16	20000001	20500000	0.131436334526106
chr16	20500001	21000000	0.07099038708421
chr16	22000001	22500000	-0.058243449119643
chr16	22500001	23000000	0.460970528058667
chr16	23000001	23500000	0.143482106878048
chr16	23500001	24000000	0.0330228798077004
chr16	24000001	24500000	0.110011789606304
chr16	24500001	25000000	-0.000575125955626065
chr16	25000001	25500000	0.206757166993266
chr16	25500001	26000000	0.137749149273554
chr16	26000001	26500000	0.203525129740493
chr16	26500001	27000000	0.115417376656526
chr16	27000001	27500000	0.169355106386714
chr16	27500001	28000000	0.188235755700689
chr16	28000001	28500000	0.0136408099648368
chr16	29500001	30000000	-0.154961977048409
chr16	30500001	31000000	0.0423699758260594
chr16	31000001	31500000	0.0540890299075291
chr16	31500001	32000000	0.0184583712001437
chr16	46500001	47000000	-0.199373288537343
chr16	47000001	47500000	-0.187500036759559
chr16	47500001	48000000	-0.171957750440435
chr16	48000001	48500000	-0.147842911433513
chr16	48500001	49000000	-0.0636079709603534
chr16	49000001	49500000	-0.110598759294961
chr16	49500001	50000000	-0.172977606298423
chr16	50000001	50500000	-0.204971370983189
chr16	50500001	51000000	-0.0977357578985369
chr16	51000001	51500000	-0.153344489642691
chr16	51500001	52000000	-0.0467404783165106
chr16	52000001	52500000	-0.158701575256837
chr16	52500001	53000000	-0.0823488693283893
chr16	53000001	53500000	-0.147126362178198
chr16	53500001	54000000	-0.222161447562008
chr16	54000001	54500000	-0.0834709199078541
chr16	54500001	55000000	-0.177819082988222
chr16	55000001	55500000	-0.0791126089007255
chr16	55500001	56000000	-0.0862986016827694
chr16	56000001	56500000	-0.199635510123379
chr16	56500001	57000000	-0.178647241444277
chr16	57000001	57500000	-0.0904239870032564
chr16	57500001	58000000	-0.0429299156087338
chr16	58000001	58500000	-0.129371062139508
chr16	58500001	59000000	-0.140711094828141
chr16	59000001	59500000	-0.172547463838238
chr16	59500001	60000000	-0.170132677891306
chr16	60000001	60500000	-0.0680808078142148
chr16	60500001	61000000	-0.11271565923382
chr16	61000001	61500000	-0.211487326357869
chr16	61500001	62000000	-0.164835608131467
chr16	62000001	62500000	-0.187042587595124
chr16	62500001	63000000	-0.166532891577577
chr16	63000001	63500000	-0.202303476012272
chr16	63500001	64000000	-0.135495904277718
chr16	64000001	64500000	-0.195229803240179
chr16	64500001	65000000	-0.246283546299369
chr16	65000001	65500000	-0.159017498138851
chr16	65500001	66000000	-0.13158280335592
chr16	66000001	66500000	-0.085368334008639
chr16	66500001	67000000	-0.0987471865245788
chr16	67000001	67500000	-0.08248896967064
chr16	67500001	68000000	-0.0648761312787143
chr16	68000001	68500000	-0.177257151514354
chr16	68500001	69000000	-0.242955223173763
chr16	69000001	69500000	-0.121911598675682
chr16	69500001	70000000	-0.293110197900438
chr16	70500001	71000000	-0.167564817206896
chr16	71000001	71500000	-0.170079077622205
chr16	71500001	72000000	-0.208233835580408
chr16	72000001	72500000	-0.166344050010694
chr16	72500001	73000000	-0.172602098504008
chr16	73000001	73500000	-0.178451601722
chr16	73500001	74000000	-0.190565163280075
chr16	74000001	74500000	-0.0361525221389665
chr16	74500001	75000000	-0.122743660257539
chr16	75000001	75500000	-0.166954431523313
chr16	75500001	76000000	-0.0976358812063159
chr16	76000001	76500000	-0.160075852009099
chr16	76500001	77000000	-0.14440671140567
chr16	77000001	77500000	-0.07773204984485
chr16	77500001	78000000	-0.133557676460468
chr16	78000001	78500000	-0.101522244536823
chr16	78500001	79000000	-0.21119769336445
chr16	79000001	79500000	-0.116701949066791
chr16	79500001	80000000	-0.133813680762666
chr16	80000001	80500000	-0.145138762436384
chr16	80500001	81000000	-0.0825525776746158
chr16	81000001	81500000	-0.16763027120128
chr16	81500001	82000000	-0.122511901122166
chr16	82000001	82500000	-0.108717831806869
chr16	82500001	83000000	-0.144428112745912
chr16	83000001	83500000	-0.153404791667741
chr16	83500001	84000000	-0.169615758390564
chr16	84000001	84500000	-0.111565703847301
chr16	84500001	85000000	-0.00571174447566038
chr16	85000001	85500000	-0.189021872597785
chr16	85500001	86000000	-0.154088376750893
chr16	86000001	86500000	-0.175180054686688
chr16	86500001	87000000	-0.159576120608415
chr16	87000001	87500000	-0.239403938227991
chr16	87500001	88000000	-0.252850510111006
chr16	88000001	88500000	NA
chr16	88500001	89000000	-0.0530334913441919
chr16	89000001	89500000	-0.133521340233965
chr16	89500001	90000000	-0.130800949990994
chr17	500001	1000000	0.0804058969805498
chr17	1000001	1500000	-0.00600236442284277
chr17	1500001	2000000	0.0205072562831853
chr17	2000001	2500000	0.0515054383900633
chr17	2500001	3000000	0.122046986979465
chr17	3000001	3500000	0.239654770396138
chr17	3500001	4000000	0.134449874544156
chr17	4000001	4500000	0.145773248544941
chr17	4500001	5000000	0.168348239926932
chr17	5000001	5500000	0.10993685454017
chr17	5500001	6000000	0.14967096188157
chr17	6000001	6500000	0.095772904709731
chr17	6500001	7000000	0.13454208701179
chr17	7000001	7500000	0.181728077010952
chr17	7500001	8000000	0.189485353555779
chr17	8000001	8500000	0.244074457071507
chr17	8500001	9000000	0.227742274117477
chr17	9000001	9500000	0.00239455037973037
chr17	9500001	10000000	0.152959023554115
chr17	10000001	10500000	0.152301434010501
chr17	10500001	11000000	0.165879557384204
chr17	11000001	11500000	0.110662020258346
chr17	11500001	12000000	-0.140671993433768
chr17	12000001	12500000	-0.155598672470393
chr17	12500001	13000000	-0.194962794857243
chr17	13000001	13500000	-0.141054753589248
chr17	13500001	14000000	-0.12081901832664
chr17	14000001	14500000	-0.102591783851428
chr17	14500001	15000000	-0.142553388888721
chr17	15000001	15500000	-0.202088231913068
chr17	16000001	16500000	-0.162281003330862
chr17	17000001	17500000	-0.198948436511024
chr17	17500001	18000000	-0.0195361313354561
chr17	18000001	18500000	-0.0298532952434589
chr17	19500001	20000000	-0.0607432981317846
chr17	20000001	20500000	0.0192152082511401
chr17	21000001	21500000	0.138480616692467
chr17	27500001	28000000	0.0878339584656598
chr17	28000001	28500000	0.0751226413487817
chr17	28500001	29000000	0.092941015485702
chr17	29000001	29500000	0.0177097098913896
chr17	29500001	30000000	-0.0975935820380508
chr17	30000001	30500000	-0.094440327075817
chr17	30500001	31000000	0.0771222253023996
chr17	31000001	31500000	0.0529859667552955
chr17	31500001	32000000	-0.21006552767442
chr17	32000001	32500000	-0.267172516060947
chr17	32500001	33000000	-0.346984378826308
chr17	33000001	33500000	-0.373004094020283
chr17	33500001	34000000	-0.075024720767536
chr17	34000001	34500000	-0.059001655440744
chr17	34500001	35000000	0.0150068611977634
chr17	35000001	35500000	0.109409867618057
chr17	35500001	36000000	0.0711125421479357
chr17	36500001	37000000	0.520232543250434
chr17	37000001	37500000	0.867214381702944
chr17	37500001	38000000	0.722797217486687
chr17	38500001	39000000	2.25762803604534
chr17	39000001	39500000	2.10514569324375
chr17	39500001	40000000	2.02530531478801
chr17	40000001	40500000	1.75429836005025
chr17	40500001	41000000	-0.135088425820239
chr17	41000001	41500000	-0.154751176667269
chr17	41500001	42000000	-0.131874749066548
chr17	42000001	42500000	-0.0593598309727387
chr17	42500001	43000000	-0.102700552599556
chr17	43000001	43500000	-0.290269781934858
chr17	43500001	44000000	-0.114255024828232
chr17	44000001	44500000	-0.0848258106195701
chr17	44500001	45000000	-0.108197179300229
chr17	45000001	45500000	-0.149981346639045
chr17	45500001	46000000	0.0136543506373207
chr17	47000001	47500000	-0.133419790810657
chr17	47500001	48000000	-0.160244602350907
chr17	48000001	48500000	-0.133583717628005
chr17	48500001	49000000	-0.161935251136665
chr17	49000001	49500000	-0.17836531132678
chr17	49500001	50000000	-0.14065816017611
chr17	50000001	50500000	-0.166864011562379
chr17	50500001	51000000	-0.0722659878444759
chr17	51000001	51500000	-0.143406964659544
chr17	51500001	52000000	-0.134244430281176
chr17	52000001	52500000	-0.142772379527988
chr17	52500001	53000000	-0.0846594143919729
chr17	53000001	53500000	-0.087554553819446
chr17	53500001	54000000	-0.147822946841641
chr17	54000001	54500000	-0.185304396525714
chr17	54500001	55000000	-0.103479753672306
chr17	55000001	55500000	-0.0580977192451783
chr17	55500001	56000000	-0.0449025820920802
chr17	56000001	56500000	-0.143556610626741
chr17	56500001	57000000	-0.00448376785361173
chr17	57000001	57500000	-0.125512493154372
chr17	57500001	58000000	-0.0931853033249065
chr17	58000001	58500000	-0.066707637265092
chr17	58500001	59000000	-0.122532899099844
chr17	59000001	59500000	-0.174071373484398
chr17	59500001	60000000	-0.184214899908761
chr17	60000001	60500000	-0.209772770186972
chr17	60500001	61000000	-0.0585842254986219
chr17	61000001	61500000	-0.130769948419374
chr17	61500001	62000000	-0.147175625529938
chr17	62000001	62500000	-0.150367081618817
chr17	62500001	63000000	-0.260464811409276
chr17	63000001	63500000	-0.0859395559509159
chr17	63500001	64000000	-0.0488625289726004
chr17	64000001	64500000	-0.0637105902131408
chr17	64500001	65000000	-0.156809367038704
chr17	65000001	65500000	-0.1383488831536
chr17	65500001	66000000	-0.133483175086738
chr17	66000001	66500000	-0.145360483391012
chr17	66500001	67000000	-0.177103019988083
chr17	67000001	67500000	-0.0731181379766754
chr17	67500001	68000000	-0.135195692953411
chr17	68000001	68500000	-0.0758810365039652
chr17	68500001	69000000	-0.154583268578361
chr17	69000001	69500000	-0.0642459423151081
chr17	69500001	70000000	-0.119503321427126
chr17	70000001	70500000	-0.0526676706652063
chr17	70500001	71000000	-0.103800861208396
chr17	71000001	71500000	-0.132724122257465
chr17	71500001	72000000	-0.113846255635455
chr17	72000001	72500000	-0.154682613842606
chr17	72500001	73000000	-0.157113422772445
chr17	73000001	73500000	-0.0532177217826241
chr17	73500001	74000000	-0.0835379399630536
chr17	74000001	74500000	-0.0767634450525316
chr17	74500001	75000000	-0.0428672514241959
chr17	75000001	75500000	-0.0634291394731051
chr17	75500001	76000000	-0.0607243518668256
chr17	76000001	76500000	-0.0631985677333354
chr17	76500001	77000000	-0.105602611258068
chr17	77000001	77500000	-0.049057261600632
chr17	77500001	78000000	-0.0954099392861483
chr17	78000001	78500000	-0.109080113538141
chr17	78500001	79000000	-0.192805608336989
chr17	79000001	79500000	-0.182171897934597
chr17	79500001	80000000	-0.15088842128468
chr17	80000001	80500000	-0.208984648367993
chr17	80500001	81000000	-0.165007278671227
chr17	81000001	81500000	NA
chr17	81500001	82000000	NA
chr17	82000001	82500000	-0.0407308903684044
chr17	82500001	83000000	-0.171165303483376
chr17	83000001	83500000	NA
chr18	1	500000	NA
chr18	500001	1000000	0.116203858755658
chr18	1000001	1500000	0.138089054681885
chr18	1500001	2000000	0.181259925168836
chr18	2000001	2500000	0.150742364172907
chr18	2500001	3000000	0.182616821364031
chr18	3000001	3500000	0.100673749077952
chr18	3500001	4000000	0.150344004825177
chr18	4000001	4500000	0.161477772377925
chr18	4500001	5000000	0.128991493519068
chr18	5000001	5500000	0.128217209160009
chr18	5500001	6000000	0.154791602278961
chr18	6000001	6500000	0.141819029169094
chr18	6500001	7000000	0.184932866584617
chr18	7000001	7500000	0.106024555912281
chr18	7500001	8000000	0.0825757105262469
chr18	8000001	8500000	0.170471560369273
chr18	8500001	9000000	0.0981879955609798
chr18	9000001	9500000	0.146220935018581
chr18	9500001	10000000	0.0787913118957776
chr18	10000001	10500000	0.112916070099023
chr18	10500001	11000000	0.148063907833048
chr18	11000001	11500000	0.199843529757948
chr18	11500001	12000000	0.11843674077677
chr18	12000001	12500000	0.127576668547828
chr18	12500001	13000000	0.207568482955079
chr18	13000001	13500000	0.131272296837074
chr18	13500001	14000000	0.161812346583375
chr18	22000001	22500000	-0.170658769959895
chr18	22500001	23000000	-0.168819396859627
chr18	23000001	23500000	-0.104649801742576
chr18	23500001	24000000	-0.162544547759988
chr18	24000001	24500000	-0.0810097013907947
chr18	24500001	25000000	-0.130823266914293
chr18	25000001	25500000	-0.122999318278663
chr18	25500001	26000000	-0.00548043962758332
chr18	26000001	26500000	-0.110699843981504
chr18	26500001	27000000	-0.167181394924483
chr18	27000001	27500000	-0.1900250756522
chr18	27500001	28000000	-0.12297706359795
chr18	28000001	28500000	-0.045005994350526
chr18	28500001	29000000	-0.156116260153871
chr18	29000001	29500000	-0.131407923418024
chr18	29500001	30000000	-0.229316322331271
chr18	30000001	30500000	-0.108081430925069
chr18	30500001	31000000	-0.0554626033226556
chr18	31000001	31500000	-0.201013103842244
chr18	31500001	32000000	0.0639232126529349
chr18	32000001	32500000	0.0137656761382579
chr18	32500001	33000000	-0.0138460015253154
chr18	33000001	33500000	0.00915520376185133
chr18	33500001	34000000	0.0129000221274012
chr18	34000001	34500000	-0.0581667682559582
chr18	34500001	35000000	0.0119257237609478
chr18	35000001	35500000	-0.00192020379775688
chr18	35500001	36000000	0.0587182183645788
chr18	36000001	36500000	0.00524307411800284
chr18	36500001	37000000	-0.00119842730364308
chr18	37000001	37500000	0.14057460942389
chr18	37500001	38000000	0.521758266124463
chr18	38000001	38500000	0.48158799679638
chr18	38500001	39000000	0.576821853854612
chr18	39000001	39500000	0.506789364476697
chr18	39500001	40000000	0.54044650603188
chr18	40000001	40500000	0.6403512627774
chr18	40500001	41000000	0.225312705573262
chr18	41000001	41500000	0.196880730365691
chr18	41500001	42000000	0.200930788861381
chr18	42000001	42500000	0.0836941989664298
chr18	42500001	43000000	0.15687048735061
chr18	43000001	43500000	0.127430408866582
chr18	43500001	44000000	0.163111181627175
chr18	44000001	44500000	0.0848266616932517
chr18	44500001	45000000	0.110007173908725
chr18	45000001	45500000	0.269004398083847
chr18	45500001	46000000	0.206468526126266
chr18	46000001	46500000	0.125016352046214
chr18	46500001	47000000	NA
chr18	47000001	47500000	NA
chr18	47500001	48000000	0.218982582023966
chr18	48000001	48500000	0.264321683917192
chr18	48500001	49000000	0.437509286831612
chr18	49000001	49500000	0.34354107707793
chr18	49500001	50000000	0.30995153033215
chr18	50000001	50500000	0.391623273256652
chr18	50500001	51000000	0.415590695116799
chr18	51000001	51500000	0.381141047364477
chr18	51500001	52000000	0.360761000439555
chr18	52000001	52500000	0.418775943221874
chr18	52500001	53000000	0.349038277228731
chr18	53000001	53500000	0.407838657695375
chr18	53500001	54000000	0.320623842117193
chr18	54000001	54500000	0.377474245632896
chr18	54500001	55000000	NA
chr18	55000001	55500000	0.128582890003251
chr18	55500001	56000000	-0.0305774292336589
chr18	56000001	56500000	-0.030489098647607
chr18	56500001	57000000	-0.0963345127664938
chr18	57000001	57500000	0.0275270337759336
chr18	57500001	58000000	0.0859339162509153
chr18	58000001	58500000	0.00979586024236529
chr18	58500001	59000000	-0.103559734944892
chr18	59000001	59500000	-0.0315929740181807
chr18	59500001	60000000	-0.103643685188801
chr18	60000001	60500000	-0.118049563474232
chr18	60500001	61000000	-0.0879117010737325
chr18	61000001	61500000	-0.00350267489657434
chr18	61500001	62000000	0.000410533285067273
chr18	62000001	62500000	0.0447453526501476
chr18	62500001	63000000	-0.0220177684253796
chr18	63000001	63500000	-0.0207276890084164
chr18	63500001	64000000	-0.00537869074937012
chr18	64000001	64500000	-0.0907054074245116
chr18	64500001	65000000	-0.0537689262059562
chr18	65000001	65500000	-0.100268522713832
chr18	65500001	66000000	-0.0206165604111876
chr18	66000001	66500000	0.00594772516083115
chr18	66500001	67000000	-0.0818900253375696
chr18	67000001	67500000	-0.0509600101486895
chr18	67500001	68000000	-0.0212585068806293
chr18	68000001	68500000	-0.0425740611647797
chr18	68500001	69000000	-0.10368744377592
chr18	69000001	69500000	-0.0445409476694072
chr18	69500001	70000000	0.0239226315373146
chr18	70000001	70500000	-0.0120585886258665
chr18	70500001	71000000	-0.0522425766525512
chr18	71000001	71500000	-0.105646197010406
chr18	71500001	72000000	-0.0488412424869516
chr18	72000001	72500000	-0.129587692692895
chr18	72500001	73000000	-0.0753764432308808
chr18	73000001	73500000	-0.0103930761571807
chr18	73500001	74000000	-0.0507387680861101
chr18	74000001	74500000	-0.089093349614275
chr18	74500001	75000000	-0.0652502403185641
chr18	75000001	75500000	-0.0592592080310489
chr18	75500001	76000000	-0.124175020725607
chr18	76000001	76500000	-0.012230858545618
chr18	76500001	77000000	0.0487479072503159
chr18	77000001	77500000	-0.063537267525146
chr18	77500001	78000000	-0.0434214806460213
chr18	78000001	78500000	-0.0343405679310209
chr18	78500001	79000000	-0.0206269174945654
chr18	79000001	79500000	-0.0511823774351584
chr18	79500001	80000000	-0.0930885313831053
chr19	500001	1000000	NA
chr19	1000001	1500000	NA
chr19	1500001	2000000	-0.0961742086211936
chr19	2000001	2500000	-0.149297430045599
chr19	2500001	3000000	-0.248168266069512
chr19	3000001	3500000	-0.0823594311108363
chr19	3500001	4000000	-0.291997509131621
chr19	4000001	4500000	-0.166517988223524
chr19	4500001	5000000	-0.17852662012305
chr19	5000001	5500000	-0.186861325012216
chr19	5500001	6000000	-0.190107361521042
chr19	6000001	6500000	-0.173278677594467
chr19	6500001	7000000	-0.0572005789676727
chr19	7000001	7500000	-0.00230242982185702
chr19	7500001	8000000	-0.0815305323429629
chr19	8000001	8500000	-0.263106339619867
chr19	8500001	9000000	-0.184976129165396
chr19	9000001	9500000	-0.115582329042992
chr19	9500001	10000000	-0.0925314632509497
chr19	10000001	10500000	-0.0923453162916723
chr19	10500001	11000000	-0.114527165019015
chr19	11000001	11500000	-0.0863112690696978
chr19	11500001	12000000	-0.0521033322352263
chr19	12000001	12500000	-0.149495252718387
chr19	12500001	13000000	-0.157167302748363
chr19	13000001	13500000	-0.123527803284518
chr19	13500001	14000000	-0.0966878554736736
chr19	14000001	14500000	-0.174940852648849
chr19	14500001	15000000	0.201525142321893
chr19	15000001	15500000	0.170676842739712
chr19	15500001	16000000	0.156435350609409
chr19	16000001	16500000	0.198034312996133
chr19	16500001	17000000	0.190939420093061
chr19	17000001	17500000	0.282829658811863
chr19	17500001	18000000	0.14364213842337
chr19	18000001	18500000	0.262567637075396
chr19	18500001	19000000	0.189327243041889
chr19	19000001	19500000	0.230486157525778
chr19	19500001	20000000	0.206235588238384
chr19	20000001	20500000	0.00974419775162895
chr19	20500001	21000000	0.172783629113885
chr19	21000001	21500000	0.125551976724097
chr19	21500001	22000000	0.171772106346049
chr19	22000001	22500000	0.0688056645344706
chr19	22500001	23000000	0.131532172123293
chr19	23000001	23500000	0.148091797879335
chr19	23500001	24000000	0.226975914579164
chr19	28500001	29000000	0.216979194521029
chr19	29000001	29500000	0.144708537664794
chr19	29500001	30000000	0.163493409393697
chr19	30000001	30500000	0.0695522293944002
chr19	30500001	31000000	-0.0700845286217977
chr19	31000001	31500000	0.0108276085134235
chr19	31500001	32000000	-0.00659061339289622
chr19	32000001	32500000	0.349870577340349
chr19	32500001	33000000	0.0393971157352441
chr19	33000001	33500000	0.0675841289289083
chr19	33500001	34000000	-0.253175218651689
chr19	34000001	34500000	-0.143901326089935
chr19	34500001	35000000	-0.0830258546758425
chr19	35000001	35500000	0.0550175834556807
chr19	35500001	36000000	0.148547100417057
chr19	36000001	36500000	0.108261967543176
chr19	36500001	37000000	0.361464172934334
chr19	37000001	37500000	0.408199191839894
chr19	37500001	38000000	0.729985663391422
chr19	38000001	38500000	0.701788570397915
chr19	38500001	39000000	0.49800444355374
chr19	39000001	39500000	-0.0818710140654151
chr19	39500001	40000000	-0.108193049967145
chr19	40000001	40500000	-0.0447497842193305
chr19	40500001	41000000	-0.103092602313018
chr19	41000001	41500000	-0.012203236792811
chr19	41500001	42000000	-0.112954573827251
chr19	42000001	42500000	-0.0295100098545717
chr19	43500001	44000000	-0.117650573882598
chr19	44000001	44500000	-0.0630322732474303
chr19	44500001	45000000	-0.0817806979719922
chr19	45000001	45500000	-0.152047545373924
chr19	45500001	46000000	-0.00587762349074372
chr19	46000001	46500000	-0.209324116557238
chr19	46500001	47000000	-0.119803204470853
chr19	47000001	47500000	-0.14630954056575
chr19	47500001	48000000	-0.318804845413853
chr19	48000001	48500000	-0.0545086682319806
chr19	48500001	49000000	-0.123218147798794
chr19	49000001	49500000	-0.212867122378687
chr19	49500001	50000000	-0.0136546188620091
chr19	50000001	50500000	0.630480793661812
chr19	50500001	51000000	0.635786695988299
chr19	51000001	51500000	1.12391264190583
chr19	51500001	52000000	1.19494759325957
chr19	52000001	52500000	0.763136977395613
chr19	52500001	53000000	0.547026761684979
chr19	53000001	53500000	0.671297163333978
chr19	53500001	54000000	0.741830668407215
chr19	54000001	54500000	0.992556307983006
chr19	54500001	55000000	1.00522042741915
chr19	55000001	55500000	0.120087601026543
chr19	55500001	56000000	-0.0154748835404917
chr19	56000001	56500000	-0.0860340274197335
chr19	56500001	57000000	-0.107167255323554
chr19	57000001	57500000	-0.0567739806039153
chr19	57500001	58000000	-0.200669726148013
chr19	58000001	58500000	-0.109869937651889
chr20	1	500000	NA
chr20	500001	1000000	-0.214761043923975
chr20	1000001	1500000	-0.231422256265053
chr20	1500001	2000000	-0.0766940241209657
chr20	2000001	2500000	-0.224960571924395
chr20	2500001	3000000	-0.242576137617632
chr20	3000001	3500000	-0.305414915789334
chr20	3500001	4000000	-0.173596551981709
chr20	4000001	4500000	-0.220006712154894
chr20	4500001	5000000	-0.140349620453159
chr20	5000001	5500000	-0.215892547357428
chr20	5500001	6000000	-0.20368317125077
chr20	6000001	6500000	-0.27464369949591
chr20	6500001	7000000	-0.159280201206357
chr20	7000001	7500000	-0.227570213240155
chr20	7500001	8000000	-0.2214593060904
chr20	8000001	8500000	-0.291014966041591
chr20	8500001	9000000	-0.243432578016845
chr20	9000001	9500000	-0.258650080963149
chr20	9500001	10000000	-0.210132766142444
chr20	10000001	10500000	-0.256896023112755
chr20	10500001	11000000	-0.194937155590212
chr20	11000001	11500000	-0.253697379285431
chr20	11500001	12000000	-0.198725822379531
chr20	12000001	12500000	-0.292333759294744
chr20	12500001	13000000	-0.194600132870976
chr20	13000001	13500000	-0.335477475190101
chr20	13500001	14000000	-0.223783240083312
chr20	14000001	14500000	-0.300632051290955
chr20	14500001	15000000	-0.192314377955877
chr20	15000001	15500000	-0.237190204207023
chr20	15500001	16000000	-0.247914105955064
chr20	16000001	16500000	-0.296641934732741
chr20	16500001	17000000	-0.213795050022851
chr20	17000001	17500000	-0.227593096226115
chr20	17500001	18000000	-0.25986900276623
chr20	18000001	18500000	-0.345012845111481
chr20	18500001	19000000	-0.27732376959781
chr20	19000001	19500000	-0.257014709004224
chr20	19500001	20000000	-0.156118235459785
chr20	20000001	20500000	-0.193766074880338
chr20	20500001	21000000	-0.204305154992736
chr20	21000001	21500000	-0.272535006397217
chr20	21500001	22000000	-0.222195425411252
chr20	22000001	22500000	-0.319833559378887
chr20	22500001	23000000	-0.296132134218464
chr20	23000001	23500000	-0.166115433093055
chr20	23500001	24000000	-0.192881247810114
chr20	24000001	24500000	-0.191158604606445
chr20	24500001	25000000	-0.304769819922966
chr20	25000001	25500000	-0.26661442246989
chr20	31500001	32000000	0.440367102302371
chr20	32000001	32500000	0.19537799531757
chr20	32500001	33000000	0.190913365369536
chr20	33000001	33500000	0.206397583718759
chr20	33500001	34000000	0.0894925740030788
chr20	34000001	34500000	0.0983209532831441
chr20	34500001	35000000	0.104951192752878
chr20	35000001	35500000	0.0637058310257643
chr20	35500001	36000000	0.00382799648787609
chr20	36000001	36500000	NA
chr20	36500001	37000000	-0.00415122978973236
chr20	37000001	37500000	0.0818614924563089
chr20	37500001	38000000	0.0620368913995224
chr20	38000001	38500000	0.0733490433345162
chr20	38500001	39000000	0.0229402028739485
chr20	39000001	39500000	0.105564715925952
chr20	39500001	40000000	-0.0323357342476771
chr20	40000001	40500000	0.0542507605938524
chr20	40500001	41000000	0.108762662810817
chr20	41000001	41500000	0.0952646373576035
chr20	41500001	42000000	-0.00320592412893847
chr20	42000001	42500000	0.0288433633070986
chr20	42500001	43000000	0.0612230310175134
chr20	43000001	43500000	-0.0273063857609283
chr20	43500001	44000000	0.0918308620871928
chr20	44000001	44500000	-0.0537015752693679
chr20	44500001	45000000	0.0388184677782716
chr20	45000001	45500000	0.0476947194664123
chr20	45500001	46000000	0.0585332283222981
chr20	46000001	46500000	0.138784631362099
chr20	46500001	47000000	0.310380371742717
chr20	47000001	47500000	0.134989998966346
chr20	47500001	48000000	0.192974085672171
chr20	48000001	48500000	0.245571618530972
chr20	48500001	49000000	0.395766905664999
chr20	49000001	49500000	0.302454651456376
chr20	49500001	50000000	0.340626737216237
chr20	50000001	50500000	0.265250550286312
chr20	50500001	51000000	0.157645485129986
chr20	51000001	51500000	0.274082929001949
chr20	51500001	52000000	0.200346023613261
chr20	52000001	52500000	0.285016759149864
chr20	52500001	53000000	0.327252349980162
chr20	53000001	53500000	0.262457319691655
chr20	53500001	54000000	0.31327642590181
chr20	54000001	54500000	0.266424490937317
chr20	54500001	55000000	0.266353860438913
chr20	55000001	55500000	0.322340413335906
chr20	55500001	56000000	0.207904548235148
chr20	56000001	56500000	0.331901449357236
chr20	56500001	57000000	0.21693507245151
chr20	57000001	57500000	0.248682818434753
chr20	57500001	58000000	0.273720404566243
chr20	58000001	58500000	0.303879170112824
chr20	58500001	59000000	0.307692349082493
chr20	59000001	59500000	0.227320949894908
chr20	59500001	60000000	0.287510488753894
chr20	60000001	60500000	0.357974066030866
chr20	60500001	61000000	0.282612888717849
chr20	61000001	61500000	0.254927680136929
chr20	61500001	62000000	0.289585782039813
chr20	62000001	62500000	0.18731437628829
chr20	62500001	63000000	0.300494121864712
chr20	63000001	63500000	0.16791360803018
chr20	63500001	64000000	0.272629206953487
chr21	14000001	14500000	0.154036763864302
chr21	14500001	15000000	0.205399078173486
chr21	15000001	15500000	0.186075666549867
chr21	15500001	16000000	0.100187691897198
chr21	16000001	16500000	0.109414867336642
chr21	16500001	17000000	0.136212327995186
chr21	17000001	17500000	0.10763037759127
chr21	17500001	18000000	0.173951241770437
chr21	18000001	18500000	0.190853327783844
chr21	18500001	19000000	0.187816018897913
chr21	19000001	19500000	0.0811293032148876
chr21	19500001	20000000	0.241389122463426
chr21	20000001	20500000	0.227010786705915
chr21	20500001	21000000	0.23936309985059
chr21	21000001	21500000	0.0672240673071283
chr21	21500001	22000000	0.155992891280239
chr21	22000001	22500000	0.104148675353737
chr21	22500001	23000000	0.19924221945967
chr21	23000001	23500000	0.179250341820888
chr21	23500001	24000000	0.213007770723437
chr21	24000001	24500000	0.146947546645459
chr21	24500001	25000000	0.183351727001056
chr21	25000001	25500000	0.113109344718225
chr21	25500001	26000000	0.186503416591541
chr21	26000001	26500000	0.15250976831802
chr21	26500001	27000000	0.230975167987196
chr21	27000001	27500000	0.144844894434417
chr21	27500001	28000000	0.190478462539269
chr21	28000001	28500000	0.0379815504482676
chr21	28500001	29000000	0.00160243615600034
chr21	29000001	29500000	-0.0208439400952694
chr21	29500001	30000000	-0.033891537373095
chr21	30000001	30500000	0.00776169261466531
chr21	30500001	31000000	0.00222616934151434
chr21	31000001	31500000	0.0327502451439351
chr21	31500001	32000000	NA
chr21	32000001	32500000	-0.0926488143347176
chr21	32500001	33000000	0.0404114919890076
chr21	33000001	33500000	0.113569066386244
chr21	33500001	34000000	-0.0459544565875562
chr21	34000001	34500000	-0.330956547474127
chr21	34500001	35000000	-0.0262521248667062
chr21	35000001	35500000	-0.0571575033072132
chr21	35500001	36000000	-0.0581489107634658
chr21	36000001	36500000	-0.125568552802642
chr21	36500001	37000000	-0.0982948234272816
chr21	37000001	37500000	-0.0659537094755162
chr21	37500001	38000000	0.00758867566573281
chr21	38000001	38500000	0.0622119000065683
chr21	38500001	39000000	NA
chr21	39000001	39500000	-0.0553444770077238
chr21	39500001	40000000	-0.0208717117611374
chr21	40000001	40500000	-0.043753294778575
chr21	40500001	41000000	-0.0272519897746077
chr21	41000001	41500000	-0.0535455413594174
chr21	41500001	42000000	NA
chr21	42000001	42500000	-0.117948449959418
chr21	42500001	43000000	NA
chr21	43500001	44000000	-0.18547689259279
chr21	44000001	44500000	-0.417502994567546
chr21	44500001	45000000	-0.133550203128758
chr21	45000001	45500000	-0.144766385352838
chr21	45500001	46000000	-0.171415865124035
chr21	46000001	46500000	-0.180802330494892
chr21	46500001	47000000	NA
chr22	17500001	18000000	0.043117850575619
chr22	19000001	19500000	0.00377377146284181
chr22	19500001	20000000	0.125326812573885
chr22	20000001	20500000	0.254655721935583
chr22	20500001	21000000	0.0970750194913039
chr22	21500001	22000000	-0.219411580924151
chr22	22000001	22500000	0.0438501996145211
chr22	22500001	23000000	-0.111373323511017
chr22	23000001	23500000	-0.147816195160616
chr22	23500001	24000000	-0.0809646741444873
chr22	24000001	24500000	-0.158109613790622
chr22	24500001	25000000	-0.0514234493619699
chr22	25000001	25500000	-0.180926179049146
chr22	25500001	26000000	-0.154201057780931
chr22	26000001	26500000	-0.106486031771951
chr22	26500001	27000000	-0.168057498285859
chr22	27000001	27500000	-0.133279572926049
chr22	27500001	28000000	-0.158940373768545
chr22	28000001	28500000	-0.174441181355808
chr22	28500001	29000000	-0.251900203934267
chr22	29000001	29500000	-0.179397270205142
chr22	29500001	30000000	-0.234603935989758
chr22	30000001	30500000	-0.10991792649724
chr22	30500001	31000000	-0.225406925852444
chr22	31000001	31500000	-0.167194487828227
chr22	31500001	32000000	-0.169862604392588
chr22	32000001	32500000	-0.214118137037322
chr22	32500001	33000000	-0.188715813294643
chr22	33000001	33500000	-0.171128383880353
chr22	33500001	34000000	-0.090476712968672
chr22	34000001	34500000	-0.155319922924385
chr22	34500001	35000000	-0.175226327187962
chr22	35000001	35500000	-0.165989457452827
chr22	35500001	36000000	-0.219344298144966
chr22	36000001	36500000	-0.0579864677658534
chr22	36500001	37000000	-0.00632639084361192
chr22	37000001	37500000	0.00405307444294189
chr22	37500001	38000000	-0.0641369246003747
chr22	38000001	38500000	-0.240998563747733
chr22	38500001	39000000	-0.0859554100099204
chr22	39000001	39500000	-0.181122717194112
chr22	39500001	40000000	-0.0971571076457007
chr22	40000001	40500000	-0.140448122465886
chr22	40500001	41000000	-0.0966304175849567
chr22	41000001	41500000	-0.126076485062801
chr22	41500001	42000000	-0.175254910612911
chr22	42000001	42500000	-0.157901465593772
chr22	42500001	43000000	-0.132824554501593
chr22	43000001	43500000	-0.317863737098736
chr22	43500001	44000000	-0.197885000882996
chr22	44000001	44500000	-0.24878870069902
chr22	44500001	45000000	-0.212886213044138
chr22	45000001	45500000	-0.213058496784924
chr22	45500001	46000000	-0.168481804121718
chr22	46000001	46500000	-0.208593114181771
chr22	46500001	47000000	-0.120745251215616
chr22	47000001	47500000	-0.222503330084919
chr22	47500001	48000000	-0.177355967371238
chr22	48000001	48500000	-0.223351146775547
chr22	48500001	49000000	-0.278624995442542
chr22	49000001	49500000	-0.251122119015759
chr22	49500001	50000000	NA
chr22	50000001	50500000	-0.0846051439275371
chr22	50500001	51000000	NA
chrX	3000001	3500000	-0.180982679283619
chrX	3500001	4000000	-0.385898684733205
chrX	4000001	4500000	-0.0573590277915332
chrX	4500001	5000000	-0.195426787289998
chrX	5000001	5500000	-0.173853836947104
chrX	5500001	6000000	-0.169979550110832
chrX	6000001	6500000	-0.0520041632141853
chrX	6500001	7000000	-0.182922264032481
chrX	7000001	7500000	-0.157583495914576
chrX	7500001	8000000	-0.171515103660613
chrX	8000001	8500000	-0.105731969432128
chrX	8500001	9000000	-0.15113535288286
chrX	9000001	9500000	-0.0776756221028684
chrX	9500001	10000000	-0.164843319614538
chrX	10000001	10500000	-0.161529021643619
chrX	10500001	11000000	-0.219356162148092
chrX	11000001	11500000	-0.0752920596030076
chrX	11500001	12000000	-0.162237701955862
chrX	12000001	12500000	-0.0571601978321664
chrX	12500001	13000000	-0.0524430476479325
chrX	13000001	13500000	-0.19141025041507
chrX	13500001	14000000	-0.147911574715788
chrX	14000001	14500000	-0.170567108266935
chrX	14500001	15000000	-0.168579544519629
chrX	15000001	15500000	-0.159312025424249
chrX	15500001	16000000	-0.161115375306508
chrX	16000001	16500000	-0.136756865962473
chrX	16500001	17000000	-0.105375954855155
chrX	17000001	17500000	-0.127640895785598
chrX	17500001	18000000	-0.131857541249911
chrX	18000001	18500000	-0.0837617133450614
chrX	18500001	19000000	-0.132111810402471
chrX	19000001	19500000	-0.258632751471259
chrX	19500001	20000000	-0.103471141975047
chrX	20000001	20500000	-0.0589335403598259
chrX	20500001	21000000	-0.100275222684133
chrX	21000001	21500000	-0.111805621817128
chrX	21500001	22000000	-0.249888066565089
chrX	22000001	22500000	-0.141006869550349
chrX	22500001	23000000	-0.138450126205491
chrX	23000001	23500000	-0.235330571024803
chrX	23500001	24000000	-0.223353372063584
chrX	24000001	24500000	-0.118421414744
chrX	24500001	25000000	-0.118600018964863
chrX	25000001	25500000	-0.154350456227817
chrX	25500001	26000000	-0.210844431417284
chrX	26000001	26500000	-0.164322211819605
chrX	26500001	27000000	-0.149142861119714
chrX	27000001	27500000	-0.220594956009164
chrX	27500001	28000000	-0.245912796585274
chrX	28000001	28500000	-0.410924213289867
chrX	28500001	29000000	-0.479121437412266
chrX	29000001	29500000	-0.40028624875139
chrX	29500001	30000000	-0.365232792597942
chrX	30000001	30500000	-0.391169219123565
chrX	30500001	31000000	-0.385562423429752
chrX	31000001	31500000	-0.416445280252394
chrX	31500001	32000000	-0.430807729383694
chrX	32000001	32500000	-0.325866766133766
chrX	32500001	33000000	-0.353606440851485
chrX	33000001	33500000	-0.378597438639158
chrX	33500001	34000000	-0.388732219194002
chrX	34000001	34500000	-0.322390969176742
chrX	34500001	35000000	-0.363145133963127
chrX	35000001	35500000	-0.39986617266632
chrX	35500001	36000000	-0.510242351045901
chrX	36000001	36500000	-0.432734210726441
chrX	36500001	37000000	-0.42359866271909
chrX	37500001	38000000	-0.343851766917194
chrX	38000001	38500000	-0.371950901084576
chrX	38500001	39000000	-0.361400436784983
chrX	39000001	39500000	-0.28191707157957
chrX	39500001	40000000	-0.0476686061229343
chrX	40000001	40500000	-0.0752015154182451
chrX	40500001	41000000	-0.0745703505825532
chrX	41000001	41500000	-0.0911304955726211
chrX	41500001	42000000	-0.130054104707478
chrX	42000001	42500000	-0.111326440479926
chrX	42500001	43000000	-0.059583467231588
chrX	43000001	43500000	-0.102305969310486
chrX	43500001	44000000	-0.0308116351525439
chrX	44000001	44500000	-0.0445712260789782
chrX	44500001	45000000	-0.0665584040205546
chrX	45000001	45500000	-0.0998665172745311
chrX	45500001	46000000	-0.0772797739443577
chrX	46000001	46500000	-0.0591472296308025
chrX	46500001	47000000	-0.0961987342576374
chrX	47000001	47500000	-0.0733181675266995
chrX	47500001	48000000	-0.0435700740262613
chrX	48500001	49000000	-0.0199556997525259
chrX	49500001	50000000	NA
chrX	50000001	50500000	NA
chrX	50500001	51000000	-0.121062191296843
chrX	51000001	51500000	0.0344010483020613
chrX	51500001	52000000	-0.116696276576716
chrX	52000001	52500000	-0.101016698654176
chrX	53000001	53500000	-0.0532902726166987
chrX	53500001	54000000	-0.00762328489393811
chrX	54000001	54500000	-0.0149155856367195
chrX	54500001	55000000	0.0631308962966727
chrX	55000001	55500000	-0.11541532460581
chrX	55500001	56000000	-0.0466964223310842
chrX	56000001	56500000	0.0850029983640131
chrX	56500001	57000000	0.0136629691213108
chrX	57000001	57500000	0.143028278313809
chrX	64000001	64500000	0.0203551367796948
chrX	64500001	65000000	0.0651613484426619
chrX	65000001	65500000	0.0588889813564316
chrX	65500001	66000000	0.0367439730930731
chrX	66000001	66500000	0.0365441919727369
chrX	66500001	67000000	0.00694310232453462
chrX	67000001	67500000	0.064024873710282
chrX	67500001	68000000	0.0168984390896655
chrX	68000001	68500000	-0.00555811952273822
chrX	68500001	69000000	0.0352120133415428
chrX	69000001	69500000	0.0252179117144604
chrX	69500001	70000000	0.069851523644179
chrX	70000001	70500000	0.0584662028333414
chrX	70500001	71000000	0.0675818206255664
chrX	71000001	71500000	0.0286837437042031
chrX	71500001	72000000	-0.182085042321479
chrX	72000001	72500000	0.083656559658742
chrX	73000001	73500000	0.0360922152010636
chrX	73500001	74000000	-0.028925547864257
chrX	74000001	74500000	0.0991355495340987
chrX	74500001	75000000	0.0612929746285727
chrX	75000001	75500000	0.0136478406833225
chrX	75500001	76000000	0.0945908898281938
chrX	76000001	76500000	-0.057159963397254
chrX	76500001	77000000	0.126390998020736
chrX	77000001	77500000	0.0368100584628226
chrX	77500001	78000000	-0.0460089485850296
chrX	78000001	78500000	-0.0475224385381407
chrX	78500001	79000000	0.0466154936294823
chrX	79000001	79500000	-0.00267135145312813
chrX	79500001	80000000	-0.014547220093741
chrX	80000001	80500000	-0.0297473043405074
chrX	80500001	81000000	0.00421779248639467
chrX	81000001	81500000	-0.0520068301506355
chrX	81500001	82000000	-0.0911083333652564
chrX	82000001	82500000	0.0228693506224784
chrX	82500001	83000000	-0.0021867951348353
chrX	83000001	83500000	-0.137274868683562
chrX	83500001	84000000	-0.0634976925000248
chrX	84000001	84500000	-0.0730548592935668
chrX	84500001	85000000	-0.328494038395677
chrX	85000001	85500000	-0.132394004512187
chrX	85500001	86000000	-0.230448502943892
chrX	86000001	86500000	-0.213895373376148
chrX	86500001	87000000	-0.170842245063832
chrX	87000001	87500000	-0.11026105421285
chrX	87500001	88000000	-0.202217709131833
chrX	88000001	88500000	-0.135159104183968
chrX	88500001	89000000	-0.158338989036941
chrX	91000001	91500000	-0.360922920386101
chrX	93000001	93500000	-0.345849877031689
chrX	93500001	94000000	-0.469713051772946
chrX	94000001	94500000	-0.463330068745623
chrX	94500001	95000000	-0.377012585306777
chrX	95000001	95500000	-0.359381070352595
chrX	95500001	96000000	-0.32919283276246
chrX	96000001	96500000	-0.37414666773078
chrX	96500001	97000000	-0.389050190520168
chrX	97000001	97500000	-0.427170205830747
chrX	97500001	98000000	-0.334716832313941
chrX	98000001	98500000	-0.385408733107273
chrX	98500001	99000000	-0.250488671702344
chrX	99000001	99500000	-0.34077099201056
chrX	99500001	100000000	-0.373875917278932
chrX	100000001	100500000	-0.364280228569426
chrX	100500001	101000000	-0.473336395427682
chrX	101000001	101500000	-0.361341721041811
chrX	101500001	102000000	-0.350540007897588
chrX	102500001	103000000	-0.312836428945696
chrX	103000001	103500000	-0.428365924738948
chrX	103500001	104000000	-0.39955595426525
chrX	104000001	104500000	-0.308629636424142
chrX	104500001	105000000	-0.310699066273268
chrX	105000001	105500000	-0.335935185241628
chrX	105500001	106000000	-0.377229275962519
chrX	106000001	106500000	-0.275640341381124
chrX	106500001	107000000	-0.332896356346479
chrX	107000001	107500000	-0.269412752474281
chrX	107500001	108000000	-0.314092380890278
chrX	108000001	108500000	-0.326910972462153
chrX	108500001	109000000	-0.424302476276876
chrX	109000001	109500000	-0.281926112739461
chrX	109500001	110000000	-0.350296328722897
chrX	110000001	110500000	-0.317328557442906
chrX	110500001	111000000	-0.393944320924491
chrX	111000001	111500000	-0.320285417802618
chrX	111500001	112000000	-0.435146061623779
chrX	112000001	112500000	-0.356132967014373
chrX	112500001	113000000	-0.45568480594344
chrX	113000001	113500000	-0.378622748207595
chrX	113500001	114000000	-0.435165064998782
chrX	114000001	114500000	NA
chrX	114500001	115000000	-0.345500603623525
chrX	115000001	115500000	-0.302630078236241
chrX	116000001	116500000	-0.385811943988928
chrX	116500001	117000000	NA
chrX	117000001	117500000	-0.385593660735503
chrX	117500001	118000000	-0.317832782804967
chrX	118000001	118500000	-0.320908793873376
chrX	118500001	119000000	-0.322235776952641
chrX	119000001	119500000	-0.227410452645199
chrX	119500001	120000000	-0.365524459072183
chrX	120000001	120500000	-0.513968041332161
chrX	121000001	121500000	-0.416850386893738
chrX	121500001	122000000	-0.426531240967083
chrX	122000001	122500000	-0.383251751068935
chrX	122500001	123000000	-0.367969613518753
chrX	123000001	123500000	-0.197362210904642
chrX	123500001	124000000	-0.19922479932194
chrX	124000001	124500000	-0.212540435273567
chrX	124500001	125000000	-0.169978809391388
chrX	125000001	125500000	-0.121546043739694
chrX	125500001	126000000	-0.0957757878709447
chrX	126000001	126500000	-0.210605319298073
chrX	126500001	127000000	-0.220182120171128
chrX	127000001	127500000	-0.25419908419426
chrX	127500001	128000000	-0.172570189161678
chrX	128000001	128500000	-0.210370087527868
chrX	128500001	129000000	-0.22314354686339
chrX	129000001	129500000	-0.147458658775658
chrX	129500001	130000000	-0.0516947012520616
chrX	130000001	130500000	-0.177576087821851
chrX	130500001	131000000	-0.149274302612468
chrX	131000001	131500000	-0.113866234755827
chrX	131500001	132000000	-0.181613055919026
chrX	132000001	132500000	-0.254283807690495
chrX	132500001	133000000	-0.15291136715049
chrX	133000001	133500000	-0.219078070760055
chrX	133500001	134000000	-0.163528749117217
chrX	134000001	134500000	-0.142073205923714
chrX	134500001	135000000	0.0402433761038537
chrX	135000001	135500000	-0.0396335859549295
chrX	136000001	136500000	0.0934859968916137
chrX	136500001	137000000	0.147587330968809
chrX	137000001	137500000	0.11630987168171
chrX	137500001	138000000	0.0982725447928551
chrX	138000001	138500000	-0.119980663285478
chrX	138500001	139000000	-0.12135449166303
chrX	139000001	139500000	0.016310611019225
chrX	139500001	140000000	-0.109154704994696
chrX	140000001	140500000	0.0456718450322945
chrX	140500001	141000000	-0.0913061704391962
chrX	141000001	141500000	-0.2136002212181
chrX	141500001	142000000	-0.203863548249918
chrX	142000001	142500000	-0.0426410556044333
chrX	142500001	143000000	-0.101654747211408
chrX	143000001	143500000	-0.0887059029476945
chrX	143500001	144000000	-0.0686132335479959
chrX	144500001	145000000	-0.0226690754382606
chrX	145000001	145500000	-0.022002871806866
chrX	145500001	146000000	-0.0258861669102699
chrX	146000001	146500000	-0.0675474477803118
chrX	146500001	147000000	-0.121927298711368
chrX	147000001	147500000	-0.0780158576007513
chrX	147500001	148000000	-0.154970280742948
chrX	148000001	148500000	-0.081891103750412
chrX	148500001	149000000	-0.0339495973778823
chrX	149000001	149500000	-0.115597958615514
chrX	149500001	150000000	-0.277121601825887
chrX	150000001	150500000	-0.0253563525249709
chrX	150500001	151000000	-0.0150570929481799
chrX	151000001	151500000	0.00431049199090032
chrX	151500001	152000000	-0.00695501802358397
chrX	152000001	152500000	-0.0168996259703972
chrX	152500001	153000000	-0.233629254987514
chrX	153000001	153500000	-0.298976758961755
chrX	153500001	154000000	-0.0227007823425966
chrX	154500001	155000000	-0.125460370596235
chrX	155000001	155500000	-0.250416633729337
