chr	start	end	log2_TNratio_corrected
chr1	1000001	1500000	NA
chr1	1500001	2000000	-0.201114838009849
chr1	2000001	2500000	-0.0944061221927146
chr1	2500001	3000000	NA
chr1	3000001	3500000	-0.168431774868415
chr1	3500001	4000000	0.0300511074944874
chr1	4000001	4500000	-0.0868612365754415
chr1	4500001	5000000	-0.0522985732325385
chr1	5000001	5500000	-0.100547875569684
chr1	5500001	6000000	-0.0492926153692178
chr1	6000001	6500000	-0.0637514366943366
chr1	6500001	7000000	-0.0329065289118215
chr1	7000001	7500000	-0.0339062802825615
chr1	7500001	8000000	-0.0189941444419029
chr1	8000001	8500000	-0.0461798925074579
chr1	8500001	9000000	0.00736698641289267
chr1	9000001	9500000	-0.0107737168757685
chr1	9500001	10000000	0.0358942551936424
chr1	10000001	10500000	0.0296089436531915
chr1	10500001	11000000	-0.0923644972425743
chr1	11000001	11500000	-0.0177726657808914
chr1	11500001	12000000	0.129287548279791
chr1	12000001	12500000	0.121164953224672
chr1	13500001	14000000	-0.0615349355391843
chr1	14000001	14500000	-0.0112062101225831
chr1	14500001	15000000	-0.0734419465545019
chr1	15000001	15500000	0.0230619682420948
chr1	15500001	16000000	0.00157931423020489
chr1	16000001	16500000	0.0264275413942567
chr1	17000001	17500000	0.0573290084001421
chr1	17500001	18000000	-0.189862306314208
chr1	18000001	18500000	-0.0788804475175057
chr1	18500001	19000000	-0.0595422068412982
chr1	19000001	19500000	-0.111280294300292
chr1	19500001	20000000	-0.111804237410534
chr1	20000001	20500000	-0.0714119625082686
chr1	20500001	21000000	-0.109638778890002
chr1	21000001	21500000	-0.0714863795191954
chr1	21500001	22000000	-0.0677434307642793
chr1	22000001	22500000	-0.0527546519057426
chr1	22500001	23000000	-0.0432872407376651
chr1	23000001	23500000	-0.000126859910533194
chr1	23500001	24000000	0.0992947904681823
chr1	24000001	24500000	-0.0218742516101809
chr1	24500001	25000000	-0.100289711473765
chr1	25000001	25500000	-0.136776733015069
chr1	25500001	26000000	0.0634706127095952
chr1	26000001	26500000	0.0205938761991939
chr1	26500001	27000000	0.0124852994060392
chr1	27000001	27500000	0.00453705154032337
chr1	27500001	28000000	0.0826056165640786
chr1	28000001	28500000	0.0717554977645409
chr1	28500001	29000000	-0.209160985759804
chr1	29000001	29500000	-0.131525146422439
chr1	29500001	30000000	NA
chr1	30000001	30500000	-0.178730196602434
chr1	30500001	31000000	-0.0642262619600413
chr1	31000001	31500000	-0.039555160575995
chr1	31500001	32000000	0.0459318964147598
chr1	32000001	32500000	-0.00754506929547889
chr1	32500001	33000000	-0.0843766595087529
chr1	33000001	33500000	-0.0258328445407358
chr1	33500001	34000000	-0.128717729914004
chr1	34000001	34500000	-0.0583982843974564
chr1	34500001	35000000	-0.0566897198393009
chr1	35000001	35500000	0.0503405173111826
chr1	35500001	36000000	0.132589173395018
chr1	36000001	36500000	0.0504785178103024
chr1	36500001	37000000	-0.00339552622309716
chr1	37000001	37500000	-0.0421308252352683
chr1	37500001	38000000	0.0332465131714534
chr1	38000001	38500000	0.012989201509458
chr1	38500001	39000000	0.0317842929255159
chr1	39000001	39500000	0.0841087152063828
chr1	39500001	40000000	0.00324738951557292
chr1	40000001	40500000	0.0861418240775755
chr1	40500001	41000000	0.0443723244088748
chr1	41000001	41500000	0.0201944698869484
chr1	41500001	42000000	0.112279925198489
chr1	42000001	42500000	-0.0414940907360743
chr1	42500001	43000000	0.0455513003441778
chr1	43000001	43500000	0.0617549736050181
chr1	43500001	44000000	0.00799256110878494
chr1	44000001	44500000	-0.0317325276454356
chr1	44500001	45000000	0.0767972497441134
chr1	45000001	45500000	-0.00758720374879556
chr1	45500001	46000000	0.0779564181444992
chr1	46000001	46500000	0.0420273363721843
chr1	46500001	47000000	0.125090216360818
chr1	47000001	47500000	-0.0280424344441912
chr1	47500001	48000000	-0.0542515202298452
chr1	48000001	48500000	0.0526492446646982
chr1	48500001	49000000	0.0819003117277299
chr1	49000001	49500000	0.0340072834389083
chr1	49500001	50000000	-0.108747209713198
chr1	50000001	50500000	-0.0482065570309791
chr1	50500001	51000000	0.0571648056833675
chr1	51000001	51500000	0.0693530707555543
chr1	51500001	52000000	0.0699543278221995
chr1	52000001	52500000	0.00327209536919864
chr1	52500001	53000000	0.0370047971692241
chr1	53000001	53500000	0.0472434547020629
chr1	53500001	54000000	-0.0787375472983591
chr1	54000001	54500000	0.00560113670782696
chr1	54500001	55000000	0.0213685319941813
chr1	55000001	55500000	0.0525674794969538
chr1	55500001	56000000	0.0581611007612539
chr1	56000001	56500000	-0.0187655879022762
chr1	56500001	57000000	-0.00461499483270821
chr1	57000001	57500000	-0.0439025027794141
chr1	57500001	58000000	0.0673997161640142
chr1	58000001	58500000	0.0139723233181785
chr1	58500001	59000000	0.0568032806589772
chr1	59000001	59500000	0.0897059823124927
chr1	59500001	60000000	0.13313315817144
chr1	60000001	60500000	0.118994913252665
chr1	60500001	61000000	0.115522914020633
chr1	61000001	61500000	0.067682593473163
chr1	61500001	62000000	0.0046890223220155
chr1	62000001	62500000	-0.0565970345629758
chr1	62500001	63000000	-0.0538679874478708
chr1	63000001	63500000	0.0345035774336033
chr1	63500001	64000000	0.144826682334597
chr1	64000001	64500000	0.0528415848714135
chr1	64500001	65000000	0.0265747218789664
chr1	65000001	65500000	0.0559297593657275
chr1	65500001	66000000	0.0783503024553861
chr1	66000001	66500000	0.0658793255631561
chr1	66500001	67000000	0.0393520909475927
chr1	67000001	67500000	-0.0523929773393065
chr1	67500001	68000000	0.111503958558881
chr1	68000001	68500000	0.0751084460778992
chr1	68500001	69000000	0.045056231589114
chr1	69000001	69500000	0.0601883646026868
chr1	69500001	70000000	0.0350623647051082
chr1	70000001	70500000	-0.0338234534822064
chr1	70500001	71000000	-0.0434876027128598
chr1	71000001	71500000	-0.075009455368469
chr1	71500001	72000000	-9.61495776721707e-05
chr1	72000001	72500000	0.0801438475281814
chr1	72500001	73000000	-0.116823276504708
chr1	73000001	73500000	0.00699755540902022
chr1	73500001	74000000	0.0447039053387145
chr1	74000001	74500000	0.0806224028701876
chr1	74500001	75000000	-0.00559967715899733
chr1	75000001	75500000	0.0217870952893975
chr1	75500001	76000000	0.017338088780638
chr1	76000001	76500000	0.0325109119136286
chr1	76500001	77000000	0.0168516346856347
chr1	77000001	77500000	0.0210749291514232
chr1	77500001	78000000	-0.0673812486458228
chr1	78000001	78500000	0.0893211376355071
chr1	78500001	79000000	-0.0371715748747778
chr1	79000001	79500000	0.0273766991130926
chr1	79500001	80000000	-0.0426359498302052
chr1	80000001	80500000	0.0713361021539489
chr1	80500001	81000000	0.00519601462135871
chr1	81000001	81500000	0.0472192995626169
chr1	81500001	82000000	-0.0422957462867416
chr1	82000001	82500000	-0.00596728059668086
chr1	82500001	83000000	0.0138483107530542
chr1	83500001	84000000	-0.0346811364722873
chr1	84000001	84500000	0.00400002695472904
chr1	84500001	85000000	0.0280825957596317
chr1	85000001	85500000	0.0132089921358811
chr1	85500001	86000000	0.139845696679141
chr1	86000001	86500000	0.0408455725065558
chr1	86500001	87000000	0.0395536970829519
chr1	87000001	87500000	0.0669106782919698
chr1	87500001	88000000	0.0715323127790115
chr1	88000001	88500000	0.0708173116993268
chr1	88500001	89000000	0.0974368490463715
chr1	89000001	89500000	0.103173856205408
chr1	89500001	90000000	0.0252282648335048
chr1	90000001	90500000	0.0136033833056899
chr1	90500001	91000000	0.0144472225915225
chr1	91000001	91500000	0.118004506716746
chr1	91500001	92000000	0.0285886369623961
chr1	92000001	92500000	0.0469899872682047
chr1	92500001	93000000	-0.0216876928301676
chr1	93000001	93500000	0.089329397712659
chr1	93500001	94000000	0.104015093533967
chr1	94000001	94500000	-0.0435322638011711
chr1	94500001	95000000	0.0942821758204969
chr1	95000001	95500000	0.0723932685937439
chr1	95500001	96000000	0.00605744373069103
chr1	96000001	96500000	-0.0607386456494838
chr1	96500001	97000000	0.045112080123668
chr1	97000001	97500000	0.12872215035512
chr1	97500001	98000000	0.120057107223785
chr1	98000001	98500000	-0.0647424521470428
chr1	98500001	99000000	-0.0177612049775435
chr1	99000001	99500000	-0.075468005777583
chr1	99500001	100000000	-0.146670316951651
chr1	100000001	100500000	0.0423556869692104
chr1	100500001	101000000	0.0310526712191921
chr1	101000001	101500000	0.0383614806199077
chr1	101500001	102000000	0.00215265683700457
chr1	102000001	102500000	-0.0817759605705596
chr1	102500001	103000000	0.0127705744097058
chr1	103000001	103500000	-0.0200568664793574
chr1	103500001	104000000	-0.285021625466294
chr1	104000001	104500000	-0.0300508289829426
chr1	104500001	105000000	0.0599291955001197
chr1	105000001	105500000	-0.0402004339448118
chr1	105500001	106000000	-0.00381297012348731
chr1	106000001	106500000	-0.00923025434634228
chr1	106500001	107000000	-0.0391927041646167
chr1	107000001	107500000	-0.098285706096997
chr1	107500001	108000000	-0.0482390245695902
chr1	108500001	109000000	-0.0526106004074412
chr1	109000001	109500000	-0.0477469284307915
chr1	109500001	110000000	0.0904378821532509
chr1	110000001	110500000	0.00935922052886952
chr1	110500001	111000000	-0.0198744545058763
chr1	111000001	111500000	0.0256271833403074
chr1	111500001	112000000	-0.0911645902153455
chr1	112000001	112500000	-0.126478319659315
chr1	112500001	113000000	0.0500970039306416
chr1	113000001	113500000	-0.079045104609515
chr1	113500001	114000000	-0.00726344636979741
chr1	114000001	114500000	-0.0182446152668839
chr1	114500001	115000000	-0.0435983552789242
chr1	115000001	115500000	-0.0927147264602835
chr1	115500001	116000000	-0.0315719936971501
chr1	116000001	116500000	0.0232209571952002
chr1	116500001	117000000	0.136553306059844
chr1	117000001	117500000	0.0758899567377842
chr1	117500001	118000000	0.0277402052134543
chr1	118000001	118500000	-0.0790644291007605
chr1	118500001	119000000	0.00789385951202885
chr1	119000001	119500000	0.0499097567957928
chr1	119500001	120000000	0.0259657483507744
chr1	145500001	146000000	0.0214609980862985
chr1	147000001	147500000	0.223468364273604
chr1	147500001	148000000	0.226580138191102
chr1	150000001	150500000	0.161402882861874
chr1	150500001	151000000	0.285704143937526
chr1	151000001	151500000	0.120595465830083
chr1	151500001	152000000	0.152055950980474
chr1	152000001	152500000	0.21935582739203
chr1	152500001	153000000	0.162789406667204
chr1	153000001	153500000	0.115223467430771
chr1	153500001	154000000	0.24672321688587
chr1	154000001	154500000	0.220133301797003
chr1	154500001	155000000	0.229823080487992
chr1	155000001	155500000	0.170384805079933
chr1	155500001	156000000	0.137371463745677
chr1	156000001	156500000	0.176318311602874
chr1	156500001	157000000	0.259096412018197
chr1	157000001	157500000	0.202611409534016
chr1	157500001	158000000	0.124677961753946
chr1	158000001	158500000	0.167533574643564
chr1	158500001	159000000	0.127378840662613
chr1	159000001	159500000	0.170693530455563
chr1	159500001	160000000	0.213836195247823
chr1	160000001	160500000	0.152532289788686
chr1	160500001	161000000	0.233722332059404
chr1	161000001	161500000	0.163759164658411
chr1	161500001	162000000	0.047097158534116
chr1	162000001	162500000	0.0737855260712401
chr1	162500001	163000000	0.0492478613714318
chr1	163000001	163500000	0.126349702481986
chr1	163500001	164000000	0.100904934261484
chr1	164000001	164500000	0.0569116181723703
chr1	164500001	165000000	0.0656656236499524
chr1	165000001	165500000	0.105320386880799
chr1	165500001	166000000	0.0427989477746853
chr1	166000001	166500000	0.0399855463532779
chr1	166500001	167000000	0.0602520520882606
chr1	167000001	167500000	0.0298343166217538
chr1	167500001	168000000	0.110998694063185
chr1	168000001	168500000	0.149951637142821
chr1	168500001	169000000	0.0733973954151149
chr1	169000001	169500000	0.102410961064781
chr1	169500001	170000000	0.0776074666932187
chr1	170000001	170500000	0.0644391464519175
chr1	170500001	171000000	0.116439054516318
chr1	171000001	171500000	0.161669826300498
chr1	171500001	172000000	0.0328951585286506
chr1	172000001	172500000	0.103220856876632
chr1	172500001	173000000	0.192851786060376
chr1	173000001	173500000	0.115164350655443
chr1	173500001	174000000	0.0818972604037806
chr1	174000001	174500000	0.0498782382207095
chr1	174500001	175000000	0.139821141387297
chr1	175000001	175500000	0.0584096597593146
chr1	175500001	176000000	0.0308682814663218
chr1	176000001	176500000	0.109005821110996
chr1	176500001	177000000	0.159715585104588
chr1	177000001	177500000	-0.0597357533369401
chr1	177500001	178000000	0.143810821129714
chr1	178000001	178500000	0.0689286802132476
chr1	178500001	179000000	0.0441465756675391
chr1	179000001	179500000	0.112241105401922
chr1	179500001	180000000	0.0480897906862893
chr1	180000001	180500000	0.0747797899205285
chr1	180500001	181000000	0.0464472020363556
chr1	181000001	181500000	0.176194140166129
chr1	181500001	182000000	0.105391583539643
chr1	182000001	182500000	0.140912177023781
chr1	182500001	183000000	0.0846666218581166
chr1	183000001	183500000	0.10338608146212
chr1	183500001	184000000	0.135447630353578
chr1	184000001	184500000	0.175450015681271
chr1	184500001	185000000	0.140463135429716
chr1	185000001	185500000	0.186366293203355
chr1	185500001	186000000	0.112196111419813
chr1	186000001	186500000	0.0455952726088325
chr1	186500001	187000000	0.149117446844942
chr1	187000001	187500000	0.0574066542473151
chr1	187500001	188000000	0.0895182754816539
chr1	188000001	188500000	0.128378656481983
chr1	188500001	189000000	0.0689402565945416
chr1	189000001	189500000	0.0789990205485558
chr1	189500001	190000000	0.0805237604693991
chr1	190000001	190500000	NA
chr1	190500001	191000000	0.106981231086103
chr1	191000001	191500000	0.0504460791726902
chr1	191500001	192000000	0.0985906368296745
chr1	192000001	192500000	0.0594290172172075
chr1	192500001	193000000	0.124280512678113
chr1	193000001	193500000	-0.00985290383493985
chr1	193500001	194000000	0.0136850992467108
chr1	194000001	194500000	0.000679879939639066
chr1	194500001	195000000	0.00373500917707882
chr1	195000001	195500000	-0.0465574782675839
chr1	195500001	196000000	-0.0613291400473684
chr1	196000001	196500000	0.0287567067601756
chr1	196500001	197000000	-0.0290696461119519
chr1	197000001	197500000	0.0167015946743186
chr1	197500001	198000000	0.0520328412706648
chr1	198000001	198500000	0.0501632933220865
chr1	198500001	199000000	0.0819989223029559
chr1	199000001	199500000	0.0698821679653976
chr1	199500001	200000000	0.0237874791298774
chr1	200000001	200500000	0.0211893528410786
chr1	200500001	201000000	0.0530631361837554
chr1	201000001	201500000	0.020531631469599
chr1	201500001	202000000	0.09065389631001
chr1	202000001	202500000	0.0366951433492263
chr1	202500001	203000000	0.107660338446848
chr1	203000001	203500000	0.128606275071464
chr1	203500001	204000000	0.100711187589123
chr1	204000001	204500000	0.0112176817092871
chr1	204500001	205000000	0.0188448201128227
chr1	205000001	205500000	0.0656955323612402
chr1	205500001	206000000	-0.0688833745682175
chr1	206500001	207000000	0.155299245061236
chr1	207000001	207500000	0.161677530894518
chr1	207500001	208000000	-0.0662762012074753
chr1	208000001	208500000	0.0655014510890089
chr1	208500001	209000000	0.0455154523430622
chr1	209000001	209500000	0.0388033416793821
chr1	209500001	210000000	0.0500743764981712
chr1	210000001	210500000	0.0311768347159495
chr1	210500001	211000000	0.109748719011188
chr1	211000001	211500000	-0.15188840605783
chr1	211500001	212000000	0.0419868911111358
chr1	212000001	212500000	0.0894233122727766
chr1	212500001	213000000	0.109797048032622
chr1	213000001	213500000	0.0449343944600649
chr1	213500001	214000000	0.031822207891634
chr1	214000001	214500000	-0.0588144659830178
chr1	214500001	215000000	-0.0576979737310515
chr1	215000001	215500000	-0.0261878699787499
chr1	215500001	216000000	0.0438793085014575
chr1	216000001	216500000	-0.117160518609583
chr1	216500001	217000000	0.00198295147528012
chr1	217000001	217500000	-0.0614713994094976
chr1	217500001	218000000	-0.00751089394318763
chr1	218000001	218500000	-0.0547044171149357
chr1	218500001	219000000	-0.0968970916548963
chr1	219000001	219500000	-0.0536968068680058
chr1	219500001	220000000	-0.0258952226035969
chr1	220000001	220500000	-0.0134741032093592
chr1	220500001	221000000	0.040835247400892
chr1	221000001	221500000	0.02199908514645
chr1	221500001	222000000	0.0669660142623306
chr1	222000001	222500000	0.0668276614955834
chr1	222500001	223000000	-0.0493241546622081
chr1	223000001	223500000	0.00510551318350384
chr1	224000001	224500000	-0.00370917131205449
chr1	224500001	225000000	-0.0612382063957988
chr1	225000001	225500000	-0.043183938936331
chr1	225500001	226000000	0.0365179363425056
chr1	226000001	226500000	0.00120833117580972
chr1	226500001	227000000	0.0289785486086789
chr1	227000001	227500000	-0.0209627695940264
chr1	227500001	228000000	0.0190686428049141
chr1	228000001	228500000	-0.0193764319968983
chr1	228500001	229000000	NA
chr1	229000001	229500000	0.12076616005907
chr1	229500001	230000000	0.0399815994475748
chr1	230000001	230500000	-0.0550867653172612
chr1	230500001	231000000	-0.0365812929184479
chr1	231000001	231500000	0.0726257853390595
chr1	231500001	232000000	0.271556182588662
chr1	232000001	232500000	0.0168758736694163
chr1	232500001	233000000	0.0214174836615114
chr1	233000001	233500000	0.0417039205108447
chr1	233500001	234000000	-0.0135086809382042
chr1	234000001	234500000	-0.0410086470027928
chr1	234500001	235000000	0.263930443659669
chr1	235000001	235500000	0.0575745846129397
chr1	235500001	236000000	0.128711570669121
chr1	236000001	236500000	-0.0382209195010131
chr1	236500001	237000000	-0.126227514144626
chr1	237000001	237500000	0.0257210099101117
chr1	237500001	238000000	-0.000345166339470383
chr1	238000001	238500000	0.0480596911070898
chr1	238500001	239000000	-0.0466114157097922
chr1	239000001	239500000	0.0240888090553892
chr1	239500001	240000000	0.12218035311606
chr1	240000001	240500000	-0.0523619026200147
chr1	240500001	241000000	-0.125000300642651
chr1	241000001	241500000	-0.0499960155580739
chr1	241500001	242000000	-0.0979759889443031
chr1	242000001	242500000	-0.0270274333874218
chr1	242500001	243000000	0.0413311246036612
chr1	243500001	244000000	0.0163237510315315
chr1	244000001	244500000	-0.0305464212974292
chr1	244500001	245000000	0.0560400831617232
chr1	245000001	245500000	-0.0146835444609282
chr1	245500001	246000000	0.0631992773894708
chr1	246000001	246500000	0.0125153589227332
chr1	246500001	247000000	0.131459466480343
chr1	247000001	247500000	0.029534981007176
chr1	247500001	248000000	0.0868444327882477
chr1	248000001	248500000	0.0426523563308217
chr1	248500001	249000000	NA
chr2	1	500000	NA
chr2	500001	1000000	-0.0248738045559397
chr2	1000001	1500000	-0.0342047409541755
chr2	1500001	2000000	-0.0462791248956041
chr2	2000001	2500000	0.0333130098506354
chr2	2500001	3000000	0.0149867758572712
chr2	3000001	3500000	0.0674516570040098
chr2	3500001	4000000	-0.0202024608053734
chr2	4000001	4500000	0.00886908250862015
chr2	4500001	5000000	0.0274765468362019
chr2	5000001	5500000	0.0456845924121612
chr2	5500001	6000000	0.0378889838190966
chr2	6000001	6500000	-0.0187647261427167
chr2	6500001	7000000	0.112194236242666
chr2	7000001	7500000	0.117984830667015
chr2	7500001	8000000	0.0638252474663073
chr2	8000001	8500000	0.192068228488473
chr2	8500001	9000000	0.21838682481952
chr2	9000001	9500000	0.130909237693646
chr2	9500001	10000000	0.0547301598264502
chr2	10000001	10500000	0.0568445933763352
chr2	10500001	11000000	-0.0533100944197824
chr2	11000001	11500000	-0.0360750941360047
chr2	11500001	12000000	0.109453513413063
chr2	12000001	12500000	0.132206443002199
chr2	12500001	13000000	0.116212399982386
chr2	13000001	13500000	0.0624160749109115
chr2	13500001	14000000	0.0135391214940313
chr2	14000001	14500000	0.0972536909745485
chr2	14500001	15000000	0.0823200479762316
chr2	15000001	15500000	0.13843663174514
chr2	15500001	16000000	0.044127210848268
chr2	16000001	16500000	NA
chr2	16500001	17000000	0.133552680362244
chr2	17000001	17500000	0.0514057839507047
chr2	17500001	18000000	0.152444333472601
chr2	18000001	18500000	0.0701738263297033
chr2	18500001	19000000	0.0686298097600998
chr2	19000001	19500000	0.132906647638559
chr2	19500001	20000000	0.0346673982512118
chr2	20000001	20500000	0.114467023821134
chr2	20500001	21000000	NA
chr2	21000001	21500000	0.0649596408557167
chr2	21500001	22000000	0.0307935675364329
chr2	22000001	22500000	-0.00240049336540212
chr2	22500001	23000000	0.0949187076141832
chr2	23000001	23500000	0.0126139159936987
chr2	23500001	24000000	0.0979238745130489
chr2	24000001	24500000	0.191438753541266
chr2	24500001	25000000	0.04958300343946
chr2	25000001	25500000	-0.0478924834076917
chr2	25500001	26000000	0.10521775326291
chr2	26000001	26500000	0.11340112908902
chr2	26500001	27000000	0.0862124016338376
chr2	27000001	27500000	0.152931374907149
chr2	27500001	28000000	0.166688492841937
chr2	28000001	28500000	0.077388352921045
chr2	28500001	29000000	0.170119983478944
chr2	29000001	29500000	0.141336939911864
chr2	29500001	30000000	0.1519691116306
chr2	30000001	30500000	0.0721583996690053
chr2	30500001	31000000	0.09846988972952
chr2	31000001	31500000	NA
chr2	31500001	32000000	NA
chr2	32000001	32500000	0.181734354240467
chr2	32500001	33000000	NA
chr2	33000001	33500000	-0.00458265326417741
chr2	33500001	34000000	0.11809715526375
chr2	34000001	34500000	0.110574765895709
chr2	34500001	35000000	-0.0388309489981442
chr2	35000001	35500000	0.115120077368231
chr2	35500001	36000000	0.111547074802505
chr2	36000001	36500000	0.134097952711803
chr2	36500001	37000000	0.0907553799602211
chr2	37000001	37500000	0.117895942391349
chr2	37500001	38000000	0.176599414263373
chr2	38000001	38500000	0.149848387397945
chr2	38500001	39000000	0.0795700319733723
chr2	39000001	39500000	0.0498074096899846
chr2	39500001	40000000	0.0818417802385019
chr2	40000001	40500000	0.11985214791589
chr2	40500001	41000000	0.00623106107457699
chr2	41000001	41500000	0.048056766644529
chr2	41500001	42000000	0.0812169229078311
chr2	42000001	42500000	0.162241412919519
chr2	42500001	43000000	0.0185362804678897
chr2	43000001	43500000	0.272304792653624
chr2	43500001	44000000	0.0217423318754253
chr2	44000001	44500000	0.0282139137008364
chr2	44500001	45000000	0.0959899546670491
chr2	45000001	45500000	0.0807226753242927
chr2	45500001	46000000	0.150660331668676
chr2	46000001	46500000	0.101290571768752
chr2	46500001	47000000	0.0976623704704624
chr2	47000001	47500000	0.0427536331859181
chr2	47500001	48000000	0.101616015329893
chr2	48000001	48500000	0.171085415273611
chr2	48500001	49000000	0.0494315353680691
chr2	49000001	49500000	0.0813500147352802
chr2	49500001	50000000	0.0126983944003479
chr2	50000001	50500000	0.0804556970122842
chr2	50500001	51000000	0.0878380672313717
chr2	51000001	51500000	0.020273143237526
chr2	51500001	52000000	0.137035974459366
chr2	52000001	52500000	0.0202326366866562
chr2	52500001	53000000	0.0480142834662462
chr2	53000001	53500000	0.00718616187955824
chr2	53500001	54000000	0.0159548709423539
chr2	54000001	54500000	0.0407975025890825
chr2	54500001	55000000	0.00328686130761467
chr2	55000001	55500000	0.141159207562797
chr2	55500001	56000000	0.0121015704677756
chr2	56000001	56500000	-0.0590179512908223
chr2	56500001	57000000	0.0527772339365594
chr2	57000001	57500000	0.0968920076014072
chr2	57500001	58000000	0.0809723494836087
chr2	58000001	58500000	0.0838483535067042
chr2	58500001	59000000	0.0258190159393245
chr2	59000001	59500000	0.102422450170812
chr2	59500001	60000000	0.0845595344639824
chr2	60000001	60500000	0.223097897698582
chr2	60500001	61000000	0.0651858111240614
chr2	61000001	61500000	0.0723084116218974
chr2	61500001	62000000	0.0825014144204803
chr2	62000001	62500000	0.15877145891747
chr2	62500001	63000000	0.0498582461821581
chr2	63000001	63500000	0.153865082400644
chr2	63500001	64000000	0.0839201437537881
chr2	64000001	64500000	0.293041757478128
chr2	64500001	65000000	0.175893824875091
chr2	65000001	65500000	0.128124791404978
chr2	65500001	66000000	0.0156252071148943
chr2	66000001	66500000	0.0442284371315379
chr2	66500001	67000000	0.0848193183235471
chr2	67000001	67500000	0.0838579910594721
chr2	67500001	68000000	-0.0805942408139301
chr2	68000001	68500000	0.022660751686911
chr2	68500001	69000000	0.0259111529572947
chr2	69000001	69500000	-0.0457892995657616
chr2	69500001	70000000	0.110846605515223
chr2	70000001	70500000	0.065972896095526
chr2	70500001	71000000	-0.00948787531450399
chr2	71000001	71500000	0.0665652517573909
chr2	71500001	72000000	0.0578381668877601
chr2	72000001	72500000	-0.0731443957279989
chr2	72500001	73000000	0.039839110081927
chr2	73000001	73500000	-0.00555969535461882
chr2	73500001	74000000	0.105536489385905
chr2	74000001	74500000	0.127083940108302
chr2	74500001	75000000	0.17446963513564
chr2	75000001	75500000	0.0158331432475873
chr2	75500001	76000000	-0.0753116088980254
chr2	76000001	76500000	-0.108788089773834
chr2	76500001	77000000	0.020232392613808
chr2	77000001	77500000	0.0422922655274845
chr2	77500001	78000000	-0.0041571893826166
chr2	78000001	78500000	-0.290547829359308
chr2	78500001	79000000	-0.185272373615104
chr2	79000001	79500000	0.000409262434968416
chr2	79500001	80000000	-0.0189271417634393
chr2	80000001	80500000	-0.0995271123295199
chr2	80500001	81000000	-0.0940536187037131
chr2	81000001	81500000	0.0372596133838689
chr2	81500001	82000000	0.00706588787246147
chr2	82000001	82500000	0.0804724555183051
chr2	82500001	83000000	0.0317173514878278
chr2	83000001	83500000	-0.0292927333256203
chr2	83500001	84000000	0.0546284075965057
chr2	84000001	84500000	-0.0771632666565338
chr2	84500001	85000000	-0.0322185013223701
chr2	85000001	85500000	-0.00979249360374724
chr2	85500001	86000000	0.0707826230262104
chr2	86000001	86500000	0.0814014827431029
chr2	88000001	88500000	-0.0886131887497712
chr2	88500001	89000000	0.111117869667709
chr2	96500001	97000000	-0.0582458082742475
chr2	97500001	98000000	-0.111520408614927
chr2	98000001	98500000	-0.0279252611683288
chr2	98500001	99000000	0.0976323369947366
chr2	99000001	99500000	0.0224745692060511
chr2	99500001	100000000	0.0741986208610811
chr2	100000001	100500000	0.0581682217505467
chr2	100500001	101000000	-0.10947850256781
chr2	101000001	101500000	0.0833839511765045
chr2	101500001	102000000	-0.0268817791020862
chr2	102000001	102500000	0.0753493724331777
chr2	102500001	103000000	0.0512786416049607
chr2	103000001	103500000	-0.0909408510276949
chr2	103500001	104000000	-0.105510669504323
chr2	104000001	104500000	-0.167972522982139
chr2	104500001	105000000	0.00912931649621478
chr2	105000001	105500000	0.0206839855606536
chr2	105500001	106000000	0.0798061089943455
chr2	106000001	106500000	0.0929243117809107
chr2	106500001	107000000	0.030143643200593
chr2	107000001	107500000	0.0361506451029939
chr2	107500001	108000000	0.0619066421869516
chr2	108000001	108500000	0.0321032736384009
chr2	108500001	109000000	0.0575154066989611
chr2	109000001	109500000	NA
chr2	110500001	111000000	-0.0861400147879852
chr2	111000001	111500000	-0.147751202468598
chr2	112000001	112500000	-0.0598383466721245
chr2	112500001	113000000	0.119381304164084
chr2	113000001	113500000	0.171679919430784
chr2	113500001	114000000	0.0250826114615695
chr2	114000001	114500000	-0.0476252819643114
chr2	114500001	115000000	-0.0120778261052126
chr2	115000001	115500000	-0.0470047065430077
chr2	115500001	116000000	-0.0268294944640813
chr2	116000001	116500000	-0.0255313855020482
chr2	116500001	117000000	-0.0726159223626235
chr2	117000001	117500000	-0.00464118137490624
chr2	117500001	118000000	0.0312873971791529
chr2	118000001	118500000	-0.06862497160937
chr2	118500001	119000000	0.0271018159701727
chr2	119000001	119500000	0.00394368102298642
chr2	119500001	120000000	-0.0177514572566807
chr2	120000001	120500000	-0.00833875189086362
chr2	120500001	121000000	-0.0768238694331328
chr2	121000001	121500000	-0.0823573558668574
chr2	121500001	122000000	0.0579161978005935
chr2	122000001	122500000	0.040065928543394
chr2	122500001	123000000	0.042163303324146
chr2	123000001	123500000	0.0260678433607193
chr2	123500001	124000000	0.0265099689429188
chr2	124000001	124500000	0.00102370989075565
chr2	124500001	125000000	-0.0288096408052761
chr2	125000001	125500000	-0.0354347502554939
chr2	125500001	126000000	-0.0537322674599242
chr2	126000001	126500000	0.0255752783037226
chr2	126500001	127000000	0.0442349681997719
chr2	127000001	127500000	-0.0416266930103104
chr2	127500001	128000000	-0.0188498490745487
chr2	128000001	128500000	-0.00995034433720352
chr2	128500001	129000000	-0.0555296324595773
chr2	129000001	129500000	0.0364637710974408
chr2	129500001	130000000	-0.120103200846124
chr2	132500001	133000000	-0.0980384570132623
chr2	133000001	133500000	0.0266250463526791
chr2	133500001	134000000	0.0260503938197573
chr2	134000001	134500000	0.0705516751314825
chr2	134500001	135000000	0.0359085677785888
chr2	135000001	135500000	0.00939762750393015
chr2	135500001	136000000	-0.0664215369049416
chr2	136000001	136500000	0.161995752245441
chr2	136500001	137000000	0.0259926589733857
chr2	137000001	137500000	-0.0632152852879122
chr2	137500001	138000000	-0.0601973260354546
chr2	138000001	138500000	-0.065809964732841
chr2	138500001	139000000	0.0143904821057458
chr2	139000001	139500000	-0.0877966522532739
chr2	139500001	140000000	-0.0593390951522606
chr2	140000001	140500000	0.0243633732894604
chr2	140500001	141000000	-0.0585925152584029
chr2	141000001	141500000	-0.0745966857812606
chr2	141500001	142000000	-0.0322995423297155
chr2	142000001	142500000	-0.0253549356664931
chr2	142500001	143000000	-0.0298973758117635
chr2	143000001	143500000	0.118119469303947
chr2	143500001	144000000	0.0318438885101563
chr2	144000001	144500000	0.110109699834872
chr2	144500001	145000000	0.152445164990215
chr2	145000001	145500000	0.0698455836560538
chr2	145500001	146000000	0.0367626288280402
chr2	146000001	146500000	0.113851400674933
chr2	146500001	147000000	0.016418830885981
chr2	147000001	147500000	0.00877239398318634
chr2	147500001	148000000	-0.0522994381677582
chr2	148000001	148500000	-0.00789227242138086
chr2	148500001	149000000	0.110232946101825
chr2	149000001	149500000	0.154775839112295
chr2	149500001	150000000	-0.0179666275696313
chr2	150000001	150500000	0.0464729012895975
chr2	150500001	151000000	-0.0154382955968164
chr2	151000001	151500000	-0.0920255084534634
chr2	151500001	152000000	-0.0258272656363211
chr2	152000001	152500000	0.00526148775640905
chr2	152500001	153000000	0.0732929922421016
chr2	153000001	153500000	-0.16014919819909
chr2	153500001	154000000	0.0172106800628228
chr2	154000001	154500000	-0.000749888813293947
chr2	154500001	155000000	-0.0222113552793149
chr2	155000001	155500000	0.115103145304521
chr2	155500001	156000000	0.0377963859938138
chr2	156000001	156500000	0.0485199455627876
chr2	156500001	157000000	-0.0989043612892176
chr2	157000001	157500000	0.0751960363465648
chr2	157500001	158000000	-0.0346332655643217
chr2	158000001	158500000	0.135048996410376
chr2	158500001	159000000	0.0300449280189939
chr2	159000001	159500000	0.0120092594039379
chr2	159500001	160000000	0.183342117946208
chr2	160000001	160500000	0.065479197820152
chr2	160500001	161000000	-0.0196244437052897
chr2	161000001	161500000	0.0733394220638423
chr2	161500001	162000000	-0.0208755961388309
chr2	162000001	162500000	0.0709382432652727
chr2	162500001	163000000	-0.00563173086484992
chr2	163000001	163500000	0.0320194243115507
chr2	163500001	164000000	-0.0179773214507815
chr2	164000001	164500000	-0.00235438348348279
chr2	164500001	165000000	0.0793355301553802
chr2	165000001	165500000	0.0780507972941229
chr2	165500001	166000000	0.0299851840016975
chr2	166000001	166500000	0.0324989584540477
chr2	166500001	167000000	0.0443699078358714
chr2	167000001	167500000	0.0210296598366687
chr2	167500001	168000000	0.0110061580755595
chr2	168000001	168500000	0.0490001176794906
chr2	168500001	169000000	0.0518715750528433
chr2	169000001	169500000	0.115678824186983
chr2	169500001	170000000	0.0558817248920751
chr2	170000001	170500000	0.019162293162103
chr2	170500001	171000000	-0.0416576819202971
chr2	171000001	171500000	-0.0772695041943197
chr2	171500001	172000000	0.0184501505421549
chr2	172000001	172500000	0.0322858758746658
chr2	172500001	173000000	-0.0518989290121563
chr2	173000001	173500000	-0.0364512274572205
chr2	173500001	174000000	0.0412202609139087
chr2	174000001	174500000	0.0406055355103862
chr2	174500001	175000000	0.0315211816011674
chr2	175000001	175500000	-0.0385961972095853
chr2	175500001	176000000	0.0863135303807612
chr2	176000001	176500000	-0.033200028967153
chr2	176500001	177000000	-0.0664578224836058
chr2	177000001	177500000	-0.0136713291014671
chr2	177500001	178000000	0.0523401762326723
chr2	178000001	178500000	-0.0698199154382744
chr2	178500001	179000000	-0.033618821676358
chr2	179000001	179500000	-0.0448922580933692
chr2	179500001	180000000	0.0349002431106452
chr2	180000001	180500000	-0.0749292765536015
chr2	180500001	181000000	0.0100710709911216
chr2	181000001	181500000	-0.00452741130942103
chr2	181500001	182000000	0.0483032478525221
chr2	182000001	182500000	-0.112354549719943
chr2	182500001	183000000	-0.0878850409837547
chr2	183000001	183500000	0.0450993248082652
chr2	183500001	184000000	-0.099418321737971
chr2	184000001	184500000	-0.00334198916753473
chr2	184500001	185000000	-0.0155064203618287
chr2	185000001	185500000	-0.0178006983883057
chr2	185500001	186000000	-0.0897525381133747
chr2	186000001	186500000	-0.0314108057530562
chr2	186500001	187000000	-0.0860810929296838
chr2	187000001	187500000	-0.0280816833945572
chr2	187500001	188000000	-0.0244883041488575
chr2	188000001	188500000	-0.164112119107997
chr2	188500001	189000000	-0.0476777024817896
chr2	189000001	189500000	0.010289576095708
chr2	189500001	190000000	-0.0523459315422426
chr2	190000001	190500000	-0.0550870752414537
chr2	190500001	191000000	0.00502432147283424
chr2	191000001	191500000	-0.0741618871524467
chr2	191500001	192000000	-0.0464734289858138
chr2	192000001	192500000	-0.0671629798631573
chr2	192500001	193000000	-0.0942920648394682
chr2	193000001	193500000	NA
chr2	193500001	194000000	-0.0723669434918752
chr2	194000001	194500000	-0.0400701029812523
chr2	194500001	195000000	-0.0243709747525693
chr2	195000001	195500000	-0.00956398914749994
chr2	195500001	196000000	-0.0799455684903419
chr2	196000001	196500000	0.0475381796152157
chr2	196500001	197000000	-0.0111210498425769
chr2	197000001	197500000	0.0524692816585389
chr2	197500001	198000000	-0.0515300572032502
chr2	198000001	198500000	0.114526670289789
chr2	198500001	199000000	0.0406389749510713
chr2	199000001	199500000	-0.0063463466890339
chr2	199500001	200000000	0.0247694430118386
chr2	200000001	200500000	-0.0234814280974367
chr2	200500001	201000000	0.000569208533164965
chr2	201000001	201500000	0.0951004942740097
chr2	201500001	202000000	-0.00524223606835938
chr2	202000001	202500000	-0.00609798412895285
chr2	202500001	203000000	0.081578447783606
chr2	203000001	203500000	-0.081934979602103
chr2	203500001	204000000	-0.0456886470601679
chr2	204000001	204500000	0.0208207407507872
chr2	204500001	205000000	0.0439028263847539
chr2	205000001	205500000	-0.0367505833247147
chr2	205500001	206000000	0.0184489086555931
chr2	206000001	206500000	-0.0806598834677258
chr2	206500001	207000000	-0.0146059174279927
chr2	207000001	207500000	0.0478709712543805
chr2	207500001	208000000	0.0779829543404111
chr2	208000001	208500000	0.0496930987032814
chr2	208500001	209000000	0.104207390299704
chr2	209000001	209500000	0.016540747669727
chr2	209500001	210000000	-0.0320318752298224
chr2	210000001	210500000	0.0239792828387212
chr2	210500001	211000000	0.0400693570036014
chr2	211000001	211500000	-0.00443967525543923
chr2	211500001	212000000	-0.0141776741685446
chr2	212000001	212500000	0.00570849893695036
chr2	212500001	213000000	0.050227952070014
chr2	213000001	213500000	0.0505078382513772
chr2	213500001	214000000	0.00642654284512108
chr2	214000001	214500000	0.00704694611243642
chr2	214500001	215000000	-0.0220596929383199
chr2	215000001	215500000	-0.112141684300648
chr2	215500001	216000000	0.0800484784338461
chr2	216000001	216500000	0.0637122085192283
chr2	216500001	217000000	0.126293690237961
chr2	217000001	217500000	0.0883587591288239
chr2	217500001	218000000	0.0753787305792881
chr2	218000001	218500000	0.118451415128347
chr2	218500001	219000000	-0.0378699162827655
chr2	219000001	219500000	-0.0374262089538865
chr2	219500001	220000000	-0.0312513979295799
chr2	220000001	220500000	-0.10308005187206
chr2	220500001	221000000	-0.0165897974904485
chr2	221000001	221500000	0.0569611492371423
chr2	221500001	222000000	0.0642511089217354
chr2	222000001	222500000	-0.0316344321837831
chr2	222500001	223000000	-0.0219982665643328
chr2	223000001	223500000	-0.0541645797496319
chr2	223500001	224000000	0.0445286280206856
chr2	224000001	224500000	0.0505005880266883
chr2	224500001	225000000	0.0416818235465767
chr2	225000001	225500000	-0.0168226068021303
chr2	225500001	226000000	-0.0533839101411795
chr2	226000001	226500000	0.0423217192314627
chr2	226500001	227000000	0.0657347483266962
chr2	227000001	227500000	0.0197146490016371
chr2	227500001	228000000	-0.0113853872257497
chr2	228000001	228500000	0.0143729062294829
chr2	228500001	229000000	-0.041117172027573
chr2	229000001	229500000	-0.0534291945419825
chr2	229500001	230000000	-0.0475357801225004
chr2	230000001	230500000	0.119645320933859
chr2	230500001	231000000	-0.0138327717361547
chr2	231000001	231500000	0.0508566263711876
chr2	231500001	232000000	0.07368699472559
chr2	232000001	232500000	0.0687397346186268
chr2	232500001	233000000	-0.00584524975756758
chr2	233000001	233500000	NA
chr2	233500001	234000000	0.113796018092037
chr2	234000001	234500000	-0.0482551975878308
chr2	234500001	235000000	0.0296232639418596
chr2	235000001	235500000	-0.00861499202915164
chr2	235500001	236000000	-0.0832998803451884
chr2	236000001	236500000	-0.134584247600542
chr2	236500001	237000000	0.0210979270818661
chr2	237000001	237500000	0.0213583003310908
chr2	237500001	238000000	0.00533311578012635
chr2	238000001	238500000	0.0245699547434133
chr2	238500001	239000000	NA
chr2	239000001	239500000	0.0310889785625333
chr2	239500001	240000000	NA
chr2	240000001	240500000	-0.0912127429832309
chr2	240500001	241000000	0.0099144129271619
chr2	241000001	241500000	-0.0339149442918835
chr2	241500001	242000000	-0.0217942086137458
chr3	1	500000	NA
chr3	500001	1000000	-0.0202655977140451
chr3	1000001	1500000	0.013164451955842
chr3	1500001	2000000	0.00523787036189784
chr3	2000001	2500000	0.00406317056477094
chr3	2500001	3000000	-0.0155463267080682
chr3	3000001	3500000	-0.0132523935177899
chr3	3500001	4000000	0.041586492703915
chr3	4000001	4500000	0.111226711349434
chr3	4500001	5000000	0.102465878515409
chr3	5000001	5500000	0.0897872195869251
chr3	5500001	6000000	0.010082050050973
chr3	6000001	6500000	-0.0583303951133007
chr3	6500001	7000000	-0.0136656771451664
chr3	7000001	7500000	0.0555751365054102
chr3	7500001	8000000	0.0317053993289441
chr3	8000001	8500000	0.0975053622654637
chr3	8500001	9000000	0.013725470877551
chr3	9000001	9500000	0.0149376736892303
chr3	9500001	10000000	-0.042381145667288
chr3	10000001	10500000	-0.00925990724317854
chr3	10500001	11000000	-0.0432145618060154
chr3	11000001	11500000	0.0853696142430893
chr3	11500001	12000000	-0.0175661839714874
chr3	12000001	12500000	0.0515868463982513
chr3	12500001	13000000	0.1847959532862
chr3	13000001	13500000	0.0108286326681534
chr3	13500001	14000000	-0.0163578580670088
chr3	14000001	14500000	0.128809450658948
chr3	14500001	15000000	0.00747715836130296
chr3	15000001	15500000	0.0262474942233876
chr3	15500001	16000000	0.120849677939846
chr3	16000001	16500000	0.00357071753766654
chr3	16500001	17000000	NA
chr3	17000001	17500000	0.0667247276085366
chr3	17500001	18000000	0.0581955467229408
chr3	18000001	18500000	0.000349994030940284
chr3	18500001	19000000	-0.0575640289995758
chr3	19000001	19500000	0.00725555476183284
chr3	19500001	20000000	-0.018897876492289
chr3	20000001	20500000	-0.00479184778492813
chr3	20500001	21000000	-0.0209278128699068
chr3	21000001	21500000	-0.00447231792228321
chr3	21500001	22000000	0.151270018907019
chr3	22000001	22500000	0.0758717683942008
chr3	22500001	23000000	0.0974551875490044
chr3	23000001	23500000	-0.0498838893949649
chr3	23500001	24000000	-0.0273998242536718
chr3	24000001	24500000	-0.0181412210342975
chr3	24500001	25000000	-0.0924676193279042
chr3	25000001	25500000	-0.0973496882318914
chr3	25500001	26000000	-0.053966520254174
chr3	26000001	26500000	-0.0214426602778186
chr3	26500001	27000000	-0.032730434958351
chr3	27000001	27500000	0.00918369980336131
chr3	27500001	28000000	-0.143408813171655
chr3	28000001	28500000	0.0508758246529303
chr3	28500001	29000000	-0.0246344670913329
chr3	29000001	29500000	-0.0455603349418504
chr3	29500001	30000000	-0.00557064376935646
chr3	30000001	30500000	0.00781441931003838
chr3	30500001	31000000	0.116263085427383
chr3	31000001	31500000	0.17445644483988
chr3	31500001	32000000	0.140669732414339
chr3	32000001	32500000	0.0699019426876771
chr3	32500001	33000000	0.0755835671067029
chr3	33000001	33500000	0.0201926915353381
chr3	33500001	34000000	0.014574240987925
chr3	34000001	34500000	0.0873248865860546
chr3	34500001	35000000	0.0748519515113199
chr3	35000001	35500000	-0.0105856953008528
chr3	35500001	36000000	-0.0731388754870433
chr3	36000001	36500000	0.0701291594866568
chr3	36500001	37000000	0.0221277363731573
chr3	37000001	37500000	0.0739066089484212
chr3	37500001	38000000	0.145523915561264
chr3	38000001	38500000	0.0915801894260521
chr3	38500001	39000000	0.000638777894315101
chr3	39000001	39500000	0.0154143403430486
chr3	39500001	40000000	0.0442619215120181
chr3	40000001	40500000	0.0493261612034248
chr3	40500001	41000000	-0.0605157368494471
chr3	41000001	41500000	-0.0146040545769203
chr3	41500001	42000000	-0.0191854447557065
chr3	42000001	42500000	-0.0398925966108958
chr3	42500001	43000000	-0.0152415117120295
chr3	43000001	43500000	0.194917921017546
chr3	43500001	44000000	0.0418649933780261
chr3	44000001	44500000	-0.00751217281693816
chr3	44500001	45000000	0.0323011615423508
chr3	45000001	45500000	0.0357266655146379
chr3	45500001	46000000	0.135160427285685
chr3	46000001	46500000	0.103528953604816
chr3	46500001	47000000	0.0454847985480002
chr3	47000001	47500000	-0.0450318227953002
chr3	47500001	48000000	0.0609901708330133
chr3	48000001	48500000	0.0472693469005796
chr3	48500001	49000000	0.0563333828189338
chr3	49000001	49500000	0.0516190582489254
chr3	49500001	50000000	0.0274010521921154
chr3	50000001	50500000	0.10255629615004
chr3	50500001	51000000	0.011292889111375
chr3	51000001	51500000	-0.0407889211730615
chr3	51500001	52000000	-0.0176150105757516
chr3	52000001	52500000	0.0403019895188416
chr3	52500001	53000000	-0.0188190847119431
chr3	53000001	53500000	0.147194547028658
chr3	53500001	54000000	0.0198124238925015
chr3	54000001	54500000	-0.0619303998993289
chr3	54500001	55000000	-0.0799711934722743
chr3	55000001	55500000	-0.0463132177689693
chr3	55500001	56000000	-0.0279470194054001
chr3	56000001	56500000	-0.051948761441962
chr3	56500001	57000000	0.016339830054976
chr3	57000001	57500000	0.0206627611213081
chr3	57500001	58000000	-0.0330692342734624
chr3	58000001	58500000	0.0487045159021382
chr3	58500001	59000000	-0.00703109141239157
chr3	59000001	59500000	0.0147236268886524
chr3	59500001	60000000	0.024536869016868
chr3	60000001	60500000	NA
chr3	60500001	61000000	-0.0416731388549346
chr3	61000001	61500000	-0.0318737089802902
chr3	61500001	62000000	0.0287444187363739
chr3	62000001	62500000	-0.0654168330022369
chr3	62500001	63000000	-0.0117779855332701
chr3	63000001	63500000	-0.0205828616513571
chr3	63500001	64000000	0.0424648290722619
chr3	64000001	64500000	-0.068122002124347
chr3	64500001	65000000	-0.065340218243656
chr3	65000001	65500000	-0.024161025248197
chr3	65500001	66000000	-0.0206392630310129
chr3	66000001	66500000	NA
chr3	66500001	67000000	-0.00401273803794414
chr3	67000001	67500000	-0.0247890748586595
chr3	67500001	68000000	-0.0175942584399498
chr3	68000001	68500000	-0.0705488025371974
chr3	68500001	69000000	-0.0435602775557306
chr3	69000001	69500000	0.0686432456214244
chr3	69500001	70000000	-0.0767456918396676
chr3	70000001	70500000	-0.0657308581948319
chr3	70500001	71000000	-0.00303623334778624
chr3	71000001	71500000	0.0534938021101064
chr3	71500001	72000000	0.122222420347343
chr3	72000001	72500000	0.0754741510085146
chr3	72500001	73000000	0.0894001248248923
chr3	73000001	73500000	-0.0497405346796178
chr3	73500001	74000000	-0.109162329188596
chr3	74000001	74500000	-0.0248815818951227
chr3	74500001	75000000	-0.0345919635664271
chr3	75000001	75500000	0.160366898757989
chr3	76000001	76500000	0.0800648685700998
chr3	76500001	77000000	-0.0182145257906714
chr3	77000001	77500000	-0.0775349765365542
chr3	77500001	78000000	-0.0868730179894653
chr3	78000001	78500000	0.0500127482871653
chr3	78500001	79000000	0.000867947001365426
chr3	79000001	79500000	-0.0170321225122456
chr3	79500001	80000000	-0.0126809643236585
chr3	80000001	80500000	-0.00344799283168549
chr3	80500001	81000000	-0.0194415534918637
chr3	81000001	81500000	0.0671315372507663
chr3	81500001	82000000	0.101267808765035
chr3	82000001	82500000	-0.0530398094910933
chr3	82500001	83000000	0.0129083365037892
chr3	83000001	83500000	NA
chr3	83500001	84000000	0.0280568477120473
chr3	84000001	84500000	0.0690844724647478
chr3	84500001	85000000	-0.0528156898405337
chr3	85000001	85500000	NA
chr3	85500001	86000000	-0.0908399104099096
chr3	86000001	86500000	-0.028598691798536
chr3	86500001	87000000	-0.0248110748162184
chr3	87000001	87500000	0.0470137703778135
chr3	94500001	95000000	0.0182965694527244
chr3	95000001	95500000	0.105048395444453
chr3	95500001	96000000	0.014120209031543
chr3	96000001	96500000	-0.062413984202163
chr3	96500001	97000000	0.0122346510254265
chr3	97000001	97500000	-0.0893754187645856
chr3	97500001	98000000	-0.0858733328147404
chr3	98000001	98500000	-0.0758115499993809
chr3	98500001	99000000	-0.0776813866811257
chr3	99000001	99500000	-0.0690640571711772
chr3	99500001	100000000	-0.102326473974013
chr3	100000001	100500000	0.0967707671492681
chr3	100500001	101000000	-0.0932149459700091
chr3	101000001	101500000	-0.0335673610206457
chr3	101500001	102000000	-0.030316326304624
chr3	102000001	102500000	-0.0286599012027434
chr3	102500001	103000000	-0.091111819686549
chr3	103000001	103500000	-0.054605571764921
chr3	103500001	104000000	0.0324860987138308
chr3	104000001	104500000	-0.0240178401398033
chr3	104500001	105000000	0.00977770990163403
chr3	105000001	105500000	0.00810477172183404
chr3	105500001	106000000	0.0210690416217305
chr3	106000001	106500000	0.0280152889859836
chr3	106500001	107000000	-0.0819838085763129
chr3	107000001	107500000	-0.00631358170096031
chr3	107500001	108000000	-0.0219811843663237
chr3	108000001	108500000	0.0517448550667245
chr3	108500001	109000000	-0.0124641363059122
chr3	109000001	109500000	-0.00143408760026737
chr3	109500001	110000000	-0.0789402346329963
chr3	110000001	110500000	-0.135284992058604
chr3	110500001	111000000	-0.0558570285299795
chr3	111000001	111500000	0.0346474141056227
chr3	111500001	112000000	0.110884907360433
chr3	112000001	112500000	0.0344583064736319
chr3	112500001	113000000	0.144431481755431
chr3	113000001	113500000	0.07412575802795
chr3	113500001	114000000	0.0465390124493825
chr3	114000001	114500000	0.0939243700532619
chr3	114500001	115000000	0.139191719765478
chr3	115000001	115500000	0.0612481149382716
chr3	115500001	116000000	-0.0232140535316204
chr3	116000001	116500000	0.0377433739886967
chr3	116500001	117000000	0.0958693113391202
chr3	117000001	117500000	0.0200380062572256
chr3	117500001	118000000	0.0811904434264038
chr3	118000001	118500000	-0.0799198918238751
chr3	118500001	119000000	0.0576659962183182
chr3	119000001	119500000	0.0238920399166115
chr3	119500001	120000000	0.0487779374989889
chr3	120000001	120500000	0.174327662842656
chr3	120500001	121000000	0.0202208175202832
chr3	121000001	121500000	0.135231748665831
chr3	121500001	122000000	0.162881402187443
chr3	122000001	122500000	0.0252915337029037
chr3	122500001	123000000	0.138339595818639
chr3	123000001	123500000	-0.00859595855276062
chr3	123500001	124000000	0.0992276766657395
chr3	124000001	124500000	0.0703604408297619
chr3	124500001	125000000	0.0881862929043717
chr3	125000001	125500000	0.12011645392936
chr3	126000001	126500000	-0.00589175706296022
chr3	126500001	127000000	0.148743802606132
chr3	127000001	127500000	0.0203937296321856
chr3	127500001	128000000	-0.0293435122678792
chr3	128000001	128500000	0.0445666143135327
chr3	128500001	129000000	0.0710262280940771
chr3	129000001	129500000	0.108169261707198
chr3	129500001	130000000	0.0987029700342181
chr3	130500001	131000000	-0.0129323468889779
chr3	131000001	131500000	0.0339470062061606
chr3	131500001	132000000	0.0136088673919061
chr3	132000001	132500000	0.0486146926955532
chr3	132500001	133000000	0.079812106465488
chr3	133000001	133500000	0.0869913637753052
chr3	133500001	134000000	0.0511609776679973
chr3	134000001	134500000	-0.0134913273044467
chr3	134500001	135000000	0.0591883120590496
chr3	135000001	135500000	0.026225806931145
chr3	135500001	136000000	-0.0625518169417674
chr3	136000001	136500000	0.00975022386671443
chr3	136500001	137000000	-0.017643466395483
chr3	137000001	137500000	-0.00373151737923656
chr3	137500001	138000000	-0.0474515215041156
chr3	138000001	138500000	0.0710371555001792
chr3	138500001	139000000	0.00410023174050497
chr3	139000001	139500000	0.0749870422035827
chr3	139500001	140000000	0.00620385540491306
chr3	140000001	140500000	-0.0528811014390241
chr3	140500001	141000000	-0.0493226901381759
chr3	141000001	141500000	0.101187193627373
chr3	141500001	142000000	0.0336685053075432
chr3	142000001	142500000	0.0845185646730433
chr3	142500001	143000000	0.124062874712182
chr3	143000001	143500000	0.000890465942552307
chr3	143500001	144000000	-0.014309614056693
chr3	144000001	144500000	-0.0334708708482069
chr3	144500001	145000000	-0.0827209478070542
chr3	145000001	145500000	-0.106799958308472
chr3	145500001	146000000	0.0475257757193235
chr3	146000001	146500000	-0.039686364342237
chr3	146500001	147000000	-0.0314208339332506
chr3	147000001	147500000	-0.0840191058927072
chr3	147500001	148000000	-0.00264370844763412
chr3	148000001	148500000	-0.0850876103758861
chr3	148500001	149000000	0.0489616974053493
chr3	149000001	149500000	0.0664488863637407
chr3	149500001	150000000	0.0686058274394422
chr3	150000001	150500000	0.045811988697141
chr3	150500001	151000000	0.0965870432231642
chr3	151000001	151500000	0.152204840750784
chr3	151500001	152000000	0.00294011494858324
chr3	152000001	152500000	0.0598493798899979
chr3	152500001	153000000	0.0110197707844123
chr3	153000001	153500000	0.0472682709810235
chr3	153500001	154000000	-0.0219063960182506
chr3	154000001	154500000	0.00279226479581191
chr3	154500001	155000000	-0.00869196802397973
chr3	155000001	155500000	0.0207193475514356
chr3	155500001	156000000	0.0334681035601902
chr3	156000001	156500000	-0.0452753898691162
chr3	156500001	157000000	0.0306714365293093
chr3	157000001	157500000	0.0718821046753136
chr3	157500001	158000000	-0.0835183890284701
chr3	158000001	158500000	0.0263479599545985
chr3	158500001	159000000	0.0528594133321682
chr3	159000001	159500000	0.0900131573775928
chr3	159500001	160000000	0.114275264758651
chr3	160000001	160500000	0.121311949646725
chr3	160500001	161000000	0.123750642142967
chr3	161000001	161500000	0.0313112429224591
chr3	161500001	162000000	0.127061476204454
chr3	162000001	162500000	0.0726962467407698
chr3	162500001	163000000	0.100988003371736
chr3	163000001	163500000	0.0589677343788555
chr3	163500001	164000000	0.0377830496918711
chr3	164000001	164500000	0.0776360482963419
chr3	164500001	165000000	0.079857229336619
chr3	165000001	165500000	0.0358176572729166
chr3	165500001	166000000	0.066563127143021
chr3	166000001	166500000	0.117864158738446
chr3	166500001	167000000	0.22110159955149
chr3	167000001	167500000	0.134516564142059
chr3	167500001	168000000	0.23900453376889
chr3	168000001	168500000	0.0979191365704371
chr3	168500001	169000000	0.164120249619154
chr3	169000001	169500000	0.0776638515635002
chr3	169500001	170000000	0.246030450700288
chr3	170000001	170500000	0.134182707101799
chr3	170500001	171000000	0.0610984657838723
chr3	171000001	171500000	0.12079322423822
chr3	171500001	172000000	0.189327228017585
chr3	172000001	172500000	0.177300923916297
chr3	172500001	173000000	0.157787270722973
chr3	173000001	173500000	0.121361975852132
chr3	173500001	174000000	0.165986639204293
chr3	174000001	174500000	0.178696110110177
chr3	174500001	175000000	0.242941752601257
chr3	175000001	175500000	0.117492793198045
chr3	175500001	176000000	0.065819165525052
chr3	176000001	176500000	0.279782158617387
chr3	176500001	177000000	0.180025333058538
chr3	177000001	177500000	0.0952661379697604
chr3	177500001	178000000	0.169601423993086
chr3	178000001	178500000	0.136469609770394
chr3	178500001	179000000	0.174706412480639
chr3	179000001	179500000	0.132453030847705
chr3	179500001	180000000	0.111375886940051
chr3	180000001	180500000	0.0498260825720037
chr3	180500001	181000000	0.0815321946589093
chr3	181000001	181500000	0.117372980896781
chr3	181500001	182000000	0.051227387126761
chr3	182000001	182500000	0.186486036130006
chr3	182500001	183000000	0.111656144422669
chr3	183000001	183500000	0.132059076670967
chr3	183500001	184000000	0.0354941912882174
chr3	184000001	184500000	0.105662305787718
chr3	184500001	185000000	0.14747620736725
chr3	185000001	185500000	0.0701476813744246
chr3	185500001	186000000	0.0431337030559351
chr3	186000001	186500000	0.21856532615118
chr3	186500001	187000000	0.268210365411106
chr3	187000001	187500000	0.0997798834298895
chr3	187500001	188000000	0.187503467618928
chr3	188000001	188500000	0.184131210818956
chr3	188500001	189000000	0.114544573087067
chr3	189000001	189500000	-0.0375882776261664
chr3	189500001	190000000	0.0531216132305127
chr3	190000001	190500000	0.000991888489577321
chr3	190500001	191000000	0.0935993770071245
chr3	191000001	191500000	0.0540405013854699
chr3	191500001	192000000	-0.0218254857376706
chr3	192000001	192500000	0.0141699762263316
chr3	192500001	193000000	0.182998742702961
chr3	193000001	193500000	0.0702148422545998
chr3	193500001	194000000	0.0590872532262016
chr3	194000001	194500000	0.103855992817154
chr3	194500001	195000000	0.12349984556037
chr3	195000001	195500000	0.142929052896658
chr3	195500001	196000000	0.0594387685480809
chr3	196000001	196500000	0.047343572732115
chr3	196500001	197000000	0.022194838764353
chr3	197000001	197500000	0.183729095295594
chr3	197500001	198000000	-0.082542797161425
chr4	1	500000	NA
chr4	500001	1000000	-0.0621166423047744
chr4	1000001	1500000	NA
chr4	1500001	2000000	0.0877109723725216
chr4	2000001	2500000	-0.0801662456309221
chr4	2500001	3000000	0.0475085019730242
chr4	3000001	3500000	-0.054151143692674
chr4	3500001	4000000	0.222669974157341
chr4	4500001	5000000	-0.00330111252576532
chr4	5000001	5500000	-0.00596486217115259
chr4	5500001	6000000	-0.0749960574466097
chr4	6000001	6500000	-0.140930592717203
chr4	6500001	7000000	-0.0198281162242216
chr4	7000001	7500000	-0.023977021728223
chr4	7500001	8000000	-0.134900281072448
chr4	8000001	8500000	0.0815655385318054
chr4	8500001	9000000	NA
chr4	10000001	10500000	0.153369659101824
chr4	10500001	11000000	0.0834450164035679
chr4	11000001	11500000	-0.0630708426885141
chr4	11500001	12000000	-0.00827080436278249
chr4	12000001	12500000	-0.0889838396550978
chr4	12500001	13000000	-0.0700276637199796
chr4	13000001	13500000	-0.103833465866085
chr4	13500001	14000000	-0.00449095733011377
chr4	14000001	14500000	-0.0386167622694391
chr4	14500001	15000000	0.0320615459435861
chr4	15000001	15500000	0.0250563343471097
chr4	15500001	16000000	0.104963433344453
chr4	16000001	16500000	-0.0672513168645322
chr4	16500001	17000000	-0.0667535013898249
chr4	17000001	17500000	-0.115221966105958
chr4	17500001	18000000	-0.0393640733849957
chr4	18000001	18500000	-0.0694458714083189
chr4	18500001	19000000	-0.124605827176303
chr4	19000001	19500000	-0.064098302448063
chr4	19500001	20000000	-0.108359680728549
chr4	20000001	20500000	-0.0887448383078994
chr4	20500001	21000000	-0.121485934199009
chr4	21000001	21500000	-0.0676850344222415
chr4	21500001	22000000	-0.126630480077296
chr4	22000001	22500000	-0.0811641909193477
chr4	22500001	23000000	-0.074221991016586
chr4	23000001	23500000	-0.146261025966065
chr4	23500001	24000000	-0.120841404666843
chr4	24000001	24500000	-0.100026236233779
chr4	24500001	25000000	-0.101212691000262
chr4	25000001	25500000	-0.0522107342373017
chr4	25500001	26000000	-0.0957932264862277
chr4	26000001	26500000	-0.0744551321828535
chr4	26500001	27000000	-0.0485457731775522
chr4	27000001	27500000	-0.233832436179251
chr4	27500001	28000000	-0.18246870203957
chr4	28000001	28500000	0.0158959870274362
chr4	28500001	29000000	-0.0437838987192817
chr4	29000001	29500000	-0.0385107134357697
chr4	29500001	30000000	-0.186635815361211
chr4	30000001	30500000	-0.112786746059229
chr4	30500001	31000000	-0.104166028512409
chr4	31000001	31500000	-0.0721629897474886
chr4	31500001	32000000	NA
chr4	32000001	32500000	-0.0909270919915166
chr4	32500001	33000000	NA
chr4	33000001	33500000	-0.0718213597232905
chr4	33500001	34000000	-0.0299874522180734
chr4	34000001	34500000	-0.0866847422918417
chr4	34500001	35000000	-0.131358687930748
chr4	35000001	35500000	-0.076321130363402
chr4	35500001	36000000	0.0164308779051824
chr4	36000001	36500000	-0.0175201845421829
chr4	36500001	37000000	0.063678424064642
chr4	37000001	37500000	-0.0571577837224213
chr4	37500001	38000000	0.0738310930001304
chr4	38000001	38500000	0.0895443508302321
chr4	38500001	39000000	0.0849204819213596
chr4	39000001	39500000	-0.0423534284341886
chr4	39500001	40000000	-0.147518709216628
chr4	40000001	40500000	0.00455990072024304
chr4	40500001	41000000	-0.0115496762873987
chr4	41000001	41500000	-0.00199123338443539
chr4	41500001	42000000	-0.0866796993470641
chr4	42000001	42500000	-0.0912209426257904
chr4	42500001	43000000	-0.124351758976203
chr4	43000001	43500000	-0.172705840060435
chr4	43500001	44000000	-0.0714097370927776
chr4	44000001	44500000	-0.0473235322460561
chr4	44500001	45000000	-0.0971738422868218
chr4	45000001	45500000	0.000471253675586208
chr4	45500001	46000000	-0.148860596200577
chr4	46000001	46500000	-0.0612112608019157
chr4	46500001	47000000	-0.0394476588918047
chr4	47000001	47500000	-0.127643391528469
chr4	47500001	48000000	0.0666400532349728
chr4	52000001	52500000	0.105387436393388
chr4	52500001	53000000	-0.0129668159937486
chr4	53000001	53500000	0.048416850012177
chr4	53500001	54000000	-0.0143489376456833
chr4	54000001	54500000	0.053109399289626
chr4	54500001	55000000	0.0228778948653776
chr4	55000001	55500000	-0.0177578312637569
chr4	55500001	56000000	-0.0113513898383463
chr4	56000001	56500000	-0.103676762875951
chr4	56500001	57000000	0.00667583331837017
chr4	57000001	57500000	-0.0601107789769619
chr4	57500001	58000000	-0.0347593059056501
chr4	58000001	58500000	-0.0898757435556212
chr4	58500001	59000000	NA
chr4	59000001	59500000	-0.00882084429804189
chr4	59500001	60000000	0.0415737680731301
chr4	60000001	60500000	-0.0341036704067914
chr4	60500001	61000000	-0.0156610195432856
chr4	61000001	61500000	-0.0962005929448628
chr4	61500001	62000000	0.00507494920133397
chr4	62000001	62500000	0.0260476399044874
chr4	62500001	63000000	0.146740052029798
chr4	63000001	63500000	0.0604865542753698
chr4	63500001	64000000	-0.00440010664024941
chr4	64000001	64500000	-0.0343607876129335
chr4	64500001	65000000	-0.0630086506275392
chr4	65000001	65500000	-0.0737107206846273
chr4	65500001	66000000	-0.0745293155149961
chr4	66000001	66500000	-0.171256630838112
chr4	66500001	67000000	-0.123940331845171
chr4	67000001	67500000	-0.012998053269563
chr4	67500001	68000000	-0.0221660879997272
chr4	68000001	68500000	0.00771352160107032
chr4	68500001	69000000	0.0515551099596375
chr4	69000001	69500000	-0.0889536521899146
chr4	69500001	70000000	-0.0421370381602694
chr4	70000001	70500000	-0.0761301123461631
chr4	70500001	71000000	-0.082204557422488
chr4	71000001	71500000	-0.0616018523552752
chr4	71500001	72000000	0.0259149994367234
chr4	72000001	72500000	0.0338816510906824
chr4	72500001	73000000	-0.0482105915994476
chr4	73000001	73500000	0.00141580925224802
chr4	73500001	74000000	0.086522166897869
chr4	74000001	74500000	0.0421142915513873
chr4	74500001	75000000	0.037815585533386
chr4	75000001	75500000	0.112625676672792
chr4	75500001	76000000	-0.0160115717522131
chr4	76000001	76500000	0.112272605987617
chr4	76500001	77000000	-0.0536818067395281
chr4	77000001	77500000	-0.040519407820549
chr4	77500001	78000000	-0.0986422636154774
chr4	78000001	78500000	0.0395770270583158
chr4	78500001	79000000	0.0378675012882554
chr4	79000001	79500000	0.0299435119439521
chr4	79500001	80000000	0.0499282374399172
chr4	80000001	80500000	0.0425792907049293
chr4	80500001	81000000	0.0728496980673942
chr4	81000001	81500000	0.0375026329161657
chr4	81500001	82000000	-0.0196149169636333
chr4	82000001	82500000	-0.0836938544223995
chr4	82500001	83000000	-0.0858272220011591
chr4	83000001	83500000	0.0818707843555457
chr4	83500001	84000000	0.013778836188341
chr4	84000001	84500000	-0.0672521789025155
chr4	84500001	85000000	0.0562488400267045
chr4	85000001	85500000	-0.00573549196242262
chr4	85500001	86000000	0.0310219609672887
chr4	86000001	86500000	0.0997511061054592
chr4	86500001	87000000	0.0985977356558054
chr4	87000001	87500000	0.0994129908213193
chr4	87500001	88000000	0.122417204459889
chr4	88000001	88500000	0.0114608259112683
chr4	88500001	89000000	0.06742753011451
chr4	89000001	89500000	0.146253612877267
chr4	89500001	90000000	0.0812766509899157
chr4	90000001	90500000	0.0873625903386129
chr4	90500001	91000000	0.0829388542844687
chr4	91000001	91500000	0.0630442244749392
chr4	91500001	92000000	0.0788770377466298
chr4	92000001	92500000	0.0824329602067751
chr4	92500001	93000000	0.00126130542565496
chr4	93000001	93500000	0.137696021140184
chr4	93500001	94000000	0.0807582936278662
chr4	94000001	94500000	0.0861677128961047
chr4	94500001	95000000	-0.0466223412702768
chr4	95000001	95500000	0.104094523787276
chr4	95500001	96000000	0.102937666229508
chr4	96000001	96500000	0.205331242167977
chr4	96500001	97000000	-0.0371468534400953
chr4	97000001	97500000	-0.109381046937032
chr4	97500001	98000000	-0.0175178472914702
chr4	98000001	98500000	-0.0515055809938252
chr4	98500001	99000000	-0.116983919331958
chr4	99000001	99500000	0.0278685657092994
chr4	99500001	100000000	-0.073799415602117
chr4	100000001	100500000	-0.108827434058885
chr4	100500001	101000000	0.0189303367177685
chr4	101000001	101500000	0.0200551734952463
chr4	101500001	102000000	0.028196648735032
chr4	102000001	102500000	-0.0264246312128671
chr4	102500001	103000000	-0.0200228791140191
chr4	103000001	103500000	-0.0795594357169312
chr4	103500001	104000000	-0.0584443494452089
chr4	104000001	104500000	-0.196131497335622
chr4	104500001	105000000	-0.00326827098258608
chr4	105000001	105500000	0.0795433187138723
chr4	105500001	106000000	-0.0531107503138964
chr4	106000001	106500000	-0.071037312123316
chr4	106500001	107000000	-0.0607905201225203
chr4	107000001	107500000	-0.173624755878396
chr4	107500001	108000000	-0.0185808325834349
chr4	108000001	108500000	-0.067774766336848
chr4	108500001	109000000	-0.0619506730549214
chr4	109000001	109500000	-0.130958704710349
chr4	109500001	110000000	-0.0339509399436667
chr4	110000001	110500000	-0.077053349341717
chr4	110500001	111000000	-0.111135750210114
chr4	111000001	111500000	-0.0935165940976877
chr4	111500001	112000000	-0.0641473458317568
chr4	112000001	112500000	-0.052683024536434
chr4	112500001	113000000	-0.116330718380129
chr4	113000001	113500000	-0.124656847545274
chr4	113500001	114000000	-0.135452155736812
chr4	114000001	114500000	-0.136555934978524
chr4	114500001	115000000	-0.140039187300085
chr4	115000001	115500000	-0.00676164241811816
chr4	115500001	116000000	-0.109443234116573
chr4	116000001	116500000	-0.0114628633711239
chr4	116500001	117000000	0.0155059712745877
chr4	117000001	117500000	-0.102115502553054
chr4	117500001	118000000	-0.0474804638933651
chr4	118000001	118500000	0.0566330886751373
chr4	118500001	119000000	-0.0674126232879892
chr4	119000001	119500000	0.00689713516943516
chr4	119500001	120000000	-0.0508630624376703
chr4	120000001	120500000	-0.085026077834983
chr4	120500001	121000000	-0.0600058712779813
chr4	121000001	121500000	-0.0308052965354228
chr4	121500001	122000000	-0.0249560514906975
chr4	122000001	122500000	-0.104892066541539
chr4	122500001	123000000	-0.0828666357863219
chr4	123000001	123500000	-0.0204539061146691
chr4	123500001	124000000	0.0122205617579035
chr4	124000001	124500000	-0.00702749044192904
chr4	124500001	125000000	-0.0179506682901347
chr4	125000001	125500000	-0.116883277684908
chr4	125500001	126000000	-0.0495077806380862
chr4	126000001	126500000	-0.065924501914995
chr4	126500001	127000000	-0.147505596988331
chr4	127000001	127500000	-0.175755892040551
chr4	127500001	128000000	-0.193758879622741
chr4	128000001	128500000	-0.069003254445652
chr4	128500001	129000000	-0.0575810174655204
chr4	129000001	129500000	-0.10830432510368
chr4	129500001	130000000	-0.110096714931815
chr4	130000001	130500000	-0.123595484319428
chr4	130500001	131000000	-0.0215915753022136
chr4	131000001	131500000	-0.163744452457762
chr4	132000001	132500000	0.034284467615912
chr4	132500001	133000000	-0.072995235825548
chr4	133000001	133500000	-0.0180877145901453
chr4	133500001	134000000	-0.0348813639243899
chr4	134000001	134500000	0.00238029690692552
chr4	134500001	135000000	-0.0250511565339259
chr4	135000001	135500000	-0.115939444152819
chr4	135500001	136000000	-0.0942762681421097
chr4	136000001	136500000	-0.1320573237008
chr4	136500001	137000000	-0.0923502345993467
chr4	137000001	137500000	-0.108949624733736
chr4	137500001	138000000	-0.123441511213344
chr4	138000001	138500000	-0.10009557965178
chr4	138500001	139000000	-0.134018078836425
chr4	139000001	139500000	-0.105619696711714
chr4	139500001	140000000	-0.036499124469315
chr4	140000001	140500000	-0.00756357568586109
chr4	140500001	141000000	0.0373176843011153
chr4	141000001	141500000	-0.0897715600417733
chr4	141500001	142000000	-0.0727744745764413
chr4	142000001	142500000	-0.0352159080723793
chr4	142500001	143000000	-0.0475682918671156
chr4	143000001	143500000	-0.0764697338344455
chr4	143500001	144000000	0.0191920032850355
chr4	144000001	144500000	0.0922822950897609
chr4	144500001	145000000	-0.0758705252858832
chr4	145000001	145500000	-0.0851160798190608
chr4	145500001	146000000	-0.0447284510738846
chr4	146000001	146500000	-0.106857775904758
chr4	146500001	147000000	-0.150596310908993
chr4	147000001	147500000	-0.113049818356154
chr4	147500001	148000000	-0.115940566887626
chr4	148000001	148500000	-0.0912781518777587
chr4	148500001	149000000	-0.138961186930141
chr4	149000001	149500000	-0.110917668905007
chr4	149500001	150000000	-0.103976243005072
chr4	150000001	150500000	-0.0242486326087875
chr4	150500001	151000000	0.00178847931313831
chr4	151000001	151500000	-0.127371338075462
chr4	151500001	152000000	-0.0789342393732153
chr4	152000001	152500000	-0.0536248306953883
chr4	152500001	153000000	-0.000296147793518914
chr4	153000001	153500000	-0.0493587081274299
chr4	153500001	154000000	-0.0929451676127215
chr4	154000001	154500000	-0.141211270833236
chr4	154500001	155000000	-0.151584567492825
chr4	155000001	155500000	-0.0118772313438033
chr4	155500001	156000000	-0.0842586032548599
chr4	156000001	156500000	-0.108180075486506
chr4	156500001	157000000	-0.0919450010910475
chr4	157000001	157500000	-0.0889784141175514
chr4	157500001	158000000	-0.145228022361153
chr4	158000001	158500000	-0.0363175719211996
chr4	158500001	159000000	-0.0958635420053605
chr4	159000001	159500000	-0.0791188582609281
chr4	159500001	160000000	-0.101134880871069
chr4	160000001	160500000	-0.120021389402223
chr4	160500001	161000000	0.00775017739078399
chr4	161000001	161500000	-0.178971932867942
chr4	161500001	162000000	-0.0910064623651378
chr4	162000001	162500000	-0.0551603844486025
chr4	162500001	163000000	-0.166929463005554
chr4	163000001	163500000	-0.0807798583862686
chr4	163500001	164000000	-0.208596412742709
chr4	164000001	164500000	-0.163644358475055
chr4	164500001	165000000	-0.166073416941018
chr4	165000001	165500000	-0.119234435214547
chr4	165500001	166000000	-0.134362541872582
chr4	166000001	166500000	-0.105180263042259
chr4	166500001	167000000	-0.145145216689829
chr4	167000001	167500000	-0.0822066078133671
chr4	167500001	168000000	-0.0556932130369441
chr4	168000001	168500000	-0.112236718651579
chr4	168500001	169000000	-0.138935339702856
chr4	169000001	169500000	0.00024834220239877
chr4	169500001	170000000	-0.0539585540769575
chr4	170000001	170500000	-0.0595858758682047
chr4	170500001	171000000	-0.0679570269194179
chr4	171000001	171500000	-0.0414445663877198
chr4	171500001	172000000	-0.0564920303057105
chr4	172000001	172500000	-0.0455131016459567
chr4	172500001	173000000	-0.144063747239646
chr4	173000001	173500000	-0.0222815789416476
chr4	173500001	174000000	-0.0563494635824244
chr4	174000001	174500000	-0.174421287533909
chr4	174500001	175000000	-0.0309674482249807
chr4	175000001	175500000	-0.119962773255136
chr4	175500001	176000000	-0.0907543404222371
chr4	176000001	176500000	-0.0899833501213161
chr4	176500001	177000000	-0.00435543911989259
chr4	177000001	177500000	-0.0815389513861114
chr4	177500001	178000000	-0.0558877576371355
chr4	178000001	178500000	-0.135792817100798
chr4	178500001	179000000	-0.0736418284217469
chr4	179000001	179500000	-0.015385044029334
chr4	179500001	180000000	-0.113509561261663
chr4	180000001	180500000	-0.116233267641082
chr4	180500001	181000000	-0.14616532275016
chr4	181000001	181500000	-0.0515430481947376
chr4	181500001	182000000	-0.130159638886884
chr4	182000001	182500000	-0.066958486649717
chr4	182500001	183000000	-0.141237471268836
chr4	183000001	183500000	-0.109583594027504
chr4	183500001	184000000	-0.0586332890457621
chr4	184000001	184500000	-0.0221417733612347
chr4	184500001	185000000	0.0816331499299054
chr4	185000001	185500000	-0.175484338590845
chr4	185500001	186000000	-0.164130477348376
chr4	186000001	186500000	-0.156804780145424
chr4	186500001	187000000	-0.179655440046961
chr4	187000001	187500000	-0.12662665164398
chr4	187500001	188000000	-0.0761602845020098
chr4	188000001	188500000	-0.103360923720062
chr4	188500001	189000000	-0.173880998779991
chr4	189000001	189500000	-0.064584501649097
chr5	1	500000	NA
chr5	500001	1000000	-0.00722020042471948
chr5	1000001	1500000	-0.162016770108916
chr5	1500001	2000000	-0.111067500040824
chr5	2000001	2500000	-0.246423785778184
chr5	2500001	3000000	-0.209015629404135
chr5	3000001	3500000	-0.0885995176441224
chr5	3500001	4000000	-0.0534353933488873
chr5	4000001	4500000	-0.0538534442344497
chr5	4500001	5000000	-0.1484653564009
chr5	5000001	5500000	-0.172973142301964
chr5	5500001	6000000	-0.107670026436953
chr5	6000001	6500000	-0.109884612434661
chr5	6500001	7000000	-0.086860093450526
chr5	7000001	7500000	-0.0999851871823208
chr5	7500001	8000000	-0.0950258796306905
chr5	8000001	8500000	-0.130228319323723
chr5	8500001	9000000	-0.0815595354298051
chr5	9000001	9500000	-0.118369315420317
chr5	9500001	10000000	-0.203432899565397
chr5	10000001	10500000	-0.0677145891246781
chr5	10500001	11000000	-0.0762260743079159
chr5	11000001	11500000	-0.0804373885678982
chr5	11500001	12000000	-0.220881908477586
chr5	12000001	12500000	-0.0989295916723582
chr5	12500001	13000000	-0.0568803901079027
chr5	13000001	13500000	-0.0856025610691376
chr5	13500001	14000000	-0.0701846138409944
chr5	14000001	14500000	-0.0917187823620923
chr5	14500001	15000000	0.042112296402929
chr5	15000001	15500000	-0.0260952581408268
chr5	15500001	16000000	-0.094299416977617
chr5	16000001	16500000	-0.0258540987359727
chr5	16500001	17000000	0.0114501324514429
chr5	17000001	17500000	0.0533565553597033
chr5	17500001	18000000	NA
chr5	18000001	18500000	-0.00684085812968384
chr5	18500001	19000000	-0.185146248287799
chr5	19000001	19500000	-0.00247585834208899
chr5	19500001	20000000	-0.0207005509239568
chr5	20000001	20500000	-0.00396099425845638
chr5	20500001	21000000	-0.0284308921570675
chr5	21500001	22000000	0.0613760397255046
chr5	22000001	22500000	-0.00727482399251428
chr5	22500001	23000000	-0.0565292805210817
chr5	23000001	23500000	-0.0437346152321419
chr5	23500001	24000000	-0.0736191526067906
chr5	24000001	24500000	0.00022836954504174
chr5	24500001	25000000	-0.0282431290469047
chr5	25000001	25500000	-0.032808603853929
chr5	25500001	26000000	0.112449148911423
chr5	26000001	26500000	-0.00757251973862547
chr5	26500001	27000000	0.135707285807689
chr5	27000001	27500000	0.0202156899255694
chr5	27500001	28000000	0.00978035365790768
chr5	28000001	28500000	0.0172353080480042
chr5	28500001	29000000	-0.0246902145329837
chr5	29000001	29500000	0.0498705694360361
chr5	29500001	30000000	0.0339210470583907
chr5	30000001	30500000	-0.0439208694206082
chr5	30500001	31000000	0.0545498852480886
chr5	31000001	31500000	-0.0430403410924859
chr5	31500001	32000000	-0.00903753134233128
chr5	32000001	32500000	-0.0176783479218984
chr5	32500001	33000000	0.095862289881856
chr5	33000001	33500000	0.0276106596914806
chr5	33500001	34000000	0.00526158258456231
chr5	34500001	35000000	-0.0670593898508474
chr5	35000001	35500000	-0.0424588817884504
chr5	35500001	36000000	0.0683899298961223
chr5	36000001	36500000	0.0137420905836731
chr5	36500001	37000000	-0.00896352809609336
chr5	37000001	37500000	-0.00934174552356365
chr5	37500001	38000000	0.0029151825766126
chr5	38000001	38500000	0.039443920133557
chr5	38500001	39000000	-0.0317091146955432
chr5	39000001	39500000	0.126075935868189
chr5	39500001	40000000	-0.00295178701118439
chr5	40000001	40500000	0.163920962842634
chr5	40500001	41000000	0.0398859228759131
chr5	41000001	41500000	0.0222444077614145
chr5	41500001	42000000	-0.0334382321122637
chr5	42000001	42500000	-0.0330162265027326
chr5	42500001	43000000	-0.00157128681207938
chr5	43000001	43500000	0.0353180909098711
chr5	43500001	44000000	0.0416768600133431
chr5	44000001	44500000	0.0245403755184233
chr5	44500001	45000000	0.0101419600713793
chr5	45000001	45500000	-0.014009962687786
chr5	51500001	52000000	0.0419241122343654
chr5	52000001	52500000	0.0886808569587826
chr5	52500001	53000000	-0.0233262545642866
chr5	53000001	53500000	0.0663736156586275
chr5	53500001	54000000	0.00255360306423115
chr5	54000001	54500000	-0.0629938074550225
chr5	54500001	55000000	0.193746412101008
chr5	55000001	55500000	0.00219134893338478
chr5	55500001	56000000	0.00946482637194005
chr5	56000001	56500000	0.0761951983165419
chr5	56500001	57000000	0.131037448668085
chr5	57000001	57500000	0.0230598504910792
chr5	57500001	58000000	0.0971491271900137
chr5	58000001	58500000	-0.0608752188230039
chr5	58500001	59000000	0.0585779479980635
chr5	59000001	59500000	0.0101786753443676
chr5	59500001	60000000	-0.0508665743183366
chr5	60000001	60500000	0.00306733289815848
chr5	60500001	61000000	0.0381203671002033
chr5	61000001	61500000	0.0093642936442923
chr5	61500001	62000000	-0.0265091277269302
chr5	62000001	62500000	-0.0191183302327985
chr5	62500001	63000000	0.0287618319531588
chr5	63000001	63500000	0.0404829761046869
chr5	63500001	64000000	-0.00286376582147268
chr5	64000001	64500000	0.0213483886586968
chr5	64500001	65000000	-0.00870131057878593
chr5	65000001	65500000	-0.153502611782524
chr5	65500001	66000000	-0.0783530819975037
chr5	66000001	66500000	0.0229786947133225
chr5	66500001	67000000	-0.052295562330716
chr5	67000001	67500000	-0.0734693178149787
chr5	67500001	68000000	0.00146664712115442
chr5	68000001	68500000	0.0145628515165276
chr5	68500001	69000000	-0.0871755292372682
chr5	69000001	69500000	-0.0420675004946967
chr5	71500001	72000000	-0.136596736372794
chr5	72000001	72500000	0.00713584840224721
chr5	72500001	73000000	-0.149495920163119
chr5	73000001	73500000	-0.0763088400906429
chr5	73500001	74000000	-0.0521978578085702
chr5	74000001	74500000	-0.0581500271349666
chr5	74500001	75000000	-0.0489645287529992
chr5	75000001	75500000	0.0137551432617718
chr5	75500001	76000000	-0.0758408590483989
chr5	76000001	76500000	-0.0750734883086369
chr5	76500001	77000000	0.0162846917711178
chr5	77000001	77500000	-0.0420150798718819
chr5	77500001	78000000	-0.194981798316758
chr5	78000001	78500000	0.0195246383861188
chr5	78500001	79000000	-0.0968350654161128
chr5	79000001	79500000	-0.0876234155526877
chr5	79500001	80000000	-0.15839660421201
chr5	80000001	80500000	0.00903795636364454
chr5	80500001	81000000	-0.0729111061490144
chr5	81000001	81500000	-0.0574723850293589
chr5	81500001	82000000	0.00869766335624594
chr5	82000001	82500000	-0.0216847310018127
chr5	82500001	83000000	-0.023522619485883
chr5	83000001	83500000	0.0193431881748367
chr5	83500001	84000000	-0.0987418902097267
chr5	84000001	84500000	-0.161755158279137
chr5	84500001	85000000	-0.116068827187288
chr5	85000001	85500000	-0.0806333548166078
chr5	85500001	86000000	-0.0273952962273512
chr5	86000001	86500000	-0.0734021059911078
chr5	86500001	87000000	0.0172851715271713
chr5	87000001	87500000	0.0491843814171846
chr5	87500001	88000000	0.0435093018814107
chr5	88000001	88500000	-0.0368977684421653
chr5	88500001	89000000	0.00781187722201614
chr5	89000001	89500000	0.136337186628334
chr5	89500001	90000000	0.10563883418219
chr5	90000001	90500000	-0.041544364156907
chr5	90500001	91000000	0.108259727258148
chr5	91000001	91500000	0.133425331709713
chr5	91500001	92000000	0.0126494157042149
chr5	92000001	92500000	-0.0363196103531412
chr5	92500001	93000000	0.0511272192092075
chr5	93000001	93500000	-0.003038423505917
chr5	93500001	94000000	0.0817763786045405
chr5	94000001	94500000	0.0502799208194897
chr5	94500001	95000000	0.0353740441343959
chr5	95000001	95500000	-0.00384941448330088
chr5	95500001	96000000	0.0691620672301048
chr5	96000001	96500000	-0.0138319229664936
chr5	96500001	97000000	0.038610453751272
chr5	97000001	97500000	-0.00615361030233356
chr5	97500001	98000000	-0.00348068256643948
chr5	98000001	98500000	-0.000954582749521978
chr5	98500001	99000000	-0.071672253724227
chr5	99000001	99500000	-0.0794313935343082
chr5	99500001	100000000	-0.0226781309433135
chr5	100000001	100500000	-0.0317015816524746
chr5	100500001	101000000	0.0977625843127482
chr5	101000001	101500000	-0.126143981091027
chr5	101500001	102000000	-0.0540301024755135
chr5	102000001	102500000	0.00863761883185518
chr5	102500001	103000000	0.0594634180069479
chr5	103000001	103500000	0.0595286555645891
chr5	103500001	104000000	-0.0417045945605816
chr5	104000001	104500000	0.0230543595651859
chr5	104500001	105000000	-0.0592979982369434
chr5	105000001	105500000	-0.0400021245528109
chr5	105500001	106000000	-0.0903769953052566
chr5	106000001	106500000	-0.0430235797082925
chr5	106500001	107000000	-0.0310028768315185
chr5	107000001	107500000	-0.00995827534644484
chr5	107500001	108000000	-0.0778562477810677
chr5	108000001	108500000	0.115447496936705
chr5	108500001	109000000	0.0475618621812578
chr5	109000001	109500000	0.0299147229437664
chr5	109500001	110000000	0.0191502128482181
chr5	110000001	110500000	-0.0170673661746674
chr5	110500001	111000000	-0.0663872844284788
chr5	111000001	111500000	-0.0345530245256003
chr5	111500001	112000000	-0.00174938960781883
chr5	112000001	112500000	-0.0831387238370299
chr5	112500001	113000000	0.060336309893458
chr5	113000001	113500000	-0.035156824473038
chr5	113500001	114000000	-0.0716170069248186
chr5	114000001	114500000	0.0926705853514763
chr5	114500001	115000000	-0.0618932713803872
chr5	115000001	115500000	0.0883262848638487
chr5	115500001	116000000	0.0029008478659535
chr5	116000001	116500000	0.0957507547840297
chr5	116500001	117000000	-0.0899183573267459
chr5	117000001	117500000	0.0227110685630119
chr5	117500001	118000000	-0.0716392952861954
chr5	118000001	118500000	-0.0201259888139165
chr5	118500001	119000000	-0.0453530459835914
chr5	119000001	119500000	0.0439168897911341
chr5	119500001	120000000	0.0538396880180477
chr5	120000001	120500000	0.0418275426666162
chr5	120500001	121000000	-0.0108129128247871
chr5	121000001	121500000	0.103807451240132
chr5	121500001	122000000	-0.00518533366580224
chr5	122000001	122500000	0.0939651062393199
chr5	122500001	123000000	0.0929156530935534
chr5	123000001	123500000	-0.03701232851788
chr5	123500001	124000000	0.0607074100632828
chr5	124000001	124500000	0.126172536483526
chr5	124500001	125000000	0.144075703726494
chr5	125000001	125500000	0.0313818782533626
chr5	125500001	126000000	0.0274085564135792
chr5	126000001	126500000	0.058201176595709
chr5	126500001	127000000	0.0308915125689255
chr5	127000001	127500000	0.058111427439686
chr5	127500001	128000000	0.123098159092311
chr5	128000001	128500000	0.0136324951122826
chr5	128500001	129000000	0.113559395480773
chr5	129000001	129500000	0.090300891388744
chr5	129500001	130000000	0.126646382952981
chr5	130000001	130500000	0.127530497258607
chr5	130500001	131000000	0.0803166714581707
chr5	131000001	131500000	0.148871027730702
chr5	131500001	132000000	0.1641332884615
chr5	132000001	132500000	0.1354159058405
chr5	132500001	133000000	0.135970194677833
chr5	133000001	133500000	0.132873022978588
chr5	133500001	134000000	0.0822786133717784
chr5	134000001	134500000	0.0693225054340225
chr5	134500001	135000000	0.0469407059033378
chr5	135000001	135500000	0.0645191705525224
chr5	135500001	136000000	0.00695424627212912
chr5	136000001	136500000	-0.0972716105162086
chr5	136500001	137000000	-0.0278863920229554
chr5	137000001	137500000	0.014687712184617
chr5	137500001	138000000	0.0730699908696733
chr5	138000001	138500000	0.0771567088909473
chr5	138500001	139000000	0.0690204189292582
chr5	139000001	139500000	NA
chr5	139500001	140000000	0.00479841067193056
chr5	140000001	140500000	0.126347497921253
chr5	140500001	141000000	0.058025256042901
chr5	141000001	141500000	-0.0412061650754892
chr5	141500001	142000000	0.121234796477345
chr5	142000001	142500000	0.0193364806820164
chr5	142500001	143000000	0.132547336532416
chr5	143000001	143500000	0.0768496816436315
chr5	143500001	144000000	0.00569630130587414
chr5	144000001	144500000	0.0425555017649959
chr5	144500001	145000000	-0.00193961398023834
chr5	145000001	145500000	-0.0572358462186235
chr5	145500001	146000000	0.0487063569972315
chr5	146000001	146500000	0.051601516209316
chr5	146500001	147000000	0.055925323178231
chr5	147000001	147500000	-0.0820518642861114
chr5	147500001	148000000	-0.0825611693277367
chr5	148000001	148500000	0.0435931827151267
chr5	148500001	149000000	0.0279346177360773
chr5	149000001	149500000	0.143337170629263
chr5	149500001	150000000	0.0705100059224409
chr5	150000001	150500000	0.213589287783751
chr5	150500001	151000000	0.0640781464233287
chr5	151000001	151500000	0.103765822848937
chr5	151500001	152000000	0.0170351612495411
chr5	152000001	152500000	0.070731145660702
chr5	152500001	153000000	-0.0302647322238416
chr5	153000001	153500000	0.0475888158330878
chr5	153500001	154000000	-0.0209189129489989
chr5	154000001	154500000	0.152326056920672
chr5	154500001	155000000	-0.0945328369664503
chr5	155000001	155500000	-0.00480198225866993
chr5	155500001	156000000	NA
chr5	156000001	156500000	0.0398515973630273
chr5	156500001	157000000	-0.0125388694971644
chr5	157000001	157500000	0.0929523028463127
chr5	157500001	158000000	0.104331326405135
chr5	158000001	158500000	-0.0286666264713631
chr5	158500001	159000000	0.0746658782359505
chr5	159000001	159500000	0.0098132324999352
chr5	159500001	160000000	-0.0132515092449406
chr5	160000001	160500000	-0.0521814714222669
chr5	160500001	161000000	0.0786636801775733
chr5	161000001	161500000	0.0562736540202898
chr5	161500001	162000000	-0.00816940133279082
chr5	162000001	162500000	-0.0130506697354439
chr5	162500001	163000000	0.0535610514938803
chr5	163000001	163500000	0.0765235591513297
chr5	163500001	164000000	-0.0680596718904552
chr5	164000001	164500000	0.0136719259517312
chr5	164500001	165000000	0.0203293445109612
chr5	165000001	165500000	0.111545259183785
chr5	165500001	166000000	-0.0307467447328903
chr5	166000001	166500000	-0.0200008560853271
chr5	166500001	167000000	0.0251334634000854
chr5	167000001	167500000	0.0515559054728891
chr5	167500001	168000000	-0.0813235379930106
chr5	168000001	168500000	0.027144556317512
chr5	168500001	169000000	0.0473748811578514
chr5	169000001	169500000	-0.0108296096449099
chr5	169500001	170000000	0.0571123629909454
chr5	170000001	170500000	0.0662474718499971
chr5	170500001	171000000	0.0628547483863252
chr5	171000001	171500000	-0.000372463801601594
chr5	171500001	172000000	0.202636944102103
chr5	172000001	172500000	0.0245323043931284
chr5	172500001	173000000	-0.000179444183179146
chr5	173000001	173500000	-0.0192028679436892
chr5	173500001	174000000	0.0681665135933257
chr5	174000001	174500000	-0.0692415394334677
chr5	174500001	175000000	-0.0364711290329233
chr5	175000001	175500000	-0.0753677332292917
chr5	175500001	176000000	0.0844183180772389
chr5	176500001	177000000	0.0763581388998147
chr5	177000001	177500000	0.120783377521663
chr5	178000001	178500000	0.0141466806690886
chr5	178500001	179000000	-0.0328676509376326
chr5	179000001	179500000	-0.154163217747742
chr5	179500001	180000000	0.0830119551264275
chr5	180000001	180500000	-0.0505514921233668
chr5	180500001	181000000	-0.0324497882868506
chr6	500001	1000000	0.0120916979110394
chr6	1000001	1500000	-0.0655640522020803
chr6	1500001	2000000	0.0100088617206567
chr6	2000001	2500000	0.0577555645354452
chr6	2500001	3000000	0.0708964590365394
chr6	3000001	3500000	-0.0343270723631908
chr6	3500001	4000000	-0.0901377308382121
chr6	4000001	4500000	0.0569506284634697
chr6	4500001	5000000	0.0585502124425055
chr6	5000001	5500000	0.0345327500762974
chr6	5500001	6000000	0.102838765165632
chr6	6000001	6500000	0.0526896103331561
chr6	6500001	7000000	0.126185668878884
chr6	7000001	7500000	-0.0436472185781901
chr6	7500001	8000000	0.0730076758558809
chr6	8000001	8500000	-0.0337014503191518
chr6	8500001	9000000	-0.0400731623081287
chr6	9000001	9500000	-0.0719675168144844
chr6	9500001	10000000	-0.0653817037527687
chr6	10000001	10500000	-0.110085053750735
chr6	10500001	11000000	0.0149135352505954
chr6	11000001	11500000	0.113421626368212
chr6	11500001	12000000	0.0893181178340669
chr6	12000001	12500000	0.0649594725412231
chr6	12500001	13000000	-0.0155967505869883
chr6	13000001	13500000	0.0602405944671811
chr6	13500001	14000000	0.0511598689510664
chr6	14000001	14500000	0.0949154516090183
chr6	14500001	15000000	0.165100787701731
chr6	15000001	15500000	0.129773017126836
chr6	15500001	16000000	-0.045425242705195
chr6	16000001	16500000	0.131857919880859
chr6	16500001	17000000	0.0460524719349111
chr6	17000001	17500000	-0.0240950418964424
chr6	17500001	18000000	0.0882106984089366
chr6	18000001	18500000	0.215875442580884
chr6	18500001	19000000	-0.120430457458438
chr6	19000001	19500000	-0.0644834845952223
chr6	19500001	20000000	-0.0578632034694491
chr6	20000001	20500000	-0.0419651532156427
chr6	20500001	21000000	0.0235008675690036
chr6	21000001	21500000	0.102163461808162
chr6	21500001	22000000	-0.00728984877929225
chr6	22000001	22500000	-0.0562524813212332
chr6	22500001	23000000	0.0329246373268305
chr6	23000001	23500000	-0.0158759321308551
chr6	23500001	24000000	-0.0174838776283597
chr6	24000001	24500000	-0.0227425857051682
chr6	24500001	25000000	0.180487785764293
chr6	25000001	25500000	0.114676151716735
chr6	25500001	26000000	-0.0187346400141138
chr6	26000001	26500000	0.155192028988245
chr6	27000001	27500000	0.0726741595311665
chr6	27500001	28000000	-0.0599915078610318
chr6	28000001	28500000	0.0450168109323836
chr6	28500001	29000000	-0.00659834457443684
chr6	29000001	29500000	-0.038691493021991
chr6	29500001	30000000	-0.00893524727239522
chr6	30000001	30500000	0.0892019526954902
chr6	30500001	31000000	0.0902473742844593
chr6	31000001	31500000	0.131175192850547
chr6	31500001	32000000	0.150046832048917
chr6	32000001	32500000	0.185011957280842
chr6	32500001	33000000	0.0286918060254649
chr6	33000001	33500000	0.0914831822487519
chr6	33500001	34000000	0.0831317824782351
chr6	34000001	34500000	0.010943821977772
chr6	34500001	35000000	0.0290303248974116
chr6	35000001	35500000	0.10403410770757
chr6	35500001	36000000	0.0169950055443728
chr6	36000001	36500000	0.135271924621781
chr6	36500001	37000000	0.0535825517122719
chr6	37000001	37500000	0.096771014082048
chr6	37500001	38000000	0.0273404877097271
chr6	38000001	38500000	-0.0378532250069532
chr6	38500001	39000000	0.026858573968575
chr6	39000001	39500000	0.0935335159323791
chr6	39500001	40000000	0.0010179344223583
chr6	40000001	40500000	-0.0101577635121893
chr6	40500001	41000000	0.00138476046534278
chr6	41000001	41500000	0.0986739565678179
chr6	41500001	42000000	0.0104402182453003
chr6	42000001	42500000	-0.0683741631185277
chr6	42500001	43000000	-0.0327750182561297
chr6	43000001	43500000	-0.0289784232723681
chr6	43500001	44000000	0.0763186649073285
chr6	44000001	44500000	0.123676143502292
chr6	44500001	45000000	0.102271053539596
chr6	45000001	45500000	0.0133980643848773
chr6	45500001	46000000	0.0301280216037067
chr6	46000001	46500000	-0.0585127127204259
chr6	46500001	47000000	-0.013017871469788
chr6	47000001	47500000	0.0100655401334935
chr6	47500001	48000000	-0.0216531336436474
chr6	48000001	48500000	0.00936207837411245
chr6	48500001	49000000	-0.00524998616267849
chr6	49000001	49500000	-0.0406751608940427
chr6	49500001	50000000	0.0516099714836116
chr6	50000001	50500000	-0.0959937264531253
chr6	50500001	51000000	-0.0604722227714015
chr6	51000001	51500000	0.0350944484425595
chr6	51500001	52000000	-0.0198945926611183
chr6	52000001	52500000	0.0763222949942304
chr6	52500001	53000000	0.103233557292663
chr6	53000001	53500000	0.0647041773606626
chr6	53500001	54000000	-0.00424996172495275
chr6	54000001	54500000	0.00415589333647704
chr6	54500001	55000000	-0.0807139557459476
chr6	55000001	55500000	-0.0108639288279305
chr6	55500001	56000000	0.0864440453025723
chr6	56000001	56500000	-0.0185206906549039
chr6	56500001	57000000	0.0148848156537247
chr6	57000001	57500000	0.057188486800282
chr6	63000001	63500000	0.0450481995321797
chr6	63500001	64000000	-0.0398200127806766
chr6	64000001	64500000	-0.016838182900412
chr6	64500001	65000000	-0.0843398950534248
chr6	65000001	65500000	0.046216999556349
chr6	65500001	66000000	0.0168330812745326
chr6	66000001	66500000	0.0196390856150291
chr6	66500001	67000000	-0.0527173968725712
chr6	67000001	67500000	NA
chr6	67500001	68000000	-0.0467703300228127
chr6	68000001	68500000	-0.0328424728476906
chr6	68500001	69000000	0.0664527415564697
chr6	69000001	69500000	-0.0135003744558723
chr6	69500001	70000000	-0.014876770758887
chr6	70000001	70500000	-0.083542770457541
chr6	70500001	71000000	-0.0656215739736225
chr6	71000001	71500000	0.102616168884187
chr6	71500001	72000000	-0.0478660685280073
chr6	72000001	72500000	-0.0864833158143061
chr6	72500001	73000000	0.0365217353986068
chr6	73000001	73500000	0.00340037687568951
chr6	73500001	74000000	0.0363978782484741
chr6	74000001	74500000	-0.00872237306375512
chr6	74500001	75000000	0.0881119006242389
chr6	75000001	75500000	-0.0120947837849766
chr6	75500001	76000000	-0.0422047603062019
chr6	76000001	76500000	0.0207518384195586
chr6	76500001	77000000	0.0299477687601892
chr6	77000001	77500000	0.0432072506467039
chr6	77500001	78000000	-0.0425018034701008
chr6	78000001	78500000	-0.0989815901176723
chr6	78500001	79000000	-0.0323375546561699
chr6	79000001	79500000	0.0564622647525055
chr6	79500001	80000000	-0.059715290763609
chr6	80000001	80500000	0.156542491601306
chr6	80500001	81000000	0.0376445221702474
chr6	81000001	81500000	0.0367546106979241
chr6	81500001	82000000	0.0769479768171412
chr6	82000001	82500000	-0.13527529393774
chr6	82500001	83000000	0.0127557147100981
chr6	83000001	83500000	-0.0724734337874052
chr6	83500001	84000000	-0.000972899225589508
chr6	84000001	84500000	0.0153659051797462
chr6	84500001	85000000	-0.0934125522808668
chr6	85000001	85500000	-0.048136854244419
chr6	85500001	86000000	-0.0889783732965089
chr6	86000001	86500000	-0.00492150424960719
chr6	86500001	87000000	0.000499715809821819
chr6	87000001	87500000	0.0109453883692338
chr6	87500001	88000000	0.0226266380492674
chr6	88000001	88500000	-0.058881339631202
chr6	88500001	89000000	0.124494062339915
chr6	89000001	89500000	-0.0154872987210983
chr6	89500001	90000000	-0.0244610867516412
chr6	90000001	90500000	0.0213950707217493
chr6	90500001	91000000	0.00210453761949337
chr6	91000001	91500000	-0.0390088463404166
chr6	91500001	92000000	-0.0162759915255996
chr6	92000001	92500000	-0.0549128626954589
chr6	92500001	93000000	-0.0145568701767508
chr6	93000001	93500000	-0.0844683394849909
chr6	93500001	94000000	-0.00467597633028484
chr6	94000001	94500000	0.033207886224782
chr6	94500001	95000000	0.0240483008719438
chr6	95000001	95500000	NA
chr6	95500001	96000000	-0.0759842188772587
chr6	96000001	96500000	-0.0931019589145319
chr6	96500001	97000000	0.0304244029721306
chr6	97000001	97500000	0.0167799688676444
chr6	97500001	98000000	0.0445689326962376
chr6	98000001	98500000	-0.0280632748451878
chr6	98500001	99000000	-0.036521670899468
chr6	99000001	99500000	-0.0451126918262474
chr6	99500001	100000000	-0.123147469842881
chr6	100000001	100500000	-0.0614757623909285
chr6	100500001	101000000	0.1155984071579
chr6	101000001	101500000	-0.0817842028408234
chr6	101500001	102000000	0.0695071634519088
chr6	102000001	102500000	-0.127842212283067
chr6	102500001	103000000	-0.0319375848812918
chr6	103000001	103500000	-0.145034667560906
chr6	103500001	104000000	-0.112306987226674
chr6	104000001	104500000	-0.0368368484641286
chr6	104500001	105000000	-0.0432387174789022
chr6	105000001	105500000	-0.0921354780427474
chr6	105500001	106000000	0.0951466808043461
chr6	106000001	106500000	0.0129497517924483
chr6	106500001	107000000	0.0502904660910001
chr6	107000001	107500000	0.0039677573271258
chr6	107500001	108000000	-0.0103760531885872
chr6	108000001	108500000	-0.0132305120952381
chr6	108500001	109000000	0.0824099005215307
chr6	109000001	109500000	0.025246914528473
chr6	109500001	110000000	0.131482600856226
chr6	110000001	110500000	-0.0818028683155008
chr6	110500001	111000000	0.0339209873439593
chr6	111000001	111500000	-0.0121186167533224
chr6	111500001	112000000	0.0583370930067192
chr6	112000001	112500000	0.0186388970714099
chr6	112500001	113000000	0.0142702033802871
chr6	113000001	113500000	0.0181893169656125
chr6	113500001	114000000	0.111937150355512
chr6	114000001	114500000	-0.0533132514805806
chr6	114500001	115000000	-0.0154382023447758
chr6	115000001	115500000	NA
chr6	115500001	116000000	-0.110643107424243
chr6	116000001	116500000	0.0878499323882867
chr6	116500001	117000000	0.0857142936775007
chr6	117000001	117500000	-0.0126521533962685
chr6	117500001	118000000	0.0226016990344391
chr6	118000001	118500000	-0.0610072479584748
chr6	118500001	119000000	0.0392910332659552
chr6	119000001	119500000	-0.00733916637341773
chr6	119500001	120000000	-0.108677888284229
chr6	120000001	120500000	0.0488307359635651
chr6	120500001	121000000	0.055207782946177
chr6	121000001	121500000	0.0780108697098968
chr6	121500001	122000000	-0.0874505979147129
chr6	122000001	122500000	-0.0307477373350775
chr6	122500001	123000000	0.033000206299337
chr6	123000001	123500000	-0.066523233117067
chr6	123500001	124000000	0.00501272999209997
chr6	124000001	124500000	0.112676421556047
chr6	124500001	125000000	0.000130863407695067
chr6	125000001	125500000	0.0102101402923205
chr6	125500001	126000000	0.0325513122761341
chr6	126000001	126500000	0.0834104409997788
chr6	126500001	127000000	-0.0400747403949721
chr6	127000001	127500000	-0.0440349703429013
chr6	127500001	128000000	0.0131182759749216
chr6	128000001	128500000	0.0308350308643199
chr6	128500001	129000000	-0.0291353745976925
chr6	129000001	129500000	-0.0332990723124179
chr6	129500001	130000000	0.0759815223437651
chr6	130000001	130500000	0.0121564774239747
chr6	130500001	131000000	-0.0706974051894079
chr6	131000001	131500000	-0.0601261185022768
chr6	131500001	132000000	-0.0298229685002164
chr6	132000001	132500000	0.0300872510694627
chr6	132500001	133000000	-0.0316766871232613
chr6	133000001	133500000	-0.0983183467158285
chr6	133500001	134000000	-0.0349918674897082
chr6	134000001	134500000	0.0354227116992544
chr6	134500001	135000000	-0.0250869160763542
chr6	135000001	135500000	0.0169230779085818
chr6	135500001	136000000	-0.0914058562129375
chr6	136000001	136500000	-0.0581404858844319
chr6	136500001	137000000	0.102457665714798
chr6	137000001	137500000	0.0235755820114093
chr6	137500001	138000000	0.0870573553115252
chr6	138000001	138500000	-0.0349233188137462
chr6	138500001	139000000	-0.0307631482987509
chr6	139000001	139500000	0.099437867386941
chr6	139500001	140000000	0.0895488793235289
chr6	140000001	140500000	-0.0348188396390764
chr6	140500001	141000000	0.0493171967973954
chr6	141000001	141500000	0.13110296525282
chr6	141500001	142000000	-0.000854638339018484
chr6	142000001	142500000	0.00915125686444423
chr6	142500001	143000000	0.0389847640613943
chr6	143000001	143500000	0.0733068604755603
chr6	143500001	144000000	0.0426643404405802
chr6	144000001	144500000	0.0899188218312174
chr6	144500001	145000000	0.0239065966706658
chr6	145000001	145500000	0.0607256265448662
chr6	145500001	146000000	0.00867908155007946
chr6	146000001	146500000	-0.0043276754711279
chr6	146500001	147000000	0.0305883447078388
chr6	147000001	147500000	0.0501017228669888
chr6	147500001	148000000	-0.0284227059644657
chr6	148000001	148500000	-0.0203823933386919
chr6	148500001	149000000	-0.00234022558169043
chr6	149000001	149500000	0.0199691549827186
chr6	149500001	150000000	0.00442641525175114
chr6	150000001	150500000	-0.00937970702482684
chr6	150500001	151000000	0.00525059109590587
chr6	151000001	151500000	0.0179165701384556
chr6	151500001	152000000	0.012593984321769
chr6	152000001	152500000	0.0483436108011025
chr6	152500001	153000000	0.0205545235498422
chr6	153000001	153500000	-0.133446254746813
chr6	153500001	154000000	0.000461360565549303
chr6	154000001	154500000	-0.0463340024874774
chr6	154500001	155000000	0.0308634932674416
chr6	155000001	155500000	-0.0674957787818348
chr6	155500001	156000000	0.0382955709730628
chr6	156000001	156500000	-0.00764944791306175
chr6	156500001	157000000	-0.0746925627201325
chr6	157000001	157500000	0.0284632103719422
chr6	157500001	158000000	0.00411222049761394
chr6	158000001	158500000	0.00552252082150486
chr6	158500001	159000000	-0.0233329141195951
chr6	159000001	159500000	0.0219151094885045
chr6	159500001	160000000	0.00242468186654288
chr6	160000001	160500000	-0.0575388788772987
chr6	160500001	161000000	-0.101751932956616
chr6	161000001	161500000	-0.0259929470704182
chr6	161500001	162000000	-0.0892019086157822
chr6	162000001	162500000	-0.141533365593804
chr6	162500001	163000000	-0.122846121239041
chr6	163000001	163500000	-0.0919369901237701
chr6	163500001	164000000	-0.0254004780656341
chr6	164000001	164500000	-0.153777203362283
chr6	164500001	165000000	-0.127509828444011
chr6	165000001	165500000	-0.164651547075351
chr6	165500001	166000000	-0.0354884378588616
chr6	166000001	166500000	-0.0950147870384736
chr6	166500001	167000000	-0.0592279660021519
chr6	167000001	167500000	-0.17272170184081
chr6	167500001	168000000	NA
chr6	168000001	168500000	-0.211886430787225
chr6	168500001	169000000	-0.191253182350803
chr6	169000001	169500000	-0.164408608149953
chr6	169500001	170000000	-0.0923523807215827
chr6	170000001	170500000	-0.00680187173435408
chr7	1	500000	NA
chr7	500001	1000000	-0.000854965138995647
chr7	1000001	1500000	-0.100726907627214
chr7	1500001	2000000	-0.103858862515649
chr7	2000001	2500000	-0.0423164393884685
chr7	2500001	3000000	-0.0915203749486983
chr7	3000001	3500000	-0.0456556262818346
chr7	3500001	4000000	-0.0791735185204596
chr7	4000001	4500000	-0.127237977080935
chr7	4500001	5000000	-0.131828923466356
chr7	5000001	5500000	0.00147022941597351
chr7	5500001	6000000	-0.220414056889896
chr7	6000001	6500000	-0.0532843793267709
chr7	7000001	7500000	-0.00674938764748406
chr7	7500001	8000000	0.00849989757377904
chr7	8000001	8500000	-0.0380616317085669
chr7	8500001	9000000	-0.0406736603980567
chr7	9000001	9500000	0.0911680696559762
chr7	9500001	10000000	-0.0314194773145037
chr7	10000001	10500000	0.0890343602517437
chr7	10500001	11000000	0.0250182710457519
chr7	11000001	11500000	0.0240290280887146
chr7	11500001	12000000	-0.0270215306171495
chr7	12000001	12500000	-0.0211006554595204
chr7	12500001	13000000	-0.0893716061135972
chr7	13000001	13500000	-0.0206494244643432
chr7	13500001	14000000	-0.0232805421904041
chr7	14000001	14500000	-0.00646756219553128
chr7	14500001	15000000	-0.0281917987000062
chr7	15000001	15500000	0.0791863194747917
chr7	15500001	16000000	0.0194713983819229
chr7	16000001	16500000	0.0648291212532447
chr7	16500001	17000000	-0.0840753398742876
chr7	17000001	17500000	-0.0390451054325699
chr7	17500001	18000000	-0.0707127069577684
chr7	18000001	18500000	0.00467175440251338
chr7	18500001	19000000	-0.116628130790476
chr7	19000001	19500000	-0.000710856000094283
chr7	19500001	20000000	-0.0710505138407391
chr7	20000001	20500000	0.0647833697131471
chr7	20500001	21000000	0.016761966210329
chr7	21000001	21500000	-0.0744056210544967
chr7	21500001	22000000	-0.0363263937718753
chr7	22000001	22500000	-0.0706719199138877
chr7	22500001	23000000	-0.0886451023698976
chr7	23000001	23500000	0.050299472562317
chr7	23500001	24000000	-0.0500216702067875
chr7	24000001	24500000	-0.0234677092943678
chr7	24500001	25000000	-0.142196991226466
chr7	25000001	25500000	0.030853337738803
chr7	25500001	26000000	-0.0190277897529669
chr7	26000001	26500000	0.0798572641734473
chr7	26500001	27000000	-0.0163792870438571
chr7	27000001	27500000	0.0328145605857783
chr7	27500001	28000000	-0.00935393006363888
chr7	28000001	28500000	-0.0185549956159309
chr7	28500001	29000000	0.0334810779734853
chr7	29000001	29500000	-0.0147251387034557
chr7	29500001	30000000	0.0523888015283455
chr7	30000001	30500000	0.111709015796483
chr7	30500001	31000000	0.000229142323181303
chr7	31000001	31500000	-0.134860061077274
chr7	31500001	32000000	-0.00117850098572488
chr7	32000001	32500000	-0.0255531819990058
chr7	32500001	33000000	0.160430912431498
chr7	33000001	33500000	0.0792690660477717
chr7	33500001	34000000	0.058481570979888
chr7	34000001	34500000	0.0200825428354849
chr7	34500001	35000000	0.121065227822529
chr7	35000001	35500000	0.127772917531599
chr7	35500001	36000000	0.0412597207638196
chr7	36000001	36500000	0.140978521485247
chr7	36500001	37000000	0.152875344819618
chr7	37000001	37500000	0.116051595905424
chr7	37500001	38000000	0.169833475625285
chr7	38000001	38500000	0.152178006375091
chr7	38500001	39000000	0.104829977680285
chr7	39000001	39500000	-0.0581215306464367
chr7	39500001	40000000	0.0419540809356631
chr7	40000001	40500000	-0.0779614787720866
chr7	40500001	41000000	0.0272292557144101
chr7	41000001	41500000	0.00457200290934628
chr7	41500001	42000000	0.0941693764173789
chr7	42000001	42500000	0.0210633383516912
chr7	42500001	43000000	-0.0527259411244801
chr7	43000001	43500000	-0.054954673038887
chr7	43500001	44000000	-0.0324190247755548
chr7	44000001	44500000	-0.0254925136171858
chr7	44500001	45000000	0.0154678583215457
chr7	45000001	45500000	0.0424708339716204
chr7	45500001	46000000	0.188610221007097
chr7	46000001	46500000	-0.0309738422094785
chr7	46500001	47000000	-0.027526197808152
chr7	47000001	47500000	-0.0125539823060667
chr7	47500001	48000000	-0.0605007007791083
chr7	48000001	48500000	-0.00952305929004767
chr7	48500001	49000000	-0.00784024281890321
chr7	49000001	49500000	-0.0501319444213487
chr7	49500001	50000000	-0.122734151121473
chr7	50000001	50500000	0.102851493677046
chr7	50500001	51000000	-0.0810808100753937
chr7	51000001	51500000	-0.0131021367366081
chr7	51500001	52000000	-0.015747393973498
chr7	52000001	52500000	0.0148884380823076
chr7	52500001	53000000	-0.0560130265600806
chr7	53000001	53500000	0.0455106378129905
chr7	53500001	54000000	-0.0457189823849412
chr7	54000001	54500000	-0.0535179881253098
chr7	54500001	55000000	-0.101264835406314
chr7	55000001	55500000	-0.0135654182128024
chr7	55500001	56000000	-0.0355469148582989
chr7	56000001	56500000	-0.0414366043833866
chr7	57000001	57500000	-0.205181216101773
chr7	62500001	63000000	NA
chr7	64000001	64500000	-0.0838281899578366
chr7	64500001	65000000	0.0113258863806308
chr7	66000001	66500000	0.00681748251287491
chr7	66500001	67000000	0.00636506920760708
chr7	67000001	67500000	0.0403622901373966
chr7	67500001	68000000	-0.129554555641525
chr7	68000001	68500000	0.0169707320719894
chr7	68500001	69000000	-0.141056624683165
chr7	69000001	69500000	-0.162566379574193
chr7	69500001	70000000	0.0557978924741355
chr7	70000001	70500000	-0.0509565279822333
chr7	70500001	71000000	0.00787949258598677
chr7	71000001	71500000	-0.0447654223593374
chr7	71500001	72000000	-0.0724145025529047
chr7	72000001	72500000	-0.038850782276361
chr7	73500001	74000000	-0.0754922020051466
chr7	74000001	74500000	-0.0223921057126479
chr7	75500001	76000000	0.073146770150791
chr7	76000001	76500000	-0.106065309350311
chr7	77000001	77500000	-0.0988918318271293
chr7	77500001	78000000	0.0478306458434186
chr7	78000001	78500000	-0.0541632242580104
chr7	78500001	79000000	0.0341746506307395
chr7	79000001	79500000	0.0104390142984748
chr7	79500001	80000000	0.076334981596831
chr7	80000001	80500000	0.159303392097465
chr7	80500001	81000000	0.110730520976496
chr7	81000001	81500000	0.0553308856423083
chr7	81500001	82000000	0.0455318675836251
chr7	82000001	82500000	0.0340578146637082
chr7	82500001	83000000	0.114279673300299
chr7	83000001	83500000	-0.0176694260244625
chr7	83500001	84000000	-0.00171146104510459
chr7	84000001	84500000	0.125642082719346
chr7	84500001	85000000	0.117024811167008
chr7	85000001	85500000	0.0972688456151358
chr7	85500001	86000000	0.104747084853603
chr7	86000001	86500000	0.0336983451876144
chr7	86500001	87000000	0.0470706198039277
chr7	87000001	87500000	0.0328941548544959
chr7	87500001	88000000	0.0343484371327786
chr7	88000001	88500000	0.129550218573078
chr7	88500001	89000000	0.0955539595632859
chr7	89000001	89500000	0.0836422654229034
chr7	89500001	90000000	0.0426908751094293
chr7	90000001	90500000	0.0696203986873834
chr7	90500001	91000000	0.0102201645177862
chr7	91000001	91500000	0.12185090399157
chr7	91500001	92000000	-0.0424202747127407
chr7	92000001	92500000	0.0856970544363884
chr7	92500001	93000000	0.0418736712408683
chr7	93000001	93500000	0.0489068585021591
chr7	93500001	94000000	-0.0846041184394187
chr7	94000001	94500000	0.0813379332086809
chr7	94500001	95000000	0.0239129472180109
chr7	95000001	95500000	-0.039762908170998
chr7	95500001	96000000	0.0500508002260257
chr7	96000001	96500000	0.111125077632738
chr7	96500001	97000000	0.0610416731602484
chr7	97000001	97500000	0.0953048027929678
chr7	97500001	98000000	0.199119173798777
chr7	98000001	98500000	-0.000482202946533082
chr7	98500001	99000000	-0.0612126327911016
chr7	99000001	99500000	0.0412916925586831
chr7	99500001	100000000	0.0135432566618016
chr7	100000001	100500000	-0.0976003329634166
chr7	100500001	101000000	0.073622309776181
chr7	101000001	101500000	0.0213552279033159
chr7	101500001	102000000	0.0515960792496703
chr7	102000001	102500000	-0.00659285628524604
chr7	103000001	103500000	0.109799602667657
chr7	103500001	104000000	-0.078700346380765
chr7	104000001	104500000	0.0264432005298643
chr7	104500001	105000000	0.0373368791292962
chr7	105000001	105500000	0.10176925031693
chr7	105500001	106000000	0.0353277002906905
chr7	106000001	106500000	0.132998213089918
chr7	106500001	107000000	0.132681839729545
chr7	107000001	107500000	0.148379664366371
chr7	107500001	108000000	0.0369547810763903
chr7	108000001	108500000	-0.0265616639617701
chr7	108500001	109000000	0.0420141725782755
chr7	109000001	109500000	0.0702642394458323
chr7	109500001	110000000	0.0692817335852579
chr7	110000001	110500000	0.10936554188583
chr7	110500001	111000000	0.0981125441949857
chr7	111000001	111500000	0.143089451927141
chr7	111500001	112000000	0.154295008605014
chr7	112000001	112500000	0.223717153827997
chr7	112500001	113000000	0.0225317590162112
chr7	113000001	113500000	0.151085042075734
chr7	113500001	114000000	0.11566614829149
chr7	114000001	114500000	0.106807999362499
chr7	114500001	115000000	0.103479284779108
chr7	115000001	115500000	0.103575249428307
chr7	115500001	116000000	0.0530512357280586
chr7	116000001	116500000	0.201566671695817
chr7	116500001	117000000	0.0436978496357659
chr7	117000001	117500000	-0.0184055510733125
chr7	117500001	118000000	0.0379010076998815
chr7	118000001	118500000	0.0647996387414032
chr7	118500001	119000000	0.0246966996977059
chr7	119000001	119500000	0.0218043567032425
chr7	119500001	120000000	0.108586101016063
chr7	120000001	120500000	0.0983872758771051
chr7	120500001	121000000	0.12634423471552
chr7	121000001	121500000	0.068301387349826
chr7	121500001	122000000	0.0530074297990656
chr7	122000001	122500000	-0.0217223703049657
chr7	122500001	123000000	0.0590741123284656
chr7	123000001	123500000	0.0464354630016331
chr7	123500001	124000000	0.0558994148910818
chr7	124000001	124500000	0.118150838013119
chr7	124500001	125000000	-0.00447089701514719
chr7	125000001	125500000	0.0244087275308548
chr7	125500001	126000000	0.0951807308774035
chr7	126000001	126500000	0.0187572406661133
chr7	126500001	127000000	0.0984328989236217
chr7	127000001	127500000	0.11726150312294
chr7	127500001	128000000	0.169382939543472
chr7	128000001	128500000	0.19574443781977
chr7	128500001	129000000	0.127968055874937
chr7	129000001	129500000	0.201278417659114
chr7	129500001	130000000	0.106975861338839
chr7	130000001	130500000	0.101425334815625
chr7	130500001	131000000	0.135320044358417
chr7	131000001	131500000	0.124008978829302
chr7	131500001	132000000	0.0695693045486014
chr7	132000001	132500000	0.10306573409645
chr7	132500001	133000000	0.0866534235658487
chr7	133000001	133500000	0.119823737796516
chr7	133500001	134000000	0.131227477776017
chr7	134000001	134500000	0.0559270313721088
chr7	134500001	135000000	0.0164286610403374
chr7	135000001	135500000	0.12489288526682
chr7	135500001	136000000	0.170420911233471
chr7	136000001	136500000	0.0827494225502032
chr7	136500001	137000000	0.134922898890239
chr7	137000001	137500000	0.0775879169636197
chr7	137500001	138000000	-0.033691315024967
chr7	138000001	138500000	0.169885741543384
chr7	138500001	139000000	0.0744040623718475
chr7	139000001	139500000	0.0948765732731615
chr7	139500001	140000000	0.134395464026752
chr7	140000001	140500000	0.120222357684524
chr7	140500001	141000000	0.126444640682749
chr7	141000001	141500000	0.116298204345279
chr7	141500001	142000000	0.143733040503511
chr7	142000001	142500000	0.0553878968994824
chr7	142500001	143000000	0.0602694669010837
chr7	143000001	143500000	0.271770969526704
chr7	144000001	144500000	-0.134780750167657
chr7	144500001	145000000	0.0507978126697918
chr7	145000001	145500000	-0.00962354137940068
chr7	145500001	146000000	0.0579568793402258
chr7	146000001	146500000	0.0261278639341557
chr7	146500001	147000000	0.0174600616396604
chr7	147000001	147500000	0.127775569281177
chr7	147500001	148000000	0.044955644720034
chr7	148000001	148500000	-0.00205254134897725
chr7	148500001	149000000	0.0163617818697094
chr7	149000001	149500000	0.0906303016744119
chr7	149500001	150000000	0.140921761039187
chr7	150500001	151000000	0.151697691568383
chr7	151000001	151500000	-0.0285739286577014
chr7	151500001	152000000	0.0888495918774373
chr7	152000001	152500000	0.177639358544279
chr7	152500001	153000000	0.111000687723293
chr7	153000001	153500000	0.0538680333025451
chr7	153500001	154000000	0.0284307644697609
chr7	154000001	154500000	0.0382758104491591
chr7	154500001	155000000	NA
chr7	155000001	155500000	-0.0604973307741972
chr7	155500001	156000000	0.113944814094755
chr7	156000001	156500000	-0.00544575751323047
chr7	156500001	157000000	0.154285327813475
chr7	157000001	157500000	-0.0799086260144482
chr7	157500001	158000000	-0.040155813729098
chr7	158000001	158500000	-0.0791971741899233
chr7	158500001	159000000	0.0128057676613973
chr7	159000001	159500000	NA
chr8	500001	1000000	-0.196398248634664
chr8	1000001	1500000	-0.0840612217992232
chr8	1500001	2000000	-0.199637906290446
chr8	2500001	3000000	-0.160724019856545
chr8	3000001	3500000	-0.146468337886239
chr8	3500001	4000000	-0.182387205984611
chr8	4000001	4500000	-0.226733765190392
chr8	4500001	5000000	-0.278832668149129
chr8	5000001	5500000	-0.135455346099054
chr8	5500001	6000000	-0.13631278924133
chr8	6000001	6500000	-0.0692179218916755
chr8	6500001	7000000	-0.0294621090391729
chr8	8500001	9000000	-0.0020700368939241
chr8	9000001	9500000	-0.0336165220689768
chr8	9500001	10000000	-0.0559513710552205
chr8	10000001	10500000	-0.0189042378828675
chr8	10500001	11000000	0.0314610425250601
chr8	11000001	11500000	-0.060223344030419
chr8	11500001	12000000	-0.118487373266655
chr8	13000001	13500000	-0.0776537197794918
chr8	13500001	14000000	-0.147483873734678
chr8	14000001	14500000	-0.0556048167436705
chr8	14500001	15000000	-0.102476028759212
chr8	15000001	15500000	-0.0666087607975563
chr8	15500001	16000000	-0.154333415787773
chr8	16000001	16500000	-0.117981823444218
chr8	16500001	17000000	-0.0965012038668921
chr8	17000001	17500000	-0.135955951405483
chr8	17500001	18000000	-0.0991265061973883
chr8	18000001	18500000	-0.0882928740676107
chr8	18500001	19000000	-0.118130474291657
chr8	19000001	19500000	-0.0191795559439016
chr8	19500001	20000000	-0.0384760745761762
chr8	20000001	20500000	-0.0631593136654274
chr8	20500001	21000000	-0.0431767519217567
chr8	21000001	21500000	-0.0552918208541384
chr8	21500001	22000000	0.0132180095374494
chr8	22000001	22500000	-0.0653976398643382
chr8	22500001	23000000	-0.00179214499483617
chr8	23000001	23500000	-0.115687299340304
chr8	23500001	24000000	-0.122036376805594
chr8	24000001	24500000	-0.163781372019118
chr8	24500001	25000000	-0.0579044211746022
chr8	25000001	25500000	0.0107361784184344
chr8	25500001	26000000	-0.0414247825548793
chr8	26000001	26500000	-0.0136149859362056
chr8	26500001	27000000	-0.12746880218357
chr8	27000001	27500000	0.0351814525966435
chr8	27500001	28000000	-0.11893248510672
chr8	28000001	28500000	-0.0551609964843517
chr8	28500001	29000000	-0.10960795696913
chr8	29000001	29500000	0.00236866992718866
chr8	29500001	30000000	0.0686578467293964
chr8	30000001	30500000	-0.0752376006231002
chr8	30500001	31000000	-0.0482707382420617
chr8	31000001	31500000	0.0397326973243951
chr8	31500001	32000000	-0.0854309557708284
chr8	32000001	32500000	-0.00335885653074622
chr8	32500001	33000000	-0.00981881181103261
chr8	33000001	33500000	-0.0912798547024796
chr8	33500001	34000000	-0.154740335296076
chr8	34000001	34500000	-0.0202534977540016
chr8	34500001	35000000	-0.141143081453067
chr8	35000001	35500000	0.0354088269944489
chr8	35500001	36000000	-0.0875559592176525
chr8	36000001	36500000	-0.0811563200608384
chr8	36500001	37000000	-0.069927720053166
chr8	37000001	37500000	-0.0948272858219443
chr8	37500001	38000000	-0.00398679355393911
chr8	38000001	38500000	0.0239939993854487
chr8	38500001	39000000	-0.0822832966628407
chr8	39000001	39500000	-0.0204923899568944
chr8	39500001	40000000	-0.0996743028082162
chr8	40000001	40500000	-0.166538574751327
chr8	40500001	41000000	-0.102909470850464
chr8	41000001	41500000	-0.164676263043156
chr8	41500001	42000000	-0.148445007554227
chr8	42000001	42500000	-0.101435728762915
chr8	42500001	43000000	-0.101169437526805
chr8	47500001	48000000	-0.0385315323648197
chr8	48000001	48500000	-0.0215831230319442
chr8	48500001	49000000	0.0768718569765535
chr8	49000001	49500000	-0.0236355041991908
chr8	49500001	50000000	0.0195159686690015
chr8	50000001	50500000	-0.0323480420295091
chr8	50500001	51000000	0.0261117070272367
chr8	51000001	51500000	-0.00491377020569157
chr8	51500001	52000000	0.0698383217100921
chr8	52000001	52500000	0.0587750988334379
chr8	52500001	53000000	-0.0812347468435256
chr8	53000001	53500000	-0.0301595331005045
chr8	53500001	54000000	0.0552067969246985
chr8	54000001	54500000	-0.0585845727552608
chr8	54500001	55000000	-0.0270477899624135
chr8	55000001	55500000	-0.016815845238219
chr8	55500001	56000000	0.0261487972512135
chr8	56000001	56500000	-0.0592060912985022
chr8	56500001	57000000	-0.056232491748014
chr8	57000001	57500000	-0.0925623313308231
chr8	57500001	58000000	0.034833796799612
chr8	58000001	58500000	-0.0594066181068316
chr8	58500001	59000000	-0.0461972820491829
chr8	59000001	59500000	0.0679564636944027
chr8	59500001	60000000	0.099992120772489
chr8	60000001	60500000	0.0150253749332261
chr8	60500001	61000000	0.174156329754305
chr8	61000001	61500000	-0.00207945509747961
chr8	61500001	62000000	0.00731119449344231
chr8	62000001	62500000	-0.0663453063557607
chr8	62500001	63000000	-0.0861126345582899
chr8	63000001	63500000	-0.0418583186482986
chr8	63500001	64000000	-0.0680368118804136
chr8	64000001	64500000	-0.0430894192958594
chr8	64500001	65000000	0.0710349255628573
chr8	65000001	65500000	0.0290906020264134
chr8	65500001	66000000	0.0976590493868299
chr8	66000001	66500000	-0.0243546253224192
chr8	66500001	67000000	-0.0796567678473187
chr8	67000001	67500000	0.11439075863351
chr8	67500001	68000000	-0.000441629541417569
chr8	68000001	68500000	0.0450349277598082
chr8	68500001	69000000	0.0149557200978832
chr8	69000001	69500000	-0.00448530753543731
chr8	69500001	70000000	-0.028907754498375
chr8	70000001	70500000	0.084710747819718
chr8	70500001	71000000	-0.0370054404262043
chr8	71000001	71500000	0.022616666771803
chr8	71500001	72000000	0.0242357475731708
chr8	72000001	72500000	-0.0142980040921368
chr8	72500001	73000000	-0.00722146849808852
chr8	73000001	73500000	0.0544649973765805
chr8	73500001	74000000	0.0368550738535728
chr8	74000001	74500000	0.0647858159405452
chr8	74500001	75000000	-0.0920946421661223
chr8	75000001	75500000	0.0875198245218695
chr8	75500001	76000000	0.0300012077979674
chr8	76000001	76500000	0.0305232343939077
chr8	76500001	77000000	0.0285495593541891
chr8	77000001	77500000	0.0795182656064726
chr8	77500001	78000000	0.0493910203186435
chr8	78000001	78500000	0.101532489697535
chr8	78500001	79000000	0.202780191940941
chr8	79000001	79500000	0.129486508015474
chr8	79500001	80000000	0.124441027502
chr8	80000001	80500000	0.0888821686838902
chr8	80500001	81000000	0.0768528754082251
chr8	81000001	81500000	0.107459425168263
chr8	81500001	82000000	-0.0112610816884943
chr8	82000001	82500000	0.117978318092241
chr8	82500001	83000000	0.0294157166301251
chr8	83000001	83500000	0.132966306781648
chr8	83500001	84000000	-0.00265596300294512
chr8	84000001	84500000	0.158773175822593
chr8	84500001	85000000	0.158359427905563
chr8	85000001	85500000	0.0543512180348306
chr8	86000001	86500000	0.0566009541278248
chr8	86500001	87000000	0.0958451155851333
chr8	87000001	87500000	0.230916982387457
chr8	87500001	88000000	0.059707718994691
chr8	88000001	88500000	0.0436489916901753
chr8	88500001	89000000	0.0167139039494272
chr8	89000001	89500000	0.0297508176575639
chr8	89500001	90000000	0.127998381323382
chr8	90000001	90500000	0.14663960887569
chr8	90500001	91000000	0.0278156321738384
chr8	91000001	91500000	0.0464527142014063
chr8	91500001	92000000	0.186235450380742
chr8	92000001	92500000	0.016972405383148
chr8	92500001	93000000	0.0473796813111653
chr8	93000001	93500000	0.0398313799920305
chr8	93500001	94000000	0.0971944070931903
chr8	94000001	94500000	0.0644011366744687
chr8	94500001	95000000	0.105587892372091
chr8	95000001	95500000	0.105051257292821
chr8	95500001	96000000	0.070555652472607
chr8	96000001	96500000	0.0184734075917553
chr8	96500001	97000000	0.148421952617726
chr8	97000001	97500000	0.0517676025474665
chr8	97500001	98000000	-0.0305896988870993
chr8	98000001	98500000	0.0431283708283047
chr8	98500001	99000000	0.00533787371376544
chr8	99000001	99500000	0.103493729844049
chr8	99500001	100000000	0.017045470115969
chr8	100000001	100500000	0.0690701143003557
chr8	100500001	101000000	0.0249182234576211
chr8	101000001	101500000	-0.0427232157067844
chr8	101500001	102000000	0.00149852877197602
chr8	102000001	102500000	0.0279501892464402
chr8	102500001	103000000	0.151024002541567
chr8	103000001	103500000	0.13561245290104
chr8	103500001	104000000	0.0188916191614063
chr8	104000001	104500000	-0.011073614766984
chr8	104500001	105000000	-0.0221458172965412
chr8	105000001	105500000	-0.00933231282464376
chr8	105500001	106000000	0.00231358504612215
chr8	106000001	106500000	0.0348061021345015
chr8	106500001	107000000	0.0665284147886092
chr8	107000001	107500000	-0.00501651956692127
chr8	107500001	108000000	0.0443142592925913
chr8	108000001	108500000	0.0325696524035312
chr8	108500001	109000000	0.00218128984305015
chr8	109000001	109500000	0.0316576016621804
chr8	109500001	110000000	-0.076186366606588
chr8	110000001	110500000	-0.0610769943338847
chr8	110500001	111000000	-0.0245823740571971
chr8	111000001	111500000	-0.0100316820764006
chr8	111500001	112000000	0.0566454852283905
chr8	112000001	112500000	0.064538340589704
chr8	112500001	113000000	NA
chr8	113000001	113500000	-0.0170709768445147
chr8	113500001	114000000	-0.0316415846942404
chr8	114000001	114500000	0.0126201613515554
chr8	114500001	115000000	-0.0667225204724136
chr8	115000001	115500000	0.0264031741305364
chr8	115500001	116000000	0.0597964821415038
chr8	116000001	116500000	0.0408881399382122
chr8	116500001	117000000	0.0583548146283167
chr8	117000001	117500000	0.00265199749524531
chr8	117500001	118000000	0.0337840816213115
chr8	118000001	118500000	0.0082123212543774
chr8	118500001	119000000	0.0118120597924597
chr8	119000001	119500000	0.0819693417135597
chr8	119500001	120000000	0.0613929346393976
chr8	120000001	120500000	0.0950217420332053
chr8	120500001	121000000	0.0985076060937853
chr8	121000001	121500000	0.163498851248811
chr8	121500001	122000000	0.0630951985005898
chr8	122000001	122500000	0.026833984351271
chr8	122500001	123000000	0.0992101029737868
chr8	123000001	123500000	0.125274310931959
chr8	123500001	124000000	0.110691971325346
chr8	124000001	124500000	0.156263087171181
chr8	124500001	125000000	0.13966593317718
chr8	125000001	125500000	0.184846987528993
chr8	125500001	126000000	0.0567896007214147
chr8	126000001	126500000	0.0646689905747507
chr8	126500001	127000000	0.224183514030843
chr8	127000001	127500000	0.105203298119351
chr8	127500001	128000000	0.102040949603539
chr8	128000001	128500000	0.197914161335574
chr8	128500001	129000000	0.265021044881897
chr8	129000001	129500000	0.259465634047134
chr8	129500001	130000000	0.264461578784003
chr8	130000001	130500000	0.166159506466381
chr8	130500001	131000000	0.0971772356491424
chr8	131000001	131500000	0.0787203488256957
chr8	131500001	132000000	-0.0291556332374168
chr8	132000001	132500000	0.0125112789819418
chr8	132500001	133000000	0.201762224070013
chr8	133000001	133500000	0.180924974511907
chr8	133500001	134000000	0.14879257696813
chr8	134000001	134500000	0.180648991828363
chr8	134500001	135000000	0.108067524258686
chr8	135000001	135500000	0.134665411732404
chr8	135500001	136000000	0.0485032609527185
chr8	136000001	136500000	0.0930240094822977
chr8	136500001	137000000	0.151964014677239
chr8	137000001	137500000	0.0578844001404472
chr8	137500001	138000000	0.176851544749088
chr8	138000001	138500000	0.107853958378048
chr8	138500001	139000000	0.0932257294534378
chr8	139000001	139500000	0.223731051872925
chr8	139500001	140000000	0.0472016204491182
chr8	140000001	140500000	0.116111062328096
chr8	140500001	141000000	0.152169647090781
chr8	141000001	141500000	0.15671937979561
chr8	141500001	142000000	0.0055138219532859
chr8	142000001	142500000	-0.0162460858259833
chr8	142500001	143000000	0.118694768308492
chr8	143000001	143500000	0.10571321780476
chr8	143500001	144000000	0.112953858607689
chr8	144000001	144500000	0.0890277486506303
chr8	144500001	145000000	0.0854682856437976
chr9	500001	1000000	-0.0674091889178195
chr9	1000001	1500000	0.0359994311705889
chr9	1500001	2000000	-0.0102211805635778
chr9	2000001	2500000	-0.00391319551566865
chr9	2500001	3000000	0.0268564007894894
chr9	3000001	3500000	-0.0583562317164114
chr9	3500001	4000000	-0.0554568991998456
chr9	4000001	4500000	0.00299107650323236
chr9	4500001	5000000	0.143616869206282
chr9	5000001	5500000	0.0299725334600739
chr9	5500001	6000000	0.0746988342014632
chr9	6000001	6500000	-0.0123071180382339
chr9	6500001	7000000	0.0516957759039445
chr9	7000001	7500000	-0.0241408877434882
chr9	7500001	8000000	0.0556702800090953
chr9	8000001	8500000	-0.094403863568005
chr9	8500001	9000000	0.015697000826353
chr9	9000001	9500000	-0.0491126696394007
chr9	9500001	10000000	0.0680099062322858
chr9	10000001	10500000	0.0370447282840028
chr9	10500001	11000000	-0.106153249999618
chr9	11000001	11500000	-0.0474573550291657
chr9	11500001	12000000	-0.0322058033713785
chr9	12000001	12500000	-0.0310846918795849
chr9	12500001	13000000	-0.0836490043141369
chr9	13000001	13500000	0.0614766071134892
chr9	13500001	14000000	0.0528558578881181
chr9	14000001	14500000	-0.0155585835121059
chr9	14500001	15000000	0.00127514979198307
chr9	15000001	15500000	0.00395268288186862
chr9	15500001	16000000	0.0565264253765941
chr9	16000001	16500000	-0.0572643905510434
chr9	16500001	17000000	-0.0908362003847795
chr9	17000001	17500000	0.0196299139390613
chr9	17500001	18000000	-0.021044346904259
chr9	18000001	18500000	-0.129259844360735
chr9	18500001	19000000	-0.0833783762550287
chr9	19000001	19500000	-0.0383554452957926
chr9	19500001	20000000	0.0417646465536885
chr9	20000001	20500000	-0.01359692949121
chr9	20500001	21000000	-0.000383849340128226
chr9	21000001	21500000	0.11644867903292
chr9	21500001	22000000	0.00801771520941569
chr9	22000001	22500000	0.0276113253253925
chr9	22500001	23000000	-0.0250726292236457
chr9	23000001	23500000	-0.00963951937245536
chr9	23500001	24000000	-0.00103324929151106
chr9	24000001	24500000	0.0473963900370819
chr9	24500001	25000000	0.00118311757152342
chr9	25000001	25500000	-0.119643058905063
chr9	25500001	26000000	-0.0667624424327096
chr9	26000001	26500000	0.0141367952426572
chr9	26500001	27000000	-0.0232802296603777
chr9	27000001	27500000	0.0126221969826444
chr9	27500001	28000000	0.0109756406693488
chr9	28000001	28500000	0.0214544815863866
chr9	28500001	29000000	0.0598947962324734
chr9	29000001	29500000	-0.039547951544703
chr9	29500001	30000000	-0.0393577210292386
chr9	30000001	30500000	-0.116678548949917
chr9	30500001	31000000	0.00381336585354758
chr9	31000001	31500000	-0.0256375470110472
chr9	31500001	32000000	0.0285292565500731
chr9	32000001	32500000	-0.0746146186805298
chr9	32500001	33000000	0.0509146070385053
chr9	33000001	33500000	0.130848270756617
chr9	33500001	34000000	0.136161678281938
chr9	34000001	34500000	0.0264474024792042
chr9	34500001	35000000	0.00813914531382708
chr9	35000001	35500000	0.175128112903962
chr9	35500001	36000000	0.11534030795539
chr9	36000001	36500000	0.0832809945568314
chr9	36500001	37000000	-0.124765171984153
chr9	37000001	37500000	0.0144366016970068
chr9	37500001	38000000	-0.0122931929851965
chr9	38000001	38500000	0.012118625327662
chr9	68500001	69000000	0.0713042015311761
chr9	69000001	69500000	-0.085528386161551
chr9	69500001	70000000	0.0926515223270658
chr9	70000001	70500000	0.083404131564232
chr9	70500001	71000000	0.0773874550754807
chr9	71000001	71500000	-0.0366034067663814
chr9	71500001	72000000	0.0730626376391418
chr9	72000001	72500000	-0.0161024021250442
chr9	72500001	73000000	-0.0135567999597535
chr9	73000001	73500000	0.0486036709254248
chr9	73500001	74000000	-0.00297959882358729
chr9	74000001	74500000	-0.0178304883602064
chr9	74500001	75000000	-0.0601276412137836
chr9	75000001	75500000	0.00597401017292711
chr9	75500001	76000000	-0.035442484839378
chr9	76000001	76500000	0.011334398208568
chr9	76500001	77000000	0.186454970660871
chr9	77000001	77500000	0.0801035919639426
chr9	77500001	78000000	0.0755334058759867
chr9	78000001	78500000	0.108323423851154
chr9	78500001	79000000	-0.0395589230554637
chr9	79000001	79500000	-0.0266442520385645
chr9	79500001	80000000	0.0756679742705252
chr9	80000001	80500000	-0.058623778234466
chr9	80500001	81000000	-0.080557289562423
chr9	81000001	81500000	-0.020832522437667
chr9	81500001	82000000	-0.0822237465195494
chr9	82000001	82500000	0.00260171008325423
chr9	82500001	83000000	-0.0525783771799194
chr9	83000001	83500000	-0.00885789831889821
chr9	83500001	84000000	0.000131561081573285
chr9	84000001	84500000	0.0335498525094831
chr9	84500001	85000000	-0.0245964739177822
chr9	85000001	85500000	-0.00718144126027812
chr9	85500001	86000000	0.12805971580332
chr9	86000001	86500000	-0.0199583418409658
chr9	86500001	87000000	-0.0852262058296293
chr9	87000001	87500000	0.0410249431776593
chr9	87500001	88000000	-0.0303234208264612
chr9	88000001	88500000	-0.00122572501672152
chr9	88500001	89000000	-0.0708855228748657
chr9	89000001	89500000	-0.00721579969885796
chr9	89500001	90000000	NA
chr9	90000001	90500000	0.00229094506044208
chr9	90500001	91000000	0.0401351507176534
chr9	91000001	91500000	-0.0558573229066901
chr9	91500001	92000000	-0.0436516329406817
chr9	92000001	92500000	-0.0381849917234124
chr9	92500001	93000000	0.0204992519416702
chr9	93000001	93500000	0.0972577462122945
chr9	93500001	94000000	-0.0535581898036251
chr9	94000001	94500000	-0.0495425613184274
chr9	94500001	95000000	-0.0662394346971134
chr9	95000001	95500000	0.033834317246346
chr9	95500001	96000000	0.00953093648260634
chr9	96000001	96500000	-0.0724993107857423
chr9	96500001	97000000	-0.0944188153797785
chr9	97000001	97500000	0.0457400387193375
chr9	97500001	98000000	0.0629460200850478
chr9	98000001	98500000	0.0595399535656412
chr9	98500001	99000000	0.0471644463736371
chr9	99000001	99500000	0.0333270197724192
chr9	99500001	100000000	0.0198841756625533
chr9	100000001	100500000	0.0578314762900312
chr9	100500001	101000000	-0.0924496397862993
chr9	101000001	101500000	0.0391382343642104
chr9	101500001	102000000	0.101120859975814
chr9	102000001	102500000	0.0549542100022677
chr9	102500001	103000000	0.0963972334090648
chr9	103000001	103500000	0.000965580453929256
chr9	103500001	104000000	0.0108798000385619
chr9	104000001	104500000	0.0294356209635423
chr9	104500001	105000000	0.0557714386083573
chr9	105000001	105500000	0.000400297184579068
chr9	105500001	106000000	0.00950441430793424
chr9	106000001	106500000	0.0237277509005447
chr9	106500001	107000000	0.0361984014169763
chr9	107000001	107500000	0.0631605802020949
chr9	107500001	108000000	0.0768076872335578
chr9	108000001	108500000	0.109017483548497
chr9	108500001	109000000	0.068157107999004
chr9	109000001	109500000	-0.0149109201706261
chr9	109500001	110000000	0.0155728083701128
chr9	110000001	110500000	0.0359479845781234
chr9	110500001	111000000	-0.0701459014242864
chr9	111000001	111500000	0.0364769121853432
chr9	111500001	112000000	-0.0133307864121733
chr9	112000001	112500000	0.00433430641843771
chr9	112500001	113000000	-0.00823674122448188
chr9	113000001	113500000	0.0472597944787244
chr9	113500001	114000000	0.0819904974000456
chr9	114000001	114500000	0.0492559468573971
chr9	114500001	115000000	0.0588541328199004
chr9	115000001	115500000	-0.0186984051391761
chr9	115500001	116000000	-0.0637932565370504
chr9	116000001	116500000	0.0262590697067897
chr9	116500001	117000000	0.0402631252534825
chr9	117000001	117500000	-0.0192953866648598
chr9	117500001	118000000	-0.0169461603538014
chr9	118000001	118500000	-0.0916222032027563
chr9	118500001	119000000	-0.0424804955845545
chr9	119000001	119500000	-0.0498042501753423
chr9	119500001	120000000	-0.113519281287677
chr9	120000001	120500000	-0.12022615683977
chr9	120500001	121000000	0.0980109870047632
chr9	121000001	121500000	0.119827996677859
chr9	121500001	122000000	-0.110190020150221
chr9	122000001	122500000	-0.105514747795889
chr9	122500001	123000000	-0.0447234292879988
chr9	123000001	123500000	-0.0554220237573058
chr9	123500001	124000000	0.0899766807009086
chr9	124000001	124500000	-0.0799284259554812
chr9	124500001	125000000	-0.0895130914815398
chr9	125000001	125500000	-0.0779744835831457
chr9	125500001	126000000	-0.0391241637383289
chr9	126000001	126500000	-0.127762654280755
chr9	126500001	127000000	-0.0605387856771164
chr9	127000001	127500000	-0.0532677842252755
chr9	127500001	128000000	-0.0473399409250384
chr9	128000001	128500000	-0.0384697748431639
chr9	128500001	129000000	-0.0328355148573254
chr9	129000001	129500000	0.0493465175267721
chr9	129500001	130000000	0.0511082041042247
chr9	130000001	130500000	-0.170609131563013
chr9	130500001	131000000	-0.0712624821431563
chr9	131000001	131500000	-0.0593189021841536
chr9	131500001	132000000	-0.00784675842252437
chr9	132000001	132500000	-0.107640643685027
chr9	132500001	133000000	-0.0605075827163079
chr9	133000001	133500000	-0.114038626946986
chr9	133500001	134000000	-0.012668110765724
chr9	134000001	134500000	NA
chr9	134500001	135000000	-0.105288750937327
chr9	135000001	135500000	-0.208834538906323
chr9	135500001	136000000	-0.168932365106311
chr9	136000001	136500000	-0.126940623900112
chr9	136500001	137000000	0.065091801972663
chr9	137000001	137500000	NA
chr9	137500001	138000000	-0.0450322835098163
chr10	1	500000	NA
chr10	500001	1000000	-0.0323507299942203
chr10	1000001	1500000	-0.0530270679451358
chr10	1500001	2000000	0.0544246770784846
chr10	2000001	2500000	-0.0980524209014602
chr10	2500001	3000000	-0.0939096004618773
chr10	3000001	3500000	0.000836917844134769
chr10	3500001	4000000	0.151119142354147
chr10	4000001	4500000	0.00919214089724943
chr10	4500001	5000000	0.00307129601092176
chr10	5000001	5500000	-0.00567345581765297
chr10	5500001	6000000	-0.0801688639029768
chr10	6000001	6500000	0.0840585694364156
chr10	6500001	7000000	-0.0389194484408936
chr10	7000001	7500000	0.00343397478407056
chr10	7500001	8000000	0.0834325219679321
chr10	8000001	8500000	0.01615221009769
chr10	8500001	9000000	-0.0135527511434471
chr10	9000001	9500000	0.0597778072471344
chr10	9500001	10000000	0.0859551911190348
chr10	10000001	10500000	-0.0624475138067124
chr10	10500001	11000000	-0.0228110593336581
chr10	11000001	11500000	0.0648958449334494
chr10	11500001	12000000	0.0414092482636556
chr10	12000001	12500000	0.112698583857786
chr10	12500001	13000000	0.0563546286428037
chr10	13000001	13500000	-0.00538301158182204
chr10	13500001	14000000	0.0607058754785821
chr10	14000001	14500000	-0.0218985165416768
chr10	14500001	15000000	0.103800070600539
chr10	15000001	15500000	-0.10374753547768
chr10	15500001	16000000	-0.0969901347348962
chr10	16000001	16500000	0.0354191797321219
chr10	16500001	17000000	0.00732261416270514
chr10	17000001	17500000	0.0914064679183567
chr10	17500001	18000000	-0.0619880138984279
chr10	18000001	18500000	-0.0583757430239578
chr10	18500001	19000000	-0.00871704089750547
chr10	19000001	19500000	0.0519361740245412
chr10	19500001	20000000	0.0521743737193259
chr10	20000001	20500000	0.0463747080632131
chr10	20500001	21000000	-0.00584196948487281
chr10	21000001	21500000	-0.0910363558286895
chr10	21500001	22000000	0.0814592863136418
chr10	22000001	22500000	-0.018463752381595
chr10	22500001	23000000	-0.0201724547636367
chr10	23000001	23500000	0.0449379421058622
chr10	23500001	24000000	0.0345496551339846
chr10	24000001	24500000	-0.0198246903180102
chr10	24500001	25000000	0.00804181738721711
chr10	25000001	25500000	0.0783354883231697
chr10	25500001	26000000	-0.0522456658753894
chr10	26000001	26500000	-0.0480565118203797
chr10	26500001	27000000	0.139955456757681
chr10	27000001	27500000	0.0422186391137003
chr10	27500001	28000000	0.0427219921832335
chr10	28000001	28500000	0.0206656113552678
chr10	28500001	29000000	-0.0816303023918985
chr10	29000001	29500000	-0.0139862101452745
chr10	29500001	30000000	0.154003898631768
chr10	30000001	30500000	0.107136569003024
chr10	30500001	31000000	0.088565971894476
chr10	31000001	31500000	0.0577513655751068
chr10	31500001	32000000	0.104828241094085
chr10	32000001	32500000	0.0486027190284917
chr10	32500001	33000000	0.0783535857758068
chr10	33000001	33500000	0.0323917415286357
chr10	33500001	34000000	-0.0310862914591128
chr10	34000001	34500000	-0.017139957676834
chr10	34500001	35000000	-0.0405454272658475
chr10	35000001	35500000	0.0417416577079783
chr10	35500001	36000000	-0.0218569744057533
chr10	36000001	36500000	-0.009034236130808
chr10	36500001	37000000	-0.0717670400189174
chr10	37000001	37500000	-0.00578418493665424
chr10	42500001	43000000	0.0682094068965958
chr10	43000001	43500000	0.05615025317495
chr10	43500001	44000000	-0.0281366121818999
chr10	44000001	44500000	-0.0294673018021932
chr10	44500001	45000000	0.0680378864375296
chr10	45000001	45500000	0.00256267942165412
chr10	47000001	47500000	-0.00514084119175164
chr10	48000001	48500000	-0.0629795916754285
chr10	48500001	49000000	0.0740118918113467
chr10	49000001	49500000	0.057023131220083
chr10	49500001	50000000	0.0367006885786111
chr10	50000001	50500000	0.0386275751107299
chr10	50500001	51000000	0.0656448977521897
chr10	51000001	51500000	-0.046357041104827
chr10	51500001	52000000	0.00259483719742356
chr10	52000001	52500000	-0.0287914424761318
chr10	52500001	53000000	0.0393949106669854
chr10	53000001	53500000	NA
chr10	53500001	54000000	-0.0651596685738403
chr10	54000001	54500000	0.0577949208630719
chr10	54500001	55000000	-0.0207521181056332
chr10	55000001	55500000	0.0931241943849092
chr10	55500001	56000000	0.0102725656865246
chr10	56000001	56500000	-0.0499290741371143
chr10	56500001	57000000	0.00115169282608027
chr10	57000001	57500000	0.0302436288360148
chr10	57500001	58000000	0.143843392340146
chr10	58000001	58500000	NA
chr10	58500001	59000000	-0.0545310770337663
chr10	59000001	59500000	-0.0617830529042154
chr10	59500001	60000000	NA
chr10	60000001	60500000	-0.00830426832506112
chr10	60500001	61000000	0.0534961627489839
chr10	61000001	61500000	0.0479207306983297
chr10	61500001	62000000	0.0426358088473129
chr10	62000001	62500000	-0.0345026161309278
chr10	62500001	63000000	NA
chr10	63000001	63500000	-0.0194305972977236
chr10	63500001	64000000	0.0952347303198854
chr10	64000001	64500000	0.000445480833381766
chr10	64500001	65000000	-0.0132505765941845
chr10	65000001	65500000	0.031217038285242
chr10	65500001	66000000	-0.00929203328229544
chr10	66000001	66500000	0.00621368126348031
chr10	66500001	67000000	0.086086342677991
chr10	67000001	67500000	-0.0090906295846479
chr10	67500001	68000000	-0.00327881419730416
chr10	68000001	68500000	0.0536856641561365
chr10	68500001	69000000	-0.0203991463750134
chr10	69000001	69500000	0.0777769558790511
chr10	69500001	70000000	-0.0281351638698
chr10	70000001	70500000	0.0761765965339641
chr10	70500001	71000000	0.069876547450849
chr10	71000001	71500000	0.125409413077713
chr10	71500001	72000000	0.149629922733198
chr10	72000001	72500000	0.141680389589337
chr10	72500001	73000000	0.0237678282540451
chr10	73000001	73500000	-0.0140932875521972
chr10	73500001	74000000	-0.0153952508913516
chr10	74000001	74500000	0.102380163927263
chr10	74500001	75000000	0.119292807690039
chr10	75000001	75500000	-0.039740563746028
chr10	75500001	76000000	0.113399564656604
chr10	76000001	76500000	0.126586312267557
chr10	76500001	77000000	0.0243250292793787
chr10	77000001	77500000	0.0470414919718034
chr10	77500001	78000000	-0.00796424244233975
chr10	78000001	78500000	0.0830085191377143
chr10	78500001	79000000	0.0347410275338527
chr10	79000001	79500000	0.0539264869134609
chr10	80000001	80500000	-0.129015504768906
chr10	80500001	81000000	-0.00777254218476426
chr10	81000001	81500000	-0.0203493446703902
chr10	81500001	82000000	-0.0414323728951528
chr10	82000001	82500000	-0.03223600213452
chr10	82500001	83000000	0.02979688489009
chr10	83000001	83500000	0.0383470965367528
chr10	83500001	84000000	-0.0427262104001464
chr10	84000001	84500000	0.038045115991785
chr10	84500001	85000000	-0.0928271042261737
chr10	85000001	85500000	0.0356787061402214
chr10	85500001	86000000	-0.0351902831903461
chr10	86000001	86500000	-0.112929712892457
chr10	86500001	87000000	-0.0623712422179004
chr10	87500001	88000000	0.0494191228658574
chr10	88000001	88500000	0.161504997371724
chr10	88500001	89000000	0.104108439973769
chr10	89000001	89500000	0.100302952512705
chr10	89500001	90000000	-0.0042277876512328
chr10	90000001	90500000	0.0452515789901207
chr10	90500001	91000000	-0.0110536065023672
chr10	91000001	91500000	-0.00998865039388854
chr10	91500001	92000000	-0.0203841230475497
chr10	92000001	92500000	0.0102145951783392
chr10	92500001	93000000	0.070204448651039
chr10	93000001	93500000	0.0661123657777125
chr10	93500001	94000000	-0.022849009805834
chr10	94000001	94500000	-0.108272029284509
chr10	94500001	95000000	0.161820979362349
chr10	95000001	95500000	0.0685652945650368
chr10	95500001	96000000	0.0748747300366018
chr10	96000001	96500000	-0.0147918690311801
chr10	96500001	97000000	0.0960978508092369
chr10	97000001	97500000	0.10405211581288
chr10	97500001	98000000	0.00255941177120747
chr10	98000001	98500000	0.0384894893612167
chr10	98500001	99000000	-0.0215195440049432
chr10	99000001	99500000	0.0469937896718979
chr10	99500001	100000000	0.0243532575387542
chr10	100000001	100500000	-0.0316525524226275
chr10	100500001	101000000	-0.100916497451847
chr10	101000001	101500000	-0.0119646261610892
chr10	101500001	102000000	0.0779755677411625
chr10	102000001	102500000	0.048459579457288
chr10	102500001	103000000	0.00294179179027622
chr10	103000001	103500000	-0.0106373394785979
chr10	103500001	104000000	-0.146087518976178
chr10	104000001	104500000	0.0467568792793862
chr10	104500001	105000000	0.0479319264810741
chr10	105000001	105500000	0.0423756335915189
chr10	105500001	106000000	0.0174764017786479
chr10	106000001	106500000	-0.0167196683750604
chr10	106500001	107000000	-0.0259838258294323
chr10	107000001	107500000	-0.074697934912771
chr10	107500001	108000000	-0.0405990619492638
chr10	108000001	108500000	-0.0430724907201456
chr10	108500001	109000000	-0.0913375367117016
chr10	109000001	109500000	-0.0812940340665981
chr10	109500001	110000000	0.0431043142502891
chr10	110000001	110500000	0.0818948746308777
chr10	110500001	111000000	0.0513158661669392
chr10	111000001	111500000	-0.0808130287221518
chr10	111500001	112000000	0.0281368460329311
chr10	112000001	112500000	-0.0115611647085028
chr10	112500001	113000000	-0.0166611190220005
chr10	113000001	113500000	0.12188354905719
chr10	113500001	114000000	0.0633877292618843
chr10	114000001	114500000	NA
chr10	114500001	115000000	0.00443386791875866
chr10	115000001	115500000	-0.0402991125228285
chr10	115500001	116000000	-0.0120604156273543
chr10	116000001	116500000	-0.0771642796345185
chr10	116500001	117000000	-0.0924396988715524
chr10	117000001	117500000	0.077174087126015
chr10	117500001	118000000	-0.0856860753619038
chr10	118000001	118500000	-0.036461030726396
chr10	118500001	119000000	0.0084966029703535
chr10	119000001	119500000	0.0472383958099038
chr10	119500001	120000000	-0.0141733163391595
chr10	120000001	120500000	-0.0813347854168875
chr10	120500001	121000000	-0.0812753195546146
chr10	121000001	121500000	-0.0399195272606604
chr10	121500001	122000000	-0.0841731988419248
chr10	122000001	122500000	-0.168112026284593
chr10	122500001	123000000	-0.0562543691623594
chr10	123000001	123500000	-0.0339766763506358
chr10	123500001	124000000	-0.11217434457767
chr10	124000001	124500000	NA
chr10	124500001	125000000	0.105483996523139
chr10	125000001	125500000	-0.0942073003100774
chr10	125500001	126000000	-0.000249623704286703
chr10	126000001	126500000	-0.0238746642957674
chr10	126500001	127000000	0.0063313774103016
chr10	127000001	127500000	0.0172500840797245
chr10	127500001	128000000	-0.0473964310808837
chr10	128000001	128500000	0.0268324235301614
chr10	128500001	129000000	-0.0575482315501866
chr10	129000001	129500000	-0.0713363847801771
chr10	129500001	130000000	-0.154814672985454
chr10	130000001	130500000	-0.0833646908555305
chr10	130500001	131000000	-0.105521115285501
chr10	131000001	131500000	0.00625117194737658
chr10	131500001	132000000	NA
chr10	132000001	132500000	-0.027595053093426
chr10	132500001	133000000	0.0127568990442053
chr10	133000001	133500000	-0.0609291321829871
chr11	500001	1000000	-0.0749134651784392
chr11	1000001	1500000	-0.0787175694833966
chr11	1500001	2000000	0.104465645224532
chr11	2000001	2500000	-0.0825747229027301
chr11	2500001	3000000	0.0625134614559883
chr11	3500001	4000000	-0.0284891661597767
chr11	4000001	4500000	0.0104222221410496
chr11	4500001	5000000	-0.0644715938256349
chr11	5000001	5500000	-0.034622713425774
chr11	5500001	6000000	-0.0258937982766021
chr11	6000001	6500000	0.024137994588627
chr11	6500001	7000000	-0.0274935460018873
chr11	7000001	7500000	-0.118494920004796
chr11	7500001	8000000	0.001128694290292
chr11	8000001	8500000	-0.0499921674160351
chr11	8500001	9000000	-0.00512426386102863
chr11	9000001	9500000	0.0356573323173482
chr11	9500001	10000000	0.053055545741799
chr11	10000001	10500000	0.0981188701785749
chr11	10500001	11000000	0.05646112265058
chr11	11000001	11500000	-0.0091443810776734
chr11	11500001	12000000	0.00661825487579213
chr11	12000001	12500000	0.0445722777817644
chr11	12500001	13000000	-0.234890209153166
chr11	13000001	13500000	-0.0331699503442718
chr11	13500001	14000000	0.00907245974884854
chr11	14000001	14500000	0.0100218212651368
chr11	14500001	15000000	0.0252130559460587
chr11	15000001	15500000	-0.0658387582481119
chr11	15500001	16000000	0.0498016726365796
chr11	16000001	16500000	0.0569352762703504
chr11	16500001	17000000	0.0391654392933706
chr11	17000001	17500000	-0.0318144936152541
chr11	17500001	18000000	-0.00015902438351767
chr11	18000001	18500000	-0.0212029751698527
chr11	18500001	19000000	-0.0287323162066097
chr11	19000001	19500000	0.00436190082382154
chr11	19500001	20000000	0.0266611828071101
chr11	20000001	20500000	-0.0476795172795013
chr11	20500001	21000000	0.0575620084096078
chr11	21000001	21500000	0.0576004322271678
chr11	21500001	22000000	-0.0645717705698327
chr11	22000001	22500000	-0.0332017526601838
chr11	22500001	23000000	-0.0573506283961758
chr11	23000001	23500000	-0.0392393105972247
chr11	23500001	24000000	0.00326131119837427
chr11	24000001	24500000	0.0185353390401859
chr11	24500001	25000000	-0.00177062149207447
chr11	25000001	25500000	0.000745767913975251
chr11	25500001	26000000	-0.0841901813985366
chr11	26000001	26500000	-0.0262800429881914
chr11	26500001	27000000	0.0554157626490019
chr11	27000001	27500000	0.0350668084727295
chr11	27500001	28000000	-0.0277842943683086
chr11	28000001	28500000	-0.0460198865340274
chr11	28500001	29000000	0.0378880588516443
chr11	29000001	29500000	-0.0436559510306395
chr11	29500001	30000000	0.0136652405943328
chr11	30000001	30500000	-0.0398203581786071
chr11	30500001	31000000	0.0414408341339942
chr11	31000001	31500000	0.0816110389704863
chr11	31500001	32000000	0.019544262053478
chr11	32000001	32500000	-0.144963363430076
chr11	32500001	33000000	-0.0110226553798507
chr11	33000001	33500000	-0.0319709910969389
chr11	33500001	34000000	0.167542357001713
chr11	34000001	34500000	0.200994245892965
chr11	34500001	35000000	0.0166572498068921
chr11	35000001	35500000	0.0617984310685866
chr11	35500001	36000000	0.0849940409951031
chr11	36000001	36500000	0.0805671082348748
chr11	36500001	37000000	-0.0876649983481345
chr11	37000001	37500000	-0.0145616476978082
chr11	37500001	38000000	-0.0264717989869614
chr11	38000001	38500000	0.0229840373717988
chr11	38500001	39000000	0.00504210367498956
chr11	39000001	39500000	0.00253241635636992
chr11	39500001	40000000	0.0489460808372044
chr11	40000001	40500000	0.11139202117597
chr11	40500001	41000000	0.0118699083970104
chr11	41000001	41500000	-0.0890449465972807
chr11	41500001	42000000	-0.0163551687094873
chr11	42000001	42500000	0.0616580202281968
chr11	42500001	43000000	-0.0557391097033597
chr11	43000001	43500000	-0.0418328916547974
chr11	43500001	44000000	-0.00418686458477736
chr11	44000001	44500000	-0.053272059944696
chr11	44500001	45000000	0.114083898317219
chr11	45000001	45500000	0.0127406285424695
chr11	45500001	46000000	0.0821016274526937
chr11	46000001	46500000	0.0581606925592388
chr11	46500001	47000000	-0.038632508730304
chr11	47000001	47500000	0.106567023113493
chr11	47500001	48000000	0.0073727234459339
chr11	48000001	48500000	0.0224343298156633
chr11	50000001	50500000	-0.191748798341106
chr11	56000001	56500000	-0.0225927230469442
chr11	56500001	57000000	-0.0849695661505118
chr11	57000001	57500000	-0.0520157418015974
chr11	57500001	58000000	0.0709122546594998
chr11	58000001	58500000	-0.0653112138262004
chr11	58500001	59000000	-0.0312786599134334
chr11	59000001	59500000	0.116455732912736
chr11	59500001	60000000	-0.00250215644963325
chr11	60000001	60500000	0.113118457292353
chr11	60500001	61000000	0.105114608906882
chr11	61000001	61500000	0.0517617815206231
chr11	61500001	62000000	0.0534137020088551
chr11	62000001	62500000	0.0681684702630227
chr11	62500001	63000000	0.0424502408853487
chr11	63000001	63500000	0.248411306414972
chr11	63500001	64000000	0.00154135862211965
chr11	64000001	64500000	0.0507410286679546
chr11	64500001	65000000	0.150115306200012
chr11	65000001	65500000	0.0829049163519869
chr11	65500001	66000000	0.140942593927114
chr11	66000001	66500000	0.0543521819428824
chr11	66500001	67000000	-0.0407501694954481
chr11	67000001	67500000	-0.0693986791522177
chr11	68000001	68500000	-0.0463488365331403
chr11	68500001	69000000	0.0724320363734856
chr11	69000001	69500000	0.0813904114124722
chr11	69500001	70000000	0.0305610246456988
chr11	70000001	70500000	-0.0355470001118297
chr11	70500001	71000000	NA
chr11	71000001	71500000	NA
chr11	72000001	72500000	0.1277115138906
chr11	72500001	73000000	0.151326771455772
chr11	73000001	73500000	0.0935353157116679
chr11	73500001	74000000	-0.0488898100880938
chr11	74000001	74500000	0.0698114478774499
chr11	74500001	75000000	0.101628144793955
chr11	75000001	75500000	-0.0153995105613652
chr11	75500001	76000000	0.0391316874729848
chr11	76000001	76500000	0.057152535860927
chr11	76500001	77000000	0.0123582411702549
chr11	77000001	77500000	0.113368756011272
chr11	77500001	78000000	0.0485408530937087
chr11	78000001	78500000	0.070285016402368
chr11	78500001	79000000	0.0278382297592051
chr11	79000001	79500000	-0.0521041401415689
chr11	79500001	80000000	-0.0437368242149193
chr11	80000001	80500000	-0.0510806636835133
chr11	80500001	81000000	-0.0233750215943512
chr11	81000001	81500000	-0.00583190208775436
chr11	81500001	82000000	0.0487709787395345
chr11	82000001	82500000	0.00164624600718139
chr11	82500001	83000000	0.027197042495528
chr11	83000001	83500000	0.0210196712890009
chr11	83500001	84000000	0.0389805625007493
chr11	84000001	84500000	-0.0417953557305861
chr11	84500001	85000000	-0.0296455431529689
chr11	85000001	85500000	0.0851025062616176
chr11	85500001	86000000	0.0502662831249903
chr11	86000001	86500000	0.0133885885295326
chr11	86500001	87000000	-0.0068172821632507
chr11	87000001	87500000	-0.0412334678415256
chr11	87500001	88000000	NA
chr11	88000001	88500000	NA
chr11	88500001	89000000	-0.0115642981484926
chr11	89000001	89500000	0.0523381134732421
chr11	90000001	90500000	-0.0805993263568509
chr11	90500001	91000000	-0.12169199066107
chr11	91000001	91500000	-0.0585139462102105
chr11	91500001	92000000	-0.131179899946583
chr11	92000001	92500000	0.0019464946867333
chr11	92500001	93000000	-0.0731707420321575
chr11	93000001	93500000	0.00387800464872474
chr11	93500001	94000000	-0.0212322442997098
chr11	94000001	94500000	0.15512324899868
chr11	94500001	95000000	0.0306499180451717
chr11	95000001	95500000	0.0632851106442531
chr11	95500001	96000000	0.061900454252118
chr11	96000001	96500000	0.0684979946271156
chr11	96500001	97000000	NA
chr11	97000001	97500000	-0.0330496579429716
chr11	97500001	98000000	0.0711358747965814
chr11	98000001	98500000	0.00610376736886258
chr11	98500001	99000000	0.0220368993184391
chr11	99000001	99500000	0.0705034149146346
chr11	99500001	100000000	-0.00932065794188225
chr11	100000001	100500000	0.02905443625263
chr11	100500001	101000000	-0.0237149834482377
chr11	101000001	101500000	0.024792512606986
chr11	101500001	102000000	-0.0261364377326118
chr11	102000001	102500000	-0.0113308820398353
chr11	102500001	103000000	0.0407527983007573
chr11	103000001	103500000	0.0423699117790104
chr11	103500001	104000000	0.0839332945658263
chr11	104000001	104500000	-0.0273620997313818
chr11	104500001	105000000	0.0250236821320517
chr11	105000001	105500000	0.0851002340778476
chr11	105500001	106000000	-0.0662259082545815
chr11	106000001	106500000	-0.0652589672619667
chr11	106500001	107000000	-0.0102434321558929
chr11	107000001	107500000	-0.0700371359555869
chr11	107500001	108000000	-0.0157741635883799
chr11	108000001	108500000	0.00331814974952067
chr11	108500001	109000000	0.0178519583767065
chr11	109000001	109500000	-0.0267492472783441
chr11	109500001	110000000	-0.0590144211406781
chr11	110000001	110500000	0.0462218952877864
chr11	110500001	111000000	-0.119925286792525
chr11	111000001	111500000	0.00481569534316791
chr11	111500001	112000000	0.0509161942595409
chr11	112000001	112500000	-0.0107501386614437
chr11	112500001	113000000	-0.0283450397731412
chr11	113000001	113500000	0.00902079021269277
chr11	113500001	114000000	-0.0725068553608423
chr11	114000001	114500000	0.0598458293235993
chr11	114500001	115000000	-0.0591315142818278
chr11	115000001	115500000	-0.0521588660095961
chr11	115500001	116000000	0.0184860561767012
chr11	116000001	116500000	-0.0606154882723216
chr11	116500001	117000000	-0.00188952784001902
chr11	117000001	117500000	0.000699683136841963
chr11	117500001	118000000	0.0696188380294999
chr11	118000001	118500000	0.0370283695080251
chr11	118500001	119000000	0.000692995446973214
chr11	119000001	119500000	0.0816561840330011
chr11	119500001	120000000	0.0434888905865115
chr11	120000001	120500000	0.00900522908486175
chr11	120500001	121000000	-0.0394643382443169
chr11	121000001	121500000	0.0784509186762149
chr11	121500001	122000000	0.0254772624048269
chr11	122000001	122500000	0.00807075973740724
chr11	122500001	123000000	0.0523804572220048
chr11	123000001	123500000	-0.0390590487334969
chr11	123500001	124000000	-0.0107800424706805
chr11	124000001	124500000	-0.0923837098228666
chr11	124500001	125000000	0.113353253039936
chr11	125000001	125500000	0.00766463968004283
chr11	125500001	126000000	0.0403885852380669
chr11	126000001	126500000	0.102100851105098
chr11	126500001	127000000	0.00374532398235217
chr11	127000001	127500000	0.0648493119484704
chr11	127500001	128000000	0.0422095089886496
chr11	128000001	128500000	0.127165985358587
chr11	128500001	129000000	0.250718851663801
chr11	129000001	129500000	0.0713821343643875
chr11	129500001	130000000	0.0582077765461899
chr11	130000001	130500000	-0.0155151183877072
chr11	130500001	131000000	0.0640381584471135
chr11	131000001	131500000	0.00236306269387884
chr11	131500001	132000000	0.0275364399323337
chr11	132000001	132500000	0.071709944813598
chr11	132500001	133000000	-0.00121446198296956
chr11	133000001	133500000	-0.0538444335077703
chr11	133500001	134000000	0.0566215370211914
chr11	134000001	134500000	0.0324519051267218
chr11	134500001	135000000	0.000477667273588611
chr11	135000001	135500000	NA
chr12	1	500000	NA
chr12	500001	1000000	-0.0181770597865286
chr12	1000001	1500000	0.0102904872178108
chr12	1500001	2000000	-0.00124744434771335
chr12	2000001	2500000	0.0407646137008249
chr12	2500001	3000000	-0.00271053645383335
chr12	3000001	3500000	-0.0593115198643005
chr12	3500001	4000000	0.0301665709490441
chr12	4000001	4500000	0.0906145493011447
chr12	4500001	5000000	-0.00919535183041519
chr12	5000001	5500000	0.012194668898601
chr12	5500001	6000000	0.0215633767955987
chr12	6000001	6500000	0.0815386125599484
chr12	6500001	7000000	NA
chr12	7000001	7500000	NA
chr12	7500001	8000000	-0.0642278074290773
chr12	8500001	9000000	0.0555910455818341
chr12	9000001	9500000	-0.0611325690876233
chr12	9500001	10000000	-0.0483214607036414
chr12	10000001	10500000	-0.0337582688339186
chr12	10500001	11000000	-0.0254517894829388
chr12	11000001	11500000	0.0413282376558224
chr12	11500001	12000000	0.0923059753477343
chr12	12000001	12500000	-0.054384085160759
chr12	12500001	13000000	-0.0512717523674515
chr12	13000001	13500000	-0.0285116853795629
chr12	13500001	14000000	-0.0334546043138774
chr12	14000001	14500000	-0.00920415134653842
chr12	14500001	15000000	-0.0220195346797594
chr12	15000001	15500000	-0.089709182979099
chr12	15500001	16000000	-0.121890278501731
chr12	16000001	16500000	-0.103593064254418
chr12	16500001	17000000	-0.105115560464362
chr12	17000001	17500000	-0.113104814126838
chr12	17500001	18000000	-0.0471522964435549
chr12	18000001	18500000	-0.0514941936858128
chr12	18500001	19000000	0.0292572348501871
chr12	19000001	19500000	-0.0337109132702485
chr12	19500001	20000000	-0.0767077419859383
chr12	20000001	20500000	0.0152142161364552
chr12	20500001	21000000	-0.101608356589152
chr12	21000001	21500000	-0.0133036352770108
chr12	21500001	22000000	-0.00970435622801999
chr12	22000001	22500000	-0.108050728727035
chr12	22500001	23000000	-0.0397662274485887
chr12	23000001	23500000	0.00233680502428998
chr12	23500001	24000000	-0.0178250413683336
chr12	24000001	24500000	-0.0790307232610378
chr12	24500001	25000000	-0.0756308373209992
chr12	25000001	25500000	-0.148392367908821
chr12	25500001	26000000	-0.0992944798896813
chr12	26000001	26500000	-0.0396904160509954
chr12	26500001	27000000	0.0200191339571839
chr12	27000001	27500000	0.0814754565233811
chr12	27500001	28000000	-0.00613032082101244
chr12	28000001	28500000	0.120495120664141
chr12	28500001	29000000	-0.00401672333010826
chr12	29000001	29500000	-0.0411020248234612
chr12	29500001	30000000	0.0134095213723591
chr12	30000001	30500000	-0.071562489100197
chr12	30500001	31000000	0.0507865196321704
chr12	31000001	31500000	0.147116908555459
chr12	31500001	32000000	0.119164463969362
chr12	32000001	32500000	-0.0356218992367938
chr12	32500001	33000000	0.0607775879751518
chr12	38000001	38500000	0.00563554037349052
chr12	38500001	39000000	0.0168343738846663
chr12	39000001	39500000	-0.0870436702281069
chr12	39500001	40000000	0.067525131768242
chr12	40000001	40500000	0.2297867916102
chr12	40500001	41000000	0.0638742848838786
chr12	41000001	41500000	0.124548215483885
chr12	41500001	42000000	0.143776203447468
chr12	42000001	42500000	0.0538124248088559
chr12	42500001	43000000	0.0416007480241117
chr12	43000001	43500000	0.0250950748877189
chr12	43500001	44000000	0.0206309178017944
chr12	44000001	44500000	0.101947795501304
chr12	44500001	45000000	0.0704688073184267
chr12	45000001	45500000	0.121193937429081
chr12	45500001	46000000	0.0943833471469212
chr12	46000001	46500000	0.161916289093239
chr12	46500001	47000000	0.171508670358601
chr12	47000001	47500000	0.0297409301853117
chr12	47500001	48000000	0.0601279297024759
chr12	48000001	48500000	0.0290552091155842
chr12	48500001	49000000	-0.00695332808386789
chr12	49000001	49500000	0.04931551750199
chr12	49500001	50000000	0.0546427003877099
chr12	50000001	50500000	-0.029666072979092
chr12	50500001	51000000	-0.0237339827595772
chr12	51000001	51500000	-0.0511758089909271
chr12	51500001	52000000	-0.141518148020791
chr12	52000001	52500000	-0.0503388430805802
chr12	52500001	53000000	-0.113843761885126
chr12	53000001	53500000	0.0604846243732224
chr12	53500001	54000000	0.0902987490252175
chr12	54000001	54500000	-0.0557749276343881
chr12	54500001	55000000	-0.0450870940782471
chr12	55000001	55500000	-0.12310243288202
chr12	55500001	56000000	-0.0378002144033601
chr12	56000001	56500000	-0.0155913001425941
chr12	56500001	57000000	-0.0162727564970401
chr12	57000001	57500000	0.0257346483955752
chr12	57500001	58000000	0.104170415651687
chr12	58000001	58500000	-0.0250400788260049
chr12	58500001	59000000	-0.0789460066359496
chr12	59000001	59500000	-0.01730968867698
chr12	59500001	60000000	-0.0445650874230824
chr12	60000001	60500000	0.00202937757194626
chr12	60500001	61000000	-0.0175950382564389
chr12	61000001	61500000	0.0298068941638162
chr12	61500001	62000000	0.025517791779547
chr12	62000001	62500000	0.0832545435490814
chr12	62500001	63000000	-0.0098340295342384
chr12	63000001	63500000	-0.0420901808001109
chr12	63500001	64000000	0.149784498452466
chr12	64000001	64500000	-0.0961388717350029
chr12	64500001	65000000	0.086020119692784
chr12	65000001	65500000	-0.0171622147467153
chr12	65500001	66000000	-0.00654027875650744
chr12	66000001	66500000	0.00500277465886391
chr12	66500001	67000000	-0.100193000437935
chr12	67000001	67500000	-0.0575253377649786
chr12	67500001	68000000	-0.0617946318196887
chr12	68000001	68500000	-0.0556562361675181
chr12	68500001	69000000	-0.112829279281678
chr12	69000001	69500000	0.0373057359435185
chr12	69500001	70000000	-0.0199403960028671
chr12	70000001	70500000	-0.0645138591581784
chr12	70500001	71000000	-0.0939299197898881
chr12	71000001	71500000	-0.154776134356393
chr12	71500001	72000000	-0.0369574175570481
chr12	72000001	72500000	-0.0857079263914819
chr12	72500001	73000000	-0.0459618207873887
chr12	73000001	73500000	-0.010737180785216
chr12	73500001	74000000	-0.0458363319028522
chr12	74000001	74500000	-0.171715888728773
chr12	74500001	75000000	-0.0713941652029185
chr12	75000001	75500000	-0.0599928422489563
chr12	75500001	76000000	-0.0914969673605443
chr12	76000001	76500000	-0.0162773812314509
chr12	76500001	77000000	0.0356249813368124
chr12	77000001	77500000	0.00303615871058842
chr12	77500001	78000000	-0.104656577553782
chr12	78000001	78500000	-0.141026108176958
chr12	78500001	79000000	-0.00413945889421952
chr12	79000001	79500000	-0.0365020583892889
chr12	79500001	80000000	-0.0639250952663981
chr12	80000001	80500000	-0.0175586626676184
chr12	80500001	81000000	-0.0203438288754509
chr12	81000001	81500000	-0.0349912445082102
chr12	81500001	82000000	-0.0229706780706259
chr12	82000001	82500000	-0.0187993701263447
chr12	82500001	83000000	-0.134396215325968
chr12	83000001	83500000	-0.138712905127789
chr12	83500001	84000000	-0.0619752208792997
chr12	84000001	84500000	-0.170628652086828
chr12	84500001	85000000	-0.0263761385311918
chr12	85000001	85500000	-0.180882772243555
chr12	85500001	86000000	-0.144435396749664
chr12	86000001	86500000	-0.0612158215470263
chr12	86500001	87000000	-0.0807844453115834
chr12	87000001	87500000	-0.0135924706167247
chr12	87500001	88000000	-0.0358435377582937
chr12	88000001	88500000	-0.117464547917173
chr12	88500001	89000000	-0.0361745193200054
chr12	89000001	89500000	0.0385287405606201
chr12	89500001	90000000	0.0695291245367518
chr12	90000001	90500000	-0.030206967880012
chr12	90500001	91000000	-0.11679411636844
chr12	91000001	91500000	-0.137682032585543
chr12	91500001	92000000	-0.0383640063196097
chr12	92000001	92500000	0.000394233529371693
chr12	92500001	93000000	-0.0715036449084209
chr12	93000001	93500000	0.0276261607572008
chr12	93500001	94000000	0.0672008332856355
chr12	94000001	94500000	0.108581387972818
chr12	94500001	95000000	-0.0391925695879461
chr12	95000001	95500000	-0.205626272792152
chr12	95500001	96000000	-0.072857935142011
chr12	96000001	96500000	0.0270241637844144
chr12	96500001	97000000	-0.0130038242698073
chr12	97000001	97500000	-0.15405561176142
chr12	97500001	98000000	-0.163486936735894
chr12	98000001	98500000	-0.109063405055685
chr12	98500001	99000000	-0.0598812327445951
chr12	99000001	99500000	-0.0540351452307051
chr12	99500001	100000000	-0.112657677962145
chr12	100000001	100500000	-0.0839709051060228
chr12	100500001	101000000	-0.112963119908291
chr12	101000001	101500000	-0.0904908396861353
chr12	101500001	102000000	0.016533289113804
chr12	102000001	102500000	-0.0883742223365577
chr12	102500001	103000000	-0.144668772418202
chr12	103000001	103500000	-0.109663663081763
chr12	103500001	104000000	0.045401564850952
chr12	104000001	104500000	0.0144400469008128
chr12	104500001	105000000	0.0305262855715586
chr12	105000001	105500000	-0.0433832841622988
chr12	105500001	106000000	-0.0826794288286204
chr12	106000001	106500000	0.000486530840849889
chr12	106500001	107000000	-0.0882070302367288
chr12	107000001	107500000	0.0438091837337435
chr12	107500001	108000000	-0.097158482868724
chr12	108000001	108500000	-0.182997123286793
chr12	108500001	109000000	-0.0381913143416402
chr12	109000001	109500000	-0.0261350749924707
chr12	109500001	110000000	0.00919346485595889
chr12	110000001	110500000	0.0137001140114234
chr12	110500001	111000000	-0.0462978062110129
chr12	111000001	111500000	-0.0236908588455609
chr12	111500001	112000000	-0.11490430231333
chr12	112000001	112500000	-0.040897415544214
chr12	112500001	113000000	-0.0689447668832054
chr12	113000001	113500000	0.0175048729311768
chr12	113500001	114000000	-0.0286962570653622
chr12	114000001	114500000	-0.00575489704004595
chr12	114500001	115000000	-0.0928105084006557
chr12	115000001	115500000	-0.00625605946803458
chr12	115500001	116000000	-0.135166362892803
chr12	116000001	116500000	-0.0310088246252687
chr12	116500001	117000000	-0.154923108384645
chr12	117000001	117500000	-0.0890618186340965
chr12	117500001	118000000	-0.146670565286719
chr12	118000001	118500000	0.0219856195147057
chr12	118500001	119000000	-0.110209713368393
chr12	119000001	119500000	-0.0701537572030266
chr12	119500001	120000000	-0.0832164425601139
chr12	120000001	120500000	-0.0484416488967698
chr12	120500001	121000000	-0.108656945824812
chr12	121000001	121500000	-0.0955805628814217
chr12	121500001	122000000	0.0642664158071743
chr12	122000001	122500000	NA
chr12	122500001	123000000	-0.0706670968195347
chr12	123000001	123500000	NA
chr12	123500001	124000000	-0.0822975169094371
chr12	124000001	124500000	-0.0240111516615247
chr12	124500001	125000000	0.0115427895633651
chr12	125000001	125500000	-0.0677880268614723
chr12	125500001	126000000	-0.124896750434201
chr12	126000001	126500000	-0.157580745860378
chr12	126500001	127000000	-0.102025085106918
chr12	127000001	127500000	-0.0729423191357439
chr12	127500001	128000000	-0.0829069761140814
chr12	128000001	128500000	-0.134550264468082
chr12	128500001	129000000	-0.0119254351294627
chr12	129000001	129500000	-0.124853086211183
chr12	129500001	130000000	-0.0966483751376132
chr12	130000001	130500000	-0.234801814591657
chr12	130500001	131000000	-0.133937749418397
chr12	131000001	131500000	-0.0746714184597312
chr12	131500001	132000000	-0.0699772387866162
chr12	132000001	132500000	NA
chr12	132500001	133000000	-0.115714171032001
chr12	133000001	133500000	NA
chr13	19000001	19500000	0.043692297088753
chr13	19500001	20000000	-0.0272653982744241
chr13	20000001	20500000	-0.0961818228210718
chr13	20500001	21000000	-0.0948868778422922
chr13	21000001	21500000	-0.105435647795609
chr13	21500001	22000000	-0.0681058761129508
chr13	22000001	22500000	-0.142688207507995
chr13	22500001	23000000	-0.127431054198633
chr13	23000001	23500000	-0.0635939099200951
chr13	23500001	24000000	0.0129182539016661
chr13	24000001	24500000	-0.100096325983588
chr13	24500001	25000000	0.100583395073057
chr13	25000001	25500000	-0.0737505014697886
chr13	25500001	26000000	-0.105490280105848
chr13	26000001	26500000	-0.116719298889061
chr13	26500001	27000000	-0.104026111418637
chr13	27000001	27500000	-0.0752315007854683
chr13	27500001	28000000	-0.0511923371027504
chr13	28000001	28500000	-0.0236946802765963
chr13	28500001	29000000	-0.0244760430134965
chr13	29000001	29500000	-0.0257703204444102
chr13	29500001	30000000	-0.0723686380557157
chr13	30000001	30500000	-0.0050687584476923
chr13	30500001	31000000	-0.00688233460849914
chr13	31000001	31500000	-0.045132612556432
chr13	31500001	32000000	-0.0649160703002083
chr13	32000001	32500000	0.0257454871779814
chr13	32500001	33000000	-0.0448609296332724
chr13	33000001	33500000	-0.0999558674143165
chr13	33500001	34000000	-0.0357851712512947
chr13	34000001	34500000	-0.126304860422697
chr13	34500001	35000000	-0.036610516009516
chr13	35000001	35500000	0.0203799283771318
chr13	35500001	36000000	-0.0482359689245964
chr13	36000001	36500000	-0.010495208044957
chr13	36500001	37000000	-0.0890683064612132
chr13	37000001	37500000	-0.0167376696301199
chr13	37500001	38000000	0.0901741470148248
chr13	38000001	38500000	-0.104709718496536
chr13	38500001	39000000	-0.0795607106667072
chr13	39000001	39500000	-0.0297922110678101
chr13	39500001	40000000	0.0669528845751207
chr13	40000001	40500000	0.0389367685451304
chr13	40500001	41000000	0.120769278083843
chr13	41000001	41500000	0.0738310261116175
chr13	41500001	42000000	0.0129197029411636
chr13	42000001	42500000	0.029981892872797
chr13	42500001	43000000	-0.0717284093805595
chr13	43000001	43500000	0.00863564311341961
chr13	43500001	44000000	-0.0715877773676236
chr13	44000001	44500000	0.0597484764194722
chr13	44500001	45000000	-0.108072266010802
chr13	45000001	45500000	-0.0426121425146722
chr13	45500001	46000000	0.0336078005150629
chr13	46000001	46500000	0.065288162881181
chr13	46500001	47000000	-0.0417218068156585
chr13	47000001	47500000	-0.0973334358981692
chr13	47500001	48000000	0.0267307103948473
chr13	48000001	48500000	0.0520669186833759
chr13	48500001	49000000	0.0688588069318722
chr13	49000001	49500000	0.164968701091706
chr13	49500001	50000000	0.0690062985380983
chr13	50000001	50500000	-0.011136353744008
chr13	50500001	51000000	0.0337506662757493
chr13	51000001	51500000	0.00629593675784806
chr13	51500001	52000000	0.060441383354704
chr13	52000001	52500000	-0.199972386627493
chr13	52500001	53000000	-0.114094002666905
chr13	53000001	53500000	0.0375007357365806
chr13	53500001	54000000	-0.109808227966401
chr13	54000001	54500000	-0.0499095172382686
chr13	54500001	55000000	-0.0435707577397279
chr13	55000001	55500000	-0.00289213470263135
chr13	55500001	56000000	-0.0315129544978401
chr13	56000001	56500000	0.105942603341725
chr13	56500001	57000000	-0.0653112729089255
chr13	57000001	57500000	-0.00101748988969874
chr13	57500001	58000000	-0.104383826133393
chr13	58000001	58500000	-0.0387378372491528
chr13	58500001	59000000	-0.0970122468720826
chr13	59000001	59500000	-0.104510690307176
chr13	59500001	60000000	-0.0528694022005621
chr13	60000001	60500000	-0.0807623151137051
chr13	60500001	61000000	-0.0832429130296088
chr13	61000001	61500000	-0.117191542295047
chr13	61500001	62000000	-0.0809632751046633
chr13	62000001	62500000	-0.0693193483816022
chr13	62500001	63000000	NA
chr13	63000001	63500000	0.023836450061159
chr13	63500001	64000000	-0.151775812547576
chr13	64000001	64500000	-0.029180928668658
chr13	64500001	65000000	-0.0180929059335842
chr13	65000001	65500000	0.0221784288382552
chr13	65500001	66000000	-0.00581066354433428
chr13	66000001	66500000	0.0631697725422314
chr13	66500001	67000000	-0.0136841655773349
chr13	67000001	67500000	-0.0371604314928796
chr13	67500001	68000000	0.0259225246954121
chr13	68000001	68500000	-0.0134907785278193
chr13	68500001	69000000	NA
chr13	69000001	69500000	NA
chr13	69500001	70000000	-0.0857761322548274
chr13	70000001	70500000	-0.0522078420970189
chr13	70500001	71000000	0.00426544749546109
chr13	71000001	71500000	0.0509371462522877
chr13	71500001	72000000	0.0208100855071449
chr13	72000001	72500000	-0.0825755853802875
chr13	72500001	73000000	-0.0218795323427475
chr13	73000001	73500000	-0.0466035540618887
chr13	73500001	74000000	-0.123255747954253
chr13	74000001	74500000	-0.159410892570264
chr13	74500001	75000000	0.0264357528486175
chr13	75000001	75500000	0.0135123677163988
chr13	75500001	76000000	0.0466651183331348
chr13	76000001	76500000	-0.00802575473970114
chr13	76500001	77000000	-0.02181372079993
chr13	77000001	77500000	0.059622076546393
chr13	77500001	78000000	-0.137162871639069
chr13	78000001	78500000	-0.0613383266954974
chr13	78500001	79000000	-0.029472033104986
chr13	79000001	79500000	0.0715602107233042
chr13	79500001	80000000	-0.0220197948511487
chr13	80000001	80500000	-0.0145627225881685
chr13	80500001	81000000	-0.0364494767961754
chr13	81000001	81500000	-0.0448151156226214
chr13	81500001	82000000	-0.0639976586437979
chr13	82000001	82500000	-0.000395220533665169
chr13	82500001	83000000	-0.0844349572487558
chr13	83000001	83500000	0.0376995619820749
chr13	83500001	84000000	-0.0988450500572783
chr13	84000001	84500000	-0.0754768217136897
chr13	84500001	85000000	0.0414719346039037
chr13	85000001	85500000	-0.0383925075619168
chr13	85500001	86000000	0.0030128437472925
chr13	86000001	86500000	NA
chr13	86500001	87000000	-0.0302458109703053
chr13	87000001	87500000	-0.0134318632100344
chr13	87500001	88000000	-0.09424596236099
chr13	88000001	88500000	0.0305444326647671
chr13	88500001	89000000	0.0843693707133925
chr13	89000001	89500000	-0.0126786935338194
chr13	89500001	90000000	-0.0463095815787486
chr13	90000001	90500000	-0.00585968593671358
chr13	90500001	91000000	-0.00635843349868176
chr13	91000001	91500000	-0.00937394788102829
chr13	91500001	92000000	-0.115747734092608
chr13	92000001	92500000	0.0215820482360511
chr13	92500001	93000000	-0.0635876682095061
chr13	93000001	93500000	-0.0890184541612225
chr13	93500001	94000000	-0.151096696802797
chr13	94000001	94500000	-0.0222960909813129
chr13	94500001	95000000	-0.0507528836954421
chr13	95000001	95500000	-0.0446456674738873
chr13	95500001	96000000	0.0707861482820998
chr13	96000001	96500000	-0.00974704120580597
chr13	96500001	97000000	0.0157813600461974
chr13	97000001	97500000	-0.0237706825032836
chr13	97500001	98000000	-0.0271589137143804
chr13	98000001	98500000	-0.079501378813523
chr13	98500001	99000000	0.0674082732447993
chr13	99000001	99500000	0.00340196596388738
chr13	99500001	100000000	0.0565997665236653
chr13	100000001	100500000	-0.0639026010093919
chr13	100500001	101000000	NA
chr13	101000001	101500000	-0.0313060234033199
chr13	101500001	102000000	-0.119879150138889
chr13	102000001	102500000	-0.100548358726086
chr13	102500001	103000000	-0.0998760917843988
chr13	103000001	103500000	-0.152460492223824
chr13	103500001	104000000	0.0658223057543672
chr13	104000001	104500000	-0.0593948232945781
chr13	104500001	105000000	-0.0500992518975756
chr13	105000001	105500000	0.0182601797934253
chr13	105500001	106000000	-0.0663625082469789
chr13	106000001	106500000	-0.100043693404354
chr13	106500001	107000000	0.0413637370470092
chr13	107000001	107500000	0.0646155172411749
chr13	107500001	108000000	-0.0281038098851964
chr13	108000001	108500000	0.115723770978552
chr13	108500001	109000000	-0.0295048286575183
chr13	109000001	109500000	-0.0356901863762818
chr13	109500001	110000000	0.117915336827812
chr13	110000001	110500000	0.0115882583466619
chr13	110500001	111000000	-0.0812717781272281
chr13	111000001	111500000	-0.0377347695046715
chr13	112000001	112500000	-0.102733892923037
chr13	112500001	113000000	-0.0738746819452951
chr13	113000001	113500000	-0.0409814700671884
chr13	113500001	114000000	NA
chr13	114000001	114500000	NA
chr14	20000001	20500000	0.0258192978134917
chr14	20500001	21000000	0.140187321561218
chr14	21000001	21500000	0.0570324331778782
chr14	21500001	22000000	0.0430146479039475
chr14	22000001	22500000	0.0416759723906963
chr14	22500001	23000000	0.124116743562324
chr14	23000001	23500000	0.0657176875516314
chr14	23500001	24000000	0.0627174491260508
chr14	24000001	24500000	0.0849230248480385
chr14	24500001	25000000	0.085848311844355
chr14	25000001	25500000	0.0100501293250713
chr14	25500001	26000000	0.0381127562670317
chr14	26000001	26500000	-0.0438336661837245
chr14	26500001	27000000	-0.0327513028493307
chr14	27000001	27500000	0.0201890345537232
chr14	27500001	28000000	0.167474761561694
chr14	28000001	28500000	0.017439822683954
chr14	28500001	29000000	-0.0183318771363166
chr14	29000001	29500000	-0.0363594792020894
chr14	29500001	30000000	0.110842549465576
chr14	30000001	30500000	-0.142686636078442
chr14	30500001	31000000	-0.00525918214230091
chr14	31000001	31500000	-0.053735931114285
chr14	31500001	32000000	0.0145200482788086
chr14	32000001	32500000	0.0200240468638153
chr14	32500001	33000000	-0.0305093647240359
chr14	33000001	33500000	0.0486977653127985
chr14	33500001	34000000	-0.0233644926489344
chr14	34000001	34500000	-0.0293880364336546
chr14	34500001	35000000	0.0432612406119208
chr14	35000001	35500000	0.0297378789515741
chr14	35500001	36000000	0.0249621054602409
chr14	36000001	36500000	-0.0614804394987057
chr14	36500001	37000000	-0.10027844385374
chr14	37000001	37500000	-0.0670165130047745
chr14	37500001	38000000	-0.126246083180571
chr14	38000001	38500000	-0.0383990492184429
chr14	38500001	39000000	-0.00333665134794432
chr14	39000001	39500000	-0.00629690549336008
chr14	39500001	40000000	-0.0269583635634128
chr14	40000001	40500000	-0.0545300452823954
chr14	40500001	41000000	-0.00785115843631945
chr14	41000001	41500000	-0.108480177603385
chr14	41500001	42000000	-0.0312408072462514
chr14	42000001	42500000	-0.133703658428941
chr14	42500001	43000000	-0.060408675802629
chr14	43000001	43500000	-0.0909297351193476
chr14	43500001	44000000	-0.0961528059591983
chr14	44000001	44500000	-0.0528251933933127
chr14	44500001	45000000	-0.0931671776623292
chr14	45000001	45500000	-0.0767965229344447
chr14	45500001	46000000	-0.080821241532654
chr14	46000001	46500000	-0.0356965823082163
chr14	46500001	47000000	0.0253547751899301
chr14	47000001	47500000	0.00952212044148669
chr14	47500001	48000000	0.0307800757659196
chr14	48000001	48500000	-0.139214463927367
chr14	48500001	49000000	-0.104650017002839
chr14	49000001	49500000	-0.0101516858818811
chr14	49500001	50000000	-0.0283944231084802
chr14	50000001	50500000	-0.0526242710917223
chr14	50500001	51000000	0.0232290139706829
chr14	51000001	51500000	0.0444214152023978
chr14	51500001	52000000	0.0618703445301199
chr14	52000001	52500000	-0.0144556154438246
chr14	52500001	53000000	-0.0267786289086247
chr14	53000001	53500000	-0.0351380185972383
chr14	53500001	54000000	-0.00127897631353771
chr14	54000001	54500000	-0.0012891066115482
chr14	54500001	55000000	0.0911657181387226
chr14	55000001	55500000	-0.0466758848043129
chr14	55500001	56000000	0.0184958548168251
chr14	56000001	56500000	0.00520809550039894
chr14	56500001	57000000	-0.014298553730329
chr14	57000001	57500000	-0.0737164353808304
chr14	57500001	58000000	-0.101594744083885
chr14	58000001	58500000	-0.028636689446758
chr14	58500001	59000000	0.00728701612323115
chr14	59000001	59500000	0.00508042542425709
chr14	59500001	60000000	-0.066837522553325
chr14	60000001	60500000	-0.0149379889465528
chr14	60500001	61000000	0.00166251941572152
chr14	61000001	61500000	0.0364615076941463
chr14	61500001	62000000	0.0194109326866263
chr14	62000001	62500000	-0.144048203479106
chr14	62500001	63000000	-0.00682801407075571
chr14	63000001	63500000	-0.0230312304788234
chr14	63500001	64000000	0.0119922391250955
chr14	64000001	64500000	0.0642318435012607
chr14	64500001	65000000	-0.042414775854401
chr14	65000001	65500000	0.056098122000313
chr14	65500001	66000000	0.0436516080256199
chr14	66000001	66500000	-0.00241643969537833
chr14	66500001	67000000	0.05289686260773
chr14	67000001	67500000	0.0177046785477922
chr14	67500001	68000000	0.0654354012578679
chr14	68000001	68500000	0.0775283457297856
chr14	68500001	69000000	-0.0393062836062708
chr14	69000001	69500000	0.0158228880808358
chr14	69500001	70000000	-0.0378026269840536
chr14	70000001	70500000	-0.0269600189137898
chr14	70500001	71000000	-0.00451204712517988
chr14	71000001	71500000	0.0593649156209352
chr14	71500001	72000000	0.078915285564415
chr14	72000001	72500000	-0.00665039559076401
chr14	72500001	73000000	-0.0272037972155336
chr14	73000001	73500000	0.0275202180767327
chr14	73500001	74000000	-0.0875590743188599
chr14	74000001	74500000	0.0156768193513718
chr14	74500001	75000000	-0.019795661823405
chr14	75000001	75500000	0.00777185337619934
chr14	75500001	76000000	-0.0224369876287989
chr14	76000001	76500000	-0.0426281587959302
chr14	76500001	77000000	-0.0838681972816729
chr14	77000001	77500000	-0.0373113206528864
chr14	77500001	78000000	-0.117196184331261
chr14	78000001	78500000	-0.120335046896072
chr14	78500001	79000000	-0.0724740670303042
chr14	79000001	79500000	-0.0571999463061496
chr14	79500001	80000000	0.00156347849722096
chr14	80000001	80500000	0.0102275146432269
chr14	80500001	81000000	0.0737508974243241
chr14	81000001	81500000	-0.014116965851131
chr14	81500001	82000000	-0.0519603093085571
chr14	82000001	82500000	-0.0526951736709545
chr14	82500001	83000000	-0.0543708106789264
chr14	83000001	83500000	-0.0955378854329036
chr14	83500001	84000000	-0.025125005697092
chr14	84000001	84500000	-0.0344478666234192
chr14	84500001	85000000	-0.143062335722689
chr14	85000001	85500000	-0.0349583180609025
chr14	85500001	86000000	-0.00728414196178231
chr14	86000001	86500000	0.0100458695887659
chr14	86500001	87000000	-0.00877948751867326
chr14	87000001	87500000	-0.103384468597113
chr14	87500001	88000000	-0.00874205657340629
chr14	88000001	88500000	-0.0890699156840008
chr14	88500001	89000000	-0.0316945792134362
chr14	89000001	89500000	-0.0772171836948118
chr14	89500001	90000000	0.0469859315505145
chr14	90000001	90500000	-0.0376618522009117
chr14	90500001	91000000	0.0302113471242036
chr14	91000001	91500000	0.0927752148152412
chr14	91500001	92000000	-0.000254976777063073
chr14	92000001	92500000	0.0529575744945083
chr14	92500001	93000000	0.0377411092528934
chr14	93000001	93500000	0.0153615475343463
chr14	93500001	94000000	-0.0555013294162605
chr14	94000001	94500000	-0.0153905304033917
chr14	94500001	95000000	-0.0872286689136221
chr14	95000001	95500000	-0.087846459232835
chr14	95500001	96000000	-0.0402341631137299
chr14	96000001	96500000	-0.048868419055758
chr14	96500001	97000000	-0.0734682481701689
chr14	97000001	97500000	-0.0868347462382675
chr14	97500001	98000000	-0.125061032346976
chr14	98000001	98500000	-0.0509912227243905
chr14	98500001	99000000	-0.0143832043555532
chr14	99000001	99500000	-0.09437894987977
chr14	99500001	100000000	-0.0905675076459074
chr14	100000001	100500000	0.0290373085247975
chr14	100500001	101000000	-0.10327271180088
chr14	101000001	101500000	-0.158783678075643
chr14	101500001	102000000	-0.16574488940948
chr14	102000001	102500000	-0.130260946281032
chr14	102500001	103000000	0.0164740638164759
chr14	103000001	103500000	-0.00052684670699785
chr14	103500001	104000000	-0.0616536932747337
chr14	104000001	104500000	-0.143047680456791
chr14	104500001	105000000	-0.0285593642692837
chr14	105000001	105500000	-0.0823209855971233
chr14	106000001	106500000	0.188296113122452
chr15	23500001	24000000	-0.0156746060380817
chr15	24500001	25000000	-0.00306607270700956
chr15	25000001	25500000	-0.0105899013323004
chr15	25500001	26000000	-0.0959494175194279
chr15	26000001	26500000	-0.0596543394236183
chr15	26500001	27000000	-0.138917813160828
chr15	27000001	27500000	NA
chr15	27500001	28000000	-0.0405770574726826
chr15	29000001	29500000	-0.00447378875911779
chr15	29500001	30000000	-0.112671969346781
chr15	31000001	31500000	0.00520896185688331
chr15	31500001	32000000	-0.0113105943075558
chr15	32500001	33000000	0.0051438201388739
chr15	33000001	33500000	0.0186793252209555
chr15	33500001	34000000	0.0431765002426519
chr15	34000001	34500000	0.120986558072697
chr15	34500001	35000000	0.025745983386856
chr15	35000001	35500000	0.00185920632479433
chr15	35500001	36000000	-0.0346794100465911
chr15	36000001	36500000	0.0500228663119593
chr15	36500001	37000000	-0.0490757536470931
chr15	37000001	37500000	0.11345863746617
chr15	37500001	38000000	-0.0499323292867877
chr15	38000001	38500000	0.0227682233148322
chr15	38500001	39000000	0.0877102161798002
chr15	39000001	39500000	0.0421434005450582
chr15	39500001	40000000	0.0100626010950555
chr15	40000001	40500000	0.0938669523318537
chr15	40500001	41000000	0.0411944753169415
chr15	41000001	41500000	0.0708500521045231
chr15	41500001	42000000	0.0243206371575662
chr15	42000001	42500000	0.00745747859239173
chr15	42500001	43000000	0.0407537932466703
chr15	43000001	43500000	0.0212258746086032
chr15	43500001	44000000	-0.250327919049063
chr15	44000001	44500000	0.0594570638766316
chr15	44500001	45000000	-0.00245090313258865
chr15	45000001	45500000	0.0298989455622433
chr15	45500001	46000000	-0.00336100566221518
chr15	46000001	46500000	0.0481891963094931
chr15	46500001	47000000	-0.024757755814447
chr15	47000001	47500000	-0.0869715749976463
chr15	47500001	48000000	-0.077435400309816
chr15	48000001	48500000	0.0433473441653176
chr15	48500001	49000000	-0.0372800225749246
chr15	49000001	49500000	0.135098528624394
chr15	49500001	50000000	-0.034554083833163
chr15	50000001	50500000	0.0963105052188742
chr15	50500001	51000000	0.00174100436626872
chr15	51000001	51500000	0.111115535789401
chr15	51500001	52000000	0.104201548467907
chr15	52000001	52500000	0.0441309900406854
chr15	52500001	53000000	-0.0592299130858402
chr15	53000001	53500000	-0.0193732309109227
chr15	53500001	54000000	-0.0226166562291805
chr15	54000001	54500000	-0.0583407283355006
chr15	54500001	55000000	-0.0883247096442332
chr15	55000001	55500000	0.058638042524349
chr15	55500001	56000000	-0.0036139514493655
chr15	56000001	56500000	-0.0525149498715649
chr15	56500001	57000000	0.100255302013242
chr15	57000001	57500000	-0.0729906151048139
chr15	57500001	58000000	-0.0200319027244519
chr15	58000001	58500000	0.0528556739340345
chr15	58500001	59000000	0.0226556257104437
chr15	59000001	59500000	-0.0208558765636718
chr15	59500001	60000000	-0.0364620621413864
chr15	60000001	60500000	0.0780100198358599
chr15	60500001	61000000	-0.00122458578326411
chr15	61000001	61500000	-0.110848606420751
chr15	61500001	62000000	0.0430324945170111
chr15	62000001	62500000	0.0276722408165868
chr15	62500001	63000000	0.0239972610335938
chr15	63000001	63500000	0.0507020489605555
chr15	63500001	64000000	0.214860547877469
chr15	64000001	64500000	0.022626300682505
chr15	64500001	65000000	0.183182086585957
chr15	65000001	65500000	0.0339633952858106
chr15	65500001	66000000	0.0731025424788826
chr15	66000001	66500000	0.0593020187142522
chr15	66500001	67000000	0.0640822039946868
chr15	67000001	67500000	0.0958797282638324
chr15	67500001	68000000	0.0129646306465687
chr15	68000001	68500000	0.124618420317426
chr15	68500001	69000000	0.0259150517593404
chr15	69000001	69500000	0.0740024004515658
chr15	69500001	70000000	0.0112604966893657
chr15	70000001	70500000	0.0862795305205837
chr15	70500001	71000000	0.0213573557637478
chr15	71000001	71500000	-0.0146151445812772
chr15	71500001	72000000	-0.000366455286269177
chr15	72000001	72500000	0.0483672939639819
chr15	72500001	73000000	0.00155691367725166
chr15	73000001	73500000	-0.0434926129940194
chr15	73500001	74000000	0.127272893305636
chr15	74000001	74500000	-0.0028037206653324
chr15	74500001	75000000	0.126521774827901
chr15	75000001	75500000	-0.027061116961092
chr15	75500001	76000000	0.0265960605687362
chr15	76000001	76500000	-0.0566223592514265
chr15	76500001	77000000	0.104869062257207
chr15	77000001	77500000	0.0481207446785229
chr15	77500001	78000000	-0.0225408424606943
chr15	78000001	78500000	0.0501948486655692
chr15	78500001	79000000	-0.0110711692180695
chr15	79000001	79500000	-0.0282812030838419
chr15	79500001	80000000	0.0189018073985044
chr15	80000001	80500000	-0.0201100438570074
chr15	80500001	81000000	0.0556672049487615
chr15	81000001	81500000	0.124334774902977
chr15	81500001	82000000	0.0431286164179539
chr15	82500001	83000000	-0.0390600736461261
chr15	83000001	83500000	-0.0318697320170973
chr15	83500001	84000000	-0.0465313762155572
chr15	84500001	85000000	-0.036294711419166
chr15	85000001	85500000	0.0388419553003622
chr15	85500001	86000000	-0.00824459525336046
chr15	86000001	86500000	-0.0158234318825204
chr15	86500001	87000000	-0.0366317686000193
chr15	87000001	87500000	-0.0141563334425437
chr15	87500001	88000000	-0.00534004398835848
chr15	88000001	88500000	-0.150400866830268
chr15	88500001	89000000	-0.0146654557127771
chr15	89000001	89500000	0.0530310143872939
chr15	89500001	90000000	0.122447074677606
chr15	90000001	90500000	0.0473825479139876
chr15	90500001	91000000	0.0669837487100035
chr15	91000001	91500000	-0.00968730246059206
chr15	91500001	92000000	0.140552881977971
chr15	92000001	92500000	0.0707199810614283
chr15	92500001	93000000	0.123959462904538
chr15	93000001	93500000	0.0277933092581227
chr15	93500001	94000000	-0.0297057626914635
chr15	94000001	94500000	0.0215366800661869
chr15	94500001	95000000	-0.0874380048584151
chr15	95000001	95500000	-0.101380232799634
chr15	95500001	96000000	-0.0361977714250787
chr15	96000001	96500000	-0.077516834038258
chr15	96500001	97000000	-0.0756682445977437
chr15	97000001	97500000	0.0272644883719962
chr15	97500001	98000000	-0.00668028830515495
chr15	98000001	98500000	-0.032813259179924
chr15	98500001	99000000	0.0251041120202923
chr15	99000001	99500000	0.0151019769449766
chr15	99500001	100000000	0.0333241775192498
chr15	100000001	100500000	-0.0648072876345442
chr15	100500001	101000000	0.00131452109299942
chr15	101000001	101500000	0.116278120757711
chr16	1	500000	NA
chr16	500001	1000000	NA
chr16	1000001	1500000	NA
chr16	1500001	2000000	-0.0294010514958765
chr16	2000001	2500000	0.0244020398384403
chr16	2500001	3000000	-0.213591720707159
chr16	3000001	3500000	0.17706432185847
chr16	3500001	4000000	-0.0254681567228206
chr16	4000001	4500000	-0.00719903598593848
chr16	4500001	5000000	-0.0674583945322762
chr16	5000001	5500000	0.0594393779428834
chr16	5500001	6000000	-0.0811787737707313
chr16	6000001	6500000	-0.00439592034027997
chr16	6500001	7000000	-0.115244906909394
chr16	7000001	7500000	-0.149402320968103
chr16	7500001	8000000	-0.112938550133707
chr16	8000001	8500000	-0.1471305734463
chr16	8500001	9000000	-0.0999387372891748
chr16	9000001	9500000	-0.0422768609627985
chr16	9500001	10000000	-0.0686789166006479
chr16	10000001	10500000	-0.0284244114712289
chr16	10500001	11000000	0.0692290208263858
chr16	11000001	11500000	0.0903772006528674
chr16	11500001	12000000	0.0128415130121291
chr16	12000001	12500000	0.0437391722952341
chr16	12500001	13000000	0.206549141796642
chr16	13000001	13500000	-0.156270996406725
chr16	13500001	14000000	-0.0554119176799831
chr16	14000001	14500000	0.0613495417043157
chr16	15500001	16000000	0.0613963955565949
chr16	17000001	17500000	0.0754943398666999
chr16	17500001	18000000	0.0508826903845612
chr16	19000001	19500000	-0.0266618217802758
chr16	19500001	20000000	-0.0334569396409006
chr16	20000001	20500000	-0.0790593750551615
chr16	20500001	21000000	0.0146380049543486
chr16	22000001	22500000	-0.213453531976815
chr16	22500001	23000000	0.352769255927955
chr16	23000001	23500000	-0.0248312048787782
chr16	23500001	24000000	-0.045585925644554
chr16	24000001	24500000	-0.00987911617715403
chr16	24500001	25000000	0.0735185763029891
chr16	25000001	25500000	-0.0501224695287515
chr16	25500001	26000000	-0.123163406815162
chr16	26000001	26500000	-0.0385328422138845
chr16	26500001	27000000	-0.0686577257705236
chr16	27000001	27500000	0.130623468854199
chr16	27500001	28000000	0.00553209172091886
chr16	28000001	28500000	-0.270096968336314
chr16	29500001	30000000	-0.228603592358181
chr16	30500001	31000000	0.0857074016492105
chr16	31000001	31500000	-0.00115804894931698
chr16	31500001	32000000	-0.0450941279867072
chr16	46500001	47000000	0.0363688782119577
chr16	47000001	47500000	0.0577149446096354
chr16	47500001	48000000	-0.0197755090517105
chr16	48000001	48500000	0.0191353939245487
chr16	48500001	49000000	-0.0174534624552179
chr16	49000001	49500000	-0.0627136089573792
chr16	49500001	50000000	-0.120810347075228
chr16	50000001	50500000	-0.14611123121248
chr16	50500001	51000000	0.0459590782538425
chr16	51000001	51500000	-0.0985642220978928
chr16	51500001	52000000	-0.0101675796974761
chr16	52000001	52500000	-0.13140650253659
chr16	52500001	53000000	-0.0662002447877073
chr16	53000001	53500000	-0.00365786099335944
chr16	53500001	54000000	0.00211345459577615
chr16	54000001	54500000	-0.124690062778587
chr16	54500001	55000000	-0.147381483717159
chr16	55000001	55500000	-0.0130824862756817
chr16	55500001	56000000	-0.0550727718547179
chr16	56000001	56500000	-0.105388668902584
chr16	56500001	57000000	-0.0845815893031598
chr16	57000001	57500000	0.0630996540383321
chr16	57500001	58000000	-0.018615462689481
chr16	58000001	58500000	-0.111423440079995
chr16	58500001	59000000	-0.0478559418825186
chr16	59000001	59500000	0.0355436941215011
chr16	59500001	60000000	-0.239476435523223
chr16	60000001	60500000	-0.115368901326459
chr16	60500001	61000000	-0.0853555823739805
chr16	61000001	61500000	-0.0722280640877415
chr16	61500001	62000000	-0.190280103993145
chr16	62000001	62500000	-0.102530765602444
chr16	62500001	63000000	-0.046207286019649
chr16	63000001	63500000	-0.118334945739194
chr16	63500001	64000000	0.00224840904338056
chr16	64000001	64500000	-0.0734561112787303
chr16	64500001	65000000	-0.0525421805393268
chr16	65000001	65500000	-0.0637100664137194
chr16	65500001	66000000	-0.0579626877134435
chr16	66000001	66500000	-0.0873851347052493
chr16	66500001	67000000	-0.00282418189056569
chr16	67000001	67500000	0.0737238346311931
chr16	67500001	68000000	0.0510559893832231
chr16	68000001	68500000	-0.0471150689508352
chr16	68500001	69000000	-0.197735370976873
chr16	69000001	69500000	-0.069639335936905
chr16	69500001	70000000	-0.188682340785627
chr16	70500001	71000000	-0.140197786383093
chr16	71000001	71500000	-0.15520289612499
chr16	71500001	72000000	-0.134167700934616
chr16	72000001	72500000	-0.0141099847335988
chr16	72500001	73000000	0.00705038761736792
chr16	73000001	73500000	-0.119305527281714
chr16	73500001	74000000	-0.112954004089671
chr16	74000001	74500000	0.00798757252161756
chr16	74500001	75000000	-0.0986784073713912
chr16	75000001	75500000	-0.12901229615734
chr16	75500001	76000000	-0.128828887247537
chr16	76000001	76500000	-0.0530054534422367
chr16	76500001	77000000	-0.115579677623782
chr16	77000001	77500000	-0.113617727587618
chr16	77500001	78000000	-0.0665950660684238
chr16	78000001	78500000	-0.0871877867818248
chr16	78500001	79000000	-0.061873609341336
chr16	79000001	79500000	-0.0396935804484226
chr16	79500001	80000000	-0.0950227776148675
chr16	80000001	80500000	-0.0445176490344294
chr16	80500001	81000000	-0.0635167941721538
chr16	81000001	81500000	-0.00632458043275961
chr16	81500001	82000000	0.0242728489484596
chr16	82000001	82500000	-0.0475135045355958
chr16	82500001	83000000	-0.0106749646864297
chr16	83000001	83500000	-0.0765397582349497
chr16	83500001	84000000	-0.0702583684447737
chr16	84000001	84500000	-0.0269712622172374
chr16	84500001	85000000	0.161316828469406
chr16	85000001	85500000	-0.0254388460337769
chr16	85500001	86000000	-0.0438001899319867
chr16	86000001	86500000	-0.138851112149909
chr16	86500001	87000000	-0.0593809544580974
chr16	87000001	87500000	0.0532415513824316
chr16	87500001	88000000	-0.0103441220319242
chr16	88000001	88500000	NA
chr16	88500001	89000000	0.0405473558139691
chr16	89000001	89500000	0.0308052950509012
chr16	89500001	90000000	0.00445721315883127
chr17	500001	1000000	0.0164071232903652
chr17	1000001	1500000	-0.0203069832168843
chr17	1500001	2000000	-0.0165607632433249
chr17	2000001	2500000	0.0230698782068791
chr17	2500001	3000000	-0.00736972315992888
chr17	3000001	3500000	0.0161953933843896
chr17	3500001	4000000	-0.0498311786464028
chr17	4000001	4500000	-0.0244813344276743
chr17	4500001	5000000	-0.00712299909730607
chr17	5000001	5500000	-0.0136714659079665
chr17	5500001	6000000	-0.0767681622586738
chr17	6000001	6500000	-0.119266154539884
chr17	6500001	7000000	-0.0639858945840897
chr17	7000001	7500000	0.0251834063699289
chr17	7500001	8000000	0.0471417843621636
chr17	8000001	8500000	0.0669906891802328
chr17	8500001	9000000	0.0130211886590662
chr17	9000001	9500000	-0.118117664523337
chr17	9500001	10000000	-0.0204359258724352
chr17	10000001	10500000	-0.100514588670495
chr17	10500001	11000000	-0.00428435004152979
chr17	11000001	11500000	-0.13409766218734
chr17	11500001	12000000	-0.159871269505646
chr17	12000001	12500000	-0.0773577301111551
chr17	12500001	13000000	-0.11710276731305
chr17	13000001	13500000	-0.138333998187291
chr17	13500001	14000000	-0.0663745864879175
chr17	14000001	14500000	-0.109945798528001
chr17	14500001	15000000	-0.067085666137461
chr17	15000001	15500000	-0.0166810427384588
chr17	16000001	16500000	-0.0563462577934384
chr17	17000001	17500000	0.00856848778151905
chr17	17500001	18000000	-0.0704685242572822
chr17	18000001	18500000	-0.0904801727115303
chr17	19500001	20000000	0.00135425967510512
chr17	20000001	20500000	-0.051182016134605
chr17	21000001	21500000	0.130145565600185
chr17	27500001	28000000	-0.00769501541798392
chr17	28000001	28500000	0.00441011621649084
chr17	28500001	29000000	-0.0487188422882997
chr17	29000001	29500000	-0.0260422377766528
chr17	29500001	30000000	0.0660781011319255
chr17	30000001	30500000	-0.000763966857865436
chr17	30500001	31000000	-0.0549515639319474
chr17	31000001	31500000	0.0911889921747019
chr17	31500001	32000000	0.0418858659426386
chr17	32000001	32500000	-0.0722931342709276
chr17	32500001	33000000	-0.0388199232168653
chr17	33000001	33500000	-0.140727525561836
chr17	33500001	34000000	-0.0629656301430413
chr17	34000001	34500000	0.0225590172590856
chr17	34500001	35000000	-0.062633714950761
chr17	35000001	35500000	-0.0304512907382386
chr17	35500001	36000000	0.0169109678326767
chr17	36500001	37000000	-0.0888051519313405
chr17	37000001	37500000	-0.0449784977661341
chr17	37500001	38000000	-0.163297741350251
chr17	38500001	39000000	-0.0768401837112935
chr17	39000001	39500000	-0.10894121153267
chr17	39500001	40000000	-0.03323179016651
chr17	40000001	40500000	0.0388002327902651
chr17	40500001	41000000	-0.0288975962861333
chr17	41000001	41500000	-0.114895054023706
chr17	41500001	42000000	-0.0792447691864013
chr17	42000001	42500000	0.0104192147245987
chr17	42500001	43000000	-0.0107681455772779
chr17	43000001	43500000	-0.125240625925502
chr17	43500001	44000000	-0.0391815130327583
chr17	44000001	44500000	-0.00796469358896333
chr17	44500001	45000000	-0.0560193094889288
chr17	45000001	45500000	0.0138525126804457
chr17	45500001	46000000	0.0735093476920664
chr17	47000001	47500000	-0.00234731610457336
chr17	47500001	48000000	-0.109849990585387
chr17	48000001	48500000	0.0874255103491793
chr17	48500001	49000000	0.00646859170422533
chr17	49000001	49500000	0.0313770717653575
chr17	49500001	50000000	0.0610984527820893
chr17	50000001	50500000	0.0969735023468019
chr17	50500001	51000000	0.0317729530909055
chr17	51000001	51500000	0.10780869439201
chr17	51500001	52000000	0.00984543132199256
chr17	52000001	52500000	0.0163548841538856
chr17	52500001	53000000	-0.0223293771813016
chr17	53000001	53500000	-0.0385622945650491
chr17	53500001	54000000	-0.00597139464224735
chr17	54000001	54500000	0.0264077406694909
chr17	54500001	55000000	-0.093192861180432
chr17	55000001	55500000	0.0867712438576547
chr17	55500001	56000000	0.0368979097672424
chr17	56000001	56500000	0.113718469228691
chr17	56500001	57000000	0.00692756084659514
chr17	57000001	57500000	0.0185857758939669
chr17	57500001	58000000	-0.0342732117750274
chr17	58000001	58500000	0.0556129809513216
chr17	58500001	59000000	-0.00295323178795333
chr17	59000001	59500000	0.00588763413749586
chr17	59500001	60000000	0.116243640773341
chr17	60000001	60500000	-0.113505023344181
chr17	60500001	61000000	0.112626919353064
chr17	61000001	61500000	-0.0218466161525074
chr17	61500001	62000000	-0.0409218620126508
chr17	62000001	62500000	0.0895368785165842
chr17	62500001	63000000	0.0514965495881387
chr17	63000001	63500000	0.0375514115994106
chr17	63500001	64000000	0.113685992147842
chr17	64000001	64500000	0.196907444116985
chr17	64500001	65000000	0.0216007390478162
chr17	65000001	65500000	-0.0602891759806944
chr17	65500001	66000000	-0.0228991988439762
chr17	66000001	66500000	-0.0638641796292379
chr17	66500001	67000000	-0.0217412101913356
chr17	67000001	67500000	-0.0387722047049536
chr17	67500001	68000000	-0.0202223174975462
chr17	68000001	68500000	0.0352867010032598
chr17	68500001	69000000	0.115109000734499
chr17	69000001	69500000	-0.0695168009706472
chr17	69500001	70000000	0.101345586674044
chr17	70000001	70500000	0.126627422290123
chr17	70500001	71000000	0.0121787922643387
chr17	71000001	71500000	0.0112071301260486
chr17	71500001	72000000	-0.0493640409202258
chr17	72000001	72500000	-0.05886194871717
chr17	72500001	73000000	0.0282401563918126
chr17	73000001	73500000	0.0579799397832064
chr17	73500001	74000000	0.0555159113881059
chr17	74000001	74500000	0.0778420102060597
chr17	74500001	75000000	0.149105704276002
chr17	75000001	75500000	0.146534003134788
chr17	75500001	76000000	0.0896982480990439
chr17	76000001	76500000	-0.0120319332983377
chr17	76500001	77000000	0.0841515286566537
chr17	77000001	77500000	0.175585439017448
chr17	77500001	78000000	0.0916286346386457
chr17	78000001	78500000	0.0444107099426247
chr17	78500001	79000000	0.0675976349587477
chr17	79000001	79500000	-0.138683550131304
chr17	79500001	80000000	-0.0470302558031601
chr17	80000001	80500000	-0.0346817995208372
chr17	80500001	81000000	-0.00947518483367753
chr17	81000001	81500000	NA
chr17	81500001	82000000	NA
chr17	82000001	82500000	0.0280891840361248
chr17	82500001	83000000	-0.125214627122263
chr17	83000001	83500000	NA
chr18	1	500000	NA
chr18	500001	1000000	-0.0290607180068711
chr18	1000001	1500000	0.0445309722024667
chr18	1500001	2000000	0.0223191124510317
chr18	2000001	2500000	-0.0333928609561081
chr18	2500001	3000000	0.0775570288553392
chr18	3000001	3500000	0.0810441931182466
chr18	3500001	4000000	-0.105904674485974
chr18	4000001	4500000	-0.0778710863743877
chr18	4500001	5000000	-0.0797574759806668
chr18	5000001	5500000	0.0151712173074632
chr18	5500001	6000000	-0.0401977450155023
chr18	6000001	6500000	-0.0407330851624441
chr18	6500001	7000000	-0.0156936323740464
chr18	7000001	7500000	-0.0500916982210163
chr18	7500001	8000000	-0.072377666429403
chr18	8000001	8500000	-0.0641500054017616
chr18	8500001	9000000	-0.0624162391958681
chr18	9000001	9500000	0.105405003984709
chr18	9500001	10000000	0.00785433130146088
chr18	10000001	10500000	-0.0369796122537373
chr18	10500001	11000000	0.000921939855512185
chr18	11000001	11500000	-0.0764372731532824
chr18	11500001	12000000	0.0290005243513706
chr18	12000001	12500000	-0.023359173375788
chr18	12500001	13000000	-0.0321216174961088
chr18	13000001	13500000	0.022641508061438
chr18	13500001	14000000	0.00383306576960125
chr18	22000001	22500000	0.0193267507680639
chr18	22500001	23000000	0.0192291447420739
chr18	23000001	23500000	-0.0106020702670167
chr18	23500001	24000000	0.00687573494407541
chr18	24000001	24500000	0.0977179143118443
chr18	24500001	25000000	-0.0442485110397785
chr18	25000001	25500000	-0.058377482639673
chr18	25500001	26000000	-0.0561956382004777
chr18	26000001	26500000	-0.00823404954136536
chr18	26500001	27000000	0.00417345863663977
chr18	27000001	27500000	-0.122560136185102
chr18	27500001	28000000	-0.011971290321365
chr18	28000001	28500000	-0.143057523817937
chr18	28500001	29000000	-0.146128750788564
chr18	29000001	29500000	-0.0715778653620691
chr18	29500001	30000000	-0.121305266439579
chr18	30000001	30500000	-0.101972516339102
chr18	30500001	31000000	-0.181813180690883
chr18	31000001	31500000	-0.0744076618603797
chr18	31500001	32000000	-0.108066211058881
chr18	32000001	32500000	0.0349290935053115
chr18	32500001	33000000	-0.0511386761910063
chr18	33000001	33500000	-0.0196332506058502
chr18	33500001	34000000	-0.0314335144199515
chr18	34000001	34500000	-0.105805082299225
chr18	34500001	35000000	-0.115452514475447
chr18	35000001	35500000	-0.0613736853859817
chr18	35500001	36000000	0.088162700638978
chr18	36000001	36500000	-0.0821503566145564
chr18	36500001	37000000	-0.0463235154449551
chr18	37000001	37500000	-0.0512704962353599
chr18	37500001	38000000	-0.0443676100117569
chr18	38000001	38500000	-0.0591026934968361
chr18	38500001	39000000	0.0112586610059315
chr18	39000001	39500000	0.276613826504038
chr18	39500001	40000000	0.108989514037198
chr18	40000001	40500000	-0.100920490093706
chr18	40500001	41000000	-0.10108962528365
chr18	41000001	41500000	-0.0901888025930587
chr18	41500001	42000000	-0.0971786777356906
chr18	42000001	42500000	-0.0742166550884974
chr18	42500001	43000000	-0.157921697964143
chr18	43000001	43500000	6.64830784012516e-05
chr18	43500001	44000000	-0.127107494737381
chr18	44000001	44500000	-0.0310585919393664
chr18	44500001	45000000	0.0622929713426676
chr18	45000001	45500000	0.0654937041846801
chr18	45500001	46000000	0.0735620587388192
chr18	46000001	46500000	0.0560176125812529
chr18	46500001	47000000	NA
chr18	47000001	47500000	NA
chr18	47500001	48000000	-0.0696079988209669
chr18	48000001	48500000	-0.11932606064675
chr18	48500001	49000000	-0.0103986977525558
chr18	49000001	49500000	0.0518008907915575
chr18	49500001	50000000	-0.140900086655698
chr18	50000001	50500000	-0.144031199037984
chr18	50500001	51000000	-0.115574141556524
chr18	51000001	51500000	-0.152810991536513
chr18	51500001	52000000	-0.185685938169375
chr18	52000001	52500000	-0.199417055903194
chr18	52500001	53000000	-0.07514089634132
chr18	53000001	53500000	-0.11073503921698
chr18	53500001	54000000	-0.151081115274412
chr18	54000001	54500000	-0.0416522556171444
chr18	54500001	55000000	NA
chr18	55000001	55500000	-0.0696876720337045
chr18	55500001	56000000	-0.132078138519128
chr18	56000001	56500000	0.0649448358583488
chr18	56500001	57000000	0.0245703381074427
chr18	57000001	57500000	0.00429553737362124
chr18	57500001	58000000	-0.0626821052840967
chr18	58000001	58500000	-0.114647575405662
chr18	58500001	59000000	-0.117057652418109
chr18	59000001	59500000	-0.126312394764062
chr18	59500001	60000000	-0.0510225387447325
chr18	60000001	60500000	-0.0238015373142778
chr18	60500001	61000000	0.0170848942076529
chr18	61000001	61500000	-0.141118751755972
chr18	61500001	62000000	0.0401354050575894
chr18	62000001	62500000	-0.0387259417940168
chr18	62500001	63000000	0.00762237282141172
chr18	63000001	63500000	-0.0290991267304113
chr18	63500001	64000000	0.0627676392997949
chr18	64000001	64500000	-0.113124364638325
chr18	64500001	65000000	-0.0697311143960758
chr18	65000001	65500000	-0.0476467610575725
chr18	65500001	66000000	-0.187304307017415
chr18	66000001	66500000	-0.111994346223721
chr18	66500001	67000000	-0.0639372863424141
chr18	67000001	67500000	-0.0513277670895451
chr18	67500001	68000000	-0.163822409150187
chr18	68000001	68500000	-0.188792324017464
chr18	68500001	69000000	-0.207379254416075
chr18	69000001	69500000	-0.138153282312524
chr18	69500001	70000000	-0.117390371346398
chr18	70000001	70500000	-0.0491732073533526
chr18	70500001	71000000	-0.0401949164263543
chr18	71000001	71500000	-0.0503792229438838
chr18	71500001	72000000	-0.110116239660574
chr18	72000001	72500000	-0.0613664819949977
chr18	72500001	73000000	-0.112455050086401
chr18	73000001	73500000	-0.175868357124197
chr18	73500001	74000000	-0.0903716619584242
chr18	74000001	74500000	-0.0800081097693757
chr18	74500001	75000000	-0.0635079143022243
chr18	75000001	75500000	-0.086557155425423
chr18	75500001	76000000	-0.120215686770542
chr18	76000001	76500000	-0.084354308454154
chr18	76500001	77000000	-0.057795626074682
chr18	77000001	77500000	-0.00615050667399442
chr18	77500001	78000000	-0.157977975497765
chr18	78000001	78500000	-0.138373746876872
chr18	78500001	79000000	-0.207621152898223
chr18	79000001	79500000	-0.200474216814349
chr18	79500001	80000000	-0.112350253465594
chr19	500001	1000000	NA
chr19	1000001	1500000	NA
chr19	1500001	2000000	-0.0580131012351276
chr19	2000001	2500000	-0.0411656056291738
chr19	2500001	3000000	0.0299282850029514
chr19	3000001	3500000	0.0962805394867912
chr19	3500001	4000000	-0.0808746987259377
chr19	4000001	4500000	-0.0529463710273661
chr19	4500001	5000000	-0.093464439757772
chr19	5000001	5500000	-0.122557816703436
chr19	5500001	6000000	-0.0704182241258733
chr19	6000001	6500000	-0.124912485172451
chr19	6500001	7000000	-0.070858829915966
chr19	7000001	7500000	0.0506458207032118
chr19	7500001	8000000	-0.0691542299022448
chr19	8000001	8500000	-0.0317620508748701
chr19	8500001	9000000	-0.0786310155603227
chr19	9000001	9500000	-0.0879969099343829
chr19	9500001	10000000	0.0102955927725222
chr19	10000001	10500000	0.055588994547524
chr19	10500001	11000000	-0.00667269992117139
chr19	11000001	11500000	0.03959388197952
chr19	11500001	12000000	0.0388428320150572
chr19	12000001	12500000	-0.0682839887877989
chr19	12500001	13000000	0.0166003496692996
chr19	13000001	13500000	-0.00541420967108996
chr19	13500001	14000000	-0.037360805190003
chr19	14000001	14500000	0.0615664783463434
chr19	14500001	15000000	-0.0268050147446951
chr19	15000001	15500000	-0.0291725765173565
chr19	15500001	16000000	0.0979811552929691
chr19	16000001	16500000	0.0298684311103389
chr19	16500001	17000000	0.0260784092341401
chr19	17000001	17500000	0.0654677487767398
chr19	17500001	18000000	0.114997640770452
chr19	18000001	18500000	0.0137833527056207
chr19	18500001	19000000	-0.0142012691526908
chr19	19000001	19500000	0.0321460963892741
chr19	19500001	20000000	-0.0610168022302679
chr19	20000001	20500000	-0.25398599223279
chr19	20500001	21000000	-0.0291558171944791
chr19	21000001	21500000	0.0292616604120188
chr19	21500001	22000000	0.0614815922546108
chr19	22000001	22500000	-0.101274977014007
chr19	22500001	23000000	-0.0718257164077896
chr19	23000001	23500000	0.0250752435261814
chr19	23500001	24000000	0.051422597017477
chr19	28500001	29000000	6.87075295435456e-05
chr19	29000001	29500000	-0.0284791996032759
chr19	29500001	30000000	0.0249959496888845
chr19	30000001	30500000	-0.132324219925876
chr19	30500001	31000000	-0.105447927654474
chr19	31000001	31500000	-0.00135803036834631
chr19	31500001	32000000	-0.0511661289722953
chr19	32000001	32500000	-0.0182279765833504
chr19	32500001	33000000	0.0584624407202485
chr19	33000001	33500000	0.0278410403887416
chr19	33500001	34000000	0.0112089048211056
chr19	34000001	34500000	0.000869279416214588
chr19	34500001	35000000	0.0574057053503817
chr19	35000001	35500000	0.0687859482649912
chr19	35500001	36000000	-0.0474714231230321
chr19	36000001	36500000	-0.197962367795454
chr19	36500001	37000000	0.00826189822087672
chr19	37000001	37500000	-0.154331860286709
chr19	37500001	38000000	-0.0583921540785941
chr19	38000001	38500000	-0.0108596163260826
chr19	38500001	39000000	0.0452812007748102
chr19	39000001	39500000	0.0685495140825493
chr19	39500001	40000000	-0.024153013521658
chr19	40000001	40500000	0.0212220021661832
chr19	40500001	41000000	0.0416593499855928
chr19	41000001	41500000	-0.0513193816634007
chr19	41500001	42000000	0.106528071661163
chr19	42000001	42500000	0.110322891053382
chr19	43500001	44000000	-0.0329438902249997
chr19	44000001	44500000	0.0453115719626399
chr19	44500001	45000000	0.0488177128129632
chr19	45000001	45500000	0.0103394243061513
chr19	45500001	46000000	0.0628000792855612
chr19	46000001	46500000	-0.0540173070165258
chr19	46500001	47000000	-0.0127042550802009
chr19	47000001	47500000	0.101262260785552
chr19	47500001	48000000	-0.0910205337768726
chr19	48000001	48500000	0.106887680883787
chr19	48500001	49000000	-0.00346571201709457
chr19	49000001	49500000	0.0183740547512939
chr19	49500001	50000000	-0.00227198702434311
chr19	50000001	50500000	-0.0920869263259867
chr19	50500001	51000000	-0.00149484522562002
chr19	51000001	51500000	0.196326352316331
chr19	51500001	52000000	0.126536229969447
chr19	52000001	52500000	0.053803651026318
chr19	52500001	53000000	-0.0100398755087907
chr19	53000001	53500000	0.182489475551346
chr19	53500001	54000000	0.0208301511772282
chr19	54000001	54500000	0.14240802533293
chr19	54500001	55000000	0.0900803757988543
chr19	55000001	55500000	0.0840463327043582
chr19	55500001	56000000	-0.0424263162866352
chr19	56000001	56500000	0.00204799495715235
chr19	56500001	57000000	0.0695269196983971
chr19	57000001	57500000	0.0445761173666962
chr19	57500001	58000000	0.0165641694516922
chr19	58000001	58500000	0.0213134232981854
chr20	1	500000	NA
chr20	500001	1000000	0.0607081779785003
chr20	1000001	1500000	0.0591023911704016
chr20	1500001	2000000	0.270991858586312
chr20	2000001	2500000	0.0740872408644056
chr20	2500001	3000000	-0.00330475220115368
chr20	3000001	3500000	-0.0307382935342978
chr20	3500001	4000000	-0.0439064869274182
chr20	4000001	4500000	0.063368392717978
chr20	4500001	5000000	0.0111563500630158
chr20	5000001	5500000	0.0676582445515005
chr20	5500001	6000000	0.013489617971815
chr20	6000001	6500000	0.088985170930963
chr20	6500001	7000000	-0.00726658374277975
chr20	7000001	7500000	-0.0365256296544286
chr20	7500001	8000000	0.0103192187954283
chr20	8000001	8500000	0.163338702363001
chr20	8500001	9000000	0.146463191402105
chr20	9000001	9500000	0.00530070542911801
chr20	9500001	10000000	-0.108447693889183
chr20	10000001	10500000	0.0253211500290391
chr20	10500001	11000000	0.076993555016072
chr20	11000001	11500000	0.012483948920812
chr20	11500001	12000000	0.0931801473825445
chr20	12000001	12500000	-0.0183034741831647
chr20	12500001	13000000	-0.0051538706686369
chr20	13000001	13500000	-0.053848745374656
chr20	13500001	14000000	-0.0947133563214256
chr20	14000001	14500000	-0.0889344735295852
chr20	14500001	15000000	0.0100427419236366
chr20	15000001	15500000	-0.0589965987269704
chr20	15500001	16000000	0.00804582740898351
chr20	16000001	16500000	-0.0670482793171814
chr20	16500001	17000000	-0.0244100533377281
chr20	17000001	17500000	-0.117441896879986
chr20	17500001	18000000	0.00947862665543975
chr20	18000001	18500000	-0.0655264315276448
chr20	18500001	19000000	0.01499705525386
chr20	19000001	19500000	0.102335402318744
chr20	19500001	20000000	0.0594527310592076
chr20	20000001	20500000	-0.0334438879301989
chr20	20500001	21000000	0.0390407306784176
chr20	21000001	21500000	0.00154474537880618
chr20	21500001	22000000	0.0252186912376292
chr20	22000001	22500000	-0.106332938496675
chr20	22500001	23000000	0.0396197172468882
chr20	23000001	23500000	0.0308510222897231
chr20	23500001	24000000	0.0858608462654025
chr20	24000001	24500000	-0.00400111817378895
chr20	24500001	25000000	-0.121890363228984
chr20	25000001	25500000	-0.160553048031053
chr20	31500001	32000000	0.00186373006726549
chr20	32000001	32500000	0.0289876730272823
chr20	32500001	33000000	-0.0678880002118667
chr20	33000001	33500000	0.0613347487520375
chr20	33500001	34000000	0.024775528887514
chr20	34000001	34500000	-0.0148660577146414
chr20	34500001	35000000	0.00496602202643416
chr20	35000001	35500000	0.0324216269068319
chr20	35500001	36000000	-0.0680677625437242
chr20	36000001	36500000	NA
chr20	36500001	37000000	-0.0873255074387087
chr20	37000001	37500000	0.0024854877529762
chr20	37500001	38000000	-0.0743379997527793
chr20	38000001	38500000	0.00679491059280807
chr20	38500001	39000000	-0.0793911814361109
chr20	39000001	39500000	-0.0247029201301986
chr20	39500001	40000000	-0.057511112828967
chr20	40000001	40500000	-0.0305448641056528
chr20	40500001	41000000	-0.0364117019492669
chr20	41000001	41500000	0.0845456450678169
chr20	41500001	42000000	-0.0206090177436358
chr20	42000001	42500000	-0.000974648929271578
chr20	42500001	43000000	0.0469261937069045
chr20	43000001	43500000	0.06397902439634
chr20	43500001	44000000	0.0615007634584361
chr20	44000001	44500000	0.122752673256232
chr20	44500001	45000000	0.125779769270011
chr20	45000001	45500000	0.0778623400680455
chr20	45500001	46000000	0.00773818528474468
chr20	46000001	46500000	0.0875233653762515
chr20	46500001	47000000	0.110410669866567
chr20	47000001	47500000	0.0699623109752638
chr20	47500001	48000000	0.0186141516264702
chr20	48000001	48500000	-0.0252697655910854
chr20	48500001	49000000	0.254448434212515
chr20	49000001	49500000	0.155274495305385
chr20	49500001	50000000	0.180076209877406
chr20	50000001	50500000	0.131198542208763
chr20	50500001	51000000	0.0515952278979145
chr20	51000001	51500000	-0.0898975389966647
chr20	51500001	52000000	-0.00821112377402231
chr20	52000001	52500000	0.0650001000697912
chr20	52500001	53000000	0.10409961606748
chr20	53000001	53500000	0.0501402359804569
chr20	53500001	54000000	0.246919555041136
chr20	54000001	54500000	0.0796896669064085
chr20	54500001	55000000	0.046583087659197
chr20	55000001	55500000	0.0167439449967019
chr20	55500001	56000000	0.0359380676886122
chr20	56000001	56500000	0.052793173591633
chr20	56500001	57000000	-0.103500801543837
chr20	57000001	57500000	-0.0536488762671189
chr20	57500001	58000000	0.0107166489628119
chr20	58000001	58500000	0.0281845418398636
chr20	58500001	59000000	0.0341070441570261
chr20	59000001	59500000	0.163606660297074
chr20	59500001	60000000	0.142904879930756
chr20	60000001	60500000	0.168959823191312
chr20	60500001	61000000	0.082843421861025
chr20	61000001	61500000	0.0926195646128991
chr20	61500001	62000000	0.0267412126215941
chr20	62000001	62500000	0.113128814845989
chr20	62500001	63000000	0.148913399319637
chr20	63000001	63500000	-0.0198605228129965
chr20	63500001	64000000	0.0953282715799502
chr21	14000001	14500000	-0.0258295430683347
chr21	14500001	15000000	0.0840742081170313
chr21	15000001	15500000	0.0109227543457826
chr21	15500001	16000000	0.0305134719940729
chr21	16000001	16500000	-0.0328821562414822
chr21	16500001	17000000	0.0489866767512431
chr21	17000001	17500000	-0.0591556802408017
chr21	17500001	18000000	0.0794526480891205
chr21	18000001	18500000	0.0189347623682054
chr21	18500001	19000000	-0.0376599518015136
chr21	19000001	19500000	-0.0209674741050613
chr21	19500001	20000000	0.0515808089837451
chr21	20000001	20500000	-0.0816092686002294
chr21	20500001	21000000	-0.0434093612924587
chr21	21000001	21500000	-0.0769496336240957
chr21	21500001	22000000	0.0232173858566381
chr21	22000001	22500000	-0.00894216621037989
chr21	22500001	23000000	0.00699005948316745
chr21	23000001	23500000	-0.0091813346481837
chr21	23500001	24000000	0.0543866767917861
chr21	24000001	24500000	-0.0300520218857626
chr21	24500001	25000000	-0.0599176345608188
chr21	25000001	25500000	-0.0443207990828077
chr21	25500001	26000000	0.0158419497395385
chr21	26000001	26500000	-0.072500901880062
chr21	26500001	27000000	0.0361993315055739
chr21	27000001	27500000	-0.0496702867053757
chr21	27500001	28000000	0.0355245846474584
chr21	28000001	28500000	0.0122066412743299
chr21	28500001	29000000	0.0994714123865061
chr21	29000001	29500000	0.136876910927892
chr21	29500001	30000000	0.0327138271371509
chr21	30000001	30500000	-0.0427600148752926
chr21	30500001	31000000	-0.0299241578403942
chr21	31000001	31500000	0.0489568009279477
chr21	31500001	32000000	NA
chr21	32000001	32500000	0.0120837433624717
chr21	32500001	33000000	0.00366481624180522
chr21	33000001	33500000	0.126497523195849
chr21	33500001	34000000	0.0134305332166283
chr21	34000001	34500000	-0.231611055779008
chr21	34500001	35000000	0.0318333624480858
chr21	35000001	35500000	0.0692427368900743
chr21	35500001	36000000	0.010649976720786
chr21	36000001	36500000	-0.0638339706856897
chr21	36500001	37000000	-0.0132079783719132
chr21	37000001	37500000	0.0699979799702085
chr21	37500001	38000000	-0.0160282007077984
chr21	38000001	38500000	0.106349321829868
chr21	38500001	39000000	NA
chr21	39000001	39500000	0.0698762537711559
chr21	39500001	40000000	-0.059387515708018
chr21	40000001	40500000	0.0177487467887579
chr21	40500001	41000000	-0.0795760147887471
chr21	41000001	41500000	0.0182397923416958
chr21	41500001	42000000	NA
chr21	42000001	42500000	0.149651724659912
chr21	42500001	43000000	NA
chr21	43500001	44000000	0.00593004979977355
chr21	44000001	44500000	-0.238545972527866
chr21	44500001	45000000	-0.0585135854142077
chr21	45000001	45500000	-0.0259847889108554
chr21	45500001	46000000	-0.0357839790444115
chr21	46000001	46500000	-0.0450744096435934
chr21	46500001	47000000	NA
chr22	17500001	18000000	-0.0838547501013987
chr22	19000001	19500000	0.00144781679120834
chr22	19500001	20000000	-0.063992953367663
chr22	20000001	20500000	-0.005706892612248
chr22	20500001	21000000	-0.0175614406821689
chr22	21500001	22000000	-0.0752048007647543
chr22	22000001	22500000	0.181699396680044
chr22	22500001	23000000	0.137188255614303
chr22	23000001	23500000	0.0215919212743843
chr22	23500001	24000000	0.0042388540013282
chr22	24000001	24500000	0.071855596393676
chr22	24500001	25000000	0.0731990483796544
chr22	25000001	25500000	0.183545276482638
chr22	25500001	26000000	0.0383694574072718
chr22	26000001	26500000	-0.0606136024111651
chr22	26500001	27000000	-0.0432255659269307
chr22	27000001	27500000	-0.0112782853868037
chr22	27500001	28000000	-0.0963903259003413
chr22	28000001	28500000	0.0070664293283539
chr22	28500001	29000000	-0.0402191130125386
chr22	29000001	29500000	-0.0945453656978291
chr22	29500001	30000000	-0.0157316957773884
chr22	30000001	30500000	0.0564340683151104
chr22	30500001	31000000	-0.0488551902191647
chr22	31000001	31500000	-0.0258883372417421
chr22	31500001	32000000	-0.104492516007127
chr22	32000001	32500000	-0.124964602184084
chr22	32500001	33000000	-0.076275102764422
chr22	33000001	33500000	-0.133181029678336
chr22	33500001	34000000	-0.128236902726769
chr22	34000001	34500000	-0.0189744759020658
chr22	34500001	35000000	-0.0970213836189691
chr22	35000001	35500000	0.0244754336070932
chr22	35500001	36000000	-0.0125380703725054
chr22	36000001	36500000	0.0537620828473711
chr22	36500001	37000000	0.08984826472064
chr22	37000001	37500000	0.152390039996204
chr22	37500001	38000000	0.0571676529407665
chr22	38000001	38500000	-0.0186489043705269
chr22	38500001	39000000	-0.0413628474565995
chr22	39000001	39500000	-0.0759451988134286
chr22	39500001	40000000	-0.0502472638286118
chr22	40000001	40500000	0.0277322756498549
chr22	40500001	41000000	-0.030116390584361
chr22	41000001	41500000	-0.0576142839705971
chr22	41500001	42000000	-0.0557362700632941
chr22	42000001	42500000	0.0136801776787082
chr22	42500001	43000000	-0.0837124213571902
chr22	43000001	43500000	-0.128251634407438
chr22	43500001	44000000	-0.0688801844139628
chr22	44000001	44500000	-0.0146806903064432
chr22	44500001	45000000	-0.154219934459164
chr22	45000001	45500000	0.0241796165279865
chr22	45500001	46000000	-0.133965627338613
chr22	46000001	46500000	-0.140741155551423
chr22	46500001	47000000	-0.0803139898468287
chr22	47000001	47500000	-0.150312134041952
chr22	47500001	48000000	-0.11053911296193
chr22	48000001	48500000	-0.116902593810619
chr22	48500001	49000000	-0.230543203609663
chr22	49000001	49500000	-0.137705410918593
chr22	49500001	50000000	NA
chr22	50000001	50500000	-0.111749239145088
chr22	50500001	51000000	NA
chrX	3000001	3500000	-0.143126118257145
chrX	3500001	4000000	-0.448119203945179
chrX	4000001	4500000	-0.066095873485043
chrX	4500001	5000000	-0.0795207252561347
chrX	5000001	5500000	-0.0967941349754738
chrX	5500001	6000000	-0.128021488365147
chrX	6000001	6500000	-0.173993149604418
chrX	6500001	7000000	-0.0621321645133131
chrX	7000001	7500000	-0.0923383604765397
chrX	7500001	8000000	-0.147981514962968
chrX	8000001	8500000	-0.153691877242797
chrX	8500001	9000000	-0.0885455852219127
chrX	9000001	9500000	-0.106103295038155
chrX	9500001	10000000	-0.0507802725528014
chrX	10000001	10500000	-0.0854105580903857
chrX	10500001	11000000	-0.0331461396383572
chrX	11000001	11500000	-0.0566750744175898
chrX	11500001	12000000	-0.119415817447383
chrX	12000001	12500000	-0.227451375004926
chrX	12500001	13000000	-0.0891573978250509
chrX	13000001	13500000	0.0566297285458993
chrX	13500001	14000000	-0.0158391834020746
chrX	14000001	14500000	-0.0737520768834648
chrX	14500001	15000000	-0.0732654777342163
chrX	15000001	15500000	-0.0575056619833943
chrX	15500001	16000000	-0.0304352969937074
chrX	16000001	16500000	-0.0723774492924418
chrX	16500001	17000000	-0.0925739004159328
chrX	17000001	17500000	-0.0449976484839023
chrX	17500001	18000000	-0.0107781835961227
chrX	18000001	18500000	-0.0780283048399058
chrX	18500001	19000000	-0.0125308037851781
chrX	19000001	19500000	-0.00119068457100919
chrX	19500001	20000000	0.0146426955775199
chrX	20000001	20500000	-0.00556126570618211
chrX	20500001	21000000	-0.0386165446601035
chrX	21000001	21500000	-0.123555894726442
chrX	21500001	22000000	-0.103037964556022
chrX	22000001	22500000	-0.106573915781387
chrX	22500001	23000000	-0.0209910425575386
chrX	23000001	23500000	-0.00512526660779582
chrX	23500001	24000000	-0.0520429292190273
chrX	24000001	24500000	-0.0765636714860591
chrX	24500001	25000000	-0.0258809005715889
chrX	25000001	25500000	-0.125246484986128
chrX	25500001	26000000	-0.0990210777524776
chrX	26000001	26500000	-0.00590227375345962
chrX	26500001	27000000	-0.152949643330036
chrX	27000001	27500000	-0.170848641870851
chrX	27500001	28000000	-0.144461677890336
chrX	28000001	28500000	-0.0793095669062185
chrX	28500001	29000000	-0.0544679711789745
chrX	29000001	29500000	-0.0710494208096774
chrX	29500001	30000000	-0.111176875810498
chrX	30000001	30500000	-0.109967378635693
chrX	30500001	31000000	-0.0362782895661502
chrX	31000001	31500000	-0.0370824971916518
chrX	31500001	32000000	-0.156750934839591
chrX	32000001	32500000	-0.126128027090706
chrX	32500001	33000000	-0.101055851807238
chrX	33000001	33500000	-0.0857354582328583
chrX	33500001	34000000	-0.054003507356087
chrX	34000001	34500000	-0.102580259748813
chrX	34500001	35000000	-0.0788016911087491
chrX	35000001	35500000	-0.0693129839383697
chrX	35500001	36000000	-0.120627519318266
chrX	36000001	36500000	-0.0943064963728526
chrX	36500001	37000000	-0.0640585408526531
chrX	37500001	38000000	-0.0194643695120348
chrX	38000001	38500000	-0.138967113982532
chrX	38500001	39000000	-0.0224276465758253
chrX	39000001	39500000	0.0682466176221781
chrX	39500001	40000000	-0.0474748662531614
chrX	40000001	40500000	-0.0205936010342415
chrX	40500001	41000000	-0.0760499145506675
chrX	41000001	41500000	-0.0191930139817755
chrX	41500001	42000000	-0.0812196981929633
chrX	42000001	42500000	-0.0683823867410778
chrX	42500001	43000000	-0.088167032706274
chrX	43000001	43500000	-0.038722770396569
chrX	43500001	44000000	-0.0867428379019318
chrX	44000001	44500000	-0.17147979712535
chrX	44500001	45000000	-0.0229918358715314
chrX	45000001	45500000	-0.111496049337291
chrX	45500001	46000000	-0.0112376595805228
chrX	46000001	46500000	-0.0556697277053913
chrX	46500001	47000000	-0.0175762231900271
chrX	47000001	47500000	-0.138993078364173
chrX	47500001	48000000	-0.0213249534047027
chrX	48500001	49000000	-0.10633501452065
chrX	49500001	50000000	NA
chrX	50000001	50500000	NA
chrX	50500001	51000000	-0.08185983875924
chrX	51000001	51500000	-0.103859796461589
chrX	51500001	52000000	-0.0877674315324441
chrX	52000001	52500000	-0.303121802623867
chrX	53000001	53500000	-0.18904416927706
chrX	53500001	54000000	-0.150821560742803
chrX	54000001	54500000	0.00531347841719485
chrX	54500001	55000000	-0.158911920346485
chrX	55000001	55500000	-0.179089708638019
chrX	55500001	56000000	-0.0573495467415337
chrX	56000001	56500000	-0.0615704837191068
chrX	56500001	57000000	-0.14439696148736
chrX	57000001	57500000	-0.0428739682903269
chrX	64000001	64500000	-0.00663776002158107
chrX	64500001	65000000	-0.0144052639937499
chrX	65000001	65500000	-0.068881302395674
chrX	65500001	66000000	0.0834660425294202
chrX	66000001	66500000	-0.0374212756527479
chrX	66500001	67000000	-0.075856334060154
chrX	67000001	67500000	0.00158164602531918
chrX	67500001	68000000	-0.140945544695751
chrX	68000001	68500000	0.0281570105977505
chrX	68500001	69000000	-0.0339392010061833
chrX	69000001	69500000	-0.0323437472380088
chrX	69500001	70000000	-0.076888948669344
chrX	70000001	70500000	-0.0120593579110002
chrX	70500001	71000000	-0.0429325578121237
chrX	71000001	71500000	-0.0182603075919662
chrX	71500001	72000000	-0.262062679211613
chrX	72000001	72500000	0.0518184267292295
chrX	73000001	73500000	0.0320424188981645
chrX	73500001	74000000	0.016467054523641
chrX	74000001	74500000	-0.0206077020436166
chrX	74500001	75000000	-0.0269969923608874
chrX	75000001	75500000	0.0547953548828691
chrX	75500001	76000000	0.043361699396908
chrX	76000001	76500000	-0.0192343755385842
chrX	76500001	77000000	0.0145108156429473
chrX	77000001	77500000	0.116429940949522
chrX	77500001	78000000	-0.0581013005581188
chrX	78000001	78500000	-0.00105807227181882
chrX	78500001	79000000	0.0578553585170178
chrX	79000001	79500000	-0.0125367852911929
chrX	79500001	80000000	0.0204881930480211
chrX	80000001	80500000	0.00919915722117212
chrX	80500001	81000000	-0.00445632524507514
chrX	81000001	81500000	-0.0277523293287395
chrX	81500001	82000000	-0.0547172763851802
chrX	82000001	82500000	-0.000291206324876024
chrX	82500001	83000000	-0.0320266756121006
chrX	83000001	83500000	-0.0299231667687304
chrX	83500001	84000000	0.0605152238235729
chrX	84000001	84500000	-0.0895782393613414
chrX	84500001	85000000	-0.158355892996677
chrX	85000001	85500000	0.0921036477801819
chrX	85500001	86000000	0.0097594571259716
chrX	86000001	86500000	-0.0200601933112718
chrX	86500001	87000000	0.0106065820851152
chrX	87000001	87500000	-0.0343910322712494
chrX	87500001	88000000	0.0680483025988285
chrX	88000001	88500000	-0.0169506572178526
chrX	88500001	89000000	-0.0197828735979233
chrX	91000001	91500000	-0.0512593430365421
chrX	93000001	93500000	-0.0130349408734842
chrX	93500001	94000000	-0.00982751901235177
chrX	94000001	94500000	-0.0965921627597865
chrX	94500001	95000000	-0.0988727371281378
chrX	95000001	95500000	-0.119724424455503
chrX	95500001	96000000	-0.0505465165044743
chrX	96000001	96500000	-0.0946803934755349
chrX	96500001	97000000	-0.0437625551017494
chrX	97000001	97500000	0.0131624091567783
chrX	97500001	98000000	-0.095815851126701
chrX	98000001	98500000	-0.0417429395667129
chrX	98500001	99000000	-0.0792864803693111
chrX	99000001	99500000	-0.0452045435693002
chrX	99500001	100000000	-0.0897979665841649
chrX	100000001	100500000	-0.0967209378598406
chrX	100500001	101000000	-0.0433321329321322
chrX	101000001	101500000	-0.168680377997768
chrX	101500001	102000000	-0.113163471878211
chrX	102500001	103000000	-0.0779792566223698
chrX	103000001	103500000	-0.0766790731707996
chrX	103500001	104000000	-0.207000990390756
chrX	104000001	104500000	-0.0270545949957771
chrX	104500001	105000000	-0.0502275277476928
chrX	105000001	105500000	-0.0505003531663286
chrX	105500001	106000000	-0.12223842275352
chrX	106000001	106500000	-0.161587389695804
chrX	106500001	107000000	-0.0331954283167687
chrX	107000001	107500000	-0.0847898926053861
chrX	107500001	108000000	-0.0584833825656991
chrX	108000001	108500000	-0.0537419442170038
chrX	108500001	109000000	-0.117241546922634
chrX	109000001	109500000	0.015036722349017
chrX	109500001	110000000	-0.0472490249192891
chrX	110000001	110500000	-0.0450495698285492
chrX	110500001	111000000	-0.0608713047652561
chrX	111000001	111500000	-0.182222462577089
chrX	111500001	112000000	-0.057614645798689
chrX	112000001	112500000	-0.011587227478043
chrX	112500001	113000000	0.0572695710247208
chrX	113000001	113500000	-0.0934370708908963
chrX	113500001	114000000	-0.0745252233936066
chrX	114000001	114500000	NA
chrX	114500001	115000000	-0.0156237351349365
chrX	115000001	115500000	0.0835685667535195
chrX	116000001	116500000	-0.066398117340117
chrX	116500001	117000000	NA
chrX	117000001	117500000	-0.0526137423399344
chrX	117500001	118000000	-0.0586733718450366
chrX	118000001	118500000	-0.136744158476184
chrX	118500001	119000000	-0.0681377258871749
chrX	119000001	119500000	-0.0508683768206465
chrX	119500001	120000000	-0.0791591157986091
chrX	120000001	120500000	-0.266889581029069
chrX	121000001	121500000	-0.16680743312848
chrX	121500001	122000000	-0.103611022368545
chrX	122000001	122500000	-0.0187373866804205
chrX	122500001	123000000	-0.0408079646372494
chrX	123000001	123500000	-0.142329656738586
chrX	123500001	124000000	-0.102309314908578
chrX	124000001	124500000	-0.0633434963051812
chrX	124500001	125000000	-0.0145712507029797
chrX	125000001	125500000	-0.051867261611094
chrX	125500001	126000000	-0.107063888992018
chrX	126000001	126500000	-0.108247195213662
chrX	126500001	127000000	0.0258808999081607
chrX	127000001	127500000	-0.00899091054242987
chrX	127500001	128000000	-0.0125234023252379
chrX	128000001	128500000	-0.0805706336683094
chrX	128500001	129000000	-0.135114311142852
chrX	129000001	129500000	0.0194974709790927
chrX	129500001	130000000	0.113343686632108
chrX	130000001	130500000	-0.0616669655623264
chrX	130500001	131000000	-0.0770291845001629
chrX	131000001	131500000	-0.0532750244426674
chrX	131500001	132000000	-0.0603272028549116
chrX	132000001	132500000	-0.0157477817186295
chrX	132500001	133000000	-0.0704673583088699
chrX	133000001	133500000	-0.148486867370644
chrX	133500001	134000000	-0.146907624624428
chrX	134000001	134500000	-0.227951998312752
chrX	134500001	135000000	-0.0545689105241969
chrX	135000001	135500000	-0.228902734077075
chrX	136000001	136500000	-0.10864270588804
chrX	136500001	137000000	-0.0646995581577667
chrX	137000001	137500000	-0.189160852319871
chrX	137500001	138000000	-0.0300359914143985
chrX	138000001	138500000	-0.102459713200196
chrX	138500001	139000000	-0.082275188750181
chrX	139000001	139500000	-0.0631789889738216
chrX	139500001	140000000	-0.0615400476630472
chrX	140000001	140500000	-0.160920157879309
chrX	140500001	141000000	-0.0701694719684467
chrX	141000001	141500000	-0.251565126543575
chrX	141500001	142000000	-0.153834901851996
chrX	142000001	142500000	-0.0663549453142644
chrX	142500001	143000000	-0.0884535982784205
chrX	143000001	143500000	-0.150036089562156
chrX	143500001	144000000	-0.113188405311573
chrX	144500001	145000000	-0.0973167439342055
chrX	145000001	145500000	-0.0170258589495811
chrX	145500001	146000000	-0.135410149838937
chrX	146000001	146500000	-0.0949698947125743
chrX	146500001	147000000	-0.0365725828881739
chrX	147000001	147500000	-0.117809991264879
chrX	147500001	148000000	-0.12736316848803
chrX	148000001	148500000	-0.0119994079292999
chrX	148500001	149000000	-0.0214657191412859
chrX	149000001	149500000	0.0217928885137196
chrX	149500001	150000000	-0.278803303517704
chrX	150000001	150500000	0.0560490203302206
chrX	150500001	151000000	-0.0210947064614122
chrX	151000001	151500000	-0.108578666692633
chrX	151500001	152000000	-0.0565247742753472
chrX	152000001	152500000	0.0131372594453977
chrX	152500001	153000000	-0.21060046892805
chrX	153000001	153500000	-0.257542572391088
chrX	153500001	154000000	-0.0308027275547919
chrX	154500001	155000000	-0.301767763515328
chrX	155000001	155500000	-0.245908361162584
