chr	start	end	log2_TNratio_corrected
chr1	1000001	1500000	NA
chr1	1500001	2000000	-0.160028493716802
chr1	2000001	2500000	-0.0420174393799705
chr1	2500001	3000000	NA
chr1	3000001	3500000	-0.138598449712516
chr1	3500001	4000000	-0.0784057487412469
chr1	4000001	4500000	0.00286336276380114
chr1	4500001	5000000	-0.0508804496976741
chr1	5000001	5500000	-0.0576669496246868
chr1	5500001	6000000	-0.0539177749486868
chr1	6000001	6500000	-0.13998083688314
chr1	6500001	7000000	-0.124679824690317
chr1	7000001	7500000	-0.0995102126315007
chr1	7500001	8000000	-0.0884183363546025
chr1	8000001	8500000	-0.0935757538011093
chr1	8500001	9000000	-0.115739026518833
chr1	9000001	9500000	-0.143314774021099
chr1	9500001	10000000	-0.0255875923589643
chr1	10000001	10500000	-0.0239019922629789
chr1	10500001	11000000	-0.0591545487509801
chr1	11000001	11500000	-0.0536158906355014
chr1	11500001	12000000	-0.0992045227582056
chr1	12000001	12500000	0.00482707086254019
chr1	13500001	14000000	-0.000583396056488689
chr1	14000001	14500000	-0.0522433861377714
chr1	14500001	15000000	0.0181450206385493
chr1	15000001	15500000	-0.0185027186042783
chr1	15500001	16000000	-0.081761018693304
chr1	16000001	16500000	-0.0136190238005914
chr1	17000001	17500000	0.037446135520872
chr1	17500001	18000000	-0.0733326037839638
chr1	18000001	18500000	0.0144696983986466
chr1	18500001	19000000	-0.053651041401708
chr1	19000001	19500000	-0.100787805762727
chr1	19500001	20000000	-0.0590109084963741
chr1	20000001	20500000	-0.0571552621290986
chr1	20500001	21000000	-0.0332337177878598
chr1	21000001	21500000	0.00325233585238026
chr1	21500001	22000000	-0.0632440579448858
chr1	22000001	22500000	-0.0561860490224119
chr1	22500001	23000000	-0.0706079435520393
chr1	23000001	23500000	-0.0331864664882884
chr1	23500001	24000000	-0.00517550831572162
chr1	24000001	24500000	-0.054708489094525
chr1	24500001	25000000	-0.104908566559903
chr1	25000001	25500000	-0.280437949138471
chr1	25500001	26000000	-0.0996849246198556
chr1	26000001	26500000	0.00943607551963865
chr1	26500001	27000000	0.0107187364860554
chr1	27000001	27500000	-0.0109470144037572
chr1	27500001	28000000	0.0300457582276252
chr1	28000001	28500000	-0.0266353114298598
chr1	28500001	29000000	-0.163441111483909
chr1	29000001	29500000	-0.0674262044750799
chr1	29500001	30000000	NA
chr1	30000001	30500000	-0.0563006481567789
chr1	30500001	31000000	-0.0339045844543108
chr1	31000001	31500000	-0.0117040390088411
chr1	31500001	32000000	-0.0111625297709218
chr1	32000001	32500000	-0.0811960241881277
chr1	32500001	33000000	-0.11570603271859
chr1	33000001	33500000	0.029562885843442
chr1	33500001	34000000	-0.0288071043736815
chr1	34000001	34500000	-0.0212920046024859
chr1	34500001	35000000	-0.0450515199075674
chr1	35000001	35500000	-0.0458830890551358
chr1	35500001	36000000	-0.0195982749472434
chr1	36000001	36500000	-0.0433639999723107
chr1	36500001	37000000	0.0202351999926461
chr1	37000001	37500000	0.0110806201557842
chr1	37500001	38000000	0.0260286894196565
chr1	38000001	38500000	-0.0024276096199848
chr1	38500001	39000000	0.0146133541421423
chr1	39000001	39500000	0.00485579269507647
chr1	39500001	40000000	0.0162826889220382
chr1	40000001	40500000	0.107843547172908
chr1	40500001	41000000	0.00814662435379623
chr1	41000001	41500000	0.0209828765487233
chr1	41500001	42000000	0.114421249811115
chr1	42000001	42500000	-0.0412668098256055
chr1	42500001	43000000	-0.0310107298219713
chr1	43000001	43500000	-0.0494046434593374
chr1	43500001	44000000	0.00197038570043967
chr1	44000001	44500000	0.0170960592379519
chr1	44500001	45000000	-0.0200895772027046
chr1	45000001	45500000	-0.0276474609721213
chr1	45500001	46000000	-0.0119194788954083
chr1	46000001	46500000	0.0296166227199981
chr1	46500001	47000000	0.0789463838466106
chr1	47000001	47500000	0.00414443209975093
chr1	47500001	48000000	-0.000558554089134883
chr1	48000001	48500000	0.112575364841217
chr1	48500001	49000000	0.0252683326599627
chr1	49000001	49500000	0.0129223471592149
chr1	49500001	50000000	-0.0947496548083109
chr1	50000001	50500000	0.0230437101853226
chr1	50500001	51000000	-0.0430512513933538
chr1	51000001	51500000	-0.120647655400968
chr1	51500001	52000000	0.00614756044292947
chr1	52000001	52500000	0.062327815889352
chr1	52500001	53000000	-0.005154477523078
chr1	53000001	53500000	0.0368139335839157
chr1	53500001	54000000	-0.10879669066378
chr1	54000001	54500000	0.0172423359567232
chr1	54500001	55000000	0.0640543411971028
chr1	55000001	55500000	-0.0173490413529691
chr1	55500001	56000000	-0.00235231700147806
chr1	56000001	56500000	0.0464391113287861
chr1	56500001	57000000	0.0120744498719546
chr1	57000001	57500000	0.0192125906347367
chr1	57500001	58000000	0.0277076103930141
chr1	58000001	58500000	0.0319317346788005
chr1	58500001	59000000	0.10907030840165
chr1	59000001	59500000	0.0587883511256788
chr1	59500001	60000000	0.00133590644051916
chr1	60000001	60500000	-0.0100737078758773
chr1	60500001	61000000	-0.0649318484606099
chr1	61000001	61500000	-0.0734574368617041
chr1	61500001	62000000	-0.0190077446698299
chr1	62000001	62500000	-0.0649004257171068
chr1	62500001	63000000	-0.06692413413487
chr1	63000001	63500000	0.0170531858651633
chr1	63500001	64000000	0.0163433519186268
chr1	64000001	64500000	-0.0267513510753629
chr1	64500001	65000000	0.0450749154390033
chr1	65000001	65500000	0.0328598532781689
chr1	65500001	66000000	0.00270338849082607
chr1	66000001	66500000	-0.030700156661114
chr1	66500001	67000000	-0.0127472943486811
chr1	67000001	67500000	-0.00904322230500777
chr1	67500001	68000000	-0.0221802035791338
chr1	68000001	68500000	0.0398256825759034
chr1	68500001	69000000	-0.0269291765859753
chr1	69000001	69500000	-0.00198802121133908
chr1	69500001	70000000	-0.0034630500869299
chr1	70000001	70500000	-0.0804107061363423
chr1	70500001	71000000	0.0167464110385302
chr1	71000001	71500000	-0.0319770221368672
chr1	71500001	72000000	0.00473096724836174
chr1	72000001	72500000	-0.00687419383015961
chr1	72500001	73000000	-0.0588090368472874
chr1	73000001	73500000	-0.0131580346255356
chr1	73500001	74000000	-0.0765111046586523
chr1	74000001	74500000	-0.0263845605634931
chr1	74500001	75000000	-0.0484156718430751
chr1	75000001	75500000	-0.0270326222394766
chr1	75500001	76000000	-0.0752431219084458
chr1	76000001	76500000	0.12728483314018
chr1	76500001	77000000	0.0617104668605579
chr1	77000001	77500000	0.122428311843804
chr1	77500001	78000000	-0.116532044492778
chr1	78000001	78500000	-0.11397896447962
chr1	78500001	79000000	-0.0699677556781191
chr1	79000001	79500000	-0.0262508867419024
chr1	79500001	80000000	-0.0407431888233391
chr1	80000001	80500000	0.0479639311054344
chr1	80500001	81000000	0.00542062429933973
chr1	81000001	81500000	0.0106660381096059
chr1	81500001	82000000	0.0210160299504379
chr1	82000001	82500000	0.118101820341897
chr1	82500001	83000000	0.095347116227904
chr1	83500001	84000000	0.0335839364769166
chr1	84000001	84500000	0.0127256530544698
chr1	84500001	85000000	-0.0582125697833599
chr1	85000001	85500000	-0.014810753223149
chr1	85500001	86000000	-0.0322255245433931
chr1	86000001	86500000	0.0291258840026255
chr1	86500001	87000000	-0.0227076151195948
chr1	87000001	87500000	0.0771049598915299
chr1	87500001	88000000	-0.0198515047804233
chr1	88000001	88500000	0.0468736334980608
chr1	88500001	89000000	0.0936499896091881
chr1	89000001	89500000	0.133521756998704
chr1	89500001	90000000	0.00375336397347266
chr1	90000001	90500000	0.0385710099860991
chr1	90500001	91000000	-0.0314037897479674
chr1	91000001	91500000	0.0566261452952344
chr1	91500001	92000000	-0.0518496403260432
chr1	92000001	92500000	0.0776358967960008
chr1	92500001	93000000	-0.0286506603312973
chr1	93000001	93500000	-0.109741111137856
chr1	93500001	94000000	0.0301188263530394
chr1	94000001	94500000	-0.00190416924805541
chr1	94500001	95000000	0.0283332571994719
chr1	95000001	95500000	0.0458562950162289
chr1	95500001	96000000	-0.0743611303448021
chr1	96000001	96500000	0.0117682644633077
chr1	96500001	97000000	0.0482852081478766
chr1	97000001	97500000	-0.0673457452989622
chr1	97500001	98000000	-0.0246983349713529
chr1	98000001	98500000	-0.00261120117940622
chr1	98500001	99000000	0.00181250669288475
chr1	99000001	99500000	-0.0106011073263828
chr1	99500001	100000000	-0.040413385841417
chr1	100000001	100500000	-0.0186940804100984
chr1	100500001	101000000	-0.0154911609421859
chr1	101000001	101500000	-0.0187923891595781
chr1	101500001	102000000	-0.0828788675589529
chr1	102000001	102500000	-0.0126960284188779
chr1	102500001	103000000	-0.0379512434069078
chr1	103000001	103500000	-0.133700759607893
chr1	103500001	104000000	-0.268362374309236
chr1	104000001	104500000	-0.023396081062263
chr1	104500001	105000000	-0.00690887975209828
chr1	105000001	105500000	-0.0885143678032912
chr1	105500001	106000000	-0.0455333210470859
chr1	106000001	106500000	-0.0790819834687131
chr1	106500001	107000000	-0.0962737479285768
chr1	107000001	107500000	-0.0693913794900999
chr1	107500001	108000000	0.0519388845942048
chr1	108500001	109000000	0.0377492801621195
chr1	109000001	109500000	0.0464205300798585
chr1	109500001	110000000	0.0469475260506141
chr1	110000001	110500000	0.00379851300608937
chr1	110500001	111000000	-0.00202173377735947
chr1	111000001	111500000	0.0626828562681734
chr1	111500001	112000000	-0.0310739671413103
chr1	112000001	112500000	-0.0166702615689343
chr1	112500001	113000000	-0.032918927986068
chr1	113000001	113500000	0.0127475841333932
chr1	113500001	114000000	0.228202352659402
chr1	114000001	114500000	0.25685545796466
chr1	114500001	115000000	0.151534427479438
chr1	115000001	115500000	0.14223676396515
chr1	115500001	116000000	0.179154788690261
chr1	116000001	116500000	0.0488540530079479
chr1	116500001	117000000	0.137165248787954
chr1	117000001	117500000	0.0333000601010111
chr1	117500001	118000000	0.0492623097319357
chr1	118000001	118500000	-0.000526014189977712
chr1	118500001	119000000	-0.00629995440819087
chr1	119000001	119500000	-0.00154149286830019
chr1	119500001	120000000	0.0164932494549095
chr1	145500001	146000000	-0.0198970221353993
chr1	147000001	147500000	0.100231579581807
chr1	147500001	148000000	0.131460377282708
chr1	150000001	150500000	0.0837389837922232
chr1	150500001	151000000	0.135141677389666
chr1	151000001	151500000	0.0704008464016262
chr1	151500001	152000000	0.0727119709574321
chr1	152000001	152500000	0.115046268858067
chr1	152500001	153000000	0.109028650627704
chr1	153000001	153500000	0.110868807067472
chr1	153500001	154000000	0.126321634909202
chr1	154000001	154500000	0.0940886605759811
chr1	154500001	155000000	0.0555499946452025
chr1	155000001	155500000	0.121444235377054
chr1	155500001	156000000	0.140288656564299
chr1	156000001	156500000	0.168850527202009
chr1	156500001	157000000	0.0946613044651974
chr1	157000001	157500000	0.147798194730666
chr1	157500001	158000000	0.107356745608487
chr1	158000001	158500000	0.0696516460893486
chr1	158500001	159000000	0.128332952332348
chr1	159000001	159500000	0.195213615447884
chr1	159500001	160000000	0.131155619672772
chr1	160000001	160500000	0.171529209915999
chr1	160500001	161000000	0.0847349668040742
chr1	161000001	161500000	0.15013086538811
chr1	161500001	162000000	0.0303448600431096
chr1	162000001	162500000	0.11011233491333
chr1	162500001	163000000	0.0981035456103502
chr1	163000001	163500000	0.111945732919301
chr1	163500001	164000000	0.091032075390882
chr1	164000001	164500000	0.0784886562421333
chr1	164500001	165000000	0.0733189966817037
chr1	165000001	165500000	0.101121607795574
chr1	165500001	166000000	0.0317880698740581
chr1	166000001	166500000	0.102844507137863
chr1	166500001	167000000	0.0804364798500753
chr1	167000001	167500000	0.0408851420332272
chr1	167500001	168000000	0.093886373479034
chr1	168000001	168500000	0.0885014639010009
chr1	168500001	169000000	0.105621939239859
chr1	169000001	169500000	0.0871311608081302
chr1	169500001	170000000	0.0870085513188606
chr1	170000001	170500000	0.0856964021716028
chr1	170500001	171000000	0.0318076163892584
chr1	171000001	171500000	0.116688288358031
chr1	171500001	172000000	0.0785403711137342
chr1	172000001	172500000	0.0571482093439249
chr1	172500001	173000000	0.0736320835549975
chr1	173000001	173500000	0.0443667598652272
chr1	173500001	174000000	0.0203690630107012
chr1	174000001	174500000	0.0520970317931791
chr1	174500001	175000000	0.127853119252011
chr1	175000001	175500000	0.0263469882212965
chr1	175500001	176000000	0.0953599584324528
chr1	176000001	176500000	0.0650551858941754
chr1	176500001	177000000	0.110332869612317
chr1	177000001	177500000	0.0515171081348237
chr1	177500001	178000000	0.0426948281054572
chr1	178000001	178500000	0.0114768758550409
chr1	178500001	179000000	0.0426069997080371
chr1	179000001	179500000	0.0553060879318463
chr1	179500001	180000000	0.0585842097045505
chr1	180000001	180500000	0.0766158406035492
chr1	180500001	181000000	0.10028699239189
chr1	181000001	181500000	0.126224262549832
chr1	181500001	182000000	0.10449124134056
chr1	182000001	182500000	0.109593992832646
chr1	182500001	183000000	0.0689991092939061
chr1	183000001	183500000	0.0378707086824098
chr1	183500001	184000000	0.174434858063898
chr1	184000001	184500000	0.089943690873449
chr1	184500001	185000000	0.0649501481037267
chr1	185000001	185500000	0.0463682327861466
chr1	185500001	186000000	0.118569587047352
chr1	186000001	186500000	0.104515639500623
chr1	186500001	187000000	0.102603423161222
chr1	187000001	187500000	0.0533722979960712
chr1	187500001	188000000	0.0137073533480896
chr1	188000001	188500000	0.087639298175293
chr1	188500001	189000000	0.0138296509785144
chr1	189000001	189500000	0.0415287313420684
chr1	189500001	190000000	-0.00502447219972014
chr1	190000001	190500000	NA
chr1	190500001	191000000	0.120155505064303
chr1	191000001	191500000	0.0992138218529146
chr1	191500001	192000000	-0.0180287429656475
chr1	192000001	192500000	0.00828221708367414
chr1	192500001	193000000	0.103509938658369
chr1	193000001	193500000	0.0280188209620299
chr1	193500001	194000000	0.0484427983466382
chr1	194000001	194500000	0.00428475261893656
chr1	194500001	195000000	0.0489745758677543
chr1	195000001	195500000	0.0580775298558932
chr1	195500001	196000000	-0.0189702733846595
chr1	196000001	196500000	0.0671709868434571
chr1	196500001	197000000	0.0220283502928564
chr1	197000001	197500000	-0.0187806632250747
chr1	197500001	198000000	0.0393456075633476
chr1	198000001	198500000	0.0997463069260467
chr1	198500001	199000000	0.158314245747494
chr1	199000001	199500000	0.0893451738409672
chr1	199500001	200000000	-0.0031951136923218
chr1	200000001	200500000	0.0517350034583497
chr1	200500001	201000000	0.126909890670466
chr1	201000001	201500000	0.115675454610151
chr1	201500001	202000000	0.0931745898874717
chr1	202000001	202500000	0.18364371939312
chr1	202500001	203000000	0.159260496463675
chr1	203000001	203500000	0.111154257115391
chr1	203500001	204000000	0.145456782463398
chr1	204000001	204500000	0.0885377668076203
chr1	204500001	205000000	0.080649246632017
chr1	205000001	205500000	0.130547016040446
chr1	205500001	206000000	0.0669983783806817
chr1	206500001	207000000	0.143383495777061
chr1	207000001	207500000	0.106295641295557
chr1	207500001	208000000	-0.0044460331069302
chr1	208000001	208500000	0.0872662548004405
chr1	208500001	209000000	0.0667285846827704
chr1	209000001	209500000	0.142098131327793
chr1	209500001	210000000	0.098221578500752
chr1	210000001	210500000	0.0163005024902638
chr1	210500001	211000000	0.0637593956068907
chr1	211000001	211500000	0.051602413533578
chr1	211500001	212000000	0.071230014091641
chr1	212000001	212500000	0.126331407311995
chr1	212500001	213000000	0.057654323993098
chr1	213000001	213500000	0.0312757456581169
chr1	213500001	214000000	0.0229412150538718
chr1	214000001	214500000	0.0384505034855369
chr1	214500001	215000000	0.0792769408988257
chr1	215000001	215500000	0.00822741301165374
chr1	215500001	216000000	0.0015239768643606
chr1	216000001	216500000	0.0433038141670294
chr1	216500001	217000000	0.0424934652273291
chr1	217000001	217500000	0.0379496607670132
chr1	217500001	218000000	0.067517283820556
chr1	218000001	218500000	-0.0151609419362623
chr1	218500001	219000000	-0.0218905238714674
chr1	219000001	219500000	0.0381867119484123
chr1	219500001	220000000	0.0190391005540813
chr1	220000001	220500000	0.0531479733955067
chr1	220500001	221000000	0.0352877121951517
chr1	221000001	221500000	0.137519081763868
chr1	221500001	222000000	0.0641142413537769
chr1	222000001	222500000	0.0556392034247258
chr1	222500001	223000000	0.0654411029235059
chr1	223000001	223500000	0.095459997333971
chr1	224000001	224500000	0.0519228323356978
chr1	224500001	225000000	0.0425596922224275
chr1	225000001	225500000	0.078139817080494
chr1	225500001	226000000	0.0328511064996511
chr1	226000001	226500000	0.113248853856157
chr1	226500001	227000000	0.0802017528079291
chr1	227000001	227500000	0.0299634499143612
chr1	227500001	228000000	0.0414500260173056
chr1	228000001	228500000	0.0336229990339256
chr1	228500001	229000000	NA
chr1	229000001	229500000	0.0999641267886277
chr1	229500001	230000000	0.0333365527296834
chr1	230000001	230500000	0.0688332499823917
chr1	230500001	231000000	0.0338362413843836
chr1	231000001	231500000	0.190850228621498
chr1	231500001	232000000	0.183861214470879
chr1	232000001	232500000	0.0996372772103043
chr1	232500001	233000000	0.0926288224676143
chr1	233000001	233500000	0.0152307195616073
chr1	233500001	234000000	0.0980877920799955
chr1	234000001	234500000	0.0614765772902536
chr1	234500001	235000000	0.138484631331253
chr1	235000001	235500000	0.0275987072972124
chr1	235500001	236000000	0.143595316041918
chr1	236000001	236500000	0.00533763428708866
chr1	236500001	237000000	0.0188644255885917
chr1	237000001	237500000	0.0296663396005128
chr1	237500001	238000000	0.015569732915521
chr1	238000001	238500000	0.043907325014863
chr1	238500001	239000000	-0.00573462778828948
chr1	239000001	239500000	0.0817358373589055
chr1	239500001	240000000	0.166315655969777
chr1	240000001	240500000	0.0334245462354087
chr1	240500001	241000000	0.0469060252603299
chr1	241000001	241500000	-0.000843901600571951
chr1	241500001	242000000	0.0452218469444089
chr1	242000001	242500000	0.0820476615318115
chr1	242500001	243000000	0.0981934937029336
chr1	243500001	244000000	0.0589339186444728
chr1	244000001	244500000	0.088081162332135
chr1	244500001	245000000	0.0490107114955611
chr1	245000001	245500000	0.0438480104894929
chr1	245500001	246000000	0.0889124239224222
chr1	246000001	246500000	0.049193302770334
chr1	246500001	247000000	0.0696046418320092
chr1	247000001	247500000	0.0470048073276453
chr1	247500001	248000000	0.0862521813474716
chr1	248000001	248500000	0.115051187212176
chr1	248500001	249000000	NA
chr2	1	500000	NA
chr2	500001	1000000	-0.0597273900039262
chr2	1000001	1500000	-0.101425027571527
chr2	1500001	2000000	-0.0439195151670959
chr2	2000001	2500000	-0.0552341055585563
chr2	2500001	3000000	-0.0722990711956385
chr2	3000001	3500000	0.0350959027018232
chr2	3500001	4000000	0.00855621410290022
chr2	4000001	4500000	-0.0548161554572068
chr2	4500001	5000000	-0.0499453835235593
chr2	5000001	5500000	0.0158666265248422
chr2	5500001	6000000	0.000765691359254507
chr2	6000001	6500000	0.00653499264771452
chr2	6500001	7000000	0.0445996873535904
chr2	7000001	7500000	0.1040766011384
chr2	7500001	8000000	0.00706692580825134
chr2	8000001	8500000	0.094251483850282
chr2	8500001	9000000	0.0289349910232952
chr2	9000001	9500000	-0.0305278614389568
chr2	9500001	10000000	0.0289402573378807
chr2	10000001	10500000	0.0189256776086834
chr2	10500001	11000000	-0.0159845590710145
chr2	11000001	11500000	0.0389686306170101
chr2	11500001	12000000	0.0746594202467248
chr2	12000001	12500000	0.109158945819189
chr2	12500001	13000000	0.0889491916541142
chr2	13000001	13500000	-0.0139123532375867
chr2	13500001	14000000	-0.0768300386601824
chr2	14000001	14500000	-0.0619469283050278
chr2	14500001	15000000	-0.0184924632231001
chr2	15000001	15500000	0.0475786266748642
chr2	15500001	16000000	-0.0436475995100739
chr2	16000001	16500000	NA
chr2	16500001	17000000	0.0866290313723903
chr2	17000001	17500000	0.0194909158896537
chr2	17500001	18000000	0.0563133199452253
chr2	18000001	18500000	0.0518935099412394
chr2	18500001	19000000	-0.0352532609233385
chr2	19000001	19500000	0.0319344284167673
chr2	19500001	20000000	0.0311729009915205
chr2	20000001	20500000	-0.0298322699090286
chr2	20500001	21000000	NA
chr2	21000001	21500000	0.0114513243200059
chr2	21500001	22000000	0.0322275228968745
chr2	22000001	22500000	-0.0147471958653094
chr2	22500001	23000000	-0.00870259268512724
chr2	23000001	23500000	0.0345679126419829
chr2	23500001	24000000	-0.0450163427565727
chr2	24000001	24500000	0.0171815264666149
chr2	24500001	25000000	0.0682352394902092
chr2	25000001	25500000	-0.0231757955366358
chr2	25500001	26000000	-0.0530654370018766
chr2	26000001	26500000	-0.00624183733013728
chr2	26500001	27000000	0.00569332538870984
chr2	27000001	27500000	0.0419618418523318
chr2	27500001	28000000	0.0579064590551179
chr2	28000001	28500000	0.10062956546602
chr2	28500001	29000000	0.0276669805050692
chr2	29000001	29500000	0.0357486127774001
chr2	29500001	30000000	0.0234271397570757
chr2	30000001	30500000	0.0104336071210509
chr2	30500001	31000000	0.00307320543851898
chr2	31000001	31500000	NA
chr2	31500001	32000000	NA
chr2	32000001	32500000	0.0175740976256549
chr2	32500001	33000000	NA
chr2	33000001	33500000	-0.0514359199125155
chr2	33500001	34000000	0.0414095246875197
chr2	34000001	34500000	-0.0421347355193096
chr2	34500001	35000000	0.0254579591080152
chr2	35000001	35500000	0.00144452872198156
chr2	35500001	36000000	-0.00228181680418581
chr2	36000001	36500000	0.0543933006769892
chr2	36500001	37000000	0.0749248238893461
chr2	37000001	37500000	-0.0130015536243218
chr2	37500001	38000000	0.169844685016757
chr2	38000001	38500000	0.049960228023979
chr2	38500001	39000000	0.0693603591160681
chr2	39000001	39500000	-0.142571369899454
chr2	39500001	40000000	0.0668623350144871
chr2	40000001	40500000	0.114600781920346
chr2	40500001	41000000	0.038254480568227
chr2	41000001	41500000	0.0316843329486269
chr2	41500001	42000000	0.0376554722889336
chr2	42000001	42500000	0.128587543947495
chr2	42500001	43000000	-0.00234268160431968
chr2	43000001	43500000	0.129111450604398
chr2	43500001	44000000	-0.0491071600188846
chr2	44000001	44500000	0.0360780613957718
chr2	44500001	45000000	0.000980442195698285
chr2	45000001	45500000	0.0871526948004545
chr2	45500001	46000000	0.0285106030774936
chr2	46000001	46500000	0.145959251225577
chr2	46500001	47000000	0.0203173114674694
chr2	47000001	47500000	0.0403797280533186
chr2	47500001	48000000	0.0299142375984483
chr2	48000001	48500000	0.0622424857351254
chr2	48500001	49000000	0.0275085213724077
chr2	49000001	49500000	0.0799814787329965
chr2	49500001	50000000	-0.00278828903647201
chr2	50000001	50500000	0.0682795446099533
chr2	50500001	51000000	-0.0630040538103646
chr2	51000001	51500000	0.00406917578548976
chr2	51500001	52000000	-0.00988415457059687
chr2	52000001	52500000	0.0107540577993132
chr2	52500001	53000000	-0.0379648190932934
chr2	53000001	53500000	0.0181398597307333
chr2	53500001	54000000	-0.000777697607250417
chr2	54000001	54500000	0.00411633438232291
chr2	54500001	55000000	-0.0269838147709859
chr2	55000001	55500000	-0.0692936073203571
chr2	55500001	56000000	-0.106733499153058
chr2	56000001	56500000	-0.0684852229585504
chr2	56500001	57000000	-0.00142510258198125
chr2	57000001	57500000	-0.0480300754048265
chr2	57500001	58000000	0.0117380587212438
chr2	58000001	58500000	-0.058713188263525
chr2	58500001	59000000	0.0289142230483023
chr2	59000001	59500000	0.0429531319820536
chr2	59500001	60000000	-0.0191157679878793
chr2	60000001	60500000	0.09829586721899
chr2	60500001	61000000	0.053487092022187
chr2	61000001	61500000	0.0188166782043527
chr2	61500001	62000000	-0.0933269564377174
chr2	62000001	62500000	0.0488950693857615
chr2	62500001	63000000	-0.0356477664054567
chr2	63000001	63500000	0.0398181399875924
chr2	63500001	64000000	-0.0310451871353324
chr2	64000001	64500000	0.0622879648041651
chr2	64500001	65000000	0.0211883307981559
chr2	65000001	65500000	-0.0846192751331253
chr2	65500001	66000000	-0.0353993318283303
chr2	66000001	66500000	0.00940308267543303
chr2	66500001	67000000	0.0385049834381112
chr2	67000001	67500000	0.0596084694693259
chr2	67500001	68000000	0.0220727280394609
chr2	68000001	68500000	0.0261897789454779
chr2	68500001	69000000	0.0159959406987027
chr2	69000001	69500000	0.0410535739461454
chr2	69500001	70000000	-0.0278195777757152
chr2	70000001	70500000	0.0190538233089175
chr2	70500001	71000000	0.0269624998294996
chr2	71000001	71500000	-0.00294745756867159
chr2	71500001	72000000	0.0895851787916088
chr2	72000001	72500000	0.0496147367340536
chr2	72500001	73000000	0.0033933932288418
chr2	73000001	73500000	0.0284632578394516
chr2	73500001	74000000	-0.0945060277137767
chr2	74000001	74500000	-0.0742471067692091
chr2	74500001	75000000	0.047523432314444
chr2	75000001	75500000	-0.0621283214663163
chr2	75500001	76000000	-0.134911759910536
chr2	76000001	76500000	-0.0680304554934953
chr2	76500001	77000000	-0.10008047077405
chr2	77000001	77500000	-0.000366429696785402
chr2	77500001	78000000	-0.101054122503487
chr2	78000001	78500000	-0.09416420581822
chr2	78500001	79000000	-0.0933829712206524
chr2	79000001	79500000	-0.0466704588411721
chr2	79500001	80000000	-0.0589179114182452
chr2	80000001	80500000	-0.0219663877030797
chr2	80500001	81000000	-0.0959515579637993
chr2	81000001	81500000	-0.0415509417989591
chr2	81500001	82000000	-0.0121364283411147
chr2	82000001	82500000	0.0198882273898416
chr2	82500001	83000000	-0.0754129365550803
chr2	83000001	83500000	0.0862832004980189
chr2	83500001	84000000	0.111927316844888
chr2	84000001	84500000	0.0609261290724303
chr2	84500001	85000000	0.0188267218254616
chr2	85000001	85500000	-0.0344202918228041
chr2	85500001	86000000	-0.00579668320824743
chr2	86000001	86500000	0.022140086583544
chr2	88000001	88500000	0.0139355626884974
chr2	88500001	89000000	-0.0330367935150784
chr2	96500001	97000000	0.213900647173627
chr2	97500001	98000000	0.0453797347286412
chr2	98000001	98500000	0.209831098115174
chr2	98500001	99000000	0.188551637584591
chr2	99000001	99500000	0.141887348378745
chr2	99500001	100000000	0.137497338423167
chr2	100000001	100500000	0.120545046323054
chr2	100500001	101000000	0.016235397588565
chr2	101000001	101500000	0.190247305122758
chr2	101500001	102000000	0.105978208665601
chr2	102000001	102500000	0.180632755854241
chr2	102500001	103000000	0.0666047489839829
chr2	103000001	103500000	0.0104253990262137
chr2	103500001	104000000	0.00954648597256195
chr2	104000001	104500000	-0.0463782305380419
chr2	104500001	105000000	0.0259404916736363
chr2	105000001	105500000	0.0144664043498037
chr2	105500001	106000000	0.0674910748682243
chr2	106000001	106500000	0.0417245420077042
chr2	106500001	107000000	0.0741686284899048
chr2	107000001	107500000	0.123681571858231
chr2	107500001	108000000	0.0563684769313557
chr2	108000001	108500000	-0.0174673270198856
chr2	108500001	109000000	-0.12880292374356
chr2	109000001	109500000	NA
chr2	110500001	111000000	-0.156688979722587
chr2	111000001	111500000	-0.179535726523562
chr2	112000001	112500000	-0.107936098524904
chr2	112500001	113000000	0.100190804160583
chr2	113000001	113500000	0.0883845368931629
chr2	113500001	114000000	-0.0762134786803675
chr2	114000001	114500000	-0.0303699465615692
chr2	114500001	115000000	-0.0150761310290896
chr2	115000001	115500000	-0.00390562188542644
chr2	115500001	116000000	-0.0655188886567567
chr2	116000001	116500000	-0.0671768790934134
chr2	116500001	117000000	0.00800322581603637
chr2	117000001	117500000	-0.0449720854587873
chr2	117500001	118000000	-0.0500831504771154
chr2	118000001	118500000	0.023022965585302
chr2	118500001	119000000	-0.0627424539803172
chr2	119000001	119500000	-0.156777097970389
chr2	119500001	120000000	0.0149440735768732
chr2	120000001	120500000	-0.0375827482558422
chr2	120500001	121000000	-0.0602065787946393
chr2	121000001	121500000	-0.111959702653931
chr2	121500001	122000000	-0.0212346606023381
chr2	122000001	122500000	0.099666036694992
chr2	122500001	123000000	-0.0565519374965453
chr2	123000001	123500000	0.0449488853510786
chr2	123500001	124000000	-0.0901343726653525
chr2	124000001	124500000	-0.0295967763216134
chr2	124500001	125000000	-0.131068726840053
chr2	125000001	125500000	0.000241009042859501
chr2	125500001	126000000	-0.153193677500972
chr2	126000001	126500000	-0.00800857012133627
chr2	126500001	127000000	0.0672865544701203
chr2	127000001	127500000	-0.132147674699185
chr2	127500001	128000000	-0.091431565909184
chr2	128000001	128500000	-0.095266445518967
chr2	128500001	129000000	-0.0807920326390912
chr2	129000001	129500000	-0.0608391443207368
chr2	129500001	130000000	-0.0946807797735083
chr2	132500001	133000000	-0.0481276200932685
chr2	133000001	133500000	-0.1113928929986
chr2	133500001	134000000	-0.0534833553942045
chr2	134000001	134500000	0.0314999500911051
chr2	134500001	135000000	-0.0592814762235958
chr2	135000001	135500000	-0.0330328416403635
chr2	135500001	136000000	-0.0849105456882817
chr2	136000001	136500000	0.107002610058143
chr2	136500001	137000000	-0.0812972489512635
chr2	137000001	137500000	-0.0798674595630519
chr2	137500001	138000000	-0.0891740510581808
chr2	138000001	138500000	-0.00322651173913076
chr2	138500001	139000000	-0.135239005438128
chr2	139000001	139500000	-0.073715452413702
chr2	139500001	140000000	-0.0307185949395305
chr2	140000001	140500000	-0.0665303826782271
chr2	140500001	141000000	-0.0369653298915186
chr2	141000001	141500000	-0.110254339750899
chr2	141500001	142000000	-0.00174317312013101
chr2	142000001	142500000	-0.155223602688067
chr2	142500001	143000000	-0.148828326616908
chr2	143000001	143500000	0.000794745399502271
chr2	143500001	144000000	0.0219779557040293
chr2	144000001	144500000	-0.124926744273445
chr2	144500001	145000000	0.00437188909572578
chr2	145000001	145500000	0.000804808108468086
chr2	145500001	146000000	-0.0214306021314804
chr2	146000001	146500000	-0.0316019879724111
chr2	146500001	147000000	-0.0770503367339449
chr2	147000001	147500000	-0.0755944585025129
chr2	147500001	148000000	-0.0296687052895549
chr2	148000001	148500000	-0.126409656472227
chr2	148500001	149000000	0.0181218368421382
chr2	149000001	149500000	0.00193074662726199
chr2	149500001	150000000	-0.0940743432378065
chr2	150000001	150500000	-0.0554190998219838
chr2	150500001	151000000	-0.126840864095812
chr2	151000001	151500000	-0.111779500402306
chr2	151500001	152000000	-0.00306473483434667
chr2	152000001	152500000	-0.0844465965236085
chr2	152500001	153000000	-0.0494000695512314
chr2	153000001	153500000	-0.239065444518501
chr2	153500001	154000000	-0.0978377227468828
chr2	154000001	154500000	-0.0739533099004779
chr2	154500001	155000000	-0.102682240085442
chr2	155000001	155500000	-0.113001708401216
chr2	155500001	156000000	-0.02917573451774
chr2	156000001	156500000	-0.0188488604823949
chr2	156500001	157000000	-0.029164879906561
chr2	157000001	157500000	-0.00773733270681046
chr2	157500001	158000000	-0.148092623852651
chr2	158000001	158500000	-0.0238486250183101
chr2	158500001	159000000	-0.151854479554003
chr2	159000001	159500000	-0.0616102052378627
chr2	159500001	160000000	-0.0365656470185327
chr2	160000001	160500000	-0.0596196373849315
chr2	160500001	161000000	-0.0469620860152174
chr2	161000001	161500000	-0.000531172854748702
chr2	161500001	162000000	-0.00485476462959041
chr2	162000001	162500000	-0.0110792905197232
chr2	162500001	163000000	-0.146341298760469
chr2	163000001	163500000	-0.00467318794847057
chr2	163500001	164000000	-0.0991762111744272
chr2	164000001	164500000	-0.0966898895435363
chr2	164500001	165000000	-0.0721174664487705
chr2	165000001	165500000	-0.0362419794717347
chr2	165500001	166000000	-0.0485691590241383
chr2	166000001	166500000	-0.0771802193969724
chr2	166500001	167000000	0.0127895863959533
chr2	167000001	167500000	-0.0785728150622828
chr2	167500001	168000000	-0.0992933538094872
chr2	168000001	168500000	-0.0521393290680766
chr2	168500001	169000000	-0.106672822316179
chr2	169000001	169500000	-0.00135982059455471
chr2	169500001	170000000	-0.10383279843542
chr2	170000001	170500000	-0.158206767452197
chr2	170500001	171000000	-0.0423133747177021
chr2	171000001	171500000	-0.123681764239455
chr2	171500001	172000000	-0.165281920304791
chr2	172000001	172500000	-0.159927780817665
chr2	172500001	173000000	-0.0354260116982957
chr2	173000001	173500000	-0.050478794179516
chr2	173500001	174000000	-0.052487957668367
chr2	174000001	174500000	0.00758557763312392
chr2	174500001	175000000	-0.0519953099438228
chr2	175000001	175500000	-0.139318225800025
chr2	175500001	176000000	-0.0335208665152381
chr2	176000001	176500000	-0.0964474145000438
chr2	176500001	177000000	-0.0439028488767846
chr2	177000001	177500000	-0.0150122679350911
chr2	177500001	178000000	-0.0907147559049893
chr2	178000001	178500000	-0.116290734373067
chr2	178500001	179000000	-0.103352241971035
chr2	179000001	179500000	-0.00384895775065337
chr2	179500001	180000000	-0.0981398002279201
chr2	180000001	180500000	-0.0105926570274272
chr2	180500001	181000000	-0.0970294648598014
chr2	181000001	181500000	-0.102516440547818
chr2	181500001	182000000	0.00394317618203419
chr2	182000001	182500000	-0.141076432844124
chr2	182500001	183000000	-0.0360568254740457
chr2	183000001	183500000	-0.112902400116874
chr2	183500001	184000000	-0.0670159859820555
chr2	184000001	184500000	-0.10539239260091
chr2	184500001	185000000	-0.0990196775609166
chr2	185000001	185500000	-0.0615022315103135
chr2	185500001	186000000	-0.0472281437647206
chr2	186000001	186500000	-0.0541107251329095
chr2	186500001	187000000	-0.0937673910898655
chr2	187000001	187500000	-0.0912965346685411
chr2	187500001	188000000	-0.0866436676617647
chr2	188000001	188500000	-0.065936301553403
chr2	188500001	189000000	-0.0537615887861952
chr2	189000001	189500000	-0.125177947333105
chr2	189500001	190000000	-0.0760017603851244
chr2	190000001	190500000	-0.041664250213805
chr2	190500001	191000000	-0.0414315285796488
chr2	191000001	191500000	-0.103083585086162
chr2	191500001	192000000	-0.0414089030293639
chr2	192000001	192500000	-0.0359062829926237
chr2	192500001	193000000	-0.0145430516818815
chr2	193000001	193500000	NA
chr2	193500001	194000000	-0.0715379774930965
chr2	194000001	194500000	-0.110152053930221
chr2	194500001	195000000	-0.0646966729478347
chr2	195000001	195500000	-0.0748111177704079
chr2	195500001	196000000	-0.071173909461693
chr2	196000001	196500000	-0.0418170287431927
chr2	196500001	197000000	-0.0788987952068008
chr2	197000001	197500000	0.038710379190433
chr2	197500001	198000000	-0.0321158855871333
chr2	198000001	198500000	-0.0845945337607192
chr2	198500001	199000000	-0.0775928163172562
chr2	199000001	199500000	-0.141394102496174
chr2	199500001	200000000	-0.0902896927805986
chr2	200000001	200500000	-0.152867107914602
chr2	200500001	201000000	-0.0874036001972092
chr2	201000001	201500000	-0.0410416189945382
chr2	201500001	202000000	-0.0630055537686676
chr2	202000001	202500000	-0.118104856153682
chr2	202500001	203000000	-0.0219281148325023
chr2	203000001	203500000	-0.167227995868446
chr2	203500001	204000000	-0.0589573879829244
chr2	204000001	204500000	-0.00678604686258284
chr2	204500001	205000000	0.00344575768894848
chr2	205000001	205500000	-0.058441924515787
chr2	205500001	206000000	-0.0747378413650023
chr2	206000001	206500000	-0.100526734128716
chr2	206500001	207000000	0.0429617754130721
chr2	207000001	207500000	0.0453765451566623
chr2	207500001	208000000	-0.00231662885883331
chr2	208000001	208500000	-0.0427561282943681
chr2	208500001	209000000	0.107123395550892
chr2	209000001	209500000	-0.0868920503409546
chr2	209500001	210000000	-0.012657509063244
chr2	210000001	210500000	-0.0450186464622565
chr2	210500001	211000000	-0.00255414438360586
chr2	211000001	211500000	-0.0181956282007304
chr2	211500001	212000000	-0.0223933877403609
chr2	212000001	212500000	-0.0191822281658959
chr2	212500001	213000000	0.00968647316930112
chr2	213000001	213500000	-0.075749093353295
chr2	213500001	214000000	0.00817611328335058
chr2	214000001	214500000	-0.0320662279527254
chr2	214500001	215000000	-0.0354940369648622
chr2	215000001	215500000	-0.0985818592148372
chr2	215500001	216000000	0.0373724340013952
chr2	216000001	216500000	-0.0522805963736642
chr2	216500001	217000000	0.0246619776601297
chr2	217000001	217500000	0.0815310916141939
chr2	217500001	218000000	-0.0357243582364124
chr2	218000001	218500000	0.0746211290468057
chr2	218500001	219000000	-0.107324109071345
chr2	219000001	219500000	-0.022311148543868
chr2	219500001	220000000	-0.0094665961142089
chr2	220000001	220500000	0.00357130830077347
chr2	220500001	221000000	-0.0398297390547795
chr2	221000001	221500000	-0.0243642904055325
chr2	221500001	222000000	-0.0478367238525972
chr2	222000001	222500000	-0.0218498456504375
chr2	222500001	223000000	0.0277995813876161
chr2	223000001	223500000	-0.0074769902440907
chr2	223500001	224000000	-0.0294049899086291
chr2	224000001	224500000	-0.0448489764153641
chr2	224500001	225000000	0.0474863369792193
chr2	225000001	225500000	-0.0918633961636786
chr2	225500001	226000000	-0.00731786096989185
chr2	226000001	226500000	0.0745678916021695
chr2	226500001	227000000	-0.0287009395604284
chr2	227000001	227500000	-0.0624222918171497
chr2	227500001	228000000	0.000223475153021227
chr2	228000001	228500000	-0.0512230318098856
chr2	228500001	229000000	-0.0195114846137882
chr2	229000001	229500000	-0.0145500040306839
chr2	229500001	230000000	-0.0312397981671641
chr2	230000001	230500000	0.0504985472364281
chr2	230500001	231000000	0.0248383616001825
chr2	231000001	231500000	-0.0657658975668198
chr2	231500001	232000000	0.0105935714029882
chr2	232000001	232500000	0.00522962223265169
chr2	232500001	233000000	-0.132908124297414
chr2	233000001	233500000	NA
chr2	233500001	234000000	-0.0250434144043099
chr2	234000001	234500000	-0.0323835434838086
chr2	234500001	235000000	-0.0286546399985732
chr2	235000001	235500000	-0.0284385960463215
chr2	235500001	236000000	-0.108207160484763
chr2	236000001	236500000	-0.0261979363936972
chr2	236500001	237000000	0.0436422978169895
chr2	237000001	237500000	-0.0823089124799342
chr2	237500001	238000000	-0.070659572971912
chr2	238000001	238500000	0.000431753336960602
chr2	238500001	239000000	NA
chr2	239000001	239500000	0.0397262960417947
chr2	239500001	240000000	NA
chr2	240000001	240500000	-0.0853081207421331
chr2	240500001	241000000	-0.0220673332043582
chr2	241000001	241500000	-0.0889762802995226
chr2	241500001	242000000	-0.0606915554590506
chr3	1	500000	NA
chr3	500001	1000000	-0.0403218722227012
chr3	1000001	1500000	0.0146285068581825
chr3	1500001	2000000	-0.0620630603810893
chr3	2000001	2500000	-0.0492025002323378
chr3	2500001	3000000	-0.0230775778663363
chr3	3000001	3500000	-0.0168728458071407
chr3	3500001	4000000	0.0274718867344764
chr3	4000001	4500000	0.031779486209005
chr3	4500001	5000000	0.0353323589566191
chr3	5000001	5500000	0.0335271377294732
chr3	5500001	6000000	-0.0290528326542496
chr3	6000001	6500000	0.00309621324282231
chr3	6500001	7000000	-0.0756944750277526
chr3	7000001	7500000	0.0234208921713464
chr3	7500001	8000000	0.00685159658321242
chr3	8000001	8500000	-0.026930966366183
chr3	8500001	9000000	0.0430473823342477
chr3	9000001	9500000	0.0666455411821675
chr3	9500001	10000000	-0.0671358980042481
chr3	10000001	10500000	0.00309921360842581
chr3	10500001	11000000	-0.0296065951708477
chr3	11000001	11500000	0.0580528083318241
chr3	11500001	12000000	-0.0403984732402748
chr3	12000001	12500000	0.0619259424621451
chr3	12500001	13000000	0.0112745120964521
chr3	13000001	13500000	-0.0384844113597703
chr3	13500001	14000000	0.000466723007699427
chr3	14000001	14500000	0.074590336384373
chr3	14500001	15000000	-0.0637686180049376
chr3	15000001	15500000	0.0693857261018268
chr3	15500001	16000000	-0.0341300925815941
chr3	16000001	16500000	-0.0546283122881739
chr3	16500001	17000000	NA
chr3	17000001	17500000	0.0259232366883307
chr3	17500001	18000000	0.0162952562651486
chr3	18000001	18500000	-0.0551258430358081
chr3	18500001	19000000	0.0403503223123703
chr3	19000001	19500000	-0.0675463568889407
chr3	19500001	20000000	-0.0897953388931741
chr3	20000001	20500000	-0.0555917280521834
chr3	20500001	21000000	-0.0301163841337022
chr3	21000001	21500000	-0.0882978257945665
chr3	21500001	22000000	0.023968079319503
chr3	22000001	22500000	0.0246936118537453
chr3	22500001	23000000	-0.093066110098245
chr3	23000001	23500000	0.00861784803720116
chr3	23500001	24000000	0.015344692862312
chr3	24000001	24500000	-0.0215676497455702
chr3	24500001	25000000	-0.0125452932066834
chr3	25000001	25500000	-0.0482058321027409
chr3	25500001	26000000	0.0283247181158645
chr3	26000001	26500000	-0.114653481029694
chr3	26500001	27000000	-0.0708610349869433
chr3	27000001	27500000	-0.0287398048902101
chr3	27500001	28000000	-0.00511867162397842
chr3	28000001	28500000	-0.0955661532424396
chr3	28500001	29000000	0.0298373052267267
chr3	29000001	29500000	-0.0922392165622144
chr3	29500001	30000000	0.0245404682834483
chr3	30000001	30500000	0.0333615142507457
chr3	30500001	31000000	0.0451792159044821
chr3	31000001	31500000	0.0559167184200216
chr3	31500001	32000000	-0.000912494394800662
chr3	32000001	32500000	0.0807626774814229
chr3	32500001	33000000	-0.0164039386627754
chr3	33000001	33500000	-0.0236517100827368
chr3	33500001	34000000	-0.0213533948285276
chr3	34000001	34500000	-0.0247390364366414
chr3	34500001	35000000	-0.0450913450997055
chr3	35000001	35500000	0.0243592083090238
chr3	35500001	36000000	-0.000975361109120949
chr3	36000001	36500000	0.0532092396943455
chr3	36500001	37000000	0.0286408352363018
chr3	37000001	37500000	-0.0303521670442438
chr3	37500001	38000000	0.0354837508594394
chr3	38000001	38500000	0.0479615232334207
chr3	38500001	39000000	-0.00224282544375967
chr3	39000001	39500000	0.0484207252439632
chr3	39500001	40000000	-0.0951942266887473
chr3	40000001	40500000	-0.0921528121644962
chr3	40500001	41000000	0.0143941318078088
chr3	41000001	41500000	0.0186859660567025
chr3	41500001	42000000	-0.0224080950559954
chr3	42000001	42500000	0.0948212190361292
chr3	42500001	43000000	-0.0157635416790549
chr3	43000001	43500000	0.126574419793453
chr3	43500001	44000000	-0.00375047468491985
chr3	44000001	44500000	-0.0104780196408328
chr3	44500001	45000000	-0.045110377046785
chr3	45000001	45500000	-0.035807115245277
chr3	45500001	46000000	-0.0529775539848577
chr3	46000001	46500000	0.107314913242787
chr3	46500001	47000000	0.043997827288763
chr3	47000001	47500000	-0.0610705584059395
chr3	47500001	48000000	-0.0203652608348119
chr3	48000001	48500000	-0.0364867537480295
chr3	48500001	49000000	-0.00677983542167258
chr3	49000001	49500000	-0.0315921259748124
chr3	49500001	50000000	-0.0473303589576732
chr3	50000001	50500000	-0.0125358152914561
chr3	50500001	51000000	0.0291179528547715
chr3	51000001	51500000	-0.0195223719010053
chr3	51500001	52000000	-0.0974078703582712
chr3	52000001	52500000	0.0642148542474515
chr3	52500001	53000000	-0.0501202518405668
chr3	53000001	53500000	-0.0180131754764751
chr3	53500001	54000000	-0.0379475543667591
chr3	54000001	54500000	0.0345043333419656
chr3	54500001	55000000	0.0801048065246568
chr3	55000001	55500000	0.0281105715604035
chr3	55500001	56000000	-0.0712649042173117
chr3	56000001	56500000	-0.0209793762301347
chr3	56500001	57000000	-0.040905855025929
chr3	57000001	57500000	-0.117966878520365
chr3	57500001	58000000	-0.0535279277825512
chr3	58000001	58500000	-0.00589012559998502
chr3	58500001	59000000	0.0417341813507758
chr3	59000001	59500000	0.021668260257123
chr3	59500001	60000000	-0.00671218536178733
chr3	60000001	60500000	NA
chr3	60500001	61000000	0.00870346104909136
chr3	61000001	61500000	-0.109457257861894
chr3	61500001	62000000	-0.105920191988487
chr3	62000001	62500000	-0.0586293452223171
chr3	62500001	63000000	0.0373460251665973
chr3	63000001	63500000	0.0580759922819667
chr3	63500001	64000000	-0.0633090579119248
chr3	64000001	64500000	-0.0530560354750456
chr3	64500001	65000000	-0.0555026165507037
chr3	65000001	65500000	0.0259864748496342
chr3	65500001	66000000	-0.0891545401053408
chr3	66000001	66500000	NA
chr3	66500001	67000000	-0.050514538383595
chr3	67000001	67500000	0.0442751099310806
chr3	67500001	68000000	0.03554819858124
chr3	68000001	68500000	0.00714487149383679
chr3	68500001	69000000	0.00770472162155518
chr3	69000001	69500000	-0.0206940841089434
chr3	69500001	70000000	-0.0134641201892294
chr3	70000001	70500000	0.0116755474630125
chr3	70500001	71000000	0.00297070949857528
chr3	71000001	71500000	-0.0556530267632762
chr3	71500001	72000000	0.000734437927135151
chr3	72000001	72500000	-0.00325536441436037
chr3	72500001	73000000	0.077528374042241
chr3	73000001	73500000	-0.0695630288649911
chr3	73500001	74000000	-0.05202590776593
chr3	74000001	74500000	-0.0297696548122514
chr3	74500001	75000000	-0.0716435774391457
chr3	75000001	75500000	0.145918253434777
chr3	76000001	76500000	0.00445112526776401
chr3	76500001	77000000	0.0158237839283736
chr3	77000001	77500000	-0.0533382181281358
chr3	77500001	78000000	-0.0459952066677981
chr3	78000001	78500000	0.00402185550901939
chr3	78500001	79000000	0.0273742415853201
chr3	79000001	79500000	0.0387346896658446
chr3	79500001	80000000	-0.0314394411604735
chr3	80000001	80500000	-0.086342546210572
chr3	80500001	81000000	-0.0769803545498557
chr3	81000001	81500000	0.0851726737833635
chr3	81500001	82000000	-0.0304096929499391
chr3	82000001	82500000	-0.0314348699877654
chr3	82500001	83000000	-0.0146742405622748
chr3	83000001	83500000	NA
chr3	83500001	84000000	-0.0664366506463885
chr3	84000001	84500000	-0.0419178389240065
chr3	84500001	85000000	0.0100343689521332
chr3	85000001	85500000	NA
chr3	85500001	86000000	-0.0223025412142979
chr3	86000001	86500000	0.0016424683778756
chr3	86500001	87000000	-0.0299566805189049
chr3	87000001	87500000	-0.0472146489077063
chr3	94500001	95000000	0.0108974031170714
chr3	95000001	95500000	0.0422275445751043
chr3	95500001	96000000	0.0654692413976166
chr3	96000001	96500000	0.0790706060362515
chr3	96500001	97000000	-0.00294272878466969
chr3	97000001	97500000	-0.0188189608093845
chr3	97500001	98000000	0.0468651488797327
chr3	98000001	98500000	0.043357820430336
chr3	98500001	99000000	-0.0339920315115734
chr3	99000001	99500000	-0.104129427774677
chr3	99500001	100000000	0.0308251069909638
chr3	100000001	100500000	0.0228540852555325
chr3	100500001	101000000	-0.0611570909360855
chr3	101000001	101500000	-0.0747992223189373
chr3	101500001	102000000	-0.0156219162698246
chr3	102000001	102500000	0.069878468765104
chr3	102500001	103000000	-0.0466832450864129
chr3	103000001	103500000	-0.0037250250250919
chr3	103500001	104000000	-0.0216837679637172
chr3	104000001	104500000	-0.0612531787514819
chr3	104500001	105000000	-0.0485147990362878
chr3	105000001	105500000	-0.0266795951583349
chr3	105500001	106000000	-0.00911102870499175
chr3	106000001	106500000	-0.0411413531915283
chr3	106500001	107000000	-0.00858596156856091
chr3	107000001	107500000	-0.0300180622520876
chr3	107500001	108000000	-0.0513498043166601
chr3	108000001	108500000	0.0248632339169082
chr3	108500001	109000000	0.0949368641941082
chr3	109000001	109500000	-0.0598900969546773
chr3	109500001	110000000	0.00508106534817416
chr3	110000001	110500000	0.0841588678454997
chr3	110500001	111000000	-0.0720112830570235
chr3	111000001	111500000	0.0315870142451915
chr3	111500001	112000000	0.00309906297291107
chr3	112000001	112500000	0.0641615535233013
chr3	112500001	113000000	-0.0238177310280112
chr3	113000001	113500000	0.0124253173029605
chr3	113500001	114000000	-0.0408672733702708
chr3	114000001	114500000	0.0972419000283011
chr3	114500001	115000000	-0.0334189917488242
chr3	115000001	115500000	-0.00141028181601079
chr3	115500001	116000000	0.079480760993516
chr3	116000001	116500000	0.0450226099224202
chr3	116500001	117000000	-0.0662691753824744
chr3	117000001	117500000	0.0265444944646294
chr3	117500001	118000000	-0.0356819054642712
chr3	118000001	118500000	-0.0552365261803364
chr3	118500001	119000000	0.0746984749906896
chr3	119000001	119500000	-0.00767773823807151
chr3	119500001	120000000	0.0481439797031128
chr3	120000001	120500000	0.131029352441569
chr3	120500001	121000000	-0.0295470583990856
chr3	121000001	121500000	0.0731666430199259
chr3	121500001	122000000	0.0540312562636331
chr3	122000001	122500000	0.040317408117738
chr3	122500001	123000000	0.140859321867333
chr3	123000001	123500000	-0.0302149564881896
chr3	123500001	124000000	-0.0223870276120421
chr3	124000001	124500000	0.0699935949461178
chr3	124500001	125000000	-0.0255752257263068
chr3	125000001	125500000	-0.0126969849437124
chr3	126000001	126500000	0.0692553543260231
chr3	126500001	127000000	0.0279955213160315
chr3	127000001	127500000	0.0907367505182682
chr3	127500001	128000000	0.0435755563216005
chr3	128000001	128500000	0.0513345061161699
chr3	128500001	129000000	0.0793962630464459
chr3	129000001	129500000	0.12446307758713
chr3	129500001	130000000	0.0921389297637129
chr3	130500001	131000000	0.0259810454625388
chr3	131000001	131500000	0.055278138173557
chr3	131500001	132000000	0.0788355757226007
chr3	132000001	132500000	0.131738641140859
chr3	132500001	133000000	0.0489188653605208
chr3	133000001	133500000	0.116747608837084
chr3	133500001	134000000	0.0189886158018956
chr3	134000001	134500000	0.0714604239501365
chr3	134500001	135000000	0.181999641983366
chr3	135000001	135500000	0.0926328667582639
chr3	135500001	136000000	0.0485773457266478
chr3	136000001	136500000	-0.0162040054126076
chr3	136500001	137000000	0.0692917717376165
chr3	137000001	137500000	0.043246968188179
chr3	137500001	138000000	0.037149707894119
chr3	138000001	138500000	0.0580709909106506
chr3	138500001	139000000	0.0677539274109325
chr3	139000001	139500000	-0.00928538228613593
chr3	139500001	140000000	0.110554126446139
chr3	140000001	140500000	0.057715519341794
chr3	140500001	141000000	0.0833140938933401
chr3	141000001	141500000	0.0406830325792001
chr3	141500001	142000000	0.0156494528850595
chr3	142000001	142500000	0.0807731355541049
chr3	142500001	143000000	0.10005603582925
chr3	143000001	143500000	0.0850537229478008
chr3	143500001	144000000	0.0476561013046017
chr3	144000001	144500000	0.100809787804931
chr3	144500001	145000000	0.0763371613046449
chr3	145000001	145500000	0.0190999573466872
chr3	145500001	146000000	0.0158179647998027
chr3	146000001	146500000	0.00567747300929456
chr3	146500001	147000000	0.0472123473268074
chr3	147000001	147500000	0.0463508963377251
chr3	147500001	148000000	0.0579403179480097
chr3	148000001	148500000	-0.00687770516049264
chr3	148500001	149000000	0.0731573785375884
chr3	149000001	149500000	0.0395694631986082
chr3	149500001	150000000	0.063821346149112
chr3	150000001	150500000	-0.025691662477704
chr3	150500001	151000000	0.102114602250766
chr3	151000001	151500000	0.111515745927199
chr3	151500001	152000000	0.0669071299632097
chr3	152000001	152500000	0.0944287323186228
chr3	152500001	153000000	0.0369520808685525
chr3	153000001	153500000	-0.019109256182402
chr3	153500001	154000000	0.0558856679631585
chr3	154000001	154500000	-0.0438136520856901
chr3	154500001	155000000	0.111800738624878
chr3	155000001	155500000	0.113928482343859
chr3	155500001	156000000	-0.0277792931403189
chr3	156000001	156500000	0.0449514016487818
chr3	156500001	157000000	0.0255337529548136
chr3	157000001	157500000	0.0152606497939839
chr3	157500001	158000000	0.0535388124689257
chr3	158000001	158500000	0.0758713344355674
chr3	158500001	159000000	0.0288386473171071
chr3	159000001	159500000	0.0463260147211201
chr3	159500001	160000000	0.037757453104483
chr3	160000001	160500000	0.00252131012069251
chr3	160500001	161000000	-0.00814013820922884
chr3	161000001	161500000	0.0748231967110478
chr3	161500001	162000000	0.10206851857425
chr3	162000001	162500000	0.0608545019170008
chr3	162500001	163000000	-0.0170345871117236
chr3	163000001	163500000	0.00670945890822515
chr3	163500001	164000000	0.0359806182759457
chr3	164000001	164500000	0.0776074572908986
chr3	164500001	165000000	0.0786993710102791
chr3	165000001	165500000	-0.00411680960292502
chr3	165500001	166000000	0.0792210227661234
chr3	166000001	166500000	0.0622763085306638
chr3	166500001	167000000	-0.043350689160969
chr3	167000001	167500000	0.0491191203290866
chr3	167500001	168000000	0.0883028856347772
chr3	168000001	168500000	0.0542153110294206
chr3	168500001	169000000	0.0280640099895962
chr3	169000001	169500000	0.0374946266935593
chr3	169500001	170000000	0.107889377309032
chr3	170000001	170500000	-0.0196508569144576
chr3	170500001	171000000	0.107686187452496
chr3	171000001	171500000	-0.0136036989645755
chr3	171500001	172000000	0.143963308996524
chr3	172000001	172500000	0.0760832548097537
chr3	172500001	173000000	0.0302059291317603
chr3	173000001	173500000	0.0222212691778608
chr3	173500001	174000000	0.0994306956667394
chr3	174000001	174500000	0.0343998865892882
chr3	174500001	175000000	0.125249013649486
chr3	175000001	175500000	0.0150424729201271
chr3	175500001	176000000	0.0261913525812645
chr3	176000001	176500000	0.0601385902507293
chr3	176500001	177000000	0.0577149591285973
chr3	177000001	177500000	0.0326920740772639
chr3	177500001	178000000	0.0595154347567252
chr3	178000001	178500000	0.0707224658728243
chr3	178500001	179000000	0.0250398297158925
chr3	179000001	179500000	-0.00985033536263402
chr3	179500001	180000000	-0.0117244894399703
chr3	180000001	180500000	0.0367003384282036
chr3	180500001	181000000	0.0760800433728988
chr3	181000001	181500000	0.0557819286745021
chr3	181500001	182000000	0.0160505310416459
chr3	182000001	182500000	0.0721238473463866
chr3	182500001	183000000	-0.0137121356356333
chr3	183000001	183500000	0.0705264791218789
chr3	183500001	184000000	0.0619481815852538
chr3	184000001	184500000	0.0214751613616027
chr3	184500001	185000000	0.10262390058314
chr3	185000001	185500000	0.0908488996439507
chr3	185500001	186000000	-0.0547668049560777
chr3	186000001	186500000	0.148403969355396
chr3	186500001	187000000	0.0774735904352531
chr3	187000001	187500000	0.0792872758857391
chr3	187500001	188000000	0.147824636732111
chr3	188000001	188500000	0.132684345588506
chr3	188500001	189000000	0.0764849085336608
chr3	189000001	189500000	0.0282177558446225
chr3	189500001	190000000	0.0697480868523812
chr3	190000001	190500000	0.0491171463657574
chr3	190500001	191000000	0.0912432882247797
chr3	191000001	191500000	0.0769911190209092
chr3	191500001	192000000	0.0443700856671863
chr3	192000001	192500000	0.0752981453194139
chr3	192500001	193000000	0.0555850974537121
chr3	193000001	193500000	0.0570873651067054
chr3	193500001	194000000	0.0446793807521998
chr3	194000001	194500000	-0.0447922330123467
chr3	194500001	195000000	0.124285002091235
chr3	195000001	195500000	0.0632278288751826
chr3	195500001	196000000	0.306623449718366
chr3	196000001	196500000	0.0669889690498789
chr3	196500001	197000000	0.121380307141423
chr3	197000001	197500000	0.0669848051781518
chr3	197500001	198000000	-0.100982825764312
chr4	1	500000	NA
chr4	500001	1000000	0.00913337050895767
chr4	1000001	1500000	NA
chr4	1500001	2000000	-0.0104240796058159
chr4	2000001	2500000	-0.0305399800434163
chr4	2500001	3000000	-0.00381868947691048
chr4	3000001	3500000	-0.10017024853086
chr4	3500001	4000000	0.25535992535068
chr4	4500001	5000000	0.0492086320381916
chr4	5000001	5500000	0.108075330057368
chr4	5500001	6000000	-0.0261798744499069
chr4	6000001	6500000	-0.0342354974857783
chr4	6500001	7000000	0.0440982750544122
chr4	7000001	7500000	-0.0074499394433189
chr4	7500001	8000000	-0.0381560120284839
chr4	8000001	8500000	-0.0985172116006715
chr4	8500001	9000000	NA
chr4	10000001	10500000	0.0379498990188532
chr4	10500001	11000000	-0.0502696963643622
chr4	11000001	11500000	0.0320892643065265
chr4	11500001	12000000	0.0238235220172965
chr4	12000001	12500000	-0.00901394285772644
chr4	12500001	13000000	0.0698181674120498
chr4	13000001	13500000	-0.0181907050032941
chr4	13500001	14000000	-0.0443575497955632
chr4	14000001	14500000	-0.0104523825785596
chr4	14500001	15000000	0.0286753768257329
chr4	15000001	15500000	-0.00585700649026887
chr4	15500001	16000000	0.0533280265099532
chr4	16000001	16500000	-0.0424835321015675
chr4	16500001	17000000	-0.0933762444760908
chr4	17000001	17500000	-0.0326755679521661
chr4	17500001	18000000	-0.120963021166782
chr4	18000001	18500000	-0.0684535496582197
chr4	18500001	19000000	-0.104914275871986
chr4	19000001	19500000	-0.0965788474707361
chr4	19500001	20000000	-0.0782764414986831
chr4	20000001	20500000	-0.101532286047327
chr4	20500001	21000000	-0.141908700443215
chr4	21000001	21500000	-0.0627084023991569
chr4	21500001	22000000	-0.0715164832877913
chr4	22000001	22500000	-0.109850189424324
chr4	22500001	23000000	-0.0502689754944712
chr4	23000001	23500000	-0.109832420122779
chr4	23500001	24000000	-0.0778253415194009
chr4	24000001	24500000	-0.063766762435589
chr4	24500001	25000000	-0.0620059343757013
chr4	25000001	25500000	-0.0776057044911703
chr4	25500001	26000000	-0.147463798918484
chr4	26000001	26500000	-0.0192754686386538
chr4	26500001	27000000	-0.0159683783674042
chr4	27000001	27500000	-0.0271292656197938
chr4	27500001	28000000	-0.107867044662292
chr4	28000001	28500000	-0.0451822032654937
chr4	28500001	29000000	-0.0568213849110978
chr4	29000001	29500000	-0.0667506806577718
chr4	29500001	30000000	-0.122814104740162
chr4	30000001	30500000	-0.153788677645942
chr4	30500001	31000000	-0.107806383339965
chr4	31000001	31500000	-0.0589893607675239
chr4	31500001	32000000	NA
chr4	32000001	32500000	-0.113630453767732
chr4	32500001	33000000	NA
chr4	33000001	33500000	-0.0164384353207313
chr4	33500001	34000000	-0.0574275112062054
chr4	34000001	34500000	-0.0195818525491005
chr4	34500001	35000000	-0.0334520208519629
chr4	35000001	35500000	-0.0617711884598717
chr4	35500001	36000000	-0.0496703193027463
chr4	36000001	36500000	0.0691407616037887
chr4	36500001	37000000	-0.00250201956055866
chr4	37000001	37500000	-0.0101945884470001
chr4	37500001	38000000	-0.029859114090072
chr4	38000001	38500000	-0.010929396158995
chr4	38500001	39000000	0.00266417956504955
chr4	39000001	39500000	-0.0875642504870335
chr4	39500001	40000000	-0.11771113116795
chr4	40000001	40500000	-0.0171131094352249
chr4	40500001	41000000	0.0741208285254655
chr4	41000001	41500000	-0.0230535506589051
chr4	41500001	42000000	0.0204267557801484
chr4	42000001	42500000	-0.173469142780505
chr4	42500001	43000000	-0.0806635865077689
chr4	43000001	43500000	-0.0214317067564197
chr4	43500001	44000000	0.0560367380065136
chr4	44000001	44500000	0.0350655425272412
chr4	44500001	45000000	-0.0984695582384219
chr4	45000001	45500000	-0.0566508723724942
chr4	45500001	46000000	-0.0663661357746108
chr4	46000001	46500000	0.00159034665781756
chr4	46500001	47000000	-0.0437531321718635
chr4	47000001	47500000	-0.0489946748540752
chr4	47500001	48000000	0.0187319788199914
chr4	52000001	52500000	0.121800843227038
chr4	52500001	53000000	0.0941677071116354
chr4	53000001	53500000	0.0393442407406843
chr4	53500001	54000000	0.0610958491870849
chr4	54000001	54500000	0.035003265005231
chr4	54500001	55000000	0.136682799740441
chr4	55000001	55500000	0.00415114906559452
chr4	55500001	56000000	0.00548623528778546
chr4	56000001	56500000	-0.0773720468587261
chr4	56500001	57000000	0.0486099169119075
chr4	57000001	57500000	0.00121940510886584
chr4	57500001	58000000	0.010371042425509
chr4	58000001	58500000	0.00831842400199214
chr4	58500001	59000000	NA
chr4	59000001	59500000	0.0606116845840169
chr4	59500001	60000000	0.00161933823625237
chr4	60000001	60500000	-0.0501415507346632
chr4	60500001	61000000	0.0422389066342633
chr4	61000001	61500000	0.00938945621451462
chr4	61500001	62000000	-0.00528527571472239
chr4	62000001	62500000	-0.00151476792171801
chr4	62500001	63000000	0.0082381202868919
chr4	63000001	63500000	0.100666938327677
chr4	63500001	64000000	0.00354453015128318
chr4	64000001	64500000	-0.0395970120979044
chr4	64500001	65000000	0.0126307033930638
chr4	65000001	65500000	-0.0294264396881997
chr4	65500001	66000000	-0.0091540168081461
chr4	66000001	66500000	-0.0731678202391657
chr4	66500001	67000000	-0.0422148847338407
chr4	67000001	67500000	0.0127827611189196
chr4	67500001	68000000	-0.00775090133960061
chr4	68000001	68500000	0.120277854103826
chr4	68500001	69000000	0.0840879529792509
chr4	69000001	69500000	-0.0442563892373142
chr4	69500001	70000000	0.197736329551273
chr4	70000001	70500000	0.209530789789568
chr4	70500001	71000000	0.19646660944747
chr4	71000001	71500000	0.155927552863947
chr4	71500001	72000000	0.156141320825494
chr4	72000001	72500000	0.191345027644438
chr4	72500001	73000000	0.24156272363518
chr4	73000001	73500000	0.291012664823965
chr4	73500001	74000000	0.322866059404722
chr4	74000001	74500000	0.215612476473821
chr4	74500001	75000000	0.134475847483763
chr4	75000001	75500000	0.217209659726026
chr4	75500001	76000000	0.0979541830902013
chr4	76000001	76500000	0.16825738073336
chr4	76500001	77000000	0.0507554867253293
chr4	77000001	77500000	0.261080998138031
chr4	77500001	78000000	0.129248465114051
chr4	78000001	78500000	0.0195890019028485
chr4	78500001	79000000	-0.0522358195822126
chr4	79000001	79500000	-0.036186955935216
chr4	79500001	80000000	-0.0901962165080346
chr4	80000001	80500000	-0.00643892702807089
chr4	80500001	81000000	-0.0409131193422328
chr4	81000001	81500000	-0.00830623085371018
chr4	81500001	82000000	-0.0868386481807462
chr4	82000001	82500000	-0.0613235539739218
chr4	82500001	83000000	-0.134450333075605
chr4	83000001	83500000	0.0543071795942616
chr4	83500001	84000000	-0.0247844819324377
chr4	84000001	84500000	-0.0970252765703584
chr4	84500001	85000000	-0.0224261954656599
chr4	85000001	85500000	-0.0808132091572778
chr4	85500001	86000000	0.0232151770170528
chr4	86000001	86500000	-0.0574863755515892
chr4	86500001	87000000	-0.00354964020099549
chr4	87000001	87500000	0.00507588706459101
chr4	87500001	88000000	0.0192548513151948
chr4	88000001	88500000	-0.104321055595948
chr4	88500001	89000000	-0.0377582967670981
chr4	89000001	89500000	-0.09285892780299
chr4	89500001	90000000	-0.00313249288948392
chr4	90000001	90500000	0.0157245062184002
chr4	90500001	91000000	-0.0635780287826047
chr4	91000001	91500000	-0.0874705586976621
chr4	91500001	92000000	-0.0899868850000072
chr4	92000001	92500000	-0.0240274019409863
chr4	92500001	93000000	-0.0650934465404908
chr4	93000001	93500000	-0.0498527740888158
chr4	93500001	94000000	0.0422292033452851
chr4	94000001	94500000	-0.107336002899443
chr4	94500001	95000000	-0.0656417436920889
chr4	95000001	95500000	-0.00238452460823731
chr4	95500001	96000000	-0.031452519604673
chr4	96000001	96500000	0.0302449332795233
chr4	96500001	97000000	0.0362767077553775
chr4	97000001	97500000	-0.0164425227933842
chr4	97500001	98000000	-0.0522145731196575
chr4	98000001	98500000	-0.0610549078637754
chr4	98500001	99000000	-0.0401093001382416
chr4	99000001	99500000	-0.0324911281302858
chr4	99500001	100000000	-5.10036122420357e-05
chr4	100000001	100500000	-0.0368913249267909
chr4	100500001	101000000	0.046520042500259
chr4	101000001	101500000	0.00465615933829108
chr4	101500001	102000000	0.0261853432204778
chr4	102000001	102500000	-0.0387396240935885
chr4	102500001	103000000	-0.0965782040430684
chr4	103000001	103500000	-0.050364235539862
chr4	103500001	104000000	0.00201875919082498
chr4	104000001	104500000	-0.0729831722591315
chr4	104500001	105000000	-0.0552119676820426
chr4	105000001	105500000	0.0697642301274262
chr4	105500001	106000000	-0.0770962861034398
chr4	106000001	106500000	-0.0747846519884408
chr4	106500001	107000000	-0.0845023652751008
chr4	107000001	107500000	-0.0873794781687121
chr4	107500001	108000000	-0.0677795500766742
chr4	108000001	108500000	-0.0458926632887388
chr4	108500001	109000000	-0.0775454161445586
chr4	109000001	109500000	-0.0139733648051667
chr4	109500001	110000000	-0.183397275852068
chr4	110000001	110500000	-0.153107485357472
chr4	110500001	111000000	-0.0132091344763112
chr4	111000001	111500000	0.00154808449362773
chr4	111500001	112000000	-0.0205638157065818
chr4	112000001	112500000	-0.0823428793779886
chr4	112500001	113000000	-0.102992916672724
chr4	113000001	113500000	-0.0280858874688998
chr4	113500001	114000000	-0.0966328417047007
chr4	114000001	114500000	-0.058588756928204
chr4	114500001	115000000	-0.116569713425447
chr4	115000001	115500000	-0.0691051859648066
chr4	115500001	116000000	-0.0772497261140219
chr4	116000001	116500000	-0.111815780543406
chr4	116500001	117000000	-0.0883440868382633
chr4	117000001	117500000	-0.0370301508705246
chr4	117500001	118000000	-0.0489663399525387
chr4	118000001	118500000	-0.0291681436961644
chr4	118500001	119000000	-0.13720660621813
chr4	119000001	119500000	-0.0078755900267685
chr4	119500001	120000000	-0.117530787079588
chr4	120000001	120500000	-0.0482974417880399
chr4	120500001	121000000	0.00676276011211107
chr4	121000001	121500000	0.0159966307832768
chr4	121500001	122000000	-0.0422515739863502
chr4	122000001	122500000	-0.0519007822713332
chr4	122500001	123000000	-0.015137936082716
chr4	123000001	123500000	-0.0165025793035227
chr4	123500001	124000000	-0.0248400547429036
chr4	124000001	124500000	-0.00636516306209876
chr4	124500001	125000000	-0.0913564416170328
chr4	125000001	125500000	-0.0872259092964168
chr4	125500001	126000000	0.018206399452785
chr4	126000001	126500000	0.0359408704723664
chr4	126500001	127000000	-0.0557654448153459
chr4	127000001	127500000	-0.0619297452893979
chr4	127500001	128000000	-0.0739088798675641
chr4	128000001	128500000	-0.0493832667534562
chr4	128500001	129000000	0.0535195806116167
chr4	129000001	129500000	-0.0334099910679783
chr4	129500001	130000000	-0.000406877350413594
chr4	130000001	130500000	-0.0372179471390302
chr4	130500001	131000000	-0.0413328054191199
chr4	131000001	131500000	-0.00566166509391727
chr4	132000001	132500000	-0.00361727120549307
chr4	132500001	133000000	-0.0417095199093471
chr4	133000001	133500000	0.0192754124906757
chr4	133500001	134000000	0.00519175813533157
chr4	134000001	134500000	0.015681976820798
chr4	134500001	135000000	-0.127387376631672
chr4	135000001	135500000	0.0356737867694252
chr4	135500001	136000000	-0.0251374137064495
chr4	136000001	136500000	-0.0371697602877445
chr4	136500001	137000000	-0.0643535963125527
chr4	137000001	137500000	-0.00954487504681033
chr4	137500001	138000000	-0.0698930368423595
chr4	138000001	138500000	-0.0557275623291331
chr4	138500001	139000000	0.0116398144115044
chr4	139000001	139500000	-0.00102415306244585
chr4	139500001	140000000	0.0109660120775154
chr4	140000001	140500000	0.0190938843029428
chr4	140500001	141000000	-0.00356181948237658
chr4	141000001	141500000	0.0319712691575916
chr4	141500001	142000000	-0.00157910570923983
chr4	142000001	142500000	0.0295072361176113
chr4	142500001	143000000	-0.0544894635297192
chr4	143000001	143500000	-0.0338154300227806
chr4	143500001	144000000	0.0800217850461176
chr4	144000001	144500000	0.0295194591408397
chr4	144500001	145000000	-0.0170353659672702
chr4	145000001	145500000	0.0400820939766007
chr4	145500001	146000000	-0.0233073900178386
chr4	146000001	146500000	-0.0501319077445783
chr4	146500001	147000000	0.0791828095365376
chr4	147000001	147500000	-0.0155944019558297
chr4	147500001	148000000	-0.0140128088137475
chr4	148000001	148500000	-0.0697076139250868
chr4	148500001	149000000	0.00275214755047739
chr4	149000001	149500000	-0.0100767024810801
chr4	149500001	150000000	-0.00232232411225482
chr4	150000001	150500000	-0.0540624515574339
chr4	150500001	151000000	-0.0675679497904855
chr4	151000001	151500000	-0.051247802553294
chr4	151500001	152000000	-0.00174105810025358
chr4	152000001	152500000	0.142129237743357
chr4	152500001	153000000	0.261694717370558
chr4	153000001	153500000	0.156687915688829
chr4	153500001	154000000	0.178901715179465
chr4	154000001	154500000	0.0603328129355487
chr4	154500001	155000000	0.0672909222581203
chr4	155000001	155500000	0.0299064371016506
chr4	155500001	156000000	0.0830523047064122
chr4	156000001	156500000	0.18408419157876
chr4	156500001	157000000	0.0804202387994813
chr4	157000001	157500000	0.129230070567867
chr4	157500001	158000000	-0.0197176965420353
chr4	158000001	158500000	0.0385853975025244
chr4	158500001	159000000	0.0670901891801943
chr4	159000001	159500000	-0.0227941348833353
chr4	159500001	160000000	-0.00522405496336124
chr4	160000001	160500000	0.0177022302673572
chr4	160500001	161000000	-0.00292112052242439
chr4	161000001	161500000	-0.0238410983347813
chr4	161500001	162000000	0.0594774312186412
chr4	162000001	162500000	0.0433492239982888
chr4	162500001	163000000	-0.0856041636594423
chr4	163000001	163500000	-0.0415827725583994
chr4	163500001	164000000	0.000866590028538537
chr4	164000001	164500000	-0.0430866349498958
chr4	164500001	165000000	-0.0325994541434102
chr4	165000001	165500000	-0.0147207515092172
chr4	165500001	166000000	-0.0325629395939223
chr4	166000001	166500000	0.0446250084688707
chr4	166500001	167000000	0.0429937599953161
chr4	167000001	167500000	0.0421978066198476
chr4	167500001	168000000	0.0480950350468287
chr4	168000001	168500000	-0.00551611416571969
chr4	168500001	169000000	0.0264192682615876
chr4	169000001	169500000	0.00744489728040806
chr4	169500001	170000000	-0.0213322299280015
chr4	170000001	170500000	-0.00754745053152154
chr4	170500001	171000000	0.0323045176765517
chr4	171000001	171500000	0.0409099061614067
chr4	171500001	172000000	0.0273172153789812
chr4	172000001	172500000	0.0127407370410713
chr4	172500001	173000000	0.033811292499645
chr4	173000001	173500000	-0.0311722375080245
chr4	173500001	174000000	-0.043034685334262
chr4	174000001	174500000	-0.0473181133169321
chr4	174500001	175000000	0.00736282553960863
chr4	175000001	175500000	-0.00766257469161871
chr4	175500001	176000000	0.0566557301723123
chr4	176000001	176500000	-0.0574127459289594
chr4	176500001	177000000	-0.00949361645539278
chr4	177000001	177500000	0.0182345231310942
chr4	177500001	178000000	-0.0588973963026515
chr4	178000001	178500000	0.0127031521459322
chr4	178500001	179000000	-0.0183808367451729
chr4	179000001	179500000	0.0182097173231445
chr4	179500001	180000000	0.0368412875315752
chr4	180000001	180500000	0.021745849244787
chr4	180500001	181000000	-0.076419181499357
chr4	181000001	181500000	-0.0302318551503434
chr4	181500001	182000000	-0.0543952186352643
chr4	182000001	182500000	0.052126228367447
chr4	182500001	183000000	0.0238007328393569
chr4	183000001	183500000	0.00145365206548922
chr4	183500001	184000000	-0.0626700257067595
chr4	184000001	184500000	0.0581898701891349
chr4	184500001	185000000	0.0532688652036993
chr4	185000001	185500000	-0.0177671226994934
chr4	185500001	186000000	-0.0310262189137179
chr4	186000001	186500000	-0.0409151819516537
chr4	186500001	187000000	-0.0169597049804057
chr4	187000001	187500000	-0.0478823321438923
chr4	187500001	188000000	0.0066366260657217
chr4	188000001	188500000	-0.0616858594811757
chr4	188500001	189000000	0.0411696672729815
chr4	189000001	189500000	0.021627348325536
chr5	1	500000	NA
chr5	500001	1000000	0.513340031272667
chr5	1000001	1500000	0.0627907310286799
chr5	1500001	2000000	0.0593418092344307
chr5	2000001	2500000	0.0688584095786386
chr5	2500001	3000000	0.0286468450147229
chr5	3000001	3500000	0.0950178272208464
chr5	3500001	4000000	0.0923849286214482
chr5	4000001	4500000	0.148337828149017
chr5	4500001	5000000	0.0886336209768426
chr5	5000001	5500000	0.0931969872976833
chr5	5500001	6000000	0.080581396579771
chr5	6000001	6500000	0.0531494934696528
chr5	6500001	7000000	0.0808781432982841
chr5	7000001	7500000	0.122254387835896
chr5	7500001	8000000	0.168596194245525
chr5	8000001	8500000	0.187133282841561
chr5	8500001	9000000	0.152680369747173
chr5	9000001	9500000	0.0752009731709553
chr5	9500001	10000000	0.0916590332659174
chr5	10000001	10500000	0.155420446422337
chr5	10500001	11000000	0.179009810545297
chr5	11000001	11500000	0.116965436848774
chr5	11500001	12000000	0.0517512165515308
chr5	12000001	12500000	0.119351078273371
chr5	12500001	13000000	0.157286634249964
chr5	13000001	13500000	0.289740975224516
chr5	13500001	14000000	0.278383521707665
chr5	14000001	14500000	0.162441729312313
chr5	14500001	15000000	0.277092960458066
chr5	15000001	15500000	0.176025746463984
chr5	15500001	16000000	0.116053914251792
chr5	16000001	16500000	0.12322755459613
chr5	16500001	17000000	0.0260641617014924
chr5	17000001	17500000	0.1155499535497
chr5	17500001	18000000	NA
chr5	18000001	18500000	0.219215848381345
chr5	18500001	19000000	0.158911738620723
chr5	19000001	19500000	0.273634373972788
chr5	19500001	20000000	0.211465349918082
chr5	20000001	20500000	0.0550318116634351
chr5	20500001	21000000	0.075229697485537
chr5	21500001	22000000	0.11030815023632
chr5	22000001	22500000	0.0817752006586899
chr5	22500001	23000000	0.106479809135776
chr5	23000001	23500000	0.0827055416086514
chr5	23500001	24000000	0.115635417157157
chr5	24000001	24500000	-0.0350998740540736
chr5	24500001	25000000	-0.0544402620503358
chr5	25000001	25500000	0.0419530578693475
chr5	25500001	26000000	0.00466620570022659
chr5	26000001	26500000	-0.0770844927619665
chr5	26500001	27000000	0.0639989345929443
chr5	27000001	27500000	0.173870761995228
chr5	27500001	28000000	0.257779470972408
chr5	28000001	28500000	0.276646756528177
chr5	28500001	29000000	0.177709631261448
chr5	29000001	29500000	0.264656950262786
chr5	29500001	30000000	0.301459807942533
chr5	30000001	30500000	0.238133056197806
chr5	30500001	31000000	0.127381664130324
chr5	31000001	31500000	0.154636679824508
chr5	31500001	32000000	0.128629493850286
chr5	32000001	32500000	0.0819610231056007
chr5	32500001	33000000	0.218574379444575
chr5	33000001	33500000	0.161420406781541
chr5	33500001	34000000	0.0992985099943474
chr5	34500001	35000000	-0.0396167581647335
chr5	35000001	35500000	0.0705740461161473
chr5	35500001	36000000	0.111986961335204
chr5	36000001	36500000	0.0531296357984255
chr5	36500001	37000000	0.0937400477062519
chr5	37000001	37500000	0.0216535381713388
chr5	37500001	38000000	0.135900301049251
chr5	38000001	38500000	0.111591621158464
chr5	38500001	39000000	0.109215516640434
chr5	39000001	39500000	0.122982333614607
chr5	39500001	40000000	-0.0366035156955947
chr5	40000001	40500000	0.114247568272674
chr5	40500001	41000000	0.0971314340402163
chr5	41000001	41500000	-0.0272343986555007
chr5	41500001	42000000	0.0502396089167036
chr5	42000001	42500000	-0.00773135579965698
chr5	42500001	43000000	0.00291124774723885
chr5	43000001	43500000	0.109365283123435
chr5	43500001	44000000	0.120323382873911
chr5	44000001	44500000	0.0830992225639684
chr5	44500001	45000000	0.122272387209164
chr5	45000001	45500000	0.172205050447971
chr5	51500001	52000000	-0.00649445615980084
chr5	52000001	52500000	-0.0656332276802107
chr5	52500001	53000000	-0.0698001283485087
chr5	53000001	53500000	-0.0142347126227181
chr5	53500001	54000000	-0.0376556093613136
chr5	54000001	54500000	-0.0172173068409586
chr5	54500001	55000000	0.0641828044496954
chr5	55000001	55500000	-0.159176429864587
chr5	55500001	56000000	-0.0688226315660262
chr5	56000001	56500000	-0.00322636625530603
chr5	56500001	57000000	0.110275184177037
chr5	57000001	57500000	-0.132401866292871
chr5	57500001	58000000	-0.0268924054537401
chr5	58000001	58500000	-0.00375587717777888
chr5	58500001	59000000	-0.0245537716053721
chr5	59000001	59500000	0.00450130664505513
chr5	59500001	60000000	-0.0755765945917184
chr5	60000001	60500000	0.00607296980648769
chr5	60500001	61000000	-0.0594753698301532
chr5	61000001	61500000	0.0432620930776549
chr5	61500001	62000000	0.0329630093163903
chr5	62000001	62500000	-0.0765453347491321
chr5	62500001	63000000	0.0559213970340083
chr5	63000001	63500000	-0.0581239531402544
chr5	63500001	64000000	-0.12829629592048
chr5	64000001	64500000	-0.14053180232713
chr5	64500001	65000000	0.00164986571350162
chr5	65000001	65500000	-0.0659857968726825
chr5	65500001	66000000	-0.0472427927771359
chr5	66000001	66500000	-0.0198225805473892
chr5	66500001	67000000	-0.148765879603862
chr5	67000001	67500000	-0.0926690780509541
chr5	67500001	68000000	0.0217538730936256
chr5	68000001	68500000	-0.0993982247416739
chr5	68500001	69000000	-0.0459378968119978
chr5	69000001	69500000	-0.109745364777495
chr5	71500001	72000000	-0.014152077412724
chr5	72000001	72500000	-0.0188774765224178
chr5	72500001	73000000	-0.100645205232137
chr5	73000001	73500000	-0.0539836890661938
chr5	73500001	74000000	-0.144300137559724
chr5	74000001	74500000	0.0445095581856748
chr5	74500001	75000000	-0.0419756593306427
chr5	75000001	75500000	-0.0397110768820469
chr5	75500001	76000000	-0.0506292821933887
chr5	76000001	76500000	-0.0600100818776987
chr5	76500001	77000000	-0.105147529921587
chr5	77000001	77500000	0.0053421887790217
chr5	77500001	78000000	-0.00571930645524255
chr5	78000001	78500000	-0.0799867263113672
chr5	78500001	79000000	-0.0119497605016045
chr5	79000001	79500000	-0.0571294789124761
chr5	79500001	80000000	-0.0520544176821739
chr5	80000001	80500000	0.0055817933785454
chr5	80500001	81000000	-0.0439783023168566
chr5	81000001	81500000	-0.0808573302215461
chr5	81500001	82000000	-0.00109578448279427
chr5	82000001	82500000	-0.0268150148563912
chr5	82500001	83000000	-0.0646204494933842
chr5	83000001	83500000	-0.0554276968571853
chr5	83500001	84000000	-0.0902448972230673
chr5	84000001	84500000	-0.0174966722814186
chr5	84500001	85000000	-0.0015354797435607
chr5	85000001	85500000	-0.0905602532915058
chr5	85500001	86000000	-0.0804500942006413
chr5	86000001	86500000	-0.0467355858312891
chr5	86500001	87000000	-0.0593914710297665
chr5	87000001	87500000	-0.0803855664721825
chr5	87500001	88000000	-0.0875005706765548
chr5	88000001	88500000	-0.0794161612553699
chr5	88500001	89000000	-0.0836068124876882
chr5	89000001	89500000	0.00472440011459439
chr5	89500001	90000000	-0.091362583279286
chr5	90000001	90500000	-0.0540963053728113
chr5	90500001	91000000	0.00115395710565185
chr5	91000001	91500000	0.0217501843166573
chr5	91500001	92000000	-0.079226082891531
chr5	92000001	92500000	-0.0418886469424936
chr5	92500001	93000000	-0.114667654226547
chr5	93000001	93500000	-0.0914820987386662
chr5	93500001	94000000	-0.013768839591786
chr5	94000001	94500000	-0.0305073282615612
chr5	94500001	95000000	-0.0594524999357621
chr5	95000001	95500000	-0.134135109460414
chr5	95500001	96000000	-0.0146369469450376
chr5	96000001	96500000	0.0383557383688517
chr5	96500001	97000000	-0.0420188649666452
chr5	97000001	97500000	-0.0200328580523047
chr5	97500001	98000000	-0.0288196961278562
chr5	98000001	98500000	-0.0357564024446875
chr5	98500001	99000000	-0.117852028658513
chr5	99000001	99500000	-0.0541812850295902
chr5	99500001	100000000	-0.129917228596294
chr5	100000001	100500000	-0.0448598623761696
chr5	100500001	101000000	0.0013918058987285
chr5	101000001	101500000	-0.0894214204911113
chr5	101500001	102000000	-0.0767156002946441
chr5	102000001	102500000	-0.0235167853399724
chr5	102500001	103000000	-0.0344258383337829
chr5	103000001	103500000	-0.0635225505809661
chr5	103500001	104000000	-0.0421859764433241
chr5	104000001	104500000	-0.070453278132616
chr5	104500001	105000000	-0.00953153648329703
chr5	105000001	105500000	-0.0270502180259176
chr5	105500001	106000000	-0.0234917039650066
chr5	106000001	106500000	-0.0626083538205
chr5	106500001	107000000	-0.0840374599277754
chr5	107000001	107500000	-0.113705274401773
chr5	107500001	108000000	-0.0616967510159403
chr5	108000001	108500000	-0.0937166150995682
chr5	108500001	109000000	-0.16770310704533
chr5	109000001	109500000	-0.0147406643073755
chr5	109500001	110000000	-0.0615075487802206
chr5	110000001	110500000	-0.115487853797446
chr5	110500001	111000000	-0.073488786080365
chr5	111000001	111500000	-0.104650049168925
chr5	111500001	112000000	-0.0696234227094069
chr5	112000001	112500000	-0.12986174504346
chr5	112500001	113000000	-0.00291335556534036
chr5	113000001	113500000	-0.075374863652609
chr5	113500001	114000000	-0.0172447678812729
chr5	114000001	114500000	-0.0254897474520785
chr5	114500001	115000000	-0.0967117652081763
chr5	115000001	115500000	-0.0665430186513593
chr5	115500001	116000000	-0.113287483581472
chr5	116000001	116500000	-0.0285696460888784
chr5	116500001	117000000	-0.0771182129511642
chr5	117000001	117500000	-0.0508865596849536
chr5	117500001	118000000	0.0077993668357674
chr5	118000001	118500000	-0.0741497898311257
chr5	118500001	119000000	0.00401537598463077
chr5	119000001	119500000	-0.142918226807563
chr5	119500001	120000000	-0.14485634033461
chr5	120000001	120500000	-0.133694935454032
chr5	120500001	121000000	-0.053332540391011
chr5	121000001	121500000	0.0268461472206663
chr5	121500001	122000000	-0.106470133567658
chr5	122000001	122500000	-0.0933552946074175
chr5	122500001	123000000	-0.102614115456141
chr5	123000001	123500000	-0.0627864138388349
chr5	123500001	124000000	-0.0408432321479643
chr5	124000001	124500000	-0.022177722767095
chr5	124500001	125000000	0.0210375462468484
chr5	125000001	125500000	-0.0629825730388395
chr5	125500001	126000000	-0.0367915371159308
chr5	126000001	126500000	-0.0488658045699271
chr5	126500001	127000000	-0.146893851812202
chr5	127000001	127500000	0.0240887504242028
chr5	127500001	128000000	-0.0614056236115176
chr5	128000001	128500000	-0.122255176038913
chr5	128500001	129000000	-0.0549283007014976
chr5	129000001	129500000	0.00927443701896133
chr5	129500001	130000000	-0.00175096074404308
chr5	130000001	130500000	-0.0664336509235091
chr5	130500001	131000000	0.00934436132137381
chr5	131000001	131500000	-0.00612797484508291
chr5	131500001	132000000	0.0647503707870938
chr5	132000001	132500000	0.0413904270858964
chr5	132500001	133000000	-0.14544984783895
chr5	133000001	133500000	-0.0616604086278203
chr5	133500001	134000000	-0.0943854433840294
chr5	134000001	134500000	-0.02937628249148
chr5	134500001	135000000	-0.119202888765511
chr5	135000001	135500000	-0.0410358005201441
chr5	135500001	136000000	-0.019892069215296
chr5	136000001	136500000	-0.0561921731651638
chr5	136500001	137000000	-0.0216329154147102
chr5	137000001	137500000	-0.0437797638753666
chr5	137500001	138000000	-0.038862326105241
chr5	138000001	138500000	-0.0506677263803656
chr5	138500001	139000000	-0.0787472787514685
chr5	139000001	139500000	NA
chr5	139500001	140000000	-0.0499754794910395
chr5	140000001	140500000	0.0320756490727924
chr5	140500001	141000000	-0.0458470981449543
chr5	141000001	141500000	-0.0720017977773635
chr5	141500001	142000000	-0.0238389311055765
chr5	142000001	142500000	0.0419557772008275
chr5	142500001	143000000	-0.0262414423409002
chr5	143000001	143500000	0.0130669800866706
chr5	143500001	144000000	-0.117484300714671
chr5	144000001	144500000	0.0674306188717493
chr5	144500001	145000000	-0.0666039686643665
chr5	145000001	145500000	-0.114376508378348
chr5	145500001	146000000	-0.0677552615198224
chr5	146000001	146500000	-0.0893541127858473
chr5	146500001	147000000	-0.0198156198896689
chr5	147000001	147500000	0.0293072172616779
chr5	147500001	148000000	-0.064448717298774
chr5	148000001	148500000	0.030027786773833
chr5	148500001	149000000	-0.0540911680720887
chr5	149000001	149500000	-0.0882220809291565
chr5	149500001	150000000	-0.0558834768604864
chr5	150000001	150500000	-0.000166115769141399
chr5	150500001	151000000	-0.0458602585142053
chr5	151000001	151500000	0.00684066518680633
chr5	151500001	152000000	-0.0331713093332291
chr5	152000001	152500000	0.00777142067912621
chr5	152500001	153000000	-0.0789206292400074
chr5	153000001	153500000	-0.100253637120196
chr5	153500001	154000000	-0.035517505478972
chr5	154000001	154500000	-0.0317786275670436
chr5	154500001	155000000	-0.0149793345824958
chr5	155000001	155500000	-0.0392638298427294
chr5	155500001	156000000	NA
chr5	156000001	156500000	-0.0604195670654405
chr5	156500001	157000000	-0.108017296340691
chr5	157000001	157500000	0.0646569708465777
chr5	157500001	158000000	-0.0401882521706948
chr5	158000001	158500000	-0.0153266874746591
chr5	158500001	159000000	-0.0735010359619283
chr5	159000001	159500000	-0.00443300859625299
chr5	159500001	160000000	-0.0666588161741057
chr5	160000001	160500000	-0.0803070119498375
chr5	160500001	161000000	-0.0452920656051432
chr5	161000001	161500000	-0.0596014036087584
chr5	161500001	162000000	-0.11389819015757
chr5	162000001	162500000	-0.0318180886500031
chr5	162500001	163000000	0.00853386412902527
chr5	163000001	163500000	-0.0835271956841833
chr5	163500001	164000000	-0.0233469669745492
chr5	164000001	164500000	-0.0313686425187257
chr5	164500001	165000000	-0.0180544471941106
chr5	165000001	165500000	-0.036330635667686
chr5	165500001	166000000	-0.0432695591929325
chr5	166000001	166500000	-0.121930544659598
chr5	166500001	167000000	-0.028960475385863
chr5	167000001	167500000	0.0119334945989877
chr5	167500001	168000000	-0.0666948164445993
chr5	168000001	168500000	-0.0691466951954528
chr5	168500001	169000000	-0.0380860692207759
chr5	169000001	169500000	-0.020219550887133
chr5	169500001	170000000	0.00685628277648516
chr5	170000001	170500000	0.0329403415453319
chr5	170500001	171000000	0.0303073176014704
chr5	171000001	171500000	-0.0350138788788464
chr5	171500001	172000000	0.000931190416039229
chr5	172000001	172500000	0.0683637352161303
chr5	172500001	173000000	-0.0038810559274295
chr5	173000001	173500000	-0.0500754314188819
chr5	173500001	174000000	0.02089604138585
chr5	174000001	174500000	-0.0130729475451124
chr5	174500001	175000000	-0.0260758622837412
chr5	175000001	175500000	-0.0202364491094652
chr5	175500001	176000000	0.0437365358817284
chr5	176500001	177000000	0.062102268725678
chr5	177000001	177500000	-0.0212469259675849
chr5	178000001	178500000	-0.0415098777313685
chr5	178500001	179000000	-0.0895193614276579
chr5	179000001	179500000	-0.0857586767594427
chr5	179500001	180000000	-0.0386410897732408
chr5	180000001	180500000	0.0153224396495645
chr5	180500001	181000000	0.0929561634094029
chr6	500001	1000000	0.202746317925501
chr6	1000001	1500000	0.110616291578312
chr6	1500001	2000000	0.190793466863285
chr6	2000001	2500000	0.17863698366471
chr6	2500001	3000000	0.26840997955395
chr6	3000001	3500000	0.144406068086028
chr6	3500001	4000000	0.178826987238734
chr6	4000001	4500000	0.212328523246487
chr6	4500001	5000000	0.250557361282838
chr6	5000001	5500000	0.183419293122815
chr6	5500001	6000000	0.247521195127741
chr6	6000001	6500000	0.272569554392165
chr6	6500001	7000000	0.305762075855151
chr6	7000001	7500000	0.232202172597154
chr6	7500001	8000000	0.219199822830225
chr6	8000001	8500000	0.201583841744821
chr6	8500001	9000000	0.143964483109405
chr6	9000001	9500000	0.164973348985022
chr6	9500001	10000000	0.170006113939494
chr6	10000001	10500000	0.198637713325764
chr6	10500001	11000000	0.200795957545202
chr6	11000001	11500000	0.276648158092012
chr6	11500001	12000000	0.184758995025886
chr6	12000001	12500000	0.268763384857724
chr6	12500001	13000000	0.186203554667914
chr6	13000001	13500000	0.222934556862967
chr6	13500001	14000000	0.172061140023592
chr6	14000001	14500000	0.300220280312793
chr6	14500001	15000000	0.246029768106253
chr6	15000001	15500000	0.235963427456434
chr6	15500001	16000000	0.189662868572659
chr6	16000001	16500000	0.199072041278789
chr6	16500001	17000000	0.246920174805662
chr6	17000001	17500000	0.191656070019144
chr6	17500001	18000000	0.155755714298986
chr6	18000001	18500000	0.220204341816417
chr6	18500001	19000000	0.195211563372877
chr6	19000001	19500000	0.169997305140401
chr6	19500001	20000000	0.152809809212388
chr6	20000001	20500000	0.192178809678815
chr6	20500001	21000000	0.133031112635906
chr6	21000001	21500000	0.216254326610706
chr6	21500001	22000000	0.132784075679118
chr6	22000001	22500000	0.149851879829593
chr6	22500001	23000000	0.196156672040033
chr6	23000001	23500000	0.213874244597763
chr6	23500001	24000000	0.181215463703896
chr6	24000001	24500000	0.171650862011713
chr6	24500001	25000000	0.27237423536397
chr6	25000001	25500000	0.181078308215342
chr6	25500001	26000000	0.163665002336025
chr6	26000001	26500000	0.240177327173652
chr6	27000001	27500000	0.231630749866659
chr6	27500001	28000000	0.151466466702846
chr6	28000001	28500000	0.232294735099847
chr6	28500001	29000000	0.152912050040415
chr6	29000001	29500000	0.167161180757332
chr6	29500001	30000000	0.147904930500911
chr6	30000001	30500000	0.286895472219261
chr6	30500001	31000000	0.292277151645191
chr6	31000001	31500000	0.378450303407113
chr6	31500001	32000000	0.310818975831738
chr6	32000001	32500000	0.277354177426684
chr6	32500001	33000000	0.29401854252699
chr6	33000001	33500000	0.31834808508357
chr6	33500001	34000000	0.20589124460888
chr6	34000001	34500000	0.202671510982962
chr6	34500001	35000000	0.101631506568189
chr6	35000001	35500000	0.237353390041677
chr6	35500001	36000000	0.266091054517081
chr6	36000001	36500000	0.19664282234617
chr6	36500001	37000000	0.194320969551264
chr6	37000001	37500000	0.250594408841861
chr6	37500001	38000000	0.130670402068604
chr6	38000001	38500000	0.176057034535683
chr6	38500001	39000000	0.243272787693916
chr6	39000001	39500000	0.177113304415631
chr6	39500001	40000000	0.261398538132789
chr6	40000001	40500000	0.195688674714577
chr6	40500001	41000000	0.219140924754442
chr6	41000001	41500000	0.29497620435357
chr6	41500001	42000000	0.177811477507227
chr6	42000001	42500000	0.302132836455093
chr6	42500001	43000000	0.228300642951607
chr6	43000001	43500000	0.172916297478396
chr6	43500001	44000000	0.2489123573683
chr6	44000001	44500000	0.247807916554111
chr6	44500001	45000000	0.174391564801534
chr6	45000001	45500000	0.20621994785764
chr6	45500001	46000000	0.236987090295915
chr6	46000001	46500000	0.21989462786403
chr6	46500001	47000000	0.218986326388086
chr6	47000001	47500000	0.258735734362989
chr6	47500001	48000000	0.206000558470294
chr6	48000001	48500000	0.206225723928451
chr6	48500001	49000000	0.229416806366744
chr6	49000001	49500000	0.17933894071962
chr6	49500001	50000000	0.171676555831167
chr6	50000001	50500000	0.161587034752378
chr6	50500001	51000000	0.173392419172762
chr6	51000001	51500000	0.129549789833219
chr6	51500001	52000000	0.136627977667785
chr6	52000001	52500000	0.1879506339115
chr6	52500001	53000000	0.214602308620395
chr6	53000001	53500000	0.269482594275688
chr6	53500001	54000000	0.234407452984941
chr6	54000001	54500000	0.200204618188395
chr6	54500001	55000000	0.175880665337785
chr6	55000001	55500000	0.229379306728504
chr6	55500001	56000000	0.236636090567516
chr6	56000001	56500000	0.137248372347582
chr6	56500001	57000000	0.13737471521667
chr6	57000001	57500000	0.230617760498094
chr6	63000001	63500000	-0.0404956968784749
chr6	63500001	64000000	0.0367588170072352
chr6	64000001	64500000	0.0882333955188372
chr6	64500001	65000000	0.00361302300325749
chr6	65000001	65500000	-0.0454933558409548
chr6	65500001	66000000	0.0324033821922986
chr6	66000001	66500000	0.0559711143447653
chr6	66500001	67000000	-0.0862999392660078
chr6	67000001	67500000	NA
chr6	67500001	68000000	0.0535242594132983
chr6	68000001	68500000	0.0195787813944993
chr6	68500001	69000000	0.0324666328218008
chr6	69000001	69500000	-0.047108991481266
chr6	69500001	70000000	-0.0252344149188191
chr6	70000001	70500000	-0.114723346250498
chr6	70500001	71000000	-0.0182582669522653
chr6	71000001	71500000	0.00678998624013649
chr6	71500001	72000000	-0.0222410646853924
chr6	72000001	72500000	-0.0227021105746595
chr6	72500001	73000000	-0.00808943122514066
chr6	73000001	73500000	0.0324695179201692
chr6	73500001	74000000	-0.0955123211525376
chr6	74000001	74500000	0.0584211007344961
chr6	74500001	75000000	-0.0423641678587289
chr6	75000001	75500000	-0.0405456973419126
chr6	75500001	76000000	-0.0989417921615664
chr6	76000001	76500000	0.0273893970804286
chr6	76500001	77000000	0.0126270483809442
chr6	77000001	77500000	0.0610446644904118
chr6	77500001	78000000	0.0616447245319396
chr6	78000001	78500000	0.043348323713295
chr6	78500001	79000000	-0.00182412141702863
chr6	79000001	79500000	0.0304295333638008
chr6	79500001	80000000	-0.00601949354259389
chr6	80000001	80500000	-0.0442209864409774
chr6	80500001	81000000	-0.0748797846564026
chr6	81000001	81500000	-0.0274913728628643
chr6	81500001	82000000	0.0198752123391881
chr6	82000001	82500000	-0.131408768598547
chr6	82500001	83000000	-0.0242706062500604
chr6	83000001	83500000	-0.0714379247644846
chr6	83500001	84000000	0.04623486603317
chr6	84000001	84500000	-0.0556600031243521
chr6	84500001	85000000	-0.0119623841477608
chr6	85000001	85500000	-0.0541373901174477
chr6	85500001	86000000	-0.0851496778504615
chr6	86000001	86500000	-0.0765829688882143
chr6	86500001	87000000	-0.0545136283014286
chr6	87000001	87500000	-0.10956312545127
chr6	87500001	88000000	-0.0323678195345317
chr6	88000001	88500000	-0.0182384252535978
chr6	88500001	89000000	-0.0424897841844725
chr6	89000001	89500000	0.00257527456658893
chr6	89500001	90000000	-0.130219570704402
chr6	90000001	90500000	-0.0462610220564696
chr6	90500001	91000000	-0.121901888084629
chr6	91000001	91500000	-0.068094689154094
chr6	91500001	92000000	0.00418754422276537
chr6	92000001	92500000	-0.0854459311037613
chr6	92500001	93000000	-0.062183846631861
chr6	93000001	93500000	-0.0898159309841466
chr6	93500001	94000000	-0.0858418430368094
chr6	94000001	94500000	-0.151597430695243
chr6	94500001	95000000	-0.00086803103318716
chr6	95000001	95500000	NA
chr6	95500001	96000000	-0.0419179730198434
chr6	96000001	96500000	-0.02879046041809
chr6	96500001	97000000	-0.0741524162081905
chr6	97000001	97500000	-0.0220364125142777
chr6	97500001	98000000	-0.0639913584434944
chr6	98000001	98500000	-0.0429251958744991
chr6	98500001	99000000	-0.0234629651867583
chr6	99000001	99500000	0.00866738883596093
chr6	99500001	100000000	-0.117578048547424
chr6	100000001	100500000	-0.0470161057212714
chr6	100500001	101000000	-0.110308777680023
chr6	101000001	101500000	-0.0909596374901916
chr6	101500001	102000000	-0.00537114655196917
chr6	102000001	102500000	-0.0699330235760532
chr6	102500001	103000000	-0.0399385733082866
chr6	103000001	103500000	-0.0503563142496519
chr6	103500001	104000000	-0.0281577640931067
chr6	104000001	104500000	-0.0435835486059368
chr6	104500001	105000000	-0.0703497381027322
chr6	105000001	105500000	-0.0642995084274927
chr6	105500001	106000000	0.0457441575087955
chr6	106000001	106500000	-0.0495317127159407
chr6	106500001	107000000	0.0206605567288728
chr6	107000001	107500000	-0.0831090691633458
chr6	107500001	108000000	-0.0363578672755925
chr6	108000001	108500000	-0.00980705477177513
chr6	108500001	109000000	0.030521887448154
chr6	109000001	109500000	0.021659298372361
chr6	109500001	110000000	0.0862294433474607
chr6	110000001	110500000	-0.080392254305195
chr6	110500001	111000000	0.0155617493634004
chr6	111000001	111500000	-0.124461026695187
chr6	111500001	112000000	-0.0129546313808388
chr6	112000001	112500000	-0.0625013600259099
chr6	112500001	113000000	-0.0370678894633192
chr6	113000001	113500000	-0.021968541260059
chr6	113500001	114000000	0.0345691844140803
chr6	114000001	114500000	-0.0609983303510124
chr6	114500001	115000000	-0.0540793810973404
chr6	115000001	115500000	NA
chr6	115500001	116000000	-0.0314157637032321
chr6	116000001	116500000	-0.0359494677547678
chr6	116500001	117000000	-0.0796915746144561
chr6	117000001	117500000	-0.110401682559069
chr6	117500001	118000000	-0.0662965001972106
chr6	118000001	118500000	-0.0927707763319883
chr6	118500001	119000000	0.0401780599617851
chr6	119000001	119500000	-0.0554262138952766
chr6	119500001	120000000	-0.132543238320058
chr6	120000001	120500000	-0.0187127939650343
chr6	120500001	121000000	-0.0995536995401868
chr6	121000001	121500000	-0.0711983214901614
chr6	121500001	122000000	-0.00600650154177869
chr6	122000001	122500000	-0.085766158231913
chr6	122500001	123000000	-0.0124404955459473
chr6	123000001	123500000	-0.0547330620799545
chr6	123500001	124000000	-0.0511036847828354
chr6	124000001	124500000	-0.0208639888977634
chr6	124500001	125000000	-0.0787117135796129
chr6	125000001	125500000	0.0143195779496235
chr6	125500001	126000000	-0.0982624567141289
chr6	126000001	126500000	-0.0738638145161648
chr6	126500001	127000000	-0.0728929567192877
chr6	127000001	127500000	-0.00461758873816407
chr6	127500001	128000000	-0.0435256991679406
chr6	128000001	128500000	-0.0204532197781007
chr6	128500001	129000000	-0.0169396191343771
chr6	129000001	129500000	-0.000317580906909712
chr6	129500001	130000000	-0.0210423442697115
chr6	130000001	130500000	-0.0393086924204309
chr6	130500001	131000000	-0.0411987462965172
chr6	131000001	131500000	-0.0187564339472923
chr6	131500001	132000000	-0.0401172102077041
chr6	132000001	132500000	-0.00930244836932256
chr6	132500001	133000000	0.00462148265683555
chr6	133000001	133500000	-0.0221209598461412
chr6	133500001	134000000	-0.0276091882122944
chr6	134000001	134500000	-0.0151254292165924
chr6	134500001	135000000	0.0135481061618468
chr6	135000001	135500000	0.00110803798002405
chr6	135500001	136000000	-0.0473519011310886
chr6	136000001	136500000	-0.0513073413918085
chr6	136500001	137000000	-0.0140194481354999
chr6	137000001	137500000	0.0176830110491457
chr6	137500001	138000000	0.000407060545729376
chr6	138000001	138500000	-0.00272634871818318
chr6	138500001	139000000	-0.00966560878415556
chr6	139000001	139500000	-0.0259380133576445
chr6	139500001	140000000	0.0141962745220051
chr6	140000001	140500000	-0.0345682752457077
chr6	140500001	141000000	-0.0777599089665113
chr6	141000001	141500000	-0.0672709614485126
chr6	141500001	142000000	-0.0273328605718815
chr6	142000001	142500000	-0.0900807425426879
chr6	142500001	143000000	-0.000580532348543567
chr6	143000001	143500000	-0.0652047085253109
chr6	143500001	144000000	-0.0917674359515413
chr6	144000001	144500000	0.00326907943415652
chr6	144500001	145000000	-0.0522202384130485
chr6	145000001	145500000	-0.0195088918503959
chr6	145500001	146000000	-0.0188249985871272
chr6	146000001	146500000	-0.0131427179598793
chr6	146500001	147000000	-0.0717686438005871
chr6	147000001	147500000	-0.0575394810397045
chr6	147500001	148000000	-0.0586921773566486
chr6	148000001	148500000	-0.0360558502353733
chr6	148500001	149000000	-0.0533950046943609
chr6	149000001	149500000	-0.102091792929391
chr6	149500001	150000000	-0.0960062913628048
chr6	150000001	150500000	-0.0522538463083662
chr6	150500001	151000000	-0.067920339429822
chr6	151000001	151500000	-0.0393704979022806
chr6	151500001	152000000	-0.0106107993267844
chr6	152000001	152500000	-0.0517587373323952
chr6	152500001	153000000	-0.0865791316812774
chr6	153000001	153500000	-0.10832361922183
chr6	153500001	154000000	0.0125855365804144
chr6	154000001	154500000	-0.0143907525568952
chr6	154500001	155000000	-0.0688879246682932
chr6	155000001	155500000	0.00106010896445294
chr6	155500001	156000000	-0.0293971339120838
chr6	156000001	156500000	0.00241814387924966
chr6	156500001	157000000	-0.118908259882928
chr6	157000001	157500000	0.0203080162600497
chr6	157500001	158000000	-0.0193884988429689
chr6	158000001	158500000	-0.0713901494722276
chr6	158500001	159000000	0.0236308175099377
chr6	159000001	159500000	0.0279910272407629
chr6	159500001	160000000	0.0545842576714814
chr6	160000001	160500000	0.0454935606435134
chr6	160500001	161000000	-0.0309016098031029
chr6	161000001	161500000	-0.0728006073026217
chr6	161500001	162000000	-0.0920612109863608
chr6	162000001	162500000	-0.0501562455696209
chr6	162500001	163000000	-0.0299192909685379
chr6	163000001	163500000	-0.0516140374003088
chr6	163500001	164000000	-0.0151722050390249
chr6	164000001	164500000	-0.0693362621479567
chr6	164500001	165000000	-0.00199091526213897
chr6	165000001	165500000	-0.0960290469937036
chr6	165500001	166000000	-0.109391141017027
chr6	166000001	166500000	-0.183682188672584
chr6	166500001	167000000	0.0216958103425632
chr6	167000001	167500000	-0.0861226841825885
chr6	167500001	168000000	NA
chr6	168000001	168500000	-0.0957400808454363
chr6	168500001	169000000	-0.0772856828340669
chr6	169000001	169500000	-0.1235808641553
chr6	169500001	170000000	-0.138942607169309
chr6	170000001	170500000	0.0832545702710064
chr7	1	500000	NA
chr7	500001	1000000	0.109303306063545
chr7	1000001	1500000	0.0366847848268733
chr7	1500001	2000000	-0.0186316933087716
chr7	2000001	2500000	0.00712563570764581
chr7	2500001	3000000	0.0993272008198918
chr7	3000001	3500000	0.0767406538400479
chr7	3500001	4000000	0.00549350329083521
chr7	4000001	4500000	0.0536714408898403
chr7	4500001	5000000	0.0485395512818336
chr7	5000001	5500000	0.0268530915942145
chr7	5500001	6000000	-0.108952041576263
chr7	6000001	6500000	0.028156623506107
chr7	7000001	7500000	0.0825100201969256
chr7	7500001	8000000	0.0810887303493685
chr7	8000001	8500000	0.0722810000810081
chr7	8500001	9000000	0.0826248254057146
chr7	9000001	9500000	0.0113891776778528
chr7	9500001	10000000	0.101494640049757
chr7	10000001	10500000	0.0938399581639229
chr7	10500001	11000000	0.119530462292339
chr7	11000001	11500000	0.0139913765249811
chr7	11500001	12000000	0.085894663419177
chr7	12000001	12500000	0.0824875854770381
chr7	12500001	13000000	0.0960106074946453
chr7	13000001	13500000	0.0288998253333897
chr7	13500001	14000000	0.10919519708609
chr7	14000001	14500000	0.0763992257100458
chr7	14500001	15000000	0.0109350370663281
chr7	15000001	15500000	-0.0240565697393691
chr7	15500001	16000000	0.0343899545309227
chr7	16000001	16500000	0.0398606124113079
chr7	16500001	17000000	0.106600159688768
chr7	17000001	17500000	0.0292921870974554
chr7	17500001	18000000	0.0311076291408246
chr7	18000001	18500000	0.153472270361894
chr7	18500001	19000000	0.0148807604110262
chr7	19000001	19500000	0.0321256102718864
chr7	19500001	20000000	0.0235997006185557
chr7	20000001	20500000	0.022918708942814
chr7	20500001	21000000	0.0790354720830672
chr7	21000001	21500000	0.092506437715951
chr7	21500001	22000000	0.10062946571191
chr7	22000001	22500000	0.0533201975190576
chr7	22500001	23000000	0.0727116973259177
chr7	23000001	23500000	0.0837076217773614
chr7	23500001	24000000	0.138303413277952
chr7	24000001	24500000	0.136275339381505
chr7	24500001	25000000	0.0279874129889037
chr7	25000001	25500000	0.0713412041538309
chr7	25500001	26000000	0.0996975731863503
chr7	26000001	26500000	0.171050843878408
chr7	26500001	27000000	0.135635339103133
chr7	27000001	27500000	0.0886579630705707
chr7	27500001	28000000	0.132509043265938
chr7	28000001	28500000	0.129584114438587
chr7	28500001	29000000	0.125098062061741
chr7	29000001	29500000	0.164135199573395
chr7	29500001	30000000	0.247741088481476
chr7	30000001	30500000	0.1337835048437
chr7	30500001	31000000	0.0861329719714684
chr7	31000001	31500000	0.0903558745201666
chr7	31500001	32000000	0.144913667419711
chr7	32000001	32500000	0.136288462004959
chr7	32500001	33000000	0.145087399262007
chr7	33000001	33500000	0.0129972153352928
chr7	33500001	34000000	0.128055167117118
chr7	34000001	34500000	0.094521424601477
chr7	34500001	35000000	0.147658475786801
chr7	35000001	35500000	0.317834989456166
chr7	35500001	36000000	0.0801923860450977
chr7	36000001	36500000	0.148228926147877
chr7	36500001	37000000	0.150413993919458
chr7	37000001	37500000	0.20903543008649
chr7	37500001	38000000	0.11116572944882
chr7	38000001	38500000	0.119547965325532
chr7	38500001	39000000	0.0575550567810165
chr7	39000001	39500000	0.0726304210161031
chr7	39500001	40000000	0.106710938687707
chr7	40000001	40500000	0.0885702919990197
chr7	40500001	41000000	0.075051844922074
chr7	41000001	41500000	0.126135120046871
chr7	41500001	42000000	0.077914205665994
chr7	42000001	42500000	0.0630064213546903
chr7	42500001	43000000	0.0976093587112829
chr7	43000001	43500000	0.103151706107749
chr7	43500001	44000000	0.130073752475803
chr7	44000001	44500000	0.0651978383614515
chr7	44500001	45000000	0.125588988804817
chr7	45000001	45500000	0.0852615265216108
chr7	45500001	46000000	0.214276118434233
chr7	46000001	46500000	0.0155945495160634
chr7	46500001	47000000	0.0862494274133975
chr7	47000001	47500000	0.053945006728663
chr7	47500001	48000000	-0.000385004161092481
chr7	48000001	48500000	0.124947122988599
chr7	48500001	49000000	0.105835799394736
chr7	49000001	49500000	0.0363522114967576
chr7	49500001	50000000	0.0599867363372155
chr7	50000001	50500000	0.179237144829529
chr7	50500001	51000000	0.04054856498147
chr7	51000001	51500000	0.0395027084733809
chr7	51500001	52000000	0.0858403593886956
chr7	52000001	52500000	0.0827044553642491
chr7	52500001	53000000	-0.00768993404991028
chr7	53000001	53500000	0.0647506405108944
chr7	53500001	54000000	-0.0122851539303049
chr7	54000001	54500000	0.0572531282371362
chr7	54500001	55000000	0.0328895733403814
chr7	55000001	55500000	0.00346197247015228
chr7	55500001	56000000	0.0466045305636433
chr7	56000001	56500000	0.0523988217928729
chr7	57000001	57500000	-0.0872891982272499
chr7	62500001	63000000	NA
chr7	64000001	64500000	-0.0179591172077715
chr7	64500001	65000000	-0.023737467867078
chr7	66000001	66500000	0.0196729306005673
chr7	66500001	67000000	-0.00586073651054519
chr7	67000001	67500000	0.111845572624221
chr7	67500001	68000000	0.0132561770397282
chr7	68000001	68500000	0.000442318543805671
chr7	68500001	69000000	0.0397997967338798
chr7	69000001	69500000	0.00784858414064663
chr7	69500001	70000000	0.0817487501706354
chr7	70000001	70500000	0.0527986420156887
chr7	70500001	71000000	0.0627107883767982
chr7	71000001	71500000	0.0406386471038022
chr7	71500001	72000000	0.0406296897712004
chr7	72000001	72500000	-0.0109319767101993
chr7	73500001	74000000	0.0125747559442101
chr7	74000001	74500000	-0.0834086178020185
chr7	75500001	76000000	0.103854460910626
chr7	76000001	76500000	-0.0762574462742888
chr7	77000001	77500000	-0.0334901587112518
chr7	77500001	78000000	0.108215808063425
chr7	78000001	78500000	-0.0016914496895112
chr7	78500001	79000000	0.00843464645925922
chr7	79000001	79500000	-0.0753907008436585
chr7	79500001	80000000	0.0803532545022218
chr7	80000001	80500000	-0.0241780910120895
chr7	80500001	81000000	0.0938592661000321
chr7	81000001	81500000	0.0349965439760996
chr7	81500001	82000000	-0.00104150381773425
chr7	82000001	82500000	-0.000889147894063809
chr7	82500001	83000000	0.0132273651554351
chr7	83000001	83500000	-0.026611035821575
chr7	83500001	84000000	0.00331415795050299
chr7	84000001	84500000	-0.0404789425316048
chr7	84500001	85000000	-0.0307939244806182
chr7	85000001	85500000	0.132986229484831
chr7	85500001	86000000	0.0199344270438844
chr7	86000001	86500000	0.0373167583683938
chr7	86500001	87000000	0.00785684082238535
chr7	87000001	87500000	0.0438989212600065
chr7	87500001	88000000	-0.0213529469949834
chr7	88000001	88500000	0.123283070062876
chr7	88500001	89000000	0.0658043471286204
chr7	89000001	89500000	0.0518361922515432
chr7	89500001	90000000	0.0786658674276798
chr7	90000001	90500000	0.0266534726653509
chr7	90500001	91000000	0.0291876534418594
chr7	91000001	91500000	0.00494444180376067
chr7	91500001	92000000	0.129977908375734
chr7	92000001	92500000	0.0955687602266432
chr7	92500001	93000000	-0.00345083216868951
chr7	93000001	93500000	0.0528305187139611
chr7	93500001	94000000	0.0340353017858355
chr7	94000001	94500000	-0.00296780819658884
chr7	94500001	95000000	0.0689998606148637
chr7	95000001	95500000	-0.0210945667622468
chr7	95500001	96000000	0.022718579710414
chr7	96000001	96500000	0.0358214560319804
chr7	96500001	97000000	0.0366764267146339
chr7	97000001	97500000	0.132229736170667
chr7	97500001	98000000	0.179944204852616
chr7	98000001	98500000	0.0708105815023509
chr7	98500001	99000000	0.0659977506370622
chr7	99000001	99500000	-0.082266553806448
chr7	99500001	100000000	0.0533002539068147
chr7	100000001	100500000	-0.0550630125536615
chr7	100500001	101000000	0.193575895917404
chr7	101000001	101500000	0.00822887190289769
chr7	101500001	102000000	0.0624927250711883
chr7	102000001	102500000	-0.0749632486036266
chr7	103000001	103500000	0.178711025581252
chr7	103500001	104000000	0.0449053865162486
chr7	104000001	104500000	0.0456526839880556
chr7	104500001	105000000	0.0982877920013799
chr7	105000001	105500000	0.101186178329647
chr7	105500001	106000000	0.0212771168681389
chr7	106000001	106500000	0.119429368127797
chr7	106500001	107000000	0.0696591626382411
chr7	107000001	107500000	0.0282405185942495
chr7	107500001	108000000	0.104707818934072
chr7	108000001	108500000	0.0558391853225808
chr7	108500001	109000000	0.0532880058431809
chr7	109000001	109500000	0.141918150564261
chr7	109500001	110000000	0.0810508738601847
chr7	110000001	110500000	0.0828485866144322
chr7	110500001	111000000	0.108391473137328
chr7	111000001	111500000	0.112037513669574
chr7	111500001	112000000	0.0549029723284713
chr7	112000001	112500000	0.0724484592443032
chr7	112500001	113000000	0.0882254570813254
chr7	113000001	113500000	0.0561732248632223
chr7	113500001	114000000	0.0820946776746398
chr7	114000001	114500000	0.103432508633942
chr7	114500001	115000000	0.120916120795742
chr7	115000001	115500000	0.0893049874887146
chr7	115500001	116000000	0.0377800705719678
chr7	116000001	116500000	0.0520520558287583
chr7	116500001	117000000	0.0598357226391048
chr7	117000001	117500000	0.0459881487590798
chr7	117500001	118000000	0.0721519273641242
chr7	118000001	118500000	0.111215168320615
chr7	118500001	119000000	0.0885029936873567
chr7	119000001	119500000	0.0478512487364214
chr7	119500001	120000000	0.0569470732379709
chr7	120000001	120500000	0.0526151055160926
chr7	120500001	121000000	0.0756691007713873
chr7	121000001	121500000	0.0363807314738734
chr7	121500001	122000000	0.0969079914119262
chr7	122000001	122500000	0.0349371923115626
chr7	122500001	123000000	0.0321159058227781
chr7	123000001	123500000	0.0280714898581228
chr7	123500001	124000000	0.0863606335259902
chr7	124000001	124500000	0.127521548471142
chr7	124500001	125000000	0.0349438952196207
chr7	125000001	125500000	0.00761875470990403
chr7	125500001	126000000	0.0645472828354241
chr7	126000001	126500000	0.0230863549327954
chr7	126500001	127000000	0.0798157113794766
chr7	127000001	127500000	0.0678027021530897
chr7	127500001	128000000	0.115946021214118
chr7	128000001	128500000	0.0957166695435935
chr7	128500001	129000000	0.11169494810536
chr7	129000001	129500000	0.0400134685759542
chr7	129500001	130000000	0.00624059380376466
chr7	130000001	130500000	0.0187313016154889
chr7	130500001	131000000	0.108584315907766
chr7	131000001	131500000	0.133738765867498
chr7	131500001	132000000	0.049517873571698
chr7	132000001	132500000	0.040644542408811
chr7	132500001	133000000	0.151363102605893
chr7	133000001	133500000	0.00850946141288222
chr7	133500001	134000000	0.101737452905734
chr7	134000001	134500000	0.0462643601090617
chr7	134500001	135000000	0.0105652897747122
chr7	135000001	135500000	0.100685721647674
chr7	135500001	136000000	0.0382023324105308
chr7	136000001	136500000	0.0460195031502329
chr7	136500001	137000000	0.0638262345202517
chr7	137000001	137500000	0.100418057922031
chr7	137500001	138000000	0.0125964611734026
chr7	138000001	138500000	0.0232968541279136
chr7	138500001	139000000	0.0228916399023268
chr7	139000001	139500000	0.0876293392209322
chr7	139500001	140000000	0.0493823419507767
chr7	140000001	140500000	0.112726029687432
chr7	140500001	141000000	0.00238186507459308
chr7	141000001	141500000	0.092153711431516
chr7	141500001	142000000	0.0705749382964826
chr7	142000001	142500000	0.124045676101435
chr7	142500001	143000000	0.121538683233816
chr7	143000001	143500000	0.143167894625145
chr7	144000001	144500000	-0.201341659257737
chr7	144500001	145000000	-0.0112197024744044
chr7	145000001	145500000	0.0572117054764934
chr7	145500001	146000000	0.0575548256430308
chr7	146000001	146500000	0.119795226761413
chr7	146500001	147000000	0.0389062984623185
chr7	147000001	147500000	0.084575180975436
chr7	147500001	148000000	0.0981275250754028
chr7	148000001	148500000	0.0167599486932179
chr7	148500001	149000000	0.0439482720493715
chr7	149000001	149500000	0.0498234214088433
chr7	149500001	150000000	0.0115184709263024
chr7	150500001	151000000	0.150966696427561
chr7	151000001	151500000	0.0214485260155931
chr7	151500001	152000000	0.0295164137579445
chr7	152000001	152500000	0.166411514955103
chr7	152500001	153000000	0.0291720082386418
chr7	153000001	153500000	0.154941532013716
chr7	153500001	154000000	0.0213691484138459
chr7	154000001	154500000	0.0881290037952332
chr7	154500001	155000000	NA
chr7	155000001	155500000	0.0143507741170998
chr7	155500001	156000000	0.0376175879632593
chr7	156000001	156500000	0.0694155267869763
chr7	156500001	157000000	0.0446141439411269
chr7	157000001	157500000	-0.0149322727335111
chr7	157500001	158000000	0.0233401129108713
chr7	158000001	158500000	0.0242332180556561
chr7	158500001	159000000	-0.000104283135640787
chr7	159000001	159500000	NA
chr8	500001	1000000	-0.0775394269197437
chr8	1000001	1500000	-0.032613643402259
chr8	1500001	2000000	-0.0341076004387879
chr8	2500001	3000000	-0.197700711477548
chr8	3000001	3500000	-0.111354378132085
chr8	3500001	4000000	-0.0827925016522678
chr8	4000001	4500000	-0.146596616290072
chr8	4500001	5000000	-0.0831788713128102
chr8	5000001	5500000	0.0279724358111315
chr8	5500001	6000000	-0.0421414181916974
chr8	6000001	6500000	-0.0193882532476653
chr8	6500001	7000000	-0.113371563827846
chr8	8500001	9000000	0.0159373905422576
chr8	9000001	9500000	-0.150225060935938
chr8	9500001	10000000	-0.0416683256632523
chr8	10000001	10500000	-0.0542602454720848
chr8	10500001	11000000	-0.118089818262114
chr8	11000001	11500000	-0.116530604000065
chr8	11500001	12000000	-0.129990280119514
chr8	13000001	13500000	-0.175485755901808
chr8	13500001	14000000	-0.170076814524985
chr8	14000001	14500000	-0.064603342746434
chr8	14500001	15000000	-0.100130861493832
chr8	15000001	15500000	-0.1470819207176
chr8	15500001	16000000	-0.0606940097883241
chr8	16000001	16500000	-0.10993432325748
chr8	16500001	17000000	-0.0584909535201038
chr8	17000001	17500000	-0.0632451137811417
chr8	17500001	18000000	-0.144981837717893
chr8	18000001	18500000	-0.199325283795406
chr8	18500001	19000000	-0.155378558361329
chr8	19000001	19500000	-0.0988137447459208
chr8	19500001	20000000	-0.0430306599280704
chr8	20000001	20500000	-0.00411885856083935
chr8	20500001	21000000	-0.0988570729075663
chr8	21000001	21500000	-0.0721910318257019
chr8	21500001	22000000	-0.0781528172784623
chr8	22000001	22500000	-0.204251952411924
chr8	22500001	23000000	-0.0644015480592086
chr8	23000001	23500000	-0.0366119641633448
chr8	23500001	24000000	-0.0844959212899543
chr8	24000001	24500000	-0.102310124253095
chr8	24500001	25000000	-0.107043333910053
chr8	25000001	25500000	0.0174089568942427
chr8	25500001	26000000	-0.0144289278620057
chr8	26000001	26500000	-0.115752945587669
chr8	26500001	27000000	-0.057830039757945
chr8	27000001	27500000	-0.0924249648714378
chr8	27500001	28000000	-0.0770949613085852
chr8	28000001	28500000	-0.128591467660732
chr8	28500001	29000000	-0.121895150768819
chr8	29000001	29500000	-0.0448791516822213
chr8	29500001	30000000	-0.0239007327574031
chr8	30000001	30500000	-0.112956436121759
chr8	30500001	31000000	-0.232148749407754
chr8	31000001	31500000	-0.169061590568573
chr8	31500001	32000000	-0.0700830107114736
chr8	32000001	32500000	-0.108208492509802
chr8	32500001	33000000	-0.0912264380854463
chr8	33000001	33500000	-0.0220214350462667
chr8	33500001	34000000	-0.0671693263013434
chr8	34000001	34500000	0.0291790083748693
chr8	34500001	35000000	-0.0131560062754227
chr8	35000001	35500000	-0.0672996242651046
chr8	35500001	36000000	-0.0477289663776553
chr8	36000001	36500000	0.00772831940017257
chr8	36500001	37000000	-0.00207881654939169
chr8	37000001	37500000	-0.0554387804127567
chr8	37500001	38000000	-0.0454350105006199
chr8	38000001	38500000	0.00233223593132345
chr8	38500001	39000000	0.12586995460135
chr8	39000001	39500000	0.147739699754492
chr8	39500001	40000000	0.144576554884419
chr8	40000001	40500000	0.214542739886131
chr8	40500001	41000000	0.201681522826995
chr8	41000001	41500000	0.207928869353519
chr8	41500001	42000000	0.207145018083858
chr8	42000001	42500000	0.163461831347871
chr8	42500001	43000000	0.0322850117585684
chr8	47500001	48000000	0.2255304641805
chr8	48000001	48500000	0.200795486824692
chr8	48500001	49000000	0.165322851387239
chr8	49000001	49500000	0.175643364891622
chr8	49500001	50000000	0.152954544972433
chr8	50000001	50500000	0.162635720447312
chr8	50500001	51000000	0.230970235199844
chr8	51000001	51500000	0.10858034735824
chr8	51500001	52000000	0.0917312583040987
chr8	52000001	52500000	0.168081023353167
chr8	52500001	53000000	0.179539367465172
chr8	53000001	53500000	0.104519423446723
chr8	53500001	54000000	0.14470848668409
chr8	54000001	54500000	0.0622796583940236
chr8	54500001	55000000	0.22571309277902
chr8	55000001	55500000	0.153069117427576
chr8	55500001	56000000	0.252883039249771
chr8	56000001	56500000	0.173888822668189
chr8	56500001	57000000	0.161815962487789
chr8	57000001	57500000	0.169162114409959
chr8	57500001	58000000	0.22259965942591
chr8	58000001	58500000	0.243914098370195
chr8	58500001	59000000	0.187507758502754
chr8	59000001	59500000	0.204956614324035
chr8	59500001	60000000	0.212571380012026
chr8	60000001	60500000	0.212684187026517
chr8	60500001	61000000	0.251094575889193
chr8	61000001	61500000	0.192426454636424
chr8	61500001	62000000	0.259348622571039
chr8	62000001	62500000	0.149255679231258
chr8	62500001	63000000	0.155508116035396
chr8	63000001	63500000	0.282287545129634
chr8	63500001	64000000	0.214664620381962
chr8	64000001	64500000	0.250917041932845
chr8	64500001	65000000	0.261290438611401
chr8	65000001	65500000	0.176198688030188
chr8	65500001	66000000	0.245876262879508
chr8	66000001	66500000	0.22936124514101
chr8	66500001	67000000	0.072140867850542
chr8	67000001	67500000	0.258969613261856
chr8	67500001	68000000	0.175220895241015
chr8	68000001	68500000	0.173302636882313
chr8	68500001	69000000	0.194859129239515
chr8	69000001	69500000	0.228463764853061
chr8	69500001	70000000	0.271470216919327
chr8	70000001	70500000	0.181893647816532
chr8	70500001	71000000	0.216527877077977
chr8	71000001	71500000	0.21441640964302
chr8	71500001	72000000	0.203482308366547
chr8	72000001	72500000	0.226571174268793
chr8	72500001	73000000	0.165339324685851
chr8	73000001	73500000	0.239964880477728
chr8	73500001	74000000	0.144773393352379
chr8	74000001	74500000	0.209824373823229
chr8	74500001	75000000	0.259167415417004
chr8	75000001	75500000	0.128414263756346
chr8	75500001	76000000	0.23541650966545
chr8	76000001	76500000	0.270753441563715
chr8	76500001	77000000	0.279845739228982
chr8	77000001	77500000	0.232131805891004
chr8	77500001	78000000	0.247444291634164
chr8	78000001	78500000	0.225675292519037
chr8	78500001	79000000	0.168763300613118
chr8	79000001	79500000	0.284853316967592
chr8	79500001	80000000	0.220926356957625
chr8	80000001	80500000	0.20687567242775
chr8	80500001	81000000	0.19366041398496
chr8	81000001	81500000	0.216808352666885
chr8	81500001	82000000	0.188437390393906
chr8	82000001	82500000	0.225496461392308
chr8	82500001	83000000	0.252025023571888
chr8	83000001	83500000	0.149589225873875
chr8	83500001	84000000	0.234130299950638
chr8	84000001	84500000	0.15378088099924
chr8	84500001	85000000	0.221257535571709
chr8	85000001	85500000	0.150051545517212
chr8	86000001	86500000	0.18438171585718
chr8	86500001	87000000	0.235794675134317
chr8	87000001	87500000	0.264452148406696
chr8	87500001	88000000	0.164876318067891
chr8	88000001	88500000	0.1780026305482
chr8	88500001	89000000	0.312943139725013
chr8	89000001	89500000	0.241554243012855
chr8	89500001	90000000	0.209482798649115
chr8	90000001	90500000	0.225135480949807
chr8	90500001	91000000	0.073057571366312
chr8	91000001	91500000	0.185227563910932
chr8	91500001	92000000	0.201265073918378
chr8	92000001	92500000	0.237677957963523
chr8	92500001	93000000	0.205283567869035
chr8	93000001	93500000	0.205066734056891
chr8	93500001	94000000	0.229753859906341
chr8	94000001	94500000	0.211017914185541
chr8	94500001	95000000	0.203709426930719
chr8	95000001	95500000	0.208437180877441
chr8	95500001	96000000	0.167811783231068
chr8	96000001	96500000	0.249338642438845
chr8	96500001	97000000	0.27786225258347
chr8	97000001	97500000	0.227322521756306
chr8	97500001	98000000	0.0710492539988196
chr8	98000001	98500000	0.132426337620338
chr8	98500001	99000000	0.178235853489646
chr8	99000001	99500000	0.237109623626356
chr8	99500001	100000000	0.232757191283935
chr8	100000001	100500000	0.203488417499009
chr8	100500001	101000000	0.211164438696499
chr8	101000001	101500000	0.149199632514342
chr8	101500001	102000000	0.202444940725896
chr8	102000001	102500000	0.213587120211082
chr8	102500001	103000000	0.236511633364987
chr8	103000001	103500000	0.221729499959296
chr8	103500001	104000000	0.208174528720137
chr8	104000001	104500000	0.215102979505465
chr8	104500001	105000000	0.196717321403106
chr8	105000001	105500000	0.240706366737537
chr8	105500001	106000000	0.117527964672495
chr8	106000001	106500000	0.214661587164602
chr8	106500001	107000000	0.191883823531504
chr8	107000001	107500000	0.218491741101296
chr8	107500001	108000000	0.181223397980418
chr8	108000001	108500000	0.140444515540569
chr8	108500001	109000000	0.286529918166519
chr8	109000001	109500000	0.174511700682622
chr8	109500001	110000000	0.2538006991639
chr8	110000001	110500000	0.216600967894719
chr8	110500001	111000000	0.215940162022438
chr8	111000001	111500000	0.19905508380052
chr8	111500001	112000000	0.159657950370263
chr8	112000001	112500000	0.223194583623137
chr8	112500001	113000000	NA
chr8	113000001	113500000	0.242392591688088
chr8	113500001	114000000	0.126779334697503
chr8	114000001	114500000	0.173366537801296
chr8	114500001	115000000	0.166289912753946
chr8	115000001	115500000	0.18935614939081
chr8	115500001	116000000	0.260143570360675
chr8	116000001	116500000	0.24296812950368
chr8	116500001	117000000	0.183362932911399
chr8	117000001	117500000	0.217182068830346
chr8	117500001	118000000	0.203384820616573
chr8	118000001	118500000	0.211003664013855
chr8	118500001	119000000	0.138153647191756
chr8	119000001	119500000	0.165485494517634
chr8	119500001	120000000	0.213006062710558
chr8	120000001	120500000	0.236807512120077
chr8	120500001	121000000	0.20066231780322
chr8	121000001	121500000	0.184326890847054
chr8	121500001	122000000	0.244627820657717
chr8	122000001	122500000	0.224490405793213
chr8	122500001	123000000	0.261121120876835
chr8	123000001	123500000	0.18632194761958
chr8	123500001	124000000	0.221614243506042
chr8	124000001	124500000	0.216795429340745
chr8	124500001	125000000	0.206566380676254
chr8	125000001	125500000	0.208092223670184
chr8	125500001	126000000	0.304755401407455
chr8	126000001	126500000	0.155025805051764
chr8	126500001	127000000	0.228090995013044
chr8	127000001	127500000	0.298130615308503
chr8	127500001	128000000	0.253815472594417
chr8	128000001	128500000	0.262459032122571
chr8	128500001	129000000	0.232702705231731
chr8	129000001	129500000	0.274098239807348
chr8	129500001	130000000	0.332929598119634
chr8	130000001	130500000	0.308825970331427
chr8	130500001	131000000	0.231676908449669
chr8	131000001	131500000	0.225617075890114
chr8	131500001	132000000	0.275250533054856
chr8	132000001	132500000	0.196166951793185
chr8	132500001	133000000	0.220243853740713
chr8	133000001	133500000	0.300150831598617
chr8	133500001	134000000	0.229423136395815
chr8	134000001	134500000	0.201632247318868
chr8	134500001	135000000	0.204385837403938
chr8	135000001	135500000	0.257110096277142
chr8	135500001	136000000	0.234933446535074
chr8	136000001	136500000	0.2621775810887
chr8	136500001	137000000	0.125587004740398
chr8	137000001	137500000	0.145110159056344
chr8	137500001	138000000	0.229945909880599
chr8	138000001	138500000	0.221974501369027
chr8	138500001	139000000	0.233814486845626
chr8	139000001	139500000	0.295737971958461
chr8	139500001	140000000	0.220343109364788
chr8	140000001	140500000	0.176109622710291
chr8	140500001	141000000	0.132692323526973
chr8	141000001	141500000	0.308052997798755
chr8	141500001	142000000	0.251570206558125
chr8	142000001	142500000	0.212114848804713
chr8	142500001	143000000	0.233936818555811
chr8	143000001	143500000	0.253254706695752
chr8	143500001	144000000	0.247444553972364
chr8	144000001	144500000	0.194890307679478
chr8	144500001	145000000	0.176970872339342
chr9	500001	1000000	-0.0967715234376636
chr9	1000001	1500000	-0.114733314099616
chr9	1500001	2000000	-0.0665758828825456
chr9	2000001	2500000	-0.0808693812324694
chr9	2500001	3000000	-0.0139878707394482
chr9	3000001	3500000	-0.0476722248422832
chr9	3500001	4000000	-0.0556280352868706
chr9	4000001	4500000	-0.0818085026660394
chr9	4500001	5000000	-0.112978791348232
chr9	5000001	5500000	-0.0124565562132788
chr9	5500001	6000000	-0.0327543955523143
chr9	6000001	6500000	-0.0759145297308514
chr9	6500001	7000000	-0.13168135999133
chr9	7000001	7500000	-0.0112417014629945
chr9	7500001	8000000	0.013077049187206
chr9	8000001	8500000	-0.0953575758958248
chr9	8500001	9000000	-0.0144597408503607
chr9	9000001	9500000	-0.0637205895728462
chr9	9500001	10000000	-0.0715329606648741
chr9	10000001	10500000	-0.127553162077202
chr9	10500001	11000000	-0.074558693831388
chr9	11000001	11500000	-0.0977396600612235
chr9	11500001	12000000	-0.111573192110584
chr9	12000001	12500000	-0.0620715697362027
chr9	12500001	13000000	-0.117379396721104
chr9	13000001	13500000	-0.0852490600906263
chr9	13500001	14000000	-0.0941174762889236
chr9	14000001	14500000	-0.0524533156141115
chr9	14500001	15000000	-0.0324878307569363
chr9	15000001	15500000	-0.128136975738117
chr9	15500001	16000000	-0.0538717368351032
chr9	16000001	16500000	-0.108327300400255
chr9	16500001	17000000	-0.107220272959602
chr9	17000001	17500000	-0.101143703036565
chr9	17500001	18000000	-0.074092474739462
chr9	18000001	18500000	-0.109234150325079
chr9	18500001	19000000	-0.156054360213938
chr9	19000001	19500000	-0.0743462754516224
chr9	19500001	20000000	-0.021888010023603
chr9	20000001	20500000	-0.0967005555721967
chr9	20500001	21000000	-0.031664845943053
chr9	21000001	21500000	-0.0461649186950957
chr9	21500001	22000000	-0.0815868032609587
chr9	22000001	22500000	-0.0984402364226004
chr9	22500001	23000000	-0.0640009808670172
chr9	23000001	23500000	-0.119004071449991
chr9	23500001	24000000	-0.0747723618773174
chr9	24000001	24500000	-0.0535497529548367
chr9	24500001	25000000	-0.0729417729757748
chr9	25000001	25500000	-0.175443007520147
chr9	25500001	26000000	-0.0589457996755923
chr9	26000001	26500000	-0.105168515452526
chr9	26500001	27000000	-0.122673192865436
chr9	27000001	27500000	-0.130377885478788
chr9	27500001	28000000	-0.0754231114857548
chr9	28000001	28500000	-0.0477235283393374
chr9	28500001	29000000	-0.012228801852785
chr9	29000001	29500000	-0.0288906064648142
chr9	29500001	30000000	-0.0680838024207649
chr9	30000001	30500000	-0.0368409736990116
chr9	30500001	31000000	-0.0756631458238256
chr9	31000001	31500000	-0.0797420922241326
chr9	31500001	32000000	-0.134610954120511
chr9	32000001	32500000	-0.050148041453138
chr9	32500001	33000000	-0.065624721191107
chr9	33000001	33500000	-0.0744333942646227
chr9	33500001	34000000	0.0302780501700498
chr9	34000001	34500000	-0.0577993589559473
chr9	34500001	35000000	0.0200205054137436
chr9	35000001	35500000	-0.0304413581899435
chr9	35500001	36000000	-0.0642269480426235
chr9	36000001	36500000	-0.030792013603124
chr9	36500001	37000000	-0.069280251973901
chr9	37000001	37500000	-0.0709925495156522
chr9	37500001	38000000	-0.0581549823775451
chr9	38000001	38500000	-0.0233851561694352
chr9	68500001	69000000	-0.00569778822167492
chr9	69000001	69500000	-0.093753175598198
chr9	69500001	70000000	-0.0540439512718158
chr9	70000001	70500000	-0.0610894775833408
chr9	70500001	71000000	-0.0275127209877913
chr9	71000001	71500000	-0.094924529316265
chr9	71500001	72000000	-0.0808987215600978
chr9	72000001	72500000	-0.0643058486879633
chr9	72500001	73000000	-0.0450648202618749
chr9	73000001	73500000	-0.101226326645718
chr9	73500001	74000000	-0.041949664299786
chr9	74000001	74500000	-0.00386316494366052
chr9	74500001	75000000	-0.0708975745441687
chr9	75000001	75500000	-0.0033583700428122
chr9	75500001	76000000	-0.0886958554251433
chr9	76000001	76500000	-0.0272279098487112
chr9	76500001	77000000	-0.0528996950538087
chr9	77000001	77500000	-0.0722431566110031
chr9	77500001	78000000	-0.0348101048900746
chr9	78000001	78500000	0.0320566922510473
chr9	78500001	79000000	-0.0582181932909895
chr9	79000001	79500000	-0.0385644868321413
chr9	79500001	80000000	-0.00869058920143364
chr9	80000001	80500000	-0.103189670903634
chr9	80500001	81000000	-0.00545150665929505
chr9	81000001	81500000	-0.0423714253600277
chr9	81500001	82000000	-0.0337621466641316
chr9	82000001	82500000	-0.0314139851144878
chr9	82500001	83000000	-0.0869141589484359
chr9	83000001	83500000	-0.0563455888139699
chr9	83500001	84000000	-0.0814238896458266
chr9	84000001	84500000	-0.103824457158311
chr9	84500001	85000000	-0.0231558367376285
chr9	85000001	85500000	-0.035086966548946
chr9	85500001	86000000	-0.119462447440876
chr9	86000001	86500000	-0.100474314008029
chr9	86500001	87000000	-0.0594876277500404
chr9	87000001	87500000	-0.0818821644607635
chr9	87500001	88000000	-0.0415733347441052
chr9	88000001	88500000	-0.00287908983518539
chr9	88500001	89000000	-0.0688730060025099
chr9	89000001	89500000	-0.0500827824202816
chr9	89500001	90000000	NA
chr9	90000001	90500000	-0.0433897102333352
chr9	90500001	91000000	0.0379620962797807
chr9	91000001	91500000	-0.0631453626323016
chr9	91500001	92000000	-0.0506737340789763
chr9	92000001	92500000	-0.0891176367846748
chr9	92500001	93000000	0.0321722884480094
chr9	93000001	93500000	-0.0599548497880369
chr9	93500001	94000000	-0.10622962731559
chr9	94000001	94500000	-0.0238137581075277
chr9	94500001	95000000	-0.0559384363589412
chr9	95000001	95500000	-0.167810164010077
chr9	95500001	96000000	-0.0899080023595106
chr9	96000001	96500000	-0.159564238862151
chr9	96500001	97000000	-0.126703173367374
chr9	97000001	97500000	0.023887043749454
chr9	97500001	98000000	-0.00971169392208146
chr9	98000001	98500000	-0.00488314245517293
chr9	98500001	99000000	-0.0154108885923094
chr9	99000001	99500000	0.0100908057061012
chr9	99500001	100000000	-0.0603396979154953
chr9	100000001	100500000	-0.148780093837068
chr9	100500001	101000000	-0.0378167774443409
chr9	101000001	101500000	-0.0468794911036671
chr9	101500001	102000000	-0.0412468136510098
chr9	102000001	102500000	-0.0269352957790223
chr9	102500001	103000000	-0.0887352621553742
chr9	103000001	103500000	-0.0433872728930223
chr9	103500001	104000000	-0.0840365254036323
chr9	104000001	104500000	-0.0483808737787762
chr9	104500001	105000000	-0.0376970819664277
chr9	105000001	105500000	-0.0174707713264917
chr9	105500001	106000000	-0.00167251169675998
chr9	106000001	106500000	0.0653987868049033
chr9	106500001	107000000	0.0888734629565951
chr9	107000001	107500000	0.0233087388719592
chr9	107500001	108000000	0.0902777777837192
chr9	108000001	108500000	0.0465007964708445
chr9	108500001	109000000	-0.0605134809489419
chr9	109000001	109500000	-0.0566724494824676
chr9	109500001	110000000	0.000449411800766825
chr9	110000001	110500000	-0.0236337120574194
chr9	110500001	111000000	-0.0108222398779268
chr9	111000001	111500000	-0.0234700772096854
chr9	111500001	112000000	0.00370780459880807
chr9	112000001	112500000	-0.0329714529154106
chr9	112500001	113000000	-0.0396699517338176
chr9	113000001	113500000	-0.051065070723268
chr9	113500001	114000000	-0.0567186655502522
chr9	114000001	114500000	0.1242665905252
chr9	114500001	115000000	0.0355130889091306
chr9	115000001	115500000	-0.00757403964163552
chr9	115500001	116000000	-0.0678082336493731
chr9	116000001	116500000	-0.0284106470910115
chr9	116500001	117000000	0.0167397462121684
chr9	117000001	117500000	-0.00547525993663565
chr9	117500001	118000000	0.0473390679595973
chr9	118000001	118500000	-0.0347818567829595
chr9	118500001	119000000	-0.0732672608962871
chr9	119000001	119500000	-0.0462096556043328
chr9	119500001	120000000	-0.0609539810288949
chr9	120000001	120500000	-0.00888495221614331
chr9	120500001	121000000	0.0250377191668091
chr9	121000001	121500000	0.0978848434330449
chr9	121500001	122000000	-0.0354604197608708
chr9	122000001	122500000	-0.00517969481737191
chr9	122500001	123000000	-0.0453449218168545
chr9	123000001	123500000	-0.0490279157447801
chr9	123500001	124000000	0.106472590661253
chr9	124000001	124500000	0.0291452215695435
chr9	124500001	125000000	-0.0998287557666252
chr9	125000001	125500000	-0.0617835815975593
chr9	125500001	126000000	-0.0485520369493783
chr9	126000001	126500000	-0.0549046680452545
chr9	126500001	127000000	-0.0661941014218627
chr9	127000001	127500000	0.0257210541520139
chr9	127500001	128000000	-0.0122311819874273
chr9	128000001	128500000	-0.0425447615685716
chr9	128500001	129000000	-0.0382640892926722
chr9	129000001	129500000	-0.00860452809079856
chr9	129500001	130000000	0.0263138585046292
chr9	130000001	130500000	-0.120711034662676
chr9	130500001	131000000	-0.0874659973454356
chr9	131000001	131500000	-0.00492698953661364
chr9	131500001	132000000	0.0431899030105057
chr9	132000001	132500000	-0.0797923949227622
chr9	132500001	133000000	-0.0665203826978609
chr9	133000001	133500000	-0.165202604562019
chr9	133500001	134000000	-0.072715221076702
chr9	134000001	134500000	NA
chr9	134500001	135000000	-0.0693027787812977
chr9	135000001	135500000	-0.111192278514693
chr9	135500001	136000000	-0.145672392539596
chr9	136000001	136500000	-0.139058997395323
chr9	136500001	137000000	-0.022431737450617
chr9	137000001	137500000	NA
chr9	137500001	138000000	-0.073622746665334
chr10	1	500000	NA
chr10	500001	1000000	0.112041546098377
chr10	1000001	1500000	0.132630216955149
chr10	1500001	2000000	0.128198279759157
chr10	2000001	2500000	0.21437526400076
chr10	2500001	3000000	0.0726123584687793
chr10	3000001	3500000	0.101916704561155
chr10	3500001	4000000	0.0924705441472819
chr10	4000001	4500000	0.120139852195839
chr10	4500001	5000000	0.126544878518192
chr10	5000001	5500000	0.20532851086075
chr10	5500001	6000000	0.164139979414062
chr10	6000001	6500000	0.21230622583541
chr10	6500001	7000000	0.229299587102867
chr10	7000001	7500000	0.177802333764119
chr10	7500001	8000000	0.0828486080579184
chr10	8000001	8500000	0.132441149214857
chr10	8500001	9000000	0.0919998474860093
chr10	9000001	9500000	0.110254832219332
chr10	9500001	10000000	0.138760803660039
chr10	10000001	10500000	0.145652116487985
chr10	10500001	11000000	0.172045225326201
chr10	11000001	11500000	0.178267974302606
chr10	11500001	12000000	0.121465248412143
chr10	12000001	12500000	0.201444497857036
chr10	12500001	13000000	0.162345559970529
chr10	13000001	13500000	0.0974604174991303
chr10	13500001	14000000	0.157173958116759
chr10	14000001	14500000	0.110067188515321
chr10	14500001	15000000	0.166605338689579
chr10	15000001	15500000	0.148538500487527
chr10	15500001	16000000	0.0959097038037632
chr10	16000001	16500000	0.126133144656144
chr10	16500001	17000000	0.205983611587848
chr10	17000001	17500000	0.16968944879999
chr10	17500001	18000000	0.0857182728324211
chr10	18000001	18500000	0.112636408378929
chr10	18500001	19000000	0.156995191796397
chr10	19000001	19500000	0.125741799192698
chr10	19500001	20000000	0.178848807573656
chr10	20000001	20500000	0.17646027344287
chr10	20500001	21000000	0.196655199410032
chr10	21000001	21500000	0.11846894575875
chr10	21500001	22000000	0.150906314372758
chr10	22000001	22500000	0.141379798336633
chr10	22500001	23000000	0.00843413192830193
chr10	23000001	23500000	0.0545172504778015
chr10	23500001	24000000	0.142239873723873
chr10	24000001	24500000	0.092804152440518
chr10	24500001	25000000	0.00349210342158921
chr10	25000001	25500000	0.00482470685035395
chr10	25500001	26000000	0.137211052725075
chr10	26000001	26500000	0.126304407020324
chr10	26500001	27000000	0.125655477259457
chr10	27000001	27500000	0.19701409087859
chr10	27500001	28000000	0.0944918279584328
chr10	28000001	28500000	0.187034026397258
chr10	28500001	29000000	0.0978645403130383
chr10	29000001	29500000	0.12884229266779
chr10	29500001	30000000	0.196837635287878
chr10	30000001	30500000	0.213360943877743
chr10	30500001	31000000	0.1715286488564
chr10	31000001	31500000	0.183727092027565
chr10	31500001	32000000	0.20980250844782
chr10	32000001	32500000	0.130953940867609
chr10	32500001	33000000	0.19620959707906
chr10	33000001	33500000	0.154093573737482
chr10	33500001	34000000	0.164672514918678
chr10	34000001	34500000	0.115458239532731
chr10	34500001	35000000	0.0888338557382901
chr10	35000001	35500000	0.112057438539609
chr10	35500001	36000000	0.0291596125610841
chr10	36000001	36500000	0.0393337885493597
chr10	36500001	37000000	0.0941678552591257
chr10	37000001	37500000	0.0487760619106153
chr10	42500001	43000000	0.0783283381405269
chr10	43000001	43500000	0.0645573168527453
chr10	43500001	44000000	0.0118053230010361
chr10	44000001	44500000	0.0901533384615692
chr10	44500001	45000000	0.095972937942389
chr10	45000001	45500000	0.0683126784950682
chr10	47000001	47500000	0.0172579458000313
chr10	48000001	48500000	-0.0936179978238887
chr10	48500001	49000000	0.104100633615512
chr10	49000001	49500000	0.0845270601147562
chr10	49500001	50000000	0.0486657338365902
chr10	50000001	50500000	0.0146344959234834
chr10	50500001	51000000	0.068642708022421
chr10	51000001	51500000	-0.0222169843131561
chr10	51500001	52000000	0.0321791026410913
chr10	52000001	52500000	-0.00651058599293914
chr10	52500001	53000000	-0.0514146737092927
chr10	53000001	53500000	NA
chr10	53500001	54000000	0.00751166342646314
chr10	54000001	54500000	0.00470467078127356
chr10	54500001	55000000	0.0311697692880718
chr10	55000001	55500000	-0.0565426368584261
chr10	55500001	56000000	-0.0468576632520105
chr10	56000001	56500000	-0.0573460470210322
chr10	56500001	57000000	-0.0161164637568986
chr10	57000001	57500000	-0.0384867454235366
chr10	57500001	58000000	0.0027143553710206
chr10	58000001	58500000	NA
chr10	58500001	59000000	-0.00828519959938733
chr10	59000001	59500000	0.0124671849819713
chr10	59500001	60000000	NA
chr10	60000001	60500000	-0.0228618490497672
chr10	60500001	61000000	-0.0584360187380687
chr10	61000001	61500000	0.0379146934284587
chr10	61500001	62000000	-2.84100210484525e-05
chr10	62000001	62500000	0.0139659559379496
chr10	62500001	63000000	NA
chr10	63000001	63500000	0.0341772012987218
chr10	63500001	64000000	-0.0120413822106641
chr10	64000001	64500000	0.0263447481053792
chr10	64500001	65000000	-0.0316612417944485
chr10	65000001	65500000	-0.0830034864242408
chr10	65500001	66000000	-0.073567658378019
chr10	66000001	66500000	-0.0584229847303011
chr10	66500001	67000000	-0.0649480203037679
chr10	67000001	67500000	0.0825490153154927
chr10	67500001	68000000	0.0261993909856341
chr10	68000001	68500000	-0.00942261214192326
chr10	68500001	69000000	-0.0449521235751396
chr10	69000001	69500000	-0.0231510752717245
chr10	69500001	70000000	-0.0267500593618852
chr10	70000001	70500000	0.0510283522507221
chr10	70500001	71000000	0.0508865289603122
chr10	71000001	71500000	0.0525273593808226
chr10	71500001	72000000	0.131648185131986
chr10	72000001	72500000	0.00699780710330515
chr10	72500001	73000000	0.0468933793335111
chr10	73000001	73500000	0.0134442822775843
chr10	73500001	74000000	-0.098749505479043
chr10	74000001	74500000	0.0617679589693551
chr10	74500001	75000000	0.0127061195346389
chr10	75000001	75500000	-0.0258252801486698
chr10	75500001	76000000	0.0739468102628024
chr10	76000001	76500000	0.0887409208684597
chr10	76500001	77000000	-0.0653885470891041
chr10	77000001	77500000	0.00748936342947283
chr10	77500001	78000000	0.0129789136186592
chr10	78000001	78500000	0.0765447071832932
chr10	78500001	79000000	0.07804497865508
chr10	79000001	79500000	0.0761630957715542
chr10	80000001	80500000	0.0332824765448903
chr10	80500001	81000000	-0.0446801216627002
chr10	81000001	81500000	-0.0646636124597368
chr10	81500001	82000000	0.0265966020117997
chr10	82000001	82500000	0.0567701022134486
chr10	82500001	83000000	0.0163525244977479
chr10	83000001	83500000	-0.0148440381025651
chr10	83500001	84000000	-0.0803886460809324
chr10	84000001	84500000	-0.02993128475631
chr10	84500001	85000000	0.0262423978349379
chr10	85000001	85500000	0.0211713344652562
chr10	85500001	86000000	0.0162347541016072
chr10	86000001	86500000	-0.00800633211378277
chr10	86500001	87000000	0.0153578274019078
chr10	87500001	88000000	-0.0392407504510547
chr10	88000001	88500000	0.0753445701533568
chr10	88500001	89000000	0.0817591495362105
chr10	89000001	89500000	0.019674198345117
chr10	89500001	90000000	-0.0715250729691486
chr10	90000001	90500000	-0.00373175296550046
chr10	90500001	91000000	-0.0388061127843317
chr10	91000001	91500000	-0.000202911851442337
chr10	91500001	92000000	-0.0457941571484933
chr10	92000001	92500000	0.0599453206975823
chr10	92500001	93000000	0.0190185460792386
chr10	93000001	93500000	0.0346166100785476
chr10	93500001	94000000	-0.0889478158955117
chr10	94000001	94500000	-0.06817292712545
chr10	94500001	95000000	-0.000779837124716185
chr10	95000001	95500000	-0.0960281744447925
chr10	95500001	96000000	0.0560887295578107
chr10	96000001	96500000	-0.0127199903225574
chr10	96500001	97000000	0.0277707709029057
chr10	97000001	97500000	0.0354414027821469
chr10	97500001	98000000	0.0534871834204389
chr10	98000001	98500000	0.0148557211026986
chr10	98500001	99000000	0.0294148796870083
chr10	99000001	99500000	0.0262231625476642
chr10	99500001	100000000	0.0502620746830608
chr10	100000001	100500000	0.084037233419775
chr10	100500001	101000000	-0.0736751215276704
chr10	101000001	101500000	-0.0452768680519501
chr10	101500001	102000000	0.00726625278749311
chr10	102000001	102500000	0.0273771710037882
chr10	102500001	103000000	-0.101409909778334
chr10	103000001	103500000	0.0158497691621443
chr10	103500001	104000000	0.0281148351605821
chr10	104000001	104500000	0.0753652286468908
chr10	104500001	105000000	0.0282608783541563
chr10	105000001	105500000	0.00145705133975216
chr10	105500001	106000000	0.0650913829907757
chr10	106000001	106500000	0.0571593722291388
chr10	106500001	107000000	0.0272597905078431
chr10	107000001	107500000	-0.0250342299925723
chr10	107500001	108000000	-0.0455436886297392
chr10	108000001	108500000	-0.117262659935418
chr10	108500001	109000000	0.0111497513468803
chr10	109000001	109500000	-0.0322357620268101
chr10	109500001	110000000	-0.0314950398747964
chr10	110000001	110500000	-0.0742090064032185
chr10	110500001	111000000	-0.0953595689915327
chr10	111000001	111500000	-0.054838266775064
chr10	111500001	112000000	0.0665113429438825
chr10	112000001	112500000	0.0400729330314019
chr10	112500001	113000000	0.060310460313615
chr10	113000001	113500000	0.125101117636632
chr10	113500001	114000000	0.0267547420980662
chr10	114000001	114500000	NA
chr10	114500001	115000000	-0.0675137803288808
chr10	115000001	115500000	0.0217527495884236
chr10	115500001	116000000	0.0459224401289672
chr10	116000001	116500000	-0.0259715317328499
chr10	116500001	117000000	-0.0298278564815949
chr10	117000001	117500000	0.0886468488446365
chr10	117500001	118000000	0.0255950277543882
chr10	118000001	118500000	-0.0391389711719676
chr10	118500001	119000000	0.0285635591761935
chr10	119000001	119500000	-0.05466259796995
chr10	119500001	120000000	0.0749388245205404
chr10	120000001	120500000	0.0114310992895896
chr10	120500001	121000000	-0.0210418338030518
chr10	121000001	121500000	0.0892424878090268
chr10	121500001	122000000	-0.00765518872496044
chr10	122000001	122500000	0.0512651560923425
chr10	122500001	123000000	0.0313660080281303
chr10	123000001	123500000	-0.00869966539264765
chr10	123500001	124000000	-0.0131822174630192
chr10	124000001	124500000	NA
chr10	124500001	125000000	0.0342713151645399
chr10	125000001	125500000	0.0436371649704796
chr10	125500001	126000000	0.0204680789705637
chr10	126000001	126500000	-0.0128203501996897
chr10	126500001	127000000	0.00495661853604523
chr10	127000001	127500000	0.00372813879965479
chr10	127500001	128000000	0.0467871187394122
chr10	128000001	128500000	0.0290862224792063
chr10	128500001	129000000	-0.0840946489985945
chr10	129000001	129500000	-0.0779578540729394
chr10	129500001	130000000	-0.015236700306762
chr10	130000001	130500000	-0.109986308608313
chr10	130500001	131000000	-0.0547189737704628
chr10	131000001	131500000	-0.000249831179055096
chr10	131500001	132000000	NA
chr10	132000001	132500000	0.013252594239316
chr10	132500001	133000000	-0.120717374519109
chr10	133000001	133500000	0.0088712043166845
chr11	500001	1000000	-0.118315413966642
chr11	1000001	1500000	-0.113474848668142
chr11	1500001	2000000	0.0402892972416131
chr11	2000001	2500000	-0.0184359287666125
chr11	2500001	3000000	-0.0770458385923604
chr11	3500001	4000000	0.00739123747269179
chr11	4000001	4500000	0.0434520721938692
chr11	4500001	5000000	0.000450221149783714
chr11	5000001	5500000	0.0121221873205728
chr11	5500001	6000000	-0.0498776794128953
chr11	6000001	6500000	0.0284283170060435
chr11	6500001	7000000	-0.0147067316873353
chr11	7000001	7500000	-0.0158252865067674
chr11	7500001	8000000	0.0762721533031479
chr11	8000001	8500000	-0.0411351932778947
chr11	8500001	9000000	-0.0631672997294678
chr11	9000001	9500000	-0.0273798500779369
chr11	9500001	10000000	0.00383584234286128
chr11	10000001	10500000	0.0565571050448807
chr11	10500001	11000000	0.0841842163001672
chr11	11000001	11500000	0.0024177292956664
chr11	11500001	12000000	-0.0139242643813791
chr11	12000001	12500000	0.00558406764286024
chr11	12500001	13000000	-0.0732015489163698
chr11	13000001	13500000	0.0118767841270838
chr11	13500001	14000000	-0.00874736348081574
chr11	14000001	14500000	-0.016642110037225
chr11	14500001	15000000	-0.0379105651430267
chr11	15000001	15500000	-0.00159713913398173
chr11	15500001	16000000	-0.018126906328278
chr11	16000001	16500000	0.00464479928302544
chr11	16500001	17000000	-0.0987667581089254
chr11	17000001	17500000	-0.0396525544039036
chr11	17500001	18000000	-0.0334893092684522
chr11	18000001	18500000	-0.068667313891703
chr11	18500001	19000000	-0.0322837206341176
chr11	19000001	19500000	0.00587113529260123
chr11	19500001	20000000	-0.0635735706225735
chr11	20000001	20500000	-0.0149265838224449
chr11	20500001	21000000	-0.0490676077772247
chr11	21000001	21500000	-0.0133889928395083
chr11	21500001	22000000	-0.0209814065488425
chr11	22000001	22500000	-0.0765236220885712
chr11	22500001	23000000	-0.142038053177622
chr11	23000001	23500000	0.0131532288001981
chr11	23500001	24000000	-0.035174271069385
chr11	24000001	24500000	-0.0842165469205741
chr11	24500001	25000000	-0.0860478326551373
chr11	25000001	25500000	0.0310528171751501
chr11	25500001	26000000	-0.113400946472889
chr11	26000001	26500000	0.00450248204833402
chr11	26500001	27000000	-0.0285538506441252
chr11	27000001	27500000	-0.101014609264039
chr11	27500001	28000000	-0.034840946534768
chr11	28000001	28500000	-0.157324055825335
chr11	28500001	29000000	-0.0646834444461422
chr11	29000001	29500000	-0.0518205626255652
chr11	29500001	30000000	-0.0280113132351062
chr11	30000001	30500000	-0.0476756300196708
chr11	30500001	31000000	-0.0248346178162579
chr11	31000001	31500000	-0.107644217691002
chr11	31500001	32000000	-0.00373426837969794
chr11	32000001	32500000	-0.056095230529929
chr11	32500001	33000000	-0.048399152687714
chr11	33000001	33500000	-0.105961369931474
chr11	33500001	34000000	0.0551625893770268
chr11	34000001	34500000	-0.0306430721375916
chr11	34500001	35000000	-0.0260485845336432
chr11	35000001	35500000	-0.0182941920414913
chr11	35500001	36000000	-0.0339104476319824
chr11	36000001	36500000	-0.0740333569089111
chr11	36500001	37000000	-0.0551558372973146
chr11	37000001	37500000	-0.0838398304820725
chr11	37500001	38000000	-0.086412381694083
chr11	38000001	38500000	-0.031945984496276
chr11	38500001	39000000	-0.00757951741322535
chr11	39000001	39500000	-0.103228240503376
chr11	39500001	40000000	-0.0451592780820434
chr11	40000001	40500000	-0.0936233118855832
chr11	40500001	41000000	-0.070151837984687
chr11	41000001	41500000	-0.029298639860019
chr11	41500001	42000000	-0.0981871792021196
chr11	42000001	42500000	-0.0456034644672399
chr11	42500001	43000000	-0.0842009209760071
chr11	43000001	43500000	-0.0769669535089131
chr11	43500001	44000000	-0.0645673767743116
chr11	44000001	44500000	-0.0807963482106886
chr11	44500001	45000000	-0.0167794671061522
chr11	45000001	45500000	-0.0359208499692445
chr11	45500001	46000000	-0.00697386926059241
chr11	46000001	46500000	-0.084519796130643
chr11	46500001	47000000	-0.153287753316278
chr11	47000001	47500000	-0.0852489831513936
chr11	47500001	48000000	-0.0353643945602743
chr11	48000001	48500000	-0.0194667114081291
chr11	50000001	50500000	-0.199395594023094
chr11	56000001	56500000	-0.170204290960317
chr11	56500001	57000000	-0.0924920668048618
chr11	57000001	57500000	-0.0807904781813034
chr11	57500001	58000000	-0.0102751081601012
chr11	58000001	58500000	-0.0885021251939083
chr11	58500001	59000000	-0.0125394761421055
chr11	59000001	59500000	0.0608607423524582
chr11	59500001	60000000	-0.0344255414434915
chr11	60000001	60500000	0.109396003192126
chr11	60500001	61000000	0.0275497269392903
chr11	61000001	61500000	-0.0178951319954944
chr11	61500001	62000000	-0.0195160007400126
chr11	62000001	62500000	0.035913650654598
chr11	62500001	63000000	-0.0539286824278961
chr11	63000001	63500000	0.194528540842212
chr11	63500001	64000000	-0.10625871540276
chr11	64000001	64500000	-0.00131885176673181
chr11	64500001	65000000	-0.0142695025870273
chr11	65000001	65500000	0.00848723708503804
chr11	65500001	66000000	0.00621896337119282
chr11	66000001	66500000	-0.0314122357958937
chr11	66500001	67000000	-0.15562406178795
chr11	67000001	67500000	-0.0191762926590174
chr11	68000001	68500000	-0.0899747357480199
chr11	68500001	69000000	-0.00324238199775149
chr11	69000001	69500000	0.010588357662647
chr11	69500001	70000000	0.0172392570865642
chr11	70000001	70500000	0.0020921755502256
chr11	70500001	71000000	NA
chr11	71000001	71500000	NA
chr11	72000001	72500000	0.103253593588363
chr11	72500001	73000000	0.179337587116139
chr11	73000001	73500000	0.0256729894007373
chr11	73500001	74000000	-0.0950465750249514
chr11	74000001	74500000	0.00668032522276892
chr11	74500001	75000000	-0.00657795679433507
chr11	75000001	75500000	0.0192131215155147
chr11	75500001	76000000	0.0140328539404823
chr11	76000001	76500000	-0.0240394700953039
chr11	76500001	77000000	-0.0529722401019271
chr11	77000001	77500000	0.0673538300825375
chr11	77500001	78000000	-0.0109588494790051
chr11	78000001	78500000	0.0236971228585781
chr11	78500001	79000000	0.00311927482371543
chr11	79000001	79500000	-0.0131406837256523
chr11	79500001	80000000	0.0115930930962066
chr11	80000001	80500000	0.0048860307832808
chr11	80500001	81000000	-0.0736624475394359
chr11	81000001	81500000	-0.0138533233630834
chr11	81500001	82000000	0.00494613671958878
chr11	82000001	82500000	-0.0965801772503381
chr11	82500001	83000000	-0.0323852340581629
chr11	83000001	83500000	-0.0656679058835031
chr11	83500001	84000000	-0.0568942547786745
chr11	84000001	84500000	-0.0584833824078057
chr11	84500001	85000000	0.00808808474050457
chr11	85000001	85500000	-0.0385280238299731
chr11	85500001	86000000	-0.0526783807159683
chr11	86000001	86500000	0.0532917810277437
chr11	86500001	87000000	-0.0502276665640944
chr11	87000001	87500000	-0.018809817195788
chr11	87500001	88000000	NA
chr11	88000001	88500000	NA
chr11	88500001	89000000	0.0809035871976505
chr11	89000001	89500000	0.0812482346244288
chr11	90000001	90500000	-0.0610195272068363
chr11	90500001	91000000	-0.000676275159631756
chr11	91000001	91500000	-0.0888378703969867
chr11	91500001	92000000	-0.0272341395996272
chr11	92000001	92500000	0.0322270805124385
chr11	92500001	93000000	-0.000328537658105921
chr11	93000001	93500000	0.0115415967409963
chr11	93500001	94000000	-0.016308593854376
chr11	94000001	94500000	0.0183347179268074
chr11	94500001	95000000	0.0403867256037469
chr11	95000001	95500000	0.026914054782426
chr11	95500001	96000000	-0.00864324292009645
chr11	96000001	96500000	-0.0613474999168036
chr11	96500001	97000000	NA
chr11	97000001	97500000	-0.0375070792467641
chr11	97500001	98000000	-0.0184889348679096
chr11	98000001	98500000	-0.0542416760763374
chr11	98500001	99000000	0.037119521828406
chr11	99000001	99500000	0.0414897809545833
chr11	99500001	100000000	-0.062259185123388
chr11	100000001	100500000	0.01211486562877
chr11	100500001	101000000	-0.0367808668403598
chr11	101000001	101500000	-0.0114954196435568
chr11	101500001	102000000	-0.0276663847018489
chr11	102000001	102500000	-0.0292776894307245
chr11	102500001	103000000	-0.00844965112481703
chr11	103000001	103500000	-0.104026527572439
chr11	103500001	104000000	0.0654999616086819
chr11	104000001	104500000	-0.051475578160438
chr11	104500001	105000000	0.0993626421829916
chr11	105000001	105500000	0.00429704263303743
chr11	105500001	106000000	0.0264034449431299
chr11	106000001	106500000	0.0154944370343964
chr11	106500001	107000000	-0.0207546328575752
chr11	107000001	107500000	-0.078720427410037
chr11	107500001	108000000	-0.0641841671604729
chr11	108000001	108500000	-0.0902652464009995
chr11	108500001	109000000	-0.0669436184292723
chr11	109000001	109500000	-0.0494363274072627
chr11	109500001	110000000	-0.038660973039141
chr11	110000001	110500000	-0.0643994570216803
chr11	110500001	111000000	0.05421055629877
chr11	111000001	111500000	0.0202754783418309
chr11	111500001	112000000	-0.0334080397368041
chr11	112000001	112500000	0.0055245701556087
chr11	112500001	113000000	0.0471554532940182
chr11	113000001	113500000	-0.0159299499971362
chr11	113500001	114000000	-0.0386177738217349
chr11	114000001	114500000	-0.0300379494293526
chr11	114500001	115000000	-0.0313605487597004
chr11	115000001	115500000	-0.0304058897289417
chr11	115500001	116000000	0.0817829637864468
chr11	116000001	116500000	0.0219516057931011
chr11	116500001	117000000	-0.0364910983712259
chr11	117000001	117500000	-0.0198938612709755
chr11	117500001	118000000	0.0270996822202952
chr11	118000001	118500000	0.0739464309225402
chr11	118500001	119000000	0.0569636997827689
chr11	119000001	119500000	0.0360419540536713
chr11	119500001	120000000	0.154994873001503
chr11	120000001	120500000	0.0739815949632526
chr11	120500001	121000000	0.00452017325528148
chr11	121000001	121500000	0.165142886477
chr11	121500001	122000000	0.157612755472037
chr11	122000001	122500000	0.0928857463389165
chr11	122500001	123000000	-0.0161732059066673
chr11	123000001	123500000	0.0513966713480699
chr11	123500001	124000000	0.00739509598664329
chr11	124000001	124500000	-0.0776930713729499
chr11	124500001	125000000	-0.000164184893797846
chr11	125000001	125500000	-0.0428670003466595
chr11	125500001	126000000	0.023487254856295
chr11	126000001	126500000	0.0110650479842337
chr11	126500001	127000000	0.00797246286211022
chr11	127000001	127500000	-0.0169262463442009
chr11	127500001	128000000	0.058505978337584
chr11	128000001	128500000	0.0718551407307965
chr11	128500001	129000000	-0.0138121831488597
chr11	129000001	129500000	-0.104286228511091
chr11	129500001	130000000	0.0313945388443416
chr11	130000001	130500000	0.0478746359677448
chr11	130500001	131000000	0.073083540281706
chr11	131000001	131500000	-0.00442688125963876
chr11	131500001	132000000	-0.00296601571942816
chr11	132000001	132500000	0.0157293292984609
chr11	132500001	133000000	-0.0277132871920679
chr11	133000001	133500000	-0.0516662092200498
chr11	133500001	134000000	0.00304564429825907
chr11	134000001	134500000	-0.0584201280072004
chr11	134500001	135000000	-0.043482945802956
chr11	135000001	135500000	NA
chr12	1	500000	NA
chr12	500001	1000000	0.138643867268502
chr12	1000001	1500000	0.0920205396285697
chr12	1500001	2000000	0.0550683661721412
chr12	2000001	2500000	0.133034163980957
chr12	2500001	3000000	0.0470135179605168
chr12	3000001	3500000	0.059570021903856
chr12	3500001	4000000	0.143354762147351
chr12	4000001	4500000	0.249901573927471
chr12	4500001	5000000	0.101935962373265
chr12	5000001	5500000	0.125601972812152
chr12	5500001	6000000	0.0465912870253529
chr12	6000001	6500000	0.0988190994826567
chr12	6500001	7000000	NA
chr12	7000001	7500000	NA
chr12	7500001	8000000	0.178641521626286
chr12	8500001	9000000	0.209893602724731
chr12	9000001	9500000	0.0839491593524168
chr12	9500001	10000000	0.0626279945833201
chr12	10000001	10500000	0.173721937571129
chr12	10500001	11000000	0.0181863145632319
chr12	11000001	11500000	0.176442636014149
chr12	11500001	12000000	0.177348400922723
chr12	12000001	12500000	0.00173845080812627
chr12	12500001	13000000	0.113996272712661
chr12	13000001	13500000	0.0564268741595152
chr12	13500001	14000000	0.125980664426178
chr12	14000001	14500000	0.12700509206014
chr12	14500001	15000000	0.141730128581311
chr12	15000001	15500000	0.0852902710731435
chr12	15500001	16000000	0.131571420067938
chr12	16000001	16500000	0.6210307936865
chr12	16500001	17000000	0.411943378310959
chr12	17000001	17500000	0.125587467225136
chr12	17500001	18000000	0.142128634331767
chr12	18000001	18500000	0.108973326086109
chr12	18500001	19000000	0.101132936154115
chr12	19000001	19500000	0.280277097501818
chr12	19500001	20000000	0.370253106780937
chr12	20000001	20500000	0.738918652889056
chr12	20500001	21000000	0.662555940481593
chr12	21000001	21500000	0.567079969914954
chr12	21500001	22000000	0.587490045986281
chr12	22000001	22500000	0.532788179685107
chr12	22500001	23000000	0.245340300851842
chr12	23000001	23500000	0.857373398014321
chr12	23500001	24000000	1.21854628489422
chr12	24000001	24500000	0.852350056818685
chr12	24500001	25000000	0.847915886086665
chr12	25000001	25500000	0.851524306032399
chr12	25500001	26000000	0.655457471280214
chr12	26000001	26500000	0.652228708038621
chr12	26500001	27000000	0.584860747875278
chr12	27000001	27500000	0.425634915208603
chr12	27500001	28000000	0.245402745079263
chr12	28000001	28500000	0.257279739336886
chr12	28500001	29000000	0.104690544138546
chr12	29000001	29500000	0.113055113385114
chr12	29500001	30000000	0.126566314680737
chr12	30000001	30500000	0.13175490477549
chr12	30500001	31000000	0.154604129680832
chr12	31000001	31500000	0.241142789284177
chr12	31500001	32000000	0.257160356071987
chr12	32000001	32500000	0.103814229258278
chr12	32500001	33000000	0.103007907499336
chr12	38000001	38500000	0.0653961671971003
chr12	38500001	39000000	0.0885621438624638
chr12	39000001	39500000	-0.0126498684853734
chr12	39500001	40000000	0.0196495454659308
chr12	40000001	40500000	0.0348057902070368
chr12	40500001	41000000	0.0229746580575113
chr12	41000001	41500000	-0.00389167750890322
chr12	41500001	42000000	0.0704977324522747
chr12	42000001	42500000	0.0865819860978469
chr12	42500001	43000000	0.055251351146104
chr12	43000001	43500000	0.0430880277839228
chr12	43500001	44000000	0.104050772480251
chr12	44000001	44500000	0.167302445833068
chr12	44500001	45000000	-0.0107668190600221
chr12	45000001	45500000	0.0771077679318258
chr12	45500001	46000000	0.0415062998418933
chr12	46000001	46500000	0.124758798197921
chr12	46500001	47000000	-0.00779715831987147
chr12	47000001	47500000	-0.000349432319065403
chr12	47500001	48000000	0.134826319113137
chr12	48000001	48500000	0.0572320736507992
chr12	48500001	49000000	0.0304769205660889
chr12	49000001	49500000	0.0565603605207715
chr12	49500001	50000000	0.118768630126058
chr12	50000001	50500000	0.0112691104329179
chr12	50500001	51000000	0.0147439600108944
chr12	51000001	51500000	0.0351642343773645
chr12	51500001	52000000	0.0287840840789975
chr12	52000001	52500000	0.0351766689213654
chr12	52500001	53000000	0.0934972065944254
chr12	53000001	53500000	0.0582494898370125
chr12	53500001	54000000	0.0291718119030941
chr12	54000001	54500000	0.191593987541834
chr12	54500001	55000000	0.0558319377947946
chr12	55000001	55500000	0.144343897269671
chr12	55500001	56000000	0.104604589293243
chr12	56000001	56500000	0.0536227537323553
chr12	56500001	57000000	0.00768243154727322
chr12	57000001	57500000	0.0155270424110406
chr12	57500001	58000000	0.0418090924271011
chr12	58000001	58500000	0.120613297194974
chr12	58500001	59000000	0.0370541867328417
chr12	59000001	59500000	0.019662225565501
chr12	59500001	60000000	0.0262990119056802
chr12	60000001	60500000	-0.0184967633351738
chr12	60500001	61000000	-0.00775957760127936
chr12	61000001	61500000	-0.0117574865220809
chr12	61500001	62000000	0.0305228330861479
chr12	62000001	62500000	0.108474035735409
chr12	62500001	63000000	0.0549468856174349
chr12	63000001	63500000	0.00790090389417991
chr12	63500001	64000000	0.15360003708853
chr12	64000001	64500000	0.0832385257206657
chr12	64500001	65000000	0.100082105561651
chr12	65000001	65500000	0.00597820856989665
chr12	65500001	66000000	0.0409511519369588
chr12	66000001	66500000	0.0201168320747166
chr12	66500001	67000000	-0.0529319929753488
chr12	67000001	67500000	-0.0371576012616623
chr12	67500001	68000000	0.0876600247145406
chr12	68000001	68500000	0.000866012688746795
chr12	68500001	69000000	0.0351456940050245
chr12	69000001	69500000	0.059405593809915
chr12	69500001	70000000	0.0336932889877893
chr12	70000001	70500000	0.0735216411333923
chr12	70500001	71000000	-0.0581227728008792
chr12	71000001	71500000	-0.0544725029745052
chr12	71500001	72000000	-0.0332458473688802
chr12	72000001	72500000	0.0114838143321076
chr12	72500001	73000000	0.0128704625546892
chr12	73000001	73500000	-0.001603100164644
chr12	73500001	74000000	-0.029219303427581
chr12	74000001	74500000	-0.0588826082165522
chr12	74500001	75000000	0.0296137400403749
chr12	75000001	75500000	-0.0274476649439356
chr12	75500001	76000000	-0.0300137397637378
chr12	76000001	76500000	0.0477321731776023
chr12	76500001	77000000	0.029640277223906
chr12	77000001	77500000	0.0117353090807042
chr12	77500001	78000000	0.115612743622941
chr12	78000001	78500000	-0.0129672769973403
chr12	78500001	79000000	0.0901751287558184
chr12	79000001	79500000	0.0254679914725878
chr12	79500001	80000000	0.00284433500858903
chr12	80000001	80500000	0.000431118827178577
chr12	80500001	81000000	-0.0254346487165508
chr12	81000001	81500000	0.0558867684642627
chr12	81500001	82000000	0.0551707067376594
chr12	82000001	82500000	-0.0137292559459219
chr12	82500001	83000000	-0.0158352939390973
chr12	83000001	83500000	0.0532629427301855
chr12	83500001	84000000	0.0240521338479277
chr12	84000001	84500000	0.0364770131072384
chr12	84500001	85000000	-0.0485152237758098
chr12	85000001	85500000	0.0270569779208741
chr12	85500001	86000000	0.00149910962804956
chr12	86000001	86500000	0.018647008359312
chr12	86500001	87000000	0.0168029687165913
chr12	87000001	87500000	-0.0291523343255397
chr12	87500001	88000000	0.0512106736857652
chr12	88000001	88500000	-0.0302959072691201
chr12	88500001	89000000	-0.000619347960101664
chr12	89000001	89500000	0.0133011086016773
chr12	89500001	90000000	0.0799507289751404
chr12	90000001	90500000	0.0566986021351207
chr12	90500001	91000000	-0.0259344749013494
chr12	91000001	91500000	-0.0137094610707684
chr12	91500001	92000000	-0.0106345741818093
chr12	92000001	92500000	0.116456361220564
chr12	92500001	93000000	-0.0576190190591015
chr12	93000001	93500000	-0.0102300510983276
chr12	93500001	94000000	-0.0727230724089342
chr12	94000001	94500000	-0.00927380541018413
chr12	94500001	95000000	-0.0212679546954394
chr12	95000001	95500000	-0.107813450341031
chr12	95500001	96000000	-0.10600524156992
chr12	96000001	96500000	-0.042033146550288
chr12	96500001	97000000	-0.0581880472985834
chr12	97000001	97500000	-0.0780138898425031
chr12	97500001	98000000	-0.0280313055861753
chr12	98000001	98500000	-0.112910791806225
chr12	98500001	99000000	-0.0851715500118534
chr12	99000001	99500000	-0.0778727563085987
chr12	99500001	100000000	-0.15003974939664
chr12	100000001	100500000	-0.0923165820554468
chr12	100500001	101000000	-0.00452054970355448
chr12	101000001	101500000	-0.0504185348839869
chr12	101500001	102000000	-0.0792325605787298
chr12	102000001	102500000	-0.0674324069593019
chr12	102500001	103000000	-0.0315747557806591
chr12	103000001	103500000	-0.0620677700959524
chr12	103500001	104000000	-0.0989266851578525
chr12	104000001	104500000	-0.0183828877392759
chr12	104500001	105000000	-0.0199104340172197
chr12	105000001	105500000	-0.067312578438287
chr12	105500001	106000000	0.046105644235111
chr12	106000001	106500000	-0.0663303078266928
chr12	106500001	107000000	-0.114272587334489
chr12	107000001	107500000	-0.0552886333757403
chr12	107500001	108000000	-0.0308724111836155
chr12	108000001	108500000	-0.0496588305681174
chr12	108500001	109000000	-0.0432735896993894
chr12	109000001	109500000	-0.0921962584258625
chr12	109500001	110000000	-0.0760278861032643
chr12	110000001	110500000	-0.103973440187122
chr12	110500001	111000000	0.0155169927414779
chr12	111000001	111500000	-0.0538101176819238
chr12	111500001	112000000	-0.134249876577101
chr12	112000001	112500000	-0.0832050990926436
chr12	112500001	113000000	0.0244372107310826
chr12	113000001	113500000	0.0154196324359479
chr12	113500001	114000000	-0.0535408509413774
chr12	114000001	114500000	0.0114848134791057
chr12	114500001	115000000	-0.0932831845598958
chr12	115000001	115500000	-0.00916769158842351
chr12	115500001	116000000	-0.0493342616252973
chr12	116000001	116500000	-0.0136787827940236
chr12	116500001	117000000	-0.0717510831424228
chr12	117000001	117500000	-0.00864546749759559
chr12	117500001	118000000	-0.0340968709280807
chr12	118000001	118500000	-0.0860270865094071
chr12	118500001	119000000	-0.0154848208644985
chr12	119000001	119500000	-0.0856843498714688
chr12	119500001	120000000	-0.100663518688221
chr12	120000001	120500000	-0.0193203208701641
chr12	120500001	121000000	0.0235927142467451
chr12	121000001	121500000	-0.0180636353413394
chr12	121500001	122000000	-0.0546436777836961
chr12	122000001	122500000	NA
chr12	122500001	123000000	-0.041133878525768
chr12	123000001	123500000	NA
chr12	123500001	124000000	-0.170025769243946
chr12	124000001	124500000	-0.0390892596068424
chr12	124500001	125000000	-0.0517712038544278
chr12	125000001	125500000	-0.118799467921466
chr12	125500001	126000000	-0.0618812967878528
chr12	126000001	126500000	-0.0675607361973215
chr12	126500001	127000000	-0.0703561805977945
chr12	127000001	127500000	-0.0219918638438829
chr12	127500001	128000000	-0.0508016189260943
chr12	128000001	128500000	0.0144034106320731
chr12	128500001	129000000	-0.0673646454449212
chr12	129000001	129500000	-0.0504449002193958
chr12	129500001	130000000	-0.0812267107663616
chr12	130000001	130500000	-0.14294593970144
chr12	130500001	131000000	0.000861905474410521
chr12	131000001	131500000	-0.0274770328756187
chr12	131500001	132000000	-0.0539194237398169
chr12	132000001	132500000	NA
chr12	132500001	133000000	-0.0999577879381104
chr12	133000001	133500000	NA
chr13	19000001	19500000	-0.0571724273927212
chr13	19500001	20000000	-0.105141011587778
chr13	20000001	20500000	-0.0926521243962432
chr13	20500001	21000000	-0.141264664640417
chr13	21000001	21500000	-0.117862475966117
chr13	21500001	22000000	-0.0704990785262935
chr13	22000001	22500000	-0.124225880249512
chr13	22500001	23000000	-0.0754567832348345
chr13	23000001	23500000	-0.0715424279028535
chr13	23500001	24000000	-0.0981985035650508
chr13	24000001	24500000	-0.0664618198881425
chr13	24500001	25000000	-0.0743618294414697
chr13	25000001	25500000	-0.0791877451808803
chr13	25500001	26000000	-0.0254925932543107
chr13	26000001	26500000	-0.100777186669609
chr13	26500001	27000000	-0.114464941302497
chr13	27000001	27500000	-0.187458214242698
chr13	27500001	28000000	-0.0726681806035298
chr13	28000001	28500000	-0.0302164048720251
chr13	28500001	29000000	-0.116843185248554
chr13	29000001	29500000	-0.107179238837985
chr13	29500001	30000000	-0.111188503248351
chr13	30000001	30500000	-0.0678940029992151
chr13	30500001	31000000	-0.0105077425019544
chr13	31000001	31500000	-0.0342668711055873
chr13	31500001	32000000	-0.0728644431976706
chr13	32000001	32500000	-0.0254213281086547
chr13	32500001	33000000	-0.119670098059952
chr13	33000001	33500000	-0.0633764694823603
chr13	33500001	34000000	-0.0387738113871287
chr13	34000001	34500000	-0.091915490226311
chr13	34500001	35000000	-0.122281976789484
chr13	35000001	35500000	-0.0568357332761732
chr13	35500001	36000000	-0.114336581190135
chr13	36000001	36500000	-0.0754836404888313
chr13	36500001	37000000	-0.131354469282999
chr13	37000001	37500000	-0.064739011068382
chr13	37500001	38000000	-0.0858576987840055
chr13	38000001	38500000	-0.0579613503601087
chr13	38500001	39000000	-0.12641752120331
chr13	39000001	39500000	-0.176256424907393
chr13	39500001	40000000	-0.0956682203271621
chr13	40000001	40500000	-0.036358431747789
chr13	40500001	41000000	-0.110865251971557
chr13	41000001	41500000	-0.0593355949969037
chr13	41500001	42000000	-0.0745538665657207
chr13	42000001	42500000	-0.0696674538022675
chr13	42500001	43000000	0.0383283139022005
chr13	43000001	43500000	-0.0775972212180636
chr13	43500001	44000000	-0.00664174388933734
chr13	44000001	44500000	-0.0832468434793774
chr13	44500001	45000000	-0.0659923539516007
chr13	45000001	45500000	-0.0964476397020012
chr13	45500001	46000000	-0.0157900501668831
chr13	46000001	46500000	0.018594529380557
chr13	46500001	47000000	-0.169584622842123
chr13	47000001	47500000	-0.117854553049213
chr13	47500001	48000000	0.0377955664881072
chr13	48000001	48500000	-0.0130906776693859
chr13	48500001	49000000	0.0511463545238475
chr13	49000001	49500000	-0.0224782390456689
chr13	49500001	50000000	-0.0580910478893011
chr13	50000001	50500000	-0.00129256160555551
chr13	50500001	51000000	-0.0646272757620463
chr13	51000001	51500000	-0.102422105920998
chr13	51500001	52000000	-0.0336777695099879
chr13	52000001	52500000	-0.115589115447617
chr13	52500001	53000000	-0.0769055083492163
chr13	53000001	53500000	-0.0742507186108552
chr13	53500001	54000000	-0.0421243613072325
chr13	54000001	54500000	-0.0584327761476954
chr13	54500001	55000000	-0.0636354653507148
chr13	55000001	55500000	-0.0852985715622916
chr13	55500001	56000000	-0.130792418253676
chr13	56000001	56500000	-0.0780950438713111
chr13	56500001	57000000	-0.103873466410614
chr13	57000001	57500000	-0.0396060351366324
chr13	57500001	58000000	-0.114202954698657
chr13	58000001	58500000	-0.120181522614574
chr13	58500001	59000000	-0.0865298454320867
chr13	59000001	59500000	-0.0485541328180534
chr13	59500001	60000000	-0.0581159314584503
chr13	60000001	60500000	-0.125288274284267
chr13	60500001	61000000	-0.0242558137315118
chr13	61000001	61500000	-0.12837258588775
chr13	61500001	62000000	-0.0886973739290732
chr13	62000001	62500000	-0.106803424014046
chr13	62500001	63000000	NA
chr13	63000001	63500000	0.0170381290327926
chr13	63500001	64000000	-0.186566379953891
chr13	64000001	64500000	-0.0689180914687465
chr13	64500001	65000000	-0.117840390881329
chr13	65000001	65500000	-0.0692587218104604
chr13	65500001	66000000	-0.0217562707237065
chr13	66000001	66500000	-0.0564953107536535
chr13	66500001	67000000	-0.0510031463438597
chr13	67000001	67500000	-0.0566393865651161
chr13	67500001	68000000	-0.0222071226488045
chr13	68000001	68500000	-0.0545976690769047
chr13	68500001	69000000	NA
chr13	69000001	69500000	NA
chr13	69500001	70000000	-0.0432157485408353
chr13	70000001	70500000	-0.0232065408160448
chr13	70500001	71000000	-0.113122449525256
chr13	71000001	71500000	-0.0583195114199878
chr13	71500001	72000000	-0.0479513185940306
chr13	72000001	72500000	-0.0673188392313701
chr13	72500001	73000000	-0.0594705806511664
chr13	73000001	73500000	-0.032025579992609
chr13	73500001	74000000	-0.0952421126057125
chr13	74000001	74500000	-0.1025329297558
chr13	74500001	75000000	-0.0764559563499514
chr13	75000001	75500000	-0.0291526990879874
chr13	75500001	76000000	-0.0856005814911423
chr13	76000001	76500000	-0.0667241679829831
chr13	76500001	77000000	-0.0503274008861049
chr13	77000001	77500000	-0.0965351101317303
chr13	77500001	78000000	0.0106408425185576
chr13	78000001	78500000	-0.0613429768498219
chr13	78500001	79000000	-0.0932131970382493
chr13	79000001	79500000	-0.13144232620189
chr13	79500001	80000000	-0.0153821383460657
chr13	80000001	80500000	-0.0394815376256259
chr13	80500001	81000000	-0.0524524213845636
chr13	81000001	81500000	-0.0525416016103409
chr13	81500001	82000000	-0.0710699975801137
chr13	82000001	82500000	-0.0811312269082346
chr13	82500001	83000000	-0.0634010220930038
chr13	83000001	83500000	0.0116600394940788
chr13	83500001	84000000	-0.0748722785024545
chr13	84000001	84500000	-0.143215054467777
chr13	84500001	85000000	0.00289043163806082
chr13	85000001	85500000	-0.0436328950153079
chr13	85500001	86000000	-0.072433823926867
chr13	86000001	86500000	NA
chr13	86500001	87000000	0.0113883334443983
chr13	87000001	87500000	0.0125809502858144
chr13	87500001	88000000	-0.0283924990825407
chr13	88000001	88500000	-0.0386202086950541
chr13	88500001	89000000	-0.0150613794512887
chr13	89000001	89500000	-0.103033040330975
chr13	89500001	90000000	-0.0494375221678033
chr13	90000001	90500000	-0.0425603676331782
chr13	90500001	91000000	0.0130166317096861
chr13	91000001	91500000	-0.109747546208093
chr13	91500001	92000000	-0.171991547783299
chr13	92000001	92500000	-0.175264056917065
chr13	92500001	93000000	-0.0618174328533905
chr13	93000001	93500000	-0.103704848687035
chr13	93500001	94000000	-0.0758712385409573
chr13	94000001	94500000	-0.00280969216752735
chr13	94500001	95000000	-0.0787889663706479
chr13	95000001	95500000	-0.1533063841336
chr13	95500001	96000000	-0.0319442721991575
chr13	96000001	96500000	-0.0363866291540241
chr13	96500001	97000000	-0.0366201480541675
chr13	97000001	97500000	-0.0726042595488937
chr13	97500001	98000000	-0.0862870966561303
chr13	98000001	98500000	-0.0874033387975072
chr13	98500001	99000000	-0.0662797162429807
chr13	99000001	99500000	-0.115153230852064
chr13	99500001	100000000	-0.101488054296772
chr13	100000001	100500000	-0.0401211617526554
chr13	100500001	101000000	NA
chr13	101000001	101500000	-0.0912281502185349
chr13	101500001	102000000	-0.147418854697615
chr13	102000001	102500000	-0.115012932367638
chr13	102500001	103000000	-0.141100968830765
chr13	103000001	103500000	-0.0646554991370249
chr13	103500001	104000000	-0.127566476280939
chr13	104000001	104500000	-0.081853060806051
chr13	104500001	105000000	-0.100601234500198
chr13	105000001	105500000	-0.0923213995662415
chr13	105500001	106000000	-0.0468765520224803
chr13	106000001	106500000	-0.0743912442685308
chr13	106500001	107000000	-0.0968301244214208
chr13	107000001	107500000	-0.113763197822859
chr13	107500001	108000000	-0.0506382728632297
chr13	108000001	108500000	-0.0331531170456415
chr13	108500001	109000000	-0.0952491986266546
chr13	109000001	109500000	0.0078247327212388
chr13	109500001	110000000	0.00671453701224518
chr13	110000001	110500000	-0.0702560877675033
chr13	110500001	111000000	-0.103346487707407
chr13	111000001	111500000	-0.081320834134003
chr13	112000001	112500000	-0.120738583741968
chr13	112500001	113000000	-0.127252613006326
chr13	113000001	113500000	-0.16527202519706
chr13	113500001	114000000	NA
chr13	114000001	114500000	NA
chr14	20000001	20500000	0.0334234776922579
chr14	20500001	21000000	0.0997300081785325
chr14	21000001	21500000	0.00755761635889668
chr14	21500001	22000000	-0.0560526903388651
chr14	22000001	22500000	0.0518493849775511
chr14	22500001	23000000	0.0717719486648861
chr14	23000001	23500000	-0.0468499902062635
chr14	23500001	24000000	-0.0242200123353506
chr14	24000001	24500000	0.0281256662071075
chr14	24500001	25000000	0.0715508585955953
chr14	25000001	25500000	0.0478459508814898
chr14	25500001	26000000	0.0615190321079702
chr14	26000001	26500000	-0.0841841000344934
chr14	26500001	27000000	-0.0651591682651827
chr14	27000001	27500000	-0.105546694274359
chr14	27500001	28000000	0.110036334520018
chr14	28000001	28500000	-0.0557404799564542
chr14	28500001	29000000	-0.0386299877241621
chr14	29000001	29500000	-0.0549475190243357
chr14	29500001	30000000	-0.0671208422054678
chr14	30000001	30500000	-0.0290577170521996
chr14	30500001	31000000	-0.118972696902462
chr14	31000001	31500000	-0.112603443507968
chr14	31500001	32000000	-0.0454323822388839
chr14	32000001	32500000	-0.0467706869263035
chr14	32500001	33000000	-0.08436513122718
chr14	33000001	33500000	-0.022422737833664
chr14	33500001	34000000	-0.132551005642489
chr14	34000001	34500000	-0.0015588359289992
chr14	34500001	35000000	-0.152112842882658
chr14	35000001	35500000	-0.124187813219283
chr14	35500001	36000000	-0.055165321704696
chr14	36000001	36500000	-0.126017221661682
chr14	36500001	37000000	-0.0518515890149221
chr14	37000001	37500000	-0.0186878516373654
chr14	37500001	38000000	-0.0893426090284374
chr14	38000001	38500000	0.0514727548074406
chr14	38500001	39000000	0.0209077837161203
chr14	39000001	39500000	-0.0792513456036866
chr14	39500001	40000000	-0.106280600960984
chr14	40000001	40500000	-0.115660193544155
chr14	40500001	41000000	-0.158029052625016
chr14	41000001	41500000	-0.166545876398854
chr14	41500001	42000000	-0.1001643872427
chr14	42000001	42500000	-0.0997500823762548
chr14	42500001	43000000	-0.0568550310336312
chr14	43000001	43500000	-0.0560262246373104
chr14	43500001	44000000	-0.13515192598353
chr14	44000001	44500000	-0.0211666212896583
chr14	44500001	45000000	-0.131272116686743
chr14	45000001	45500000	-0.0515991898289968
chr14	45500001	46000000	-0.10850408587625
chr14	46000001	46500000	-0.0554741008882784
chr14	46500001	47000000	-0.0637883881424102
chr14	47000001	47500000	-0.0731807696932261
chr14	47500001	48000000	-0.0374139334725165
chr14	48000001	48500000	-0.0267487472756295
chr14	48500001	49000000	-0.136974752194087
chr14	49000001	49500000	-0.060799415057234
chr14	49500001	50000000	-0.0517382889421143
chr14	50000001	50500000	-0.151191839098804
chr14	50500001	51000000	-0.0519058548755962
chr14	51000001	51500000	-0.024207312126906
chr14	51500001	52000000	0.0246545356233687
chr14	52000001	52500000	0.00709789486616211
chr14	52500001	53000000	-0.0776552248576954
chr14	53000001	53500000	-0.0407274560515904
chr14	53500001	54000000	-0.0802084103140705
chr14	54000001	54500000	-0.035252378460485
chr14	54500001	55000000	-0.094132205307107
chr14	55000001	55500000	-0.110523082968667
chr14	55500001	56000000	-0.0633298964848864
chr14	56000001	56500000	-0.0339839148254484
chr14	56500001	57000000	-0.0293022142024886
chr14	57000001	57500000	-0.118907776151214
chr14	57500001	58000000	-0.101992038833625
chr14	58000001	58500000	-0.14314195665504
chr14	58500001	59000000	-0.00218570563799044
chr14	59000001	59500000	-0.0763873902776504
chr14	59500001	60000000	-0.00620893535346775
chr14	60000001	60500000	-0.0511746263855716
chr14	60500001	61000000	-0.0408056036126582
chr14	61000001	61500000	0.0217288958666271
chr14	61500001	62000000	0.00165034151250051
chr14	62000001	62500000	-0.14794343450256
chr14	62500001	63000000	-0.140147642165334
chr14	63000001	63500000	-0.118060058891565
chr14	63500001	64000000	-0.125073111297412
chr14	64000001	64500000	-0.109475038424104
chr14	64500001	65000000	-0.0274462853617114
chr14	65000001	65500000	-0.115139439582607
chr14	65500001	66000000	-0.0277907935615349
chr14	66000001	66500000	-0.00844470370327108
chr14	66500001	67000000	-0.0407114201597764
chr14	67000001	67500000	-0.145650589731397
chr14	67500001	68000000	-0.026027531680543
chr14	68000001	68500000	-0.0218957864403246
chr14	68500001	69000000	-0.0325609329642674
chr14	69000001	69500000	-0.0821242649489514
chr14	69500001	70000000	-0.0336750739914992
chr14	70000001	70500000	-0.165375387802424
chr14	70500001	71000000	-0.0140654719262929
chr14	71000001	71500000	0.0710114340111744
chr14	71500001	72000000	-0.0199839028597133
chr14	72000001	72500000	-0.097904929370485
chr14	72500001	73000000	-0.0788321159766689
chr14	73000001	73500000	-0.0658668670610235
chr14	73500001	74000000	-0.0499192956364969
chr14	74000001	74500000	-0.0764881535895982
chr14	74500001	75000000	-0.0217488875880959
chr14	75000001	75500000	-0.03600829407699
chr14	75500001	76000000	0.0239918334504092
chr14	76000001	76500000	-0.0242017464612225
chr14	76500001	77000000	-0.0145957551935639
chr14	77000001	77500000	-0.0275317957962645
chr14	77500001	78000000	-0.0378521881641643
chr14	78000001	78500000	0.0708201707907915
chr14	78500001	79000000	0.0595740000518437
chr14	79000001	79500000	0.120175269366802
chr14	79500001	80000000	0.145988482291524
chr14	80000001	80500000	0.0979513298572563
chr14	80500001	81000000	0.205903368956155
chr14	81000001	81500000	0.128444385844925
chr14	81500001	82000000	0.274840349480151
chr14	82000001	82500000	0.266841884309277
chr14	82500001	83000000	0.194570155166129
chr14	83000001	83500000	0.123323333010424
chr14	83500001	84000000	0.0214525816361965
chr14	84000001	84500000	0.0220479370146421
chr14	84500001	85000000	0.0521542315740491
chr14	85000001	85500000	0.0296372596732363
chr14	85500001	86000000	0.0838105878009187
chr14	86000001	86500000	0.0586000980901773
chr14	86500001	87000000	0.0387469172261448
chr14	87000001	87500000	0.0883534069046099
chr14	87500001	88000000	0.0412652689481412
chr14	88000001	88500000	0.0756992642828531
chr14	88500001	89000000	0.0733293185743552
chr14	89000001	89500000	0.0492731197230289
chr14	89500001	90000000	0.127431790097842
chr14	90000001	90500000	0.043677960385626
chr14	90500001	91000000	0.139957713223783
chr14	91000001	91500000	0.0814451437771488
chr14	91500001	92000000	-0.00201718043702756
chr14	92000001	92500000	0.168631923889718
chr14	92500001	93000000	0.0763018716402371
chr14	93000001	93500000	0.129267148506086
chr14	93500001	94000000	0.00159070212533123
chr14	94000001	94500000	0.0790208437467561
chr14	94500001	95000000	0.0461533048168427
chr14	95000001	95500000	0.0528253084568522
chr14	95500001	96000000	0.0732326443076976
chr14	96000001	96500000	0.0262697504881915
chr14	96500001	97000000	0.104385965153312
chr14	97000001	97500000	0.0924520375826283
chr14	97500001	98000000	0.0757474251610692
chr14	98000001	98500000	0.097856813528374
chr14	98500001	99000000	0.109429467519711
chr14	99000001	99500000	0.00766369658600193
chr14	99500001	100000000	0.048342143421136
chr14	100000001	100500000	0.136025205272507
chr14	100500001	101000000	0.00779931745751952
chr14	101000001	101500000	0.018915473533347
chr14	101500001	102000000	0.0510964756387683
chr14	102000001	102500000	0.00800865915392502
chr14	102500001	103000000	0.0471235199676602
chr14	103000001	103500000	-0.0061754491948429
chr14	103500001	104000000	0.0495630455368032
chr14	104000001	104500000	0.00171904462062414
chr14	104500001	105000000	0.0220436137209441
chr14	105000001	105500000	0.0199651256866551
chr14	106000001	106500000	0.106120522044406
chr15	23500001	24000000	-0.041962984103789
chr15	24500001	25000000	-0.0740657657964574
chr15	25000001	25500000	-0.0805398256686483
chr15	25500001	26000000	-0.148075437211683
chr15	26000001	26500000	-0.0829007422612495
chr15	26500001	27000000	-0.169277187263576
chr15	27000001	27500000	NA
chr15	27500001	28000000	-0.156577045622186
chr15	29000001	29500000	-0.131393004046036
chr15	29500001	30000000	-0.0826373988415009
chr15	31000001	31500000	-0.000450867284689842
chr15	31500001	32000000	0.0956778674716456
chr15	32500001	33000000	-0.0431429588121077
chr15	33000001	33500000	-0.0355667877078917
chr15	33500001	34000000	-0.0274767689001449
chr15	34000001	34500000	0.0337973949869118
chr15	34500001	35000000	-0.0715245215811895
chr15	35000001	35500000	-0.0948949026107034
chr15	35500001	36000000	0.0405242196171825
chr15	36000001	36500000	-0.0488665788522288
chr15	36500001	37000000	-0.0192120500148827
chr15	37000001	37500000	-0.0304538858280088
chr15	37500001	38000000	0.0512652961838756
chr15	38000001	38500000	0.0865686224784716
chr15	38500001	39000000	0.0048590781803509
chr15	39000001	39500000	-0.0196172888561387
chr15	39500001	40000000	-0.0893422255591637
chr15	40000001	40500000	0.0102578564254248
chr15	40500001	41000000	0.0476470254465417
chr15	41000001	41500000	-0.0651834544002762
chr15	41500001	42000000	-0.05163448334481
chr15	42000001	42500000	0.0292516947465396
chr15	42500001	43000000	-0.075720463314698
chr15	43000001	43500000	-0.0618964028168748
chr15	43500001	44000000	-0.196212016823082
chr15	44000001	44500000	-0.0544956837790346
chr15	44500001	45000000	-0.101027993304313
chr15	45000001	45500000	-0.0127784525154388
chr15	45500001	46000000	-0.0447534761394398
chr15	46000001	46500000	-0.0391715175382965
chr15	46500001	47000000	-0.0183813641149779
chr15	47000001	47500000	-0.0560575824038837
chr15	47500001	48000000	-0.0346288674959997
chr15	48000001	48500000	-0.04740174038724
chr15	48500001	49000000	0.021093220189006
chr15	49000001	49500000	-0.0336489166107249
chr15	49500001	50000000	-0.128522052919916
chr15	50000001	50500000	0.0638827995271608
chr15	50500001	51000000	-0.0933030731364113
chr15	51000001	51500000	0.00431150244544679
chr15	51500001	52000000	0.101977350648992
chr15	52000001	52500000	-0.0158718816875718
chr15	52500001	53000000	-0.0573675073738686
chr15	53000001	53500000	0.0210045068049833
chr15	53500001	54000000	-0.0116214340828986
chr15	54000001	54500000	-0.0399126314362354
chr15	54500001	55000000	-0.00968225848005426
chr15	55000001	55500000	-0.00295776906683912
chr15	55500001	56000000	-0.05324346348121
chr15	56000001	56500000	-0.0205806683283262
chr15	56500001	57000000	-0.0496543362617084
chr15	57000001	57500000	-0.0612133677070348
chr15	57500001	58000000	-0.0293772197439925
chr15	58000001	58500000	-0.0494426301004434
chr15	58500001	59000000	-0.0498281697024849
chr15	59000001	59500000	-0.0293472814436158
chr15	59500001	60000000	-0.0541834918735862
chr15	60000001	60500000	-0.042527830670258
chr15	60500001	61000000	0.0274184320918425
chr15	61000001	61500000	-0.0497528077576122
chr15	61500001	62000000	-0.0249955019400549
chr15	62000001	62500000	-0.0735173024117238
chr15	62500001	63000000	-0.0327587381601239
chr15	63000001	63500000	-0.00816421350773762
chr15	63500001	64000000	-0.0166332967461221
chr15	64000001	64500000	-0.0742840061314999
chr15	64500001	65000000	-0.00858461240299362
chr15	65000001	65500000	-0.0339500782662321
chr15	65500001	66000000	-0.0163022072892598
chr15	66000001	66500000	-0.00829385821612688
chr15	66500001	67000000	-0.015722794675976
chr15	67000001	67500000	0.0212699905288684
chr15	67500001	68000000	-0.0074695994184105
chr15	68000001	68500000	-0.0600929555460673
chr15	68500001	69000000	-0.0362168288028724
chr15	69000001	69500000	-0.0407442452726893
chr15	69500001	70000000	0.162149055398121
chr15	70000001	70500000	0.100977562045769
chr15	70500001	71000000	-0.0188649234612731
chr15	71000001	71500000	-0.0213279672919809
chr15	71500001	72000000	-0.0056715513035458
chr15	72000001	72500000	-0.0371410053117093
chr15	72500001	73000000	-0.0466366984982382
chr15	73000001	73500000	-0.121722573594657
chr15	73500001	74000000	-0.00905153387161586
chr15	74000001	74500000	0.00557173041891933
chr15	74500001	75000000	0.102568666881388
chr15	75000001	75500000	-0.0849259252796793
chr15	75500001	76000000	-0.0689098527287654
chr15	76000001	76500000	-0.0490471847309562
chr15	76500001	77000000	0.0664659390452415
chr15	77000001	77500000	0.0661673292299012
chr15	77500001	78000000	0.0582869888084582
chr15	78000001	78500000	-0.00748792541431494
chr15	78500001	79000000	-0.0441992924702734
chr15	79000001	79500000	-0.0348113643956523
chr15	79500001	80000000	0.0575553222016198
chr15	80000001	80500000	0.0328797083794762
chr15	80500001	81000000	-0.0707746822869985
chr15	81000001	81500000	-0.00649033745473842
chr15	81500001	82000000	0.0953984993369639
chr15	82500001	83000000	-0.033001946118326
chr15	83000001	83500000	0.008152896492014
chr15	83500001	84000000	-0.0634926526905884
chr15	84500001	85000000	-0.0558771905047763
chr15	85000001	85500000	-0.0694731190449175
chr15	85500001	86000000	-0.0336555661775585
chr15	86000001	86500000	0.0289844340384851
chr15	86500001	87000000	-0.0460880484918376
chr15	87000001	87500000	-0.0169094107310152
chr15	87500001	88000000	0.015659503804647
chr15	88000001	88500000	0.00178974465091211
chr15	88500001	89000000	-0.0641736981909993
chr15	89000001	89500000	0.00748641125756107
chr15	89500001	90000000	0.0733532262969862
chr15	90000001	90500000	0.0533499602625205
chr15	90500001	91000000	-0.0203255878983559
chr15	91000001	91500000	0.00596619372059878
chr15	91500001	92000000	0.0579867990278628
chr15	92000001	92500000	-0.0392057123087161
chr15	92500001	93000000	0.00512191820320128
chr15	93000001	93500000	0.0239304793390084
chr15	93500001	94000000	0.0110531586524621
chr15	94000001	94500000	0.0240783780555941
chr15	94500001	95000000	-0.0741415695534101
chr15	95000001	95500000	-0.0521934758226964
chr15	95500001	96000000	0.0255752469780577
chr15	96000001	96500000	-0.022545163093707
chr15	96500001	97000000	-0.0413778622080584
chr15	97000001	97500000	-0.0171113767604796
chr15	97500001	98000000	-0.0402385904826199
chr15	98000001	98500000	-0.0313917592436335
chr15	98500001	99000000	-0.00493424414711041
chr15	99000001	99500000	-0.0242647715723923
chr15	99500001	100000000	0.0285185636371102
chr15	100000001	100500000	-0.00956528181734921
chr15	100500001	101000000	0.0169935482613617
chr15	101000001	101500000	-0.00917866061245956
chr16	1	500000	NA
chr16	500001	1000000	NA
chr16	1000001	1500000	NA
chr16	1500001	2000000	-0.13966181693727
chr16	2000001	2500000	-0.0863564922065135
chr16	2500001	3000000	-0.335841608541269
chr16	3000001	3500000	0.0208121713686557
chr16	3500001	4000000	-0.0486887193503872
chr16	4000001	4500000	-0.084302245377209
chr16	4500001	5000000	-0.0741613901927912
chr16	5000001	5500000	0.0937904753331833
chr16	5500001	6000000	-0.0779618208557927
chr16	6000001	6500000	-0.0186472084745926
chr16	6500001	7000000	0.0306705487960637
chr16	7000001	7500000	-0.1258665097728
chr16	7500001	8000000	-0.0580366116202359
chr16	8000001	8500000	-0.0442077468900071
chr16	8500001	9000000	-0.093629901394059
chr16	9000001	9500000	-0.0401438958788944
chr16	9500001	10000000	-0.0832168182181389
chr16	10000001	10500000	-0.068039413891275
chr16	10500001	11000000	-0.0892786523752706
chr16	11000001	11500000	-0.0194960923309793
chr16	11500001	12000000	0.00920717371192667
chr16	12000001	12500000	-0.0741963905686474
chr16	12500001	13000000	0.0346401867319228
chr16	13000001	13500000	0.0238559265333748
chr16	13500001	14000000	-0.0221455058310887
chr16	14000001	14500000	-0.0838723871661376
chr16	15500001	16000000	-0.0172634598062393
chr16	17000001	17500000	0.130198831253882
chr16	17500001	18000000	-0.0247709635186804
chr16	19000001	19500000	-0.0977425415469713
chr16	19500001	20000000	0.0229244942134468
chr16	20000001	20500000	0.0426963561047444
chr16	20500001	21000000	-0.0874993587942092
chr16	22000001	22500000	-0.188313363179541
chr16	22500001	23000000	0.247041595298528
chr16	23000001	23500000	-0.163008713582127
chr16	23500001	24000000	-0.00461203754635489
chr16	24000001	24500000	-0.0649939328818861
chr16	24500001	25000000	-0.110696401375692
chr16	25000001	25500000	-0.00393751199845745
chr16	25500001	26000000	-0.0930300918733147
chr16	26000001	26500000	-0.123259225166212
chr16	26500001	27000000	-0.040862407710335
chr16	27000001	27500000	0.0149756591622548
chr16	27500001	28000000	-0.100796602373328
chr16	28000001	28500000	-0.237729806186499
chr16	29500001	30000000	-0.189728877725534
chr16	30500001	31000000	-0.00344949780303572
chr16	31000001	31500000	0.00374776146239764
chr16	31500001	32000000	-0.11291463832837
chr16	46500001	47000000	-0.132930980747954
chr16	47000001	47500000	-0.0732753054677379
chr16	47500001	48000000	-0.0563793872272544
chr16	48000001	48500000	-0.10624347127426
chr16	48500001	49000000	-0.0667298439713211
chr16	49000001	49500000	-0.0898432380175588
chr16	49500001	50000000	-0.0692836186918272
chr16	50000001	50500000	-0.132075802881783
chr16	50500001	51000000	-0.0901929094823662
chr16	51000001	51500000	-0.137370361074083
chr16	51500001	52000000	-0.0728658727038676
chr16	52000001	52500000	-0.204093104593985
chr16	52500001	53000000	-0.0642992927063537
chr16	53000001	53500000	-0.0762037462503046
chr16	53500001	54000000	-0.124598159948824
chr16	54000001	54500000	-0.0110659631342946
chr16	54500001	55000000	-0.0595552943939961
chr16	55000001	55500000	-0.0169488971839488
chr16	55500001	56000000	-0.0235062158204577
chr16	56000001	56500000	-0.0850267681505763
chr16	56500001	57000000	-0.130539186335907
chr16	57000001	57500000	-0.00337138368500516
chr16	57500001	58000000	-0.0733395735960169
chr16	58000001	58500000	-0.126964495700561
chr16	58500001	59000000	-0.0602270878546265
chr16	59000001	59500000	-0.0326938965096917
chr16	59500001	60000000	-0.0996266031805809
chr16	60000001	60500000	-0.0472403332645605
chr16	60500001	61000000	-0.12843225078752
chr16	61000001	61500000	-0.0635302832734576
chr16	61500001	62000000	-0.115312481679724
chr16	62000001	62500000	-0.130664841013966
chr16	62500001	63000000	-0.0785426504100514
chr16	63000001	63500000	-0.0680586534749125
chr16	63500001	64000000	-0.0656071945358944
chr16	64000001	64500000	-0.0933601865639178
chr16	64500001	65000000	-0.0685990348761149
chr16	65000001	65500000	-0.041368697332734
chr16	65500001	66000000	-0.0156001527313631
chr16	66000001	66500000	-0.0253741318151088
chr16	66500001	67000000	-0.118919953043002
chr16	67000001	67500000	-0.0423242632198863
chr16	67500001	68000000	-0.0465699422155553
chr16	68000001	68500000	-0.0904887186513003
chr16	68500001	69000000	-0.0978245243062877
chr16	69000001	69500000	-0.116274783903077
chr16	69500001	70000000	-0.178116251345069
chr16	70500001	71000000	-0.175925777446914
chr16	71000001	71500000	-0.108287591622954
chr16	71500001	72000000	-0.159051540793404
chr16	72000001	72500000	-0.051543020558502
chr16	72500001	73000000	0.0179161379205745
chr16	73000001	73500000	-0.0997454670127269
chr16	73500001	74000000	-0.134034995304571
chr16	74000001	74500000	-0.134122704527262
chr16	74500001	75000000	-0.209757790189423
chr16	75000001	75500000	-0.0761115677204828
chr16	75500001	76000000	-0.0966212756752346
chr16	76000001	76500000	-0.0414869232966272
chr16	76500001	77000000	-0.128872922099129
chr16	77000001	77500000	-0.0952180022455889
chr16	77500001	78000000	-0.0595089498963723
chr16	78000001	78500000	-0.0859831721719135
chr16	78500001	79000000	-0.0881163016306301
chr16	79000001	79500000	-0.00769635556137254
chr16	79500001	80000000	-0.024311099384116
chr16	80000001	80500000	-0.0165354537128263
chr16	80500001	81000000	-0.073424615365315
chr16	81000001	81500000	-0.18067483865059
chr16	81500001	82000000	-0.028011726424304
chr16	82000001	82500000	-0.0301860429157335
chr16	82500001	83000000	-0.0739649921397523
chr16	83000001	83500000	-0.146322508296383
chr16	83500001	84000000	0.0170412059500221
chr16	84000001	84500000	0.0110849792015432
chr16	84500001	85000000	0.0760216199821505
chr16	85000001	85500000	-0.103123185218264
chr16	85500001	86000000	-0.0615596036899044
chr16	86000001	86500000	-0.0824149279881401
chr16	86500001	87000000	-0.0831804289250941
chr16	87000001	87500000	-0.0822651878487094
chr16	87500001	88000000	-0.0879479089455556
chr16	88000001	88500000	NA
chr16	88500001	89000000	-0.0363443831087096
chr16	89000001	89500000	-0.0880777553692634
chr16	89500001	90000000	-0.0502387058017236
chr17	500001	1000000	0.0639092709600017
chr17	1000001	1500000	-0.0617310771662407
chr17	1500001	2000000	-0.047057594323092
chr17	2000001	2500000	-0.0962639450831722
chr17	2500001	3000000	-0.0178831545953778
chr17	3000001	3500000	0.0510172540640096
chr17	3500001	4000000	-0.0717351025917168
chr17	4000001	4500000	-0.0546469965522497
chr17	4500001	5000000	-0.0801237361186683
chr17	5000001	5500000	-0.0458540301733702
chr17	5500001	6000000	-0.0103848124508578
chr17	6000001	6500000	-0.0953291581044965
chr17	6500001	7000000	-0.0455686610449732
chr17	7000001	7500000	-0.016533606462897
chr17	7500001	8000000	0.0215816963465639
chr17	8000001	8500000	-0.00938614516576411
chr17	8500001	9000000	-0.0260564765282861
chr17	9000001	9500000	-0.063874552760708
chr17	9500001	10000000	0.00713542671380085
chr17	10000001	10500000	-0.0734255785850884
chr17	10500001	11000000	-0.0843571708217665
chr17	11000001	11500000	-0.125751453795226
chr17	11500001	12000000	-0.000503750668617527
chr17	12000001	12500000	-0.0346630322646061
chr17	12500001	13000000	-0.0539021648526985
chr17	13000001	13500000	-0.0748542315033794
chr17	13500001	14000000	-0.00523978549337526
chr17	14000001	14500000	-0.0416164115036002
chr17	14500001	15000000	-0.160623497407933
chr17	15000001	15500000	-0.0555195193601747
chr17	16000001	16500000	-0.0800188755849101
chr17	17000001	17500000	-0.137909479576279
chr17	17500001	18000000	-0.108545573440333
chr17	18000001	18500000	-0.143702955127393
chr17	19500001	20000000	-0.0446062924703071
chr17	20000001	20500000	-0.133695827077099
chr17	21000001	21500000	0.0863055194632666
chr17	27500001	28000000	-0.0191914108291009
chr17	28000001	28500000	0.00937714061981376
chr17	28500001	29000000	0.167188514781066
chr17	29000001	29500000	0.0678546288788608
chr17	29500001	30000000	0.0641540189854308
chr17	30000001	30500000	-0.0250293088988588
chr17	30500001	31000000	-0.0360951868358529
chr17	31000001	31500000	-0.0143830626856888
chr17	31500001	32000000	0.0312776383850247
chr17	32000001	32500000	-0.0802364362529359
chr17	32500001	33000000	-0.0187927417046777
chr17	33000001	33500000	0.0214468139055078
chr17	33500001	34000000	0.0154372921896802
chr17	34000001	34500000	0.108809396632373
chr17	34500001	35000000	0.0445218223313826
chr17	35000001	35500000	0.0550377190341213
chr17	35500001	36000000	0.0260686195782209
chr17	36500001	37000000	-0.0660995182793672
chr17	37000001	37500000	-0.0869793650033058
chr17	37500001	38000000	-0.0920532099556272
chr17	38500001	39000000	0.0172606416707067
chr17	39000001	39500000	-0.0560399050513174
chr17	39500001	40000000	0.00447952077818475
chr17	40000001	40500000	0.0101655523136033
chr17	40500001	41000000	-0.0286667996032081
chr17	41000001	41500000	0.0556766171262809
chr17	41500001	42000000	0.0103727176931895
chr17	42000001	42500000	0.0101048037498118
chr17	42500001	43000000	-0.0391995549473287
chr17	43000001	43500000	-0.203915533515376
chr17	43500001	44000000	0.0178870210360466
chr17	44000001	44500000	0.0176476696552427
chr17	44500001	45000000	0.0316695160532963
chr17	45000001	45500000	0.0113403526742301
chr17	45500001	46000000	-0.020394003652802
chr17	47000001	47500000	-0.0089643025803418
chr17	47500001	48000000	0.0443183261029333
chr17	48000001	48500000	-0.0505471294815335
chr17	48500001	49000000	-0.0539188992758507
chr17	49000001	49500000	-0.0289363171824043
chr17	49500001	50000000	0.0972337381246452
chr17	50000001	50500000	0.0594674174487963
chr17	50500001	51000000	-0.01032740214542
chr17	51000001	51500000	0.00760269904335376
chr17	51500001	52000000	0.0725478270493288
chr17	52000001	52500000	-8.29813676515162e-06
chr17	52500001	53000000	0.0166932394710925
chr17	53000001	53500000	-0.0422543436871483
chr17	53500001	54000000	-0.0318157267693154
chr17	54000001	54500000	-0.0578825355558905
chr17	54500001	55000000	-0.0853677107540706
chr17	55000001	55500000	-0.0752433972748238
chr17	55500001	56000000	0.0189485725094382
chr17	56000001	56500000	0.0855563900553651
chr17	56500001	57000000	0.00837851433819632
chr17	57000001	57500000	-0.0352187032810491
chr17	57500001	58000000	-0.0161831119149776
chr17	58000001	58500000	0.0137358140570378
chr17	58500001	59000000	-0.021136431705985
chr17	59000001	59500000	-0.103667287041084
chr17	59500001	60000000	-0.0436806590762286
chr17	60000001	60500000	-0.122602711033306
chr17	60500001	61000000	-0.0212562528042431
chr17	61000001	61500000	-0.0161950061756619
chr17	61500001	62000000	-0.0100948579082435
chr17	62000001	62500000	0.112336455826133
chr17	62500001	63000000	-0.072786543356874
chr17	63000001	63500000	0.048886619390023
chr17	63500001	64000000	0.0592697603374142
chr17	64000001	64500000	0.0785887981806533
chr17	64500001	65000000	0.0053340377154694
chr17	65000001	65500000	-0.00610546951844732
chr17	65500001	66000000	-0.0179046066109241
chr17	66000001	66500000	-0.131099357090083
chr17	66500001	67000000	-0.0271404363037428
chr17	67000001	67500000	-0.083514802146423
chr17	67500001	68000000	-0.049678582278866
chr17	68000001	68500000	0.052279152559585
chr17	68500001	69000000	-0.0350269915786867
chr17	69000001	69500000	-0.073216032435668
chr17	69500001	70000000	-0.0378307553071409
chr17	70000001	70500000	-0.00455349722507917
chr17	70500001	71000000	-0.0249397350537321
chr17	71000001	71500000	-0.0617830660177848
chr17	71500001	72000000	-0.0938416910929717
chr17	72000001	72500000	-0.0920823168161511
chr17	72500001	73000000	0.0434724154066515
chr17	73000001	73500000	0.039790781188512
chr17	73500001	74000000	0.0547252577980451
chr17	74000001	74500000	-0.0117592329812181
chr17	74500001	75000000	0.0720975326146524
chr17	75000001	75500000	-0.0176515806721947
chr17	75500001	76000000	-0.0552283332056295
chr17	76000001	76500000	0.0357529416685578
chr17	76500001	77000000	0.0707302244296302
chr17	77000001	77500000	0.0929028680685177
chr17	77500001	78000000	0.059139194629352
chr17	78000001	78500000	0.0349237814310827
chr17	78500001	79000000	0.14280876195255
chr17	79000001	79500000	-0.0544734088541177
chr17	79500001	80000000	-0.0610682062606736
chr17	80000001	80500000	0.00889884514715748
chr17	80500001	81000000	-0.0889212438166736
chr17	81000001	81500000	NA
chr17	81500001	82000000	NA
chr17	82000001	82500000	-0.0617711691229493
chr17	82500001	83000000	-0.00496300291642433
chr17	83000001	83500000	NA
chr18	1	500000	NA
chr18	500001	1000000	-0.183093559387452
chr18	1000001	1500000	-0.170481053154491
chr18	1500001	2000000	-0.191461769087336
chr18	2000001	2500000	-0.138955491448277
chr18	2500001	3000000	-0.0392305355369477
chr18	3000001	3500000	-0.14336359037749
chr18	3500001	4000000	-0.121432429678487
chr18	4000001	4500000	-0.119607501750244
chr18	4500001	5000000	-0.121814869775278
chr18	5000001	5500000	-0.129867410930581
chr18	5500001	6000000	-0.109065128322135
chr18	6000001	6500000	-0.125784384039311
chr18	6500001	7000000	-0.142495616239796
chr18	7000001	7500000	-0.0658892117964371
chr18	7500001	8000000	-0.094847153713736
chr18	8000001	8500000	-0.130824172592881
chr18	8500001	9000000	0.0226939766850095
chr18	9000001	9500000	-0.0852605518175036
chr18	9500001	10000000	0.0259815202529175
chr18	10000001	10500000	-0.0467573999107442
chr18	10500001	11000000	-0.120260430763269
chr18	11000001	11500000	-0.125392929263105
chr18	11500001	12000000	-0.146676332355485
chr18	12000001	12500000	-0.182827398954422
chr18	12500001	13000000	-0.139928273402494
chr18	13000001	13500000	-0.130402307151003
chr18	13500001	14000000	-0.0696786483813948
chr18	22000001	22500000	-0.0894430383543226
chr18	22500001	23000000	-0.0311054338398424
chr18	23000001	23500000	-0.0189298439488319
chr18	23500001	24000000	-0.0408961267804415
chr18	24000001	24500000	-0.0255126406436561
chr18	24500001	25000000	-0.00532436826537516
chr18	25000001	25500000	-0.0611791467898549
chr18	25500001	26000000	-0.0580377581606254
chr18	26000001	26500000	-0.106463305712457
chr18	26500001	27000000	-0.0515372537112673
chr18	27000001	27500000	-0.0224622075878982
chr18	27500001	28000000	-0.130256052520636
chr18	28000001	28500000	-0.0210528627169391
chr18	28500001	29000000	0.0221457428649821
chr18	29000001	29500000	-0.0366895164816446
chr18	29500001	30000000	0.0137130391347244
chr18	30000001	30500000	0.00261583333834873
chr18	30500001	31000000	-0.0426414675774987
chr18	31000001	31500000	-0.054642666194737
chr18	31500001	32000000	-0.0502969065515165
chr18	32000001	32500000	-0.0438611766437583
chr18	32500001	33000000	-0.0727233337748977
chr18	33000001	33500000	-0.133074623076297
chr18	33500001	34000000	-0.108814762785201
chr18	34000001	34500000	-0.138039956107795
chr18	34500001	35000000	-0.0623355667310596
chr18	35000001	35500000	-0.0425353468742496
chr18	35500001	36000000	-0.0826433907194364
chr18	36000001	36500000	-0.0160265285361585
chr18	36500001	37000000	-0.0521143841756531
chr18	37000001	37500000	-0.042960639724252
chr18	37500001	38000000	-0.00214192550898604
chr18	38000001	38500000	0.0215926504443177
chr18	38500001	39000000	-0.0299516697698561
chr18	39000001	39500000	-0.00716577814716692
chr18	39500001	40000000	-0.00471113520002384
chr18	40000001	40500000	-0.0867770075540699
chr18	40500001	41000000	-0.0575029369442021
chr18	41000001	41500000	-0.084249890441387
chr18	41500001	42000000	-0.020907258484326
chr18	42000001	42500000	-0.109681389866672
chr18	42500001	43000000	-0.0830797956199534
chr18	43000001	43500000	0.00462474075040382
chr18	43500001	44000000	0.0222484104860672
chr18	44000001	44500000	-0.0253735096060852
chr18	44500001	45000000	-0.00839520327458235
chr18	45000001	45500000	-0.01553466228815
chr18	45500001	46000000	0.0619716737361558
chr18	46000001	46500000	-0.055557024240555
chr18	46500001	47000000	NA
chr18	47000001	47500000	NA
chr18	47500001	48000000	-0.0369815104586236
chr18	48000001	48500000	0.00210069746444712
chr18	48500001	49000000	0.022674827923829
chr18	49000001	49500000	-0.0138261081976252
chr18	49500001	50000000	-0.147352274845707
chr18	50000001	50500000	-0.101823211733166
chr18	50500001	51000000	-0.061729671604693
chr18	51000001	51500000	-0.0969542077499003
chr18	51500001	52000000	-0.130779724532625
chr18	52000001	52500000	-0.0387680873971132
chr18	52500001	53000000	-0.0757394571018959
chr18	53000001	53500000	-0.089848055871171
chr18	53500001	54000000	-0.0288850271781664
chr18	54000001	54500000	-0.0522395439368718
chr18	54500001	55000000	NA
chr18	55000001	55500000	-0.0959226725996542
chr18	55500001	56000000	-0.0953167604232752
chr18	56000001	56500000	0.0166785023305793
chr18	56500001	57000000	-0.12194794467057
chr18	57000001	57500000	-0.0138186907070588
chr18	57500001	58000000	-0.065378515225441
chr18	58000001	58500000	-0.180364969743935
chr18	58500001	59000000	-0.0663359690990946
chr18	59000001	59500000	-0.0268707000364976
chr18	59500001	60000000	-0.0727124639901428
chr18	60000001	60500000	0.0167470743047047
chr18	60500001	61000000	-0.168643599290739
chr18	61000001	61500000	-0.109300463786787
chr18	61500001	62000000	-0.0276544994128915
chr18	62000001	62500000	-0.0694706495199116
chr18	62500001	63000000	-0.122519639601355
chr18	63000001	63500000	-0.162395118210476
chr18	63500001	64000000	-0.0645033387230652
chr18	64000001	64500000	-0.136333387172563
chr18	64500001	65000000	-0.0684279397583434
chr18	65000001	65500000	-0.0317128423859968
chr18	65500001	66000000	-0.0651451327121919
chr18	66000001	66500000	-0.0894425627300278
chr18	66500001	67000000	-0.0640532004365404
chr18	67000001	67500000	-0.0826534893887336
chr18	67500001	68000000	-0.0819339772026253
chr18	68000001	68500000	-0.0271265778881529
chr18	68500001	69000000	-0.0734234730591795
chr18	69000001	69500000	-0.038849704872227
chr18	69500001	70000000	-0.0731500946628773
chr18	70000001	70500000	-0.0695339958272684
chr18	70500001	71000000	-0.0299084594001473
chr18	71000001	71500000	-0.0678007685312104
chr18	71500001	72000000	-0.281321052246269
chr18	72000001	72500000	-0.188685353618765
chr18	72500001	73000000	-0.178504340833797
chr18	73000001	73500000	-0.232934878809973
chr18	73500001	74000000	-0.157482053731799
chr18	74000001	74500000	-0.125464548217649
chr18	74500001	75000000	-0.205726305422618
chr18	75000001	75500000	-0.135325961253757
chr18	75500001	76000000	-0.106528756545823
chr18	76000001	76500000	-0.0901481588755305
chr18	76500001	77000000	-0.122954487787276
chr18	77000001	77500000	-0.0238105354886166
chr18	77500001	78000000	-0.109529598215592
chr18	78000001	78500000	-0.18070726340442
chr18	78500001	79000000	-0.147969984407602
chr18	79000001	79500000	-0.216249010446252
chr18	79500001	80000000	-0.118792171211902
chr19	500001	1000000	NA
chr19	1000001	1500000	NA
chr19	1500001	2000000	-0.0326747864957752
chr19	2000001	2500000	0.0358213492148479
chr19	2500001	3000000	0.0139290433614834
chr19	3000001	3500000	0.0261452798830837
chr19	3500001	4000000	-0.0931112929671195
chr19	4000001	4500000	-0.0814487429809723
chr19	4500001	5000000	0.0243277767034745
chr19	5000001	5500000	-0.0350300466955039
chr19	5500001	6000000	-0.0960392434471411
chr19	6000001	6500000	-0.096410199294018
chr19	6500001	7000000	-0.0289610952241168
chr19	7000001	7500000	0.0668161041926277
chr19	7500001	8000000	0.104892885911481
chr19	8000001	8500000	-0.0823671237734727
chr19	8500001	9000000	-0.0795518222608196
chr19	9000001	9500000	-0.0255698929094288
chr19	9500001	10000000	-0.0304776735576345
chr19	10000001	10500000	0.0105916981290291
chr19	10500001	11000000	-0.0308881655585344
chr19	11000001	11500000	0.00961211661150452
chr19	11500001	12000000	-0.055930951834245
chr19	12000001	12500000	-0.0211574241455699
chr19	12500001	13000000	0.0637784055280734
chr19	13000001	13500000	0.0555345570484969
chr19	13500001	14000000	0.0399011853855184
chr19	14000001	14500000	0.122673513253528
chr19	14500001	15000000	0.0760179805385409
chr19	15000001	15500000	0.121157148709687
chr19	15500001	16000000	0.0992141263246876
chr19	16000001	16500000	0.0400471819918175
chr19	16500001	17000000	0.108151485013178
chr19	17000001	17500000	0.062552192849221
chr19	17500001	18000000	0.0519949276161956
chr19	18000001	18500000	0.176590051510443
chr19	18500001	19000000	0.0478893142943086
chr19	19000001	19500000	0.050782728476681
chr19	19500001	20000000	0.0690895426165791
chr19	20000001	20500000	-0.120820357113133
chr19	20500001	21000000	-0.0521986801558136
chr19	21000001	21500000	-0.0196904268071158
chr19	21500001	22000000	0.162715304542567
chr19	22000001	22500000	-0.0460904875049626
chr19	22500001	23000000	-0.0464584662987305
chr19	23000001	23500000	0.103598595222788
chr19	23500001	24000000	0.0605627599250553
chr19	28500001	29000000	-0.0392368364327375
chr19	29000001	29500000	-0.0496747725930714
chr19	29500001	30000000	0.00804957648745852
chr19	30000001	30500000	-0.0174907515444579
chr19	30500001	31000000	-0.0173010711865495
chr19	31000001	31500000	-0.0450373794672796
chr19	31500001	32000000	-0.0888870700710146
chr19	32000001	32500000	-0.0511407911869442
chr19	32500001	33000000	-0.10983677281453
chr19	33000001	33500000	0.00661188750594577
chr19	33500001	34000000	-0.0976134706738183
chr19	34000001	34500000	0.0244397485113695
chr19	34500001	35000000	0.000704965044016809
chr19	35000001	35500000	0.0828787747284413
chr19	35500001	36000000	0.075914705079911
chr19	36000001	36500000	-0.10890540277402
chr19	36500001	37000000	0.131751298221765
chr19	37000001	37500000	-0.0500051881587459
chr19	37500001	38000000	0.129684201735964
chr19	38000001	38500000	0.164943751575951
chr19	38500001	39000000	0.108461632524712
chr19	39000001	39500000	0.0355683596863248
chr19	39500001	40000000	0.120860378652348
chr19	40000001	40500000	0.0189645576396201
chr19	40500001	41000000	0.0166786034842213
chr19	41000001	41500000	-0.027152423045251
chr19	41500001	42000000	0.0659371837601395
chr19	42000001	42500000	0.0689273403244298
chr19	43500001	44000000	-0.0725332837220933
chr19	44000001	44500000	-0.135596600070496
chr19	44500001	45000000	-0.0417079934913348
chr19	45000001	45500000	-0.147271044011308
chr19	45500001	46000000	-0.138199121005729
chr19	46000001	46500000	-0.0625146829352998
chr19	46500001	47000000	-0.0625594338072431
chr19	47000001	47500000	-0.0191535764484591
chr19	47500001	48000000	-0.170795550968598
chr19	48000001	48500000	-0.00629156597105993
chr19	48500001	49000000	-0.041102083203382
chr19	49000001	49500000	-0.0357312038879469
chr19	49500001	50000000	0.0115623817369429
chr19	50000001	50500000	-0.069068750484192
chr19	50500001	51000000	-0.0438799411668762
chr19	51000001	51500000	0.0164828389170929
chr19	51500001	52000000	-0.0171844815119407
chr19	52000001	52500000	-0.114182773339438
chr19	52500001	53000000	-0.148853364692733
chr19	53000001	53500000	0.0735063817958005
chr19	53500001	54000000	0.00312084933266209
chr19	54000001	54500000	0.00887090570221105
chr19	54500001	55000000	0.00966338594730116
chr19	55000001	55500000	-0.11642194427734
chr19	55500001	56000000	-0.154798999395931
chr19	56000001	56500000	-0.100304172884214
chr19	56500001	57000000	-0.211744407874419
chr19	57000001	57500000	-0.0375613335903832
chr19	57500001	58000000	-0.0688954130525661
chr19	58000001	58500000	-0.110143871819968
chr20	1	500000	NA
chr20	500001	1000000	0.113295183931768
chr20	1000001	1500000	0.0949614235800746
chr20	1500001	2000000	0.261893068538484
chr20	2000001	2500000	0.157534348131373
chr20	2500001	3000000	0.0860097503672303
chr20	3000001	3500000	0.008640386201553
chr20	3500001	4000000	0.118841599082041
chr20	4000001	4500000	0.114806634711962
chr20	4500001	5000000	0.111194989591713
chr20	5000001	5500000	0.119870344322997
chr20	5500001	6000000	0.148670814479831
chr20	6000001	6500000	0.0297345948852518
chr20	6500001	7000000	0.0666469560860809
chr20	7000001	7500000	0.131521616927568
chr20	7500001	8000000	0.0758800339450891
chr20	8000001	8500000	0.169312044925764
chr20	8500001	9000000	0.117839439125115
chr20	9000001	9500000	0.0206555900126512
chr20	9500001	10000000	0.116683433503739
chr20	10000001	10500000	0.0345612117335407
chr20	10500001	11000000	0.0976394685724816
chr20	11000001	11500000	0.0782565626090159
chr20	11500001	12000000	0.122040205519533
chr20	12000001	12500000	0.0891555666666328
chr20	12500001	13000000	0.135216842809572
chr20	13000001	13500000	0.0108471590633732
chr20	13500001	14000000	0.111724212981887
chr20	14000001	14500000	0.0502241942140553
chr20	14500001	15000000	0.0115420106328125
chr20	15000001	15500000	0.11392421268257
chr20	15500001	16000000	0.152157564961422
chr20	16000001	16500000	0.0743363236683701
chr20	16500001	17000000	0.111087443104213
chr20	17000001	17500000	0.0672966003112985
chr20	17500001	18000000	0.214150637199979
chr20	18000001	18500000	0.193651516423388
chr20	18500001	19000000	0.220229083776152
chr20	19000001	19500000	0.272186318322682
chr20	19500001	20000000	0.234575920039344
chr20	20000001	20500000	0.0812649338954081
chr20	20500001	21000000	0.109244750683776
chr20	21000001	21500000	0.0811421108964364
chr20	21500001	22000000	0.111567473613958
chr20	22000001	22500000	0.0818247523320669
chr20	22500001	23000000	0.0520331793309078
chr20	23000001	23500000	0.109610808187079
chr20	23500001	24000000	0.225340015455113
chr20	24000001	24500000	0.0410026326317994
chr20	24500001	25000000	0.0714425818482336
chr20	25000001	25500000	-0.0278061437377307
chr20	31500001	32000000	0.16231761031732
chr20	32000001	32500000	0.121316702572736
chr20	32500001	33000000	0.049019865767815
chr20	33000001	33500000	0.113533769762379
chr20	33500001	34000000	0.0792424823113294
chr20	34000001	34500000	0.095042694257106
chr20	34500001	35000000	0.0624797272065955
chr20	35000001	35500000	0.121671609293513
chr20	35500001	36000000	-0.0380563936965871
chr20	36000001	36500000	NA
chr20	36500001	37000000	0.0300282565568932
chr20	37000001	37500000	0.0730499344786298
chr20	37500001	38000000	0.0503415693489718
chr20	38000001	38500000	0.132593992601771
chr20	38500001	39000000	0.0902650389447849
chr20	39000001	39500000	-0.0177947917080222
chr20	39500001	40000000	0.0766685524475732
chr20	40000001	40500000	0.105365747286627
chr20	40500001	41000000	0.171255487176651
chr20	41000001	41500000	0.0588713089252837
chr20	41500001	42000000	0.0643156968382185
chr20	42000001	42500000	0.0836526692658989
chr20	42500001	43000000	0.0958816007439883
chr20	43000001	43500000	0.0966556931523438
chr20	43500001	44000000	0.0977994151632614
chr20	44000001	44500000	0.0535717773434194
chr20	44500001	45000000	0.0907596030046822
chr20	45000001	45500000	0.195848951440335
chr20	45500001	46000000	0.0661040266689412
chr20	46000001	46500000	0.120204946115009
chr20	46500001	47000000	0.0551205349413087
chr20	47000001	47500000	0.0703349286447351
chr20	47500001	48000000	0.0618286631033363
chr20	48000001	48500000	0.11877310328816
chr20	48500001	49000000	0.287699864871197
chr20	49000001	49500000	0.0764287036894332
chr20	49500001	50000000	0.115324305482883
chr20	50000001	50500000	0.213761008427542
chr20	50500001	51000000	0.0353713688015144
chr20	51000001	51500000	0.161808885454749
chr20	51500001	52000000	0.102876744696697
chr20	52000001	52500000	0.14951067226459
chr20	52500001	53000000	0.0747778195285273
chr20	53000001	53500000	0.177614270881241
chr20	53500001	54000000	0.243801035068442
chr20	54000001	54500000	0.123435045240591
chr20	54500001	55000000	0.147499868150072
chr20	55000001	55500000	0.177974458791338
chr20	55500001	56000000	0.0741571672404264
chr20	56000001	56500000	0.15225015771956
chr20	56500001	57000000	0.0503548994018447
chr20	57000001	57500000	-0.0347589598833472
chr20	57500001	58000000	0.0636141963139516
chr20	58000001	58500000	0.0641679336340969
chr20	58500001	59000000	0.0295736999184695
chr20	59000001	59500000	0.0395823552323967
chr20	59500001	60000000	0.0325530883208682
chr20	60000001	60500000	0.152064781821321
chr20	60500001	61000000	0.0481780806969593
chr20	61000001	61500000	0.0938625565554428
chr20	61500001	62000000	-0.0183526620620329
chr20	62000001	62500000	0.0381177193057946
chr20	62500001	63000000	0.151956243098086
chr20	63000001	63500000	0.0266505567802248
chr20	63500001	64000000	0.156412357426637
chr21	14000001	14500000	-0.021709517586869
chr21	14500001	15000000	0.049763807462076
chr21	15000001	15500000	-0.114324715593273
chr21	15500001	16000000	-0.0294318051026681
chr21	16000001	16500000	-0.0538469101597942
chr21	16500001	17000000	-0.0695546619871366
chr21	17000001	17500000	-0.0164892476912318
chr21	17500001	18000000	0.00195293036204153
chr21	18000001	18500000	-0.0492865344338831
chr21	18500001	19000000	-0.0691575489337694
chr21	19000001	19500000	-0.0238461087247135
chr21	19500001	20000000	0.00535376928274823
chr21	20000001	20500000	0.00105641570902343
chr21	20500001	21000000	-0.109781172491406
chr21	21000001	21500000	-0.127344924047573
chr21	21500001	22000000	-0.117910825167788
chr21	22000001	22500000	-0.0774410185332084
chr21	22500001	23000000	-0.0524156218701628
chr21	23000001	23500000	-0.124861843456516
chr21	23500001	24000000	-0.0436211192826825
chr21	24000001	24500000	0.0255482651293338
chr21	24500001	25000000	-0.148431531704698
chr21	25000001	25500000	-0.0593965032306274
chr21	25500001	26000000	-0.0741762270282869
chr21	26000001	26500000	-0.0494120617071966
chr21	26500001	27000000	-0.015917879177162
chr21	27000001	27500000	-0.135911238996467
chr21	27500001	28000000	0.0188201286169143
chr21	28000001	28500000	-0.0384369610747188
chr21	28500001	29000000	-0.0111367621813896
chr21	29000001	29500000	-0.0178605157695351
chr21	29500001	30000000	-0.116712392121549
chr21	30000001	30500000	-0.150446681352928
chr21	30500001	31000000	-0.0336909785550907
chr21	31000001	31500000	-0.0375337693976655
chr21	31500001	32000000	NA
chr21	32000001	32500000	-0.0297442697669656
chr21	32500001	33000000	-0.0836272134310975
chr21	33000001	33500000	0.0392888983460596
chr21	33500001	34000000	-0.0370152004796732
chr21	34000001	34500000	-0.33593402623601
chr21	34500001	35000000	0.0366203263595704
chr21	35000001	35500000	0.0101992041695939
chr21	35500001	36000000	0.00520105325142724
chr21	36000001	36500000	-0.0110821161567098
chr21	36500001	37000000	-0.0558588971194316
chr21	37000001	37500000	0.0461345718932041
chr21	37500001	38000000	0.0276153465230349
chr21	38000001	38500000	0.0688304862190326
chr21	38500001	39000000	NA
chr21	39000001	39500000	-0.0254591143295868
chr21	39500001	40000000	-0.0450601022353608
chr21	40000001	40500000	-0.0489011062102925
chr21	40500001	41000000	-0.0119958334110905
chr21	41000001	41500000	0.0287211593814024
chr21	41500001	42000000	NA
chr21	42000001	42500000	-0.00523030288247436
chr21	42500001	43000000	NA
chr21	43500001	44000000	-0.0328891841898968
chr21	44000001	44500000	-0.524428525092416
chr21	44500001	45000000	-0.0311329468890893
chr21	45000001	45500000	-0.109964201246637
chr21	45500001	46000000	-0.00269385788751837
chr21	46000001	46500000	-0.0760189286112024
chr21	46500001	47000000	NA
chr22	17500001	18000000	-0.0818992553618632
chr22	19000001	19500000	0.0163692516758996
chr22	19500001	20000000	-0.112754513805061
chr22	20000001	20500000	0.0303448914925291
chr22	20500001	21000000	-0.060675218685814
chr22	21500001	22000000	-0.195548425863596
chr22	22000001	22500000	0.1913873225496
chr22	22500001	23000000	0.005907349904531
chr22	23000001	23500000	-0.0662619860332785
chr22	23500001	24000000	-0.0408474774937995
chr22	24000001	24500000	0.0105338094363216
chr22	24500001	25000000	0.143219758502942
chr22	25000001	25500000	-0.0227804814397197
chr22	25500001	26000000	0.00734548601105342
chr22	26000001	26500000	0.018610050575179
chr22	26500001	27000000	0.0415163321269182
chr22	27000001	27500000	-0.00420346831409095
chr22	27500001	28000000	-0.107935495933814
chr22	28000001	28500000	-0.0362513742440122
chr22	28500001	29000000	-0.0749126973209808
chr22	29000001	29500000	0.0245644356935
chr22	29500001	30000000	-0.0488472526654029
chr22	30000001	30500000	0.0479245213680413
chr22	30500001	31000000	-0.0319295232664457
chr22	31000001	31500000	-0.0693609527893308
chr22	31500001	32000000	-0.0092399461494525
chr22	32000001	32500000	0.0291903163641098
chr22	32500001	33000000	-0.0635211410222492
chr22	33000001	33500000	-0.053368936975231
chr22	33500001	34000000	-0.0151404106776839
chr22	34000001	34500000	-0.0223438593038464
chr22	34500001	35000000	-0.069091801606708
chr22	35000001	35500000	0.064540159041049
chr22	35500001	36000000	-0.048522230792766
chr22	36000001	36500000	-0.0130490729220617
chr22	36500001	37000000	0.0962663582440396
chr22	37000001	37500000	0.0622022560056237
chr22	37500001	38000000	0.0873109587979626
chr22	38000001	38500000	0.0171846251423725
chr22	38500001	39000000	0.0102583425455982
chr22	39000001	39500000	-0.0132928357564326
chr22	39500001	40000000	-0.12476090816624
chr22	40000001	40500000	0.0352970757701136
chr22	40500001	41000000	-0.0815832047003123
chr22	41000001	41500000	-0.0562633827189546
chr22	41500001	42000000	-0.0164650438361764
chr22	42000001	42500000	0.00290771943044655
chr22	42500001	43000000	-0.0558149761338469
chr22	43000001	43500000	-0.0212239028468737
chr22	43500001	44000000	-0.0777839120922836
chr22	44000001	44500000	0.0288866103134508
chr22	44500001	45000000	-0.05264932404584
chr22	45000001	45500000	0.0120401467352119
chr22	45500001	46000000	-0.0275661949863882
chr22	46000001	46500000	-0.0757918086167989
chr22	46500001	47000000	0.0528710026181112
chr22	47000001	47500000	-0.0650365366694687
chr22	47500001	48000000	-0.11635054895511
chr22	48000001	48500000	-0.113124024614157
chr22	48500001	49000000	-0.161248628826745
chr22	49000001	49500000	-0.131908289015989
chr22	49500001	50000000	NA
chr22	50000001	50500000	-0.107024097111568
chr22	50500001	51000000	NA
chrX	3000001	3500000	-0.154014447290681
chrX	3500001	4000000	-0.283075738535501
chrX	4000001	4500000	-0.139127121438684
chrX	4500001	5000000	-0.213330722672495
chrX	5000001	5500000	-0.110493528385106
chrX	5500001	6000000	-0.0723981167324137
chrX	6000001	6500000	-0.0998504025804931
chrX	6500001	7000000	-0.121446380807396
chrX	7000001	7500000	-0.0783181275761567
chrX	7500001	8000000	-0.0526086578220286
chrX	8000001	8500000	-0.111644826567229
chrX	8500001	9000000	-0.0772682120116329
chrX	9000001	9500000	-0.0696119838100468
chrX	9500001	10000000	-0.164794116466111
chrX	10000001	10500000	-0.0566055029015502
chrX	10500001	11000000	-0.0530064553033584
chrX	11000001	11500000	-0.0747824363386085
chrX	11500001	12000000	-0.0276845344740145
chrX	12000001	12500000	-0.0706964942788081
chrX	12500001	13000000	-0.00345477903053022
chrX	13000001	13500000	-0.0288915337689174
chrX	13500001	14000000	-0.108724152851136
chrX	14000001	14500000	-0.119228903895612
chrX	14500001	15000000	-0.0512187526548191
chrX	15000001	15500000	-0.0873709374990732
chrX	15500001	16000000	-0.0247509198756006
chrX	16000001	16500000	-0.0399145815499453
chrX	16500001	17000000	-0.0865649077805989
chrX	17000001	17500000	-0.127325010441909
chrX	17500001	18000000	-0.0551581479851615
chrX	18000001	18500000	-0.0959792923254815
chrX	18500001	19000000	0.0192106812851446
chrX	19000001	19500000	-0.127463014019869
chrX	19500001	20000000	-0.00343173514915623
chrX	20000001	20500000	-0.0248728208226905
chrX	20500001	21000000	-0.0583232753565201
chrX	21000001	21500000	-0.123193923486056
chrX	21500001	22000000	-0.104152974083057
chrX	22000001	22500000	-0.0929216934481419
chrX	22500001	23000000	-0.0716174571215725
chrX	23000001	23500000	-0.0323964356582687
chrX	23500001	24000000	-0.0859347417591816
chrX	24000001	24500000	-0.0934111507842925
chrX	24500001	25000000	-0.124723565527092
chrX	25000001	25500000	-0.113652491799633
chrX	25500001	26000000	-0.0853437931204612
chrX	26000001	26500000	-0.143424695660049
chrX	26500001	27000000	-0.150291187971897
chrX	27000001	27500000	-0.0890336283308534
chrX	27500001	28000000	0.00124600767265031
chrX	28000001	28500000	0.107887633841557
chrX	28500001	29000000	0.0478561721950901
chrX	29000001	29500000	-0.01722190530164
chrX	29500001	30000000	-0.14698912193926
chrX	30000001	30500000	-0.0243252638120636
chrX	30500001	31000000	-0.0889640130513131
chrX	31000001	31500000	-0.0479050998518263
chrX	31500001	32000000	-0.0474085334439928
chrX	32000001	32500000	-0.0875136176253952
chrX	32500001	33000000	-0.0425295394988317
chrX	33000001	33500000	-0.0477819126558758
chrX	33500001	34000000	-0.0824052470866762
chrX	34000001	34500000	-0.146454714175858
chrX	34500001	35000000	-0.117108499166829
chrX	35000001	35500000	-0.116054671927321
chrX	35500001	36000000	-0.137930234323875
chrX	36000001	36500000	-0.140036602137389
chrX	36500001	37000000	-0.126527383963326
chrX	37500001	38000000	-0.101697565229453
chrX	38000001	38500000	-0.127878588253301
chrX	38500001	39000000	-0.149701129665072
chrX	39000001	39500000	-0.0385656727261203
chrX	39500001	40000000	-0.141759953970647
chrX	40000001	40500000	-0.133395477699795
chrX	40500001	41000000	-0.161530289615899
chrX	41000001	41500000	-0.118984019429715
chrX	41500001	42000000	-0.0184894850383435
chrX	42000001	42500000	-0.0991437826096884
chrX	42500001	43000000	-0.112338254203811
chrX	43000001	43500000	-0.0528110174265541
chrX	43500001	44000000	-0.0192776594510321
chrX	44000001	44500000	0.0441662103489624
chrX	44500001	45000000	0.0448610164274953
chrX	45000001	45500000	0.107481725736305
chrX	45500001	46000000	0.130167408838914
chrX	46000001	46500000	0.203323470744621
chrX	46500001	47000000	0.111802835283408
chrX	47000001	47500000	0.133671338959223
chrX	47500001	48000000	0.229823035383198
chrX	48500001	49000000	-0.0276010419200933
chrX	49500001	50000000	NA
chrX	50000001	50500000	NA
chrX	50500001	51000000	0.0493016769837034
chrX	51000001	51500000	0.105500840986494
chrX	51500001	52000000	-0.0568514394545087
chrX	52000001	52500000	-0.0429555091346028
chrX	53000001	53500000	-0.0992878529655392
chrX	53500001	54000000	-0.0319111292210874
chrX	54000001	54500000	-0.0768946007545913
chrX	54500001	55000000	-0.124465440726311
chrX	55000001	55500000	-0.0650769007874801
chrX	55500001	56000000	-0.0234933371317666
chrX	56000001	56500000	0.0509973504599068
chrX	56500001	57000000	-0.0546919188904702
chrX	57000001	57500000	-0.0092608619673429
chrX	64000001	64500000	-0.0203878226008326
chrX	64500001	65000000	-0.0012717585360592
chrX	65000001	65500000	-0.0743424461365086
chrX	65500001	66000000	0.120987864707748
chrX	66000001	66500000	0.0407193642592395
chrX	66500001	67000000	0.0374508862840782
chrX	67000001	67500000	-0.0268070021522456
chrX	67500001	68000000	-0.00536164584012812
chrX	68000001	68500000	0.0107481611477237
chrX	68500001	69000000	0.0214645726714676
chrX	69000001	69500000	-0.00860146902558577
chrX	69500001	70000000	-0.0452883109207886
chrX	70000001	70500000	0.0113472547520609
chrX	70500001	71000000	0.0404251861668161
chrX	71000001	71500000	-0.0595746084032048
chrX	71500001	72000000	-0.229991322876685
chrX	72000001	72500000	0.0592497993989536
chrX	73000001	73500000	0.035481368959983
chrX	73500001	74000000	0.064400120159835
chrX	74000001	74500000	-0.0352020617962352
chrX	74500001	75000000	0.0647517173224623
chrX	75000001	75500000	-0.014585987595209
chrX	75500001	76000000	-0.00965460927126965
chrX	76000001	76500000	-0.044880996087118
chrX	76500001	77000000	0.0163208004264629
chrX	77000001	77500000	-0.0175086397700101
chrX	77500001	78000000	-0.0227485252479353
chrX	78000001	78500000	0.0802638521141844
chrX	78500001	79000000	-0.0398419300283571
chrX	79000001	79500000	-0.0149495950965873
chrX	79500001	80000000	0.0446145920542082
chrX	80000001	80500000	0.0473993271975856
chrX	80500001	81000000	-0.0848833535447931
chrX	81000001	81500000	-0.0118605820910752
chrX	81500001	82000000	-0.0190132229690438
chrX	82000001	82500000	-0.048732127071478
chrX	82500001	83000000	-0.0648554476587173
chrX	83000001	83500000	-0.0097996359808229
chrX	83500001	84000000	-0.0656074425147375
chrX	84000001	84500000	-0.00893670256067282
chrX	84500001	85000000	-0.0242529497094136
chrX	85000001	85500000	-0.0133411211989481
chrX	85500001	86000000	-0.0213444887666588
chrX	86000001	86500000	0.0278843598524422
chrX	86500001	87000000	-0.0198008821044132
chrX	87000001	87500000	-0.0267489585632994
chrX	87500001	88000000	0.0181645209404084
chrX	88000001	88500000	-0.063693505733054
chrX	88500001	89000000	-0.0840284177408049
chrX	91000001	91500000	-0.0878240461260031
chrX	93000001	93500000	0.0112283887933336
chrX	93500001	94000000	0.01858512927427
chrX	94000001	94500000	-0.0478919792547773
chrX	94500001	95000000	0.00610276867000613
chrX	95000001	95500000	-0.0638465042388412
chrX	95500001	96000000	0.020379194771939
chrX	96000001	96500000	0.0389683464265431
chrX	96500001	97000000	-0.0210674523160819
chrX	97000001	97500000	0.00361067409109574
chrX	97500001	98000000	0.0491946244153207
chrX	98000001	98500000	0.0214911911765466
chrX	98500001	99000000	0.0395512355620969
chrX	99000001	99500000	-0.00676336402573609
chrX	99500001	100000000	0.014887895241228
chrX	100000001	100500000	0.039075676917579
chrX	100500001	101000000	-0.0467777749790267
chrX	101000001	101500000	0.0071909270749883
chrX	101500001	102000000	-0.00370777662813671
chrX	102500001	103000000	-0.0517146892148714
chrX	103000001	103500000	-0.115472135341318
chrX	103500001	104000000	-0.0711258161232617
chrX	104000001	104500000	-0.0368864547809031
chrX	104500001	105000000	0.00792549625525653
chrX	105000001	105500000	-0.125138569846861
chrX	105500001	106000000	-0.0733681923513024
chrX	106000001	106500000	0.0102473196400902
chrX	106500001	107000000	-0.0517678231029896
chrX	107000001	107500000	-0.0591831170075447
chrX	107500001	108000000	-0.0172480027589429
chrX	108000001	108500000	0.00764615808124377
chrX	108500001	109000000	-0.122726649277146
chrX	109000001	109500000	0.048448497719108
chrX	109500001	110000000	0.0363285054424899
chrX	110000001	110500000	0.000801797067453043
chrX	110500001	111000000	-0.0281256671687553
chrX	111000001	111500000	-0.0768760968439945
chrX	111500001	112000000	-0.0573056551806049
chrX	112000001	112500000	-0.0849417469542485
chrX	112500001	113000000	-0.00734026561265303
chrX	113000001	113500000	-0.0849637452566363
chrX	113500001	114000000	-0.038461107213291
chrX	114000001	114500000	NA
chrX	114500001	115000000	-0.00887258341038212
chrX	115000001	115500000	-0.00971534703680346
chrX	116000001	116500000	0.00287055720761067
chrX	116500001	117000000	NA
chrX	117000001	117500000	-0.0596008249308536
chrX	117500001	118000000	0.0357717018747758
chrX	118000001	118500000	-0.0650974441284012
chrX	118500001	119000000	0.0140909079140468
chrX	119000001	119500000	-0.0103752712088493
chrX	119500001	120000000	-0.0707481146077313
chrX	120000001	120500000	-0.260940180026576
chrX	121000001	121500000	-0.0838092569437426
chrX	121500001	122000000	-0.00499142651178193
chrX	122000001	122500000	-0.0679804398923463
chrX	122500001	123000000	-0.129920093162667
chrX	123000001	123500000	-0.0330699104564132
chrX	123500001	124000000	-0.0749763588054954
chrX	124000001	124500000	-0.0292486303515805
chrX	124500001	125000000	-0.0670309009894511
chrX	125000001	125500000	-0.00118688494540213
chrX	125500001	126000000	-0.112269145954147
chrX	126000001	126500000	-0.0630592598229092
chrX	126500001	127000000	-0.0319664525983668
chrX	127000001	127500000	0.00507588983794844
chrX	127500001	128000000	-0.107738461627825
chrX	128000001	128500000	-0.133526759947548
chrX	128500001	129000000	-0.0928398766276737
chrX	129000001	129500000	0.0252596307371066
chrX	129500001	130000000	-0.0495322197649927
chrX	130000001	130500000	-0.0135190638827171
chrX	130500001	131000000	-0.00414200135148031
chrX	131000001	131500000	-0.057758352798935
chrX	131500001	132000000	-0.0118329831562887
chrX	132000001	132500000	-0.0843625518637921
chrX	132500001	133000000	-0.0334992556227427
chrX	133000001	133500000	-0.0928803373433022
chrX	133500001	134000000	-0.0374981781588625
chrX	134000001	134500000	-0.00740596059246306
chrX	134500001	135000000	-0.0848824783433624
chrX	135000001	135500000	-0.252501610216985
chrX	136000001	136500000	-0.111518346977229
chrX	136500001	137000000	-0.0388588905560257
chrX	137000001	137500000	-0.00705753074449111
chrX	137500001	138000000	-0.0130009808962446
chrX	138000001	138500000	-0.0173770457878864
chrX	138500001	139000000	-0.0310694778044902
chrX	139000001	139500000	-0.02454901137383
chrX	139500001	140000000	-0.0889599672450157
chrX	140000001	140500000	-0.103054988102819
chrX	140500001	141000000	-0.0591327789566757
chrX	141000001	141500000	-0.373929392828564
chrX	141500001	142000000	-0.279671157804764
chrX	142000001	142500000	-0.0409073444467496
chrX	142500001	143000000	-0.0578430019290824
chrX	143000001	143500000	-0.0929355498004502
chrX	143500001	144000000	-0.0185731593281045
chrX	144500001	145000000	-0.0714456464959103
chrX	145000001	145500000	-0.160050014868307
chrX	145500001	146000000	-0.0402933904225627
chrX	146000001	146500000	-0.0591137498016898
chrX	146500001	147000000	-0.0164377832392389
chrX	147000001	147500000	-0.119017536505123
chrX	147500001	148000000	-0.0518821516384794
chrX	148000001	148500000	-0.0186328243152354
chrX	148500001	149000000	-0.0138255001794073
chrX	149000001	149500000	-0.036768430668107
chrX	149500001	150000000	-0.354689218211493
chrX	150000001	150500000	0.01145732771043
chrX	150500001	151000000	-0.0575686693026123
chrX	151000001	151500000	0.00444416281578518
chrX	151500001	152000000	-0.0548752103554795
chrX	152000001	152500000	0.000579828865751815
chrX	152500001	153000000	-0.236028188768251
chrX	153000001	153500000	-0.178514003486242
chrX	153500001	154000000	-0.0058957407249919
chrX	154500001	155000000	-0.0713622571957889
chrX	155000001	155500000	-0.130750385319956
