chr	start	end	log2_TNratio_corrected
chr1	1000001	1500000	NA
chr1	1500001	2000000	-0.160865213124789
chr1	2000001	2500000	-0.135410923469163
chr1	2500001	3000000	NA
chr1	3000001	3500000	-0.262412312388462
chr1	3500001	4000000	-0.143645012844174
chr1	4000001	4500000	-0.193446099307666
chr1	4500001	5000000	-0.266519427911371
chr1	5000001	5500000	-0.163878556327633
chr1	5500001	6000000	-0.0700313797817604
chr1	6000001	6500000	-0.110499990182735
chr1	6500001	7000000	-0.171026400149745
chr1	7000001	7500000	-0.241719109338513
chr1	7500001	8000000	-0.203991165283443
chr1	8000001	8500000	-0.100542009995549
chr1	8500001	9000000	-0.0579818441002593
chr1	9000001	9500000	-0.148431794803237
chr1	9500001	10000000	-0.0736289426272419
chr1	10000001	10500000	-0.0605686352013151
chr1	10500001	11000000	-0.154258719390778
chr1	11000001	11500000	-0.150805762872786
chr1	11500001	12000000	-0.0078087187220101
chr1	12000001	12500000	-0.0658884251873324
chr1	13500001	14000000	-0.232253405014909
chr1	14000001	14500000	-0.102840960236172
chr1	14500001	15000000	-0.191777681560561
chr1	15000001	15500000	-0.00298404778734113
chr1	15500001	16000000	-0.0655657807587046
chr1	16000001	16500000	0.0397377245536173
chr1	17000001	17500000	-0.09278047642945
chr1	17500001	18000000	-0.14199395596086
chr1	18000001	18500000	-0.109830114384255
chr1	18500001	19000000	-0.105104120749673
chr1	19000001	19500000	-0.0125763964121645
chr1	19500001	20000000	-0.230902731066454
chr1	20000001	20500000	-0.186166781517996
chr1	20500001	21000000	-0.129147516690905
chr1	21000001	21500000	-0.0902858640420056
chr1	21500001	22000000	-0.10212754506246
chr1	22000001	22500000	-0.167658728447009
chr1	22500001	23000000	-0.193134019362498
chr1	23000001	23500000	-0.138490922321881
chr1	23500001	24000000	-0.101268211238617
chr1	24000001	24500000	-0.144450927927678
chr1	24500001	25000000	-0.224151921821056
chr1	25000001	25500000	-0.233920650050315
chr1	25500001	26000000	-0.0672953909627282
chr1	26000001	26500000	-0.13448753169623
chr1	26500001	27000000	-0.0416267976436706
chr1	27000001	27500000	-0.0485035029030388
chr1	27500001	28000000	0.0115324976243729
chr1	28000001	28500000	-0.148990320352451
chr1	28500001	29000000	-0.229542881868537
chr1	29000001	29500000	-0.219180622788856
chr1	29500001	30000000	NA
chr1	30000001	30500000	-0.18460290588632
chr1	30500001	31000000	-0.156697394445593
chr1	31000001	31500000	-0.126875842580976
chr1	31500001	32000000	-0.156776095684807
chr1	32000001	32500000	-0.0841122513159532
chr1	32500001	33000000	-0.143164009445526
chr1	33000001	33500000	-0.115471305969233
chr1	33500001	34000000	-0.0296716071059921
chr1	34000001	34500000	0.0843302004624592
chr1	34500001	35000000	0.125982096652743
chr1	35000001	35500000	0.219181664507988
chr1	35500001	36000000	0.234462758707333
chr1	36000001	36500000	0.34593827661503
chr1	36500001	37000000	0.222164134141
chr1	37000001	37500000	0.131549410509036
chr1	37500001	38000000	0.3183285909671
chr1	38000001	38500000	0.174599877483911
chr1	38500001	39000000	0.214668744855323
chr1	39000001	39500000	0.288529783108195
chr1	39500001	40000000	0.194105995381412
chr1	40000001	40500000	0.382275243465018
chr1	40500001	41000000	0.211903509802985
chr1	41000001	41500000	0.258940107066167
chr1	41500001	42000000	0.19144153768441
chr1	42000001	42500000	0.259952675692639
chr1	42500001	43000000	0.270582095531028
chr1	43000001	43500000	0.258153672968043
chr1	43500001	44000000	0.28400207175859
chr1	44000001	44500000	0.271708065094409
chr1	44500001	45000000	0.303298003784113
chr1	45000001	45500000	0.253328103055791
chr1	45500001	46000000	0.261885018307933
chr1	46000001	46500000	0.296177815818021
chr1	46500001	47000000	0.324034785991587
chr1	47000001	47500000	0.314397768520775
chr1	47500001	48000000	0.141454460216556
chr1	48000001	48500000	0.177325413080158
chr1	48500001	49000000	0.249451416209857
chr1	49000001	49500000	0.285389896574407
chr1	49500001	50000000	0.133575220893435
chr1	50000001	50500000	0.124732867625084
chr1	50500001	51000000	0.145973226165338
chr1	51000001	51500000	0.179141525157068
chr1	51500001	52000000	0.257560741591991
chr1	52000001	52500000	0.159822224722382
chr1	52500001	53000000	0.159276426007398
chr1	53000001	53500000	0.103739037860297
chr1	53500001	54000000	0.0283701162037549
chr1	54000001	54500000	0.146923574513593
chr1	54500001	55000000	0.155941212969417
chr1	55000001	55500000	0.208596388277591
chr1	55500001	56000000	0.180943629523166
chr1	56000001	56500000	0.138646250992947
chr1	56500001	57000000	0.206798255034245
chr1	57000001	57500000	0.15704607814104
chr1	57500001	58000000	0.204492182881803
chr1	58000001	58500000	0.156508342063657
chr1	58500001	59000000	0.148826075176154
chr1	59000001	59500000	0.15001350940612
chr1	59500001	60000000	0.163131108532802
chr1	60000001	60500000	0.0773903000818925
chr1	60500001	61000000	0.142216218040599
chr1	61000001	61500000	0.0598784380264939
chr1	61500001	62000000	0.0950821645251394
chr1	62000001	62500000	0.0432031507188121
chr1	62500001	63000000	0.193491993596998
chr1	63000001	63500000	0.120722048808013
chr1	63500001	64000000	0.163714512786254
chr1	64000001	64500000	0.098310306363466
chr1	64500001	65000000	0.143272973746595
chr1	65000001	65500000	0.235169128138188
chr1	65500001	66000000	0.149615610583414
chr1	66000001	66500000	0.20596976936423
chr1	66500001	67000000	0.13941659690692
chr1	67000001	67500000	0.182948968717653
chr1	67500001	68000000	0.14883904785955
chr1	68000001	68500000	0.189949515959605
chr1	68500001	69000000	0.226623965824338
chr1	69000001	69500000	0.157684474088867
chr1	69500001	70000000	0.175984957513442
chr1	70000001	70500000	0.10029072509297
chr1	70500001	71000000	0.0793859196212076
chr1	71000001	71500000	0.165271655891144
chr1	71500001	72000000	0.0435695142974216
chr1	72000001	72500000	0.0615154045590365
chr1	72500001	73000000	0.0666472793700064
chr1	73000001	73500000	0.117525065900557
chr1	73500001	74000000	0.190166094166149
chr1	74000001	74500000	0.226945261855718
chr1	74500001	75000000	0.151610558546104
chr1	75000001	75500000	0.0972261969755247
chr1	75500001	76000000	0.146403976276931
chr1	76000001	76500000	0.147627309847801
chr1	76500001	77000000	0.122112813212545
chr1	77000001	77500000	0.195148657781336
chr1	77500001	78000000	0.156967485463949
chr1	78000001	78500000	0.160322066322639
chr1	78500001	79000000	0.138647034681758
chr1	79000001	79500000	0.184089598106549
chr1	79500001	80000000	0.216700687339439
chr1	80000001	80500000	0.147524448060332
chr1	80500001	81000000	0.243499186542413
chr1	81000001	81500000	0.149172007919101
chr1	81500001	82000000	0.162806490961817
chr1	82000001	82500000	0.118772079358899
chr1	82500001	83000000	0.183896688849906
chr1	83500001	84000000	0.146397913625426
chr1	84000001	84500000	0.238559051973346
chr1	84500001	85000000	0.180568230489008
chr1	85000001	85500000	0.0813839300480828
chr1	85500001	86000000	0.171806874375339
chr1	86000001	86500000	0.139186539872265
chr1	86500001	87000000	0.1584842162621
chr1	87000001	87500000	0.169720168386692
chr1	87500001	88000000	0.169135898677688
chr1	88000001	88500000	0.145193691732181
chr1	88500001	89000000	0.239610405825896
chr1	89000001	89500000	0.193895888754667
chr1	89500001	90000000	0.280265953066102
chr1	90000001	90500000	0.175472229765813
chr1	90500001	91000000	0.0698668052718459
chr1	91000001	91500000	0.105365000465258
chr1	91500001	92000000	0.151977890134142
chr1	92000001	92500000	0.140196834614764
chr1	92500001	93000000	0.195625922310544
chr1	93000001	93500000	0.241381627914944
chr1	93500001	94000000	0.196698779209856
chr1	94000001	94500000	0.214588327236144
chr1	94500001	95000000	0.23208884640514
chr1	95000001	95500000	0.204419156702075
chr1	95500001	96000000	0.171229808266597
chr1	96000001	96500000	0.15207409486421
chr1	96500001	97000000	0.212672681810599
chr1	97000001	97500000	0.223178168944941
chr1	97500001	98000000	0.238873377438218
chr1	98000001	98500000	0.183514021626742
chr1	98500001	99000000	0.152883661823528
chr1	99000001	99500000	0.207128140534658
chr1	99500001	100000000	0.148747132769344
chr1	100000001	100500000	0.177217818979343
chr1	100500001	101000000	0.238697253410169
chr1	101000001	101500000	0.249827438586399
chr1	101500001	102000000	0.196058183786769
chr1	102000001	102500000	0.25927201041194
chr1	102500001	103000000	0.206733351860703
chr1	103000001	103500000	0.141054899617509
chr1	103500001	104000000	-0.189053419840712
chr1	104000001	104500000	0.227380917413923
chr1	104500001	105000000	0.174017674813278
chr1	105000001	105500000	0.122324864639095
chr1	105500001	106000000	0.189932750098937
chr1	106000001	106500000	0.218937889768154
chr1	106500001	107000000	0.179327806571484
chr1	107000001	107500000	0.136905798059084
chr1	107500001	108000000	0.202265851423241
chr1	108500001	109000000	0.238937602316646
chr1	109000001	109500000	0.233678432276778
chr1	109500001	110000000	0.345870298665863
chr1	110000001	110500000	0.171897909550304
chr1	110500001	111000000	0.280302439996761
chr1	111000001	111500000	0.222019264577415
chr1	111500001	112000000	0.196379052510399
chr1	112000001	112500000	0.205913072941469
chr1	112500001	113000000	0.187514841139089
chr1	113000001	113500000	0.205258235209465
chr1	113500001	114000000	0.379974606634662
chr1	114000001	114500000	0.341525397233786
chr1	114500001	115000000	0.287410200729404
chr1	115000001	115500000	0.226106744624569
chr1	115500001	116000000	0.282281336011201
chr1	116000001	116500000	0.299689873494289
chr1	116500001	117000000	0.327802859333683
chr1	117000001	117500000	0.300682922546931
chr1	117500001	118000000	0.32096047308765
chr1	118000001	118500000	0.233073120463076
chr1	118500001	119000000	0.318208517506546
chr1	119000001	119500000	0.26019635284565
chr1	119500001	120000000	0.255870275661824
chr1	145500001	146000000	0.25718423076098
chr1	147000001	147500000	0.312546845980986
chr1	147500001	148000000	0.241384929185564
chr1	150000001	150500000	0.327723431089592
chr1	150500001	151000000	0.455278631442174
chr1	151000001	151500000	0.360727656259573
chr1	151500001	152000000	0.348505744484713
chr1	152000001	152500000	0.188470482300602
chr1	152500001	153000000	0.141569521287172
chr1	153000001	153500000	0.101809426980716
chr1	153500001	154000000	0.206605148854938
chr1	154000001	154500000	0.218667733011698
chr1	154500001	155000000	0.0833364380594047
chr1	155000001	155500000	0.377307030309841
chr1	155500001	156000000	0.190057533743167
chr1	156000001	156500000	0.233551323747157
chr1	156500001	157000000	0.156205312834227
chr1	157000001	157500000	0.0802044270248506
chr1	157500001	158000000	0.0512909266855112
chr1	158000001	158500000	0.0750075334951194
chr1	158500001	159000000	0.157239697254172
chr1	159000001	159500000	0.101430347530219
chr1	159500001	160000000	0.250294012785424
chr1	160000001	160500000	0.177338033048265
chr1	160500001	161000000	0.215184320717641
chr1	161000001	161500000	0.268773074433406
chr1	161500001	162000000	0.0504660780801166
chr1	162000001	162500000	0.0975502476987813
chr1	162500001	163000000	0.0339675573097017
chr1	163000001	163500000	0.088259976065146
chr1	163500001	164000000	0.0968189026611607
chr1	164000001	164500000	0.0496787122729632
chr1	164500001	165000000	0.0742641573212301
chr1	165000001	165500000	0.0715411962438419
chr1	165500001	166000000	0.107260211024572
chr1	166000001	166500000	0.123461701539788
chr1	166500001	167000000	0.0423245029632319
chr1	167000001	167500000	0.108866510754787
chr1	167500001	168000000	0.235123688895874
chr1	168000001	168500000	0.138231845571227
chr1	168500001	169000000	0.0740851718559345
chr1	169000001	169500000	0.0869911467536693
chr1	169500001	170000000	0.122270248750625
chr1	170000001	170500000	0.00383687862075462
chr1	170500001	171000000	0.0433776395687216
chr1	171000001	171500000	0.026861729308844
chr1	171500001	172000000	-0.0134217174037934
chr1	172000001	172500000	-0.0623330503818352
chr1	172500001	173000000	0.0714386353873059
chr1	173000001	173500000	-0.0176628082509531
chr1	173500001	174000000	0.0127655118942738
chr1	174000001	174500000	0.0529635128626961
chr1	174500001	175000000	-0.0376570596299129
chr1	175000001	175500000	0.0378937497269081
chr1	175500001	176000000	-0.078255692609211
chr1	176000001	176500000	-0.00645786480502349
chr1	176500001	177000000	0.0100136240409616
chr1	177000001	177500000	0.00769172081411565
chr1	177500001	178000000	-0.0502012609329139
chr1	178000001	178500000	0.0266872364327638
chr1	178500001	179000000	-0.0893092801318398
chr1	179000001	179500000	0.01222057187355
chr1	179500001	180000000	-0.0544607979733522
chr1	180000001	180500000	0.0906797061391751
chr1	180500001	181000000	-0.0914192403352439
chr1	181000001	181500000	0.0664908149941869
chr1	181500001	182000000	0.0517872265841261
chr1	182000001	182500000	0.0125525098207207
chr1	182500001	183000000	0.0214194992396445
chr1	183000001	183500000	0.0340490785148044
chr1	183500001	184000000	0.0123521798956212
chr1	184000001	184500000	-0.0411200151096817
chr1	184500001	185000000	0.0694291303870446
chr1	185000001	185500000	0.00662854451965089
chr1	185500001	186000000	0.00679031785619363
chr1	186000001	186500000	-0.0178655526396588
chr1	186500001	187000000	0.0116607314969263
chr1	187000001	187500000	-0.0262905074057786
chr1	187500001	188000000	-0.00693094681966822
chr1	188000001	188500000	-0.0802342537356698
chr1	188500001	189000000	-0.00821727133633122
chr1	189000001	189500000	0.0124016977675927
chr1	189500001	190000000	-0.137697443285404
chr1	190000001	190500000	NA
chr1	190500001	191000000	-0.0852589275053983
chr1	191000001	191500000	-0.0293133283194438
chr1	191500001	192000000	-0.0315198574505805
chr1	192000001	192500000	0.00760317218013381
chr1	192500001	193000000	0.00564328679123784
chr1	193000001	193500000	-0.0911002658939529
chr1	193500001	194000000	-0.117133270849402
chr1	194000001	194500000	-0.0799005161485526
chr1	194500001	195000000	-0.0491992865441179
chr1	195000001	195500000	-0.00341199216767348
chr1	195500001	196000000	-0.0218559672759925
chr1	196000001	196500000	-0.108087601908494
chr1	196500001	197000000	0.0191657964364664
chr1	197000001	197500000	-0.02143088832069
chr1	197500001	198000000	-0.111689657434854
chr1	198000001	198500000	-0.0329616356914764
chr1	198500001	199000000	0.0900321949849205
chr1	199000001	199500000	-0.0318279932011698
chr1	199500001	200000000	0.0359618141848734
chr1	200000001	200500000	0.0273417634909618
chr1	200500001	201000000	-0.0944442520597272
chr1	201000001	201500000	-0.0395565193349312
chr1	201500001	202000000	0.0233307083009012
chr1	202000001	202500000	0.00656106810281578
chr1	202500001	203000000	0.176853976862667
chr1	203000001	203500000	0.10412677225214
chr1	203500001	204000000	0.0968233725856047
chr1	204000001	204500000	0.0889796412445114
chr1	204500001	205000000	0.0532467698154637
chr1	205000001	205500000	0.0159507580419414
chr1	205500001	206000000	0.0547655514437803
chr1	206500001	207000000	0.105389821477889
chr1	207000001	207500000	0.137491110109755
chr1	207500001	208000000	-0.0917663640313964
chr1	208000001	208500000	0.130882093537422
chr1	208500001	209000000	0.0217398653966873
chr1	209000001	209500000	-0.00338197224860521
chr1	209500001	210000000	0.0644789825710177
chr1	210000001	210500000	0.0509311849838205
chr1	210500001	211000000	0.0841159196083459
chr1	211000001	211500000	0.0447198743299293
chr1	211500001	212000000	0.129622350801224
chr1	212000001	212500000	0.17276641533506
chr1	212500001	213000000	0.118364213390516
chr1	213000001	213500000	0.073037270660123
chr1	213500001	214000000	0.0992706017231232
chr1	214000001	214500000	0.0310225809953977
chr1	214500001	215000000	0.139990447434413
chr1	215000001	215500000	0.241104286370257
chr1	215500001	216000000	0.199176617541017
chr1	216000001	216500000	0.217468358538755
chr1	216500001	217000000	0.328151781585381
chr1	217000001	217500000	0.282460425400971
chr1	217500001	218000000	0.299249948052079
chr1	218000001	218500000	0.243763855209213
chr1	218500001	219000000	0.22262903721943
chr1	219000001	219500000	0.405712657938387
chr1	219500001	220000000	0.320346011483675
chr1	220000001	220500000	0.18871710736998
chr1	220500001	221000000	0.212894076818137
chr1	221000001	221500000	0.251164641383488
chr1	221500001	222000000	0.237886566512079
chr1	222000001	222500000	0.390898094083363
chr1	222500001	223000000	0.328187652423448
chr1	223000001	223500000	0.326343884201797
chr1	224000001	224500000	0.360123260442792
chr1	224500001	225000000	0.291980980402326
chr1	225000001	225500000	0.415184803690261
chr1	225500001	226000000	0.426535645873618
chr1	226000001	226500000	0.363059551586516
chr1	226500001	227000000	0.378884750404893
chr1	227000001	227500000	0.320967788296811
chr1	227500001	228000000	0.385194094828907
chr1	228000001	228500000	0.400973359079463
chr1	228500001	229000000	NA
chr1	229000001	229500000	0.377023761693987
chr1	229500001	230000000	0.363960928675496
chr1	230000001	230500000	0.345013014664264
chr1	230500001	231000000	0.338333399896414
chr1	231000001	231500000	0.367199073687956
chr1	231500001	232000000	0.399656550539345
chr1	232000001	232500000	0.350761832868016
chr1	232500001	233000000	0.323305164474781
chr1	233000001	233500000	0.363194952481146
chr1	233500001	234000000	0.381485659371202
chr1	234000001	234500000	0.386434137422553
chr1	234500001	235000000	0.519717579684464
chr1	235000001	235500000	0.382541676950808
chr1	235500001	236000000	0.458741598751559
chr1	236000001	236500000	0.352940237691043
chr1	236500001	237000000	0.303674789248049
chr1	237000001	237500000	0.431371051061285
chr1	237500001	238000000	0.3311954175648
chr1	238000001	238500000	0.309703242527111
chr1	238500001	239000000	0.289750129670803
chr1	239000001	239500000	0.331740281556286
chr1	239500001	240000000	0.414402845156782
chr1	240000001	240500000	0.341538563279534
chr1	240500001	241000000	0.357694781823767
chr1	241000001	241500000	0.422909496648522
chr1	241500001	242000000	0.463599615096529
chr1	242000001	242500000	0.448092850562002
chr1	242500001	243000000	0.536756031188588
chr1	243500001	244000000	0.366781530580989
chr1	244000001	244500000	0.468690124202123
chr1	244500001	245000000	0.44949619173423
chr1	245000001	245500000	0.37371138703568
chr1	245500001	246000000	0.337885168569272
chr1	246000001	246500000	0.479144911816321
chr1	246500001	247000000	0.539549851684193
chr1	247000001	247500000	0.478714198714136
chr1	247500001	248000000	0.496990840705134
chr1	248000001	248500000	0.423317649438397
chr1	248500001	249000000	NA
chr2	1	500000	NA
chr2	500001	1000000	0.208163450628521
chr2	1000001	1500000	0.130824201311946
chr2	1500001	2000000	0.165816276422665
chr2	2000001	2500000	0.202360788616653
chr2	2500001	3000000	0.0690001806400156
chr2	3000001	3500000	0.106868354741938
chr2	3500001	4000000	0.0462699870126315
chr2	4000001	4500000	0.0937092108582711
chr2	4500001	5000000	0.0739825196112645
chr2	5000001	5500000	0.116293579801873
chr2	5500001	6000000	0.0721254015769914
chr2	6000001	6500000	0.0791931780981663
chr2	6500001	7000000	0.121749972910454
chr2	7000001	7500000	0.108028945349814
chr2	7500001	8000000	0.116946999357974
chr2	8000001	8500000	0.191505635703391
chr2	8500001	9000000	0.342250919782212
chr2	9000001	9500000	0.217830904155553
chr2	9500001	10000000	0.0519349537439905
chr2	10000001	10500000	0.259303149523049
chr2	10500001	11000000	-0.0173456023529754
chr2	11000001	11500000	0.0979435241784219
chr2	11500001	12000000	0.080282647636342
chr2	12000001	12500000	0.102073936837391
chr2	12500001	13000000	0.121118668720205
chr2	13000001	13500000	0.0664222381221747
chr2	13500001	14000000	0.0808205265109654
chr2	14000001	14500000	-0.0481257198272462
chr2	14500001	15000000	-0.0213503181117475
chr2	15000001	15500000	0.0019740805817789
chr2	15500001	16000000	-0.02719474537138
chr2	16000001	16500000	NA
chr2	16500001	17000000	-0.0664539286273951
chr2	17000001	17500000	-0.0399989695506192
chr2	17500001	18000000	-0.0388400716037126
chr2	18000001	18500000	-0.0949852616855756
chr2	18500001	19000000	0.00271472959456834
chr2	19000001	19500000	0.0984059991862882
chr2	19500001	20000000	0.114356441230047
chr2	20000001	20500000	0.064340338557607
chr2	20500001	21000000	NA
chr2	21000001	21500000	-0.00534611703564957
chr2	21500001	22000000	0.130249062152493
chr2	22000001	22500000	0.0774842228504286
chr2	22500001	23000000	0.0272291630367948
chr2	23000001	23500000	-0.0403090946411474
chr2	23500001	24000000	0.0574168851349063
chr2	24000001	24500000	0.0514845993433907
chr2	24500001	25000000	0.0242719777087414
chr2	25000001	25500000	0.0306494336577335
chr2	25500001	26000000	-0.0265240939808521
chr2	26000001	26500000	0.00678492519877542
chr2	26500001	27000000	-0.0522088730898991
chr2	27000001	27500000	0.115907501171739
chr2	27500001	28000000	0.1087768213096
chr2	28000001	28500000	0.139689044321197
chr2	28500001	29000000	-0.0160248344881918
chr2	29000001	29500000	-0.0616958200720457
chr2	29500001	30000000	-0.0032664611464864
chr2	30000001	30500000	0.0453894016844445
chr2	30500001	31000000	0.00340219612366963
chr2	31000001	31500000	NA
chr2	31500001	32000000	NA
chr2	32000001	32500000	0.131850509088036
chr2	32500001	33000000	NA
chr2	33000001	33500000	0.0987550396730253
chr2	33500001	34000000	-0.0301995891596806
chr2	34000001	34500000	0.163528428410725
chr2	34500001	35000000	0.0891355444665977
chr2	35000001	35500000	0.0936852345483598
chr2	35500001	36000000	0.0791855156718192
chr2	36000001	36500000	0.0792103954984052
chr2	36500001	37000000	0.135528918908654
chr2	37000001	37500000	0.183654205559265
chr2	37500001	38000000	0.284287359548354
chr2	38000001	38500000	0.136305507901128
chr2	38500001	39000000	0.227405302842331
chr2	39000001	39500000	0.12567413341589
chr2	39500001	40000000	0.0803285065411674
chr2	40000001	40500000	0.0006597548998955
chr2	40500001	41000000	0.0477360819586548
chr2	41000001	41500000	0.0664548516188012
chr2	41500001	42000000	0.0825030946631327
chr2	42000001	42500000	0.190621402917812
chr2	42500001	43000000	0.220675705721776
chr2	43000001	43500000	0.272620654768262
chr2	43500001	44000000	0.120125651588704
chr2	44000001	44500000	0.160673890243736
chr2	44500001	45000000	0.103474540251128
chr2	45000001	45500000	0.124459103192801
chr2	45500001	46000000	0.123691503769217
chr2	46000001	46500000	0.1948589437228
chr2	46500001	47000000	0.271799450160076
chr2	47000001	47500000	0.108362789651979
chr2	47500001	48000000	0.137458331995857
chr2	48000001	48500000	0.303278781392789
chr2	48500001	49000000	0.0803346195924005
chr2	49000001	49500000	0.221645943974533
chr2	49500001	50000000	0.168345655562702
chr2	50000001	50500000	0.142257747229185
chr2	50500001	51000000	0.133497752114512
chr2	51000001	51500000	0.0626372080174324
chr2	51500001	52000000	0.0595280882088173
chr2	52000001	52500000	0.0990484283113761
chr2	52500001	53000000	0.100287806828135
chr2	53000001	53500000	0.00940390780767628
chr2	53500001	54000000	0.0598930128693048
chr2	54000001	54500000	0.108598751257099
chr2	54500001	55000000	0.0884934974520574
chr2	55000001	55500000	0.107505563265042
chr2	55500001	56000000	0.108766523593218
chr2	56000001	56500000	0.0146058008448678
chr2	56500001	57000000	0.0803745888265811
chr2	57000001	57500000	0.0908074694154224
chr2	57500001	58000000	0.0454930277194415
chr2	58000001	58500000	0.0956979951690646
chr2	58500001	59000000	0.154712757874302
chr2	59000001	59500000	0.053113465914349
chr2	59500001	60000000	0.113710517375291
chr2	60000001	60500000	0.204139065429912
chr2	60500001	61000000	0.169237596732234
chr2	61000001	61500000	0.228467997883124
chr2	61500001	62000000	0.18165185622286
chr2	62000001	62500000	0.285019969271209
chr2	62500001	63000000	0.10931090711774
chr2	63000001	63500000	0.120177333607508
chr2	63500001	64000000	0.0680301544685949
chr2	64000001	64500000	0.268015476434389
chr2	64500001	65000000	0.080005221688882
chr2	65000001	65500000	0.138425488594653
chr2	65500001	66000000	-0.0318097203636536
chr2	66000001	66500000	-0.0209985136332946
chr2	66500001	67000000	-0.00490831618487678
chr2	67000001	67500000	-0.0247486251553846
chr2	67500001	68000000	-0.0168022649098497
chr2	68000001	68500000	0.1324901601588
chr2	68500001	69000000	0.0875384479141062
chr2	69000001	69500000	0.0214688237920695
chr2	69500001	70000000	0.111058126133903
chr2	70000001	70500000	0.219128319822899
chr2	70500001	71000000	0.0655628743226495
chr2	71000001	71500000	0.0746250405705496
chr2	71500001	72000000	-0.0160720929119666
chr2	72000001	72500000	0.00282427463644096
chr2	72500001	73000000	0.0853679048341254
chr2	73000001	73500000	0.0505081888884556
chr2	73500001	74000000	0.035465052723253
chr2	74000001	74500000	0.16296208910202
chr2	74500001	75000000	0.0913964839596801
chr2	75000001	75500000	0.0414608546890596
chr2	75500001	76000000	-0.0370687071973649
chr2	76000001	76500000	0.159600927929245
chr2	76500001	77000000	-0.00741428129977128
chr2	77000001	77500000	0.144771428523116
chr2	77500001	78000000	0.152480957178588
chr2	78000001	78500000	0.0241062865094195
chr2	78500001	79000000	0.0434366875172281
chr2	79000001	79500000	0.0868910614299909
chr2	79500001	80000000	0.0429907187818979
chr2	80000001	80500000	0.0536725675797515
chr2	80500001	81000000	0.0835693718594639
chr2	81000001	81500000	0.0452901118932712
chr2	81500001	82000000	0.0592493216964178
chr2	82000001	82500000	0.0255320675622655
chr2	82500001	83000000	0.102191450155805
chr2	83000001	83500000	0.0380904503233392
chr2	83500001	84000000	0.0672919707968088
chr2	84000001	84500000	0.0538743978878943
chr2	84500001	85000000	0.0553562310722606
chr2	85000001	85500000	0.1355297485163
chr2	85500001	86000000	0.181582881958137
chr2	86000001	86500000	0.169906169465858
chr2	88000001	88500000	0.0156775083416976
chr2	88500001	89000000	0.0124750231638999
chr2	96500001	97000000	0.163241524035377
chr2	97500001	98000000	0.0966468987626676
chr2	98000001	98500000	0.0888057758756408
chr2	98500001	99000000	0.135510322117644
chr2	99000001	99500000	0.0927561399822539
chr2	99500001	100000000	0.015673401820563
chr2	100000001	100500000	0.0559384950938921
chr2	100500001	101000000	0.0366928066263818
chr2	101000001	101500000	0.142632638553812
chr2	101500001	102000000	0.0787947746060145
chr2	102000001	102500000	0.0908406141806449
chr2	102500001	103000000	0.0209025826216317
chr2	103000001	103500000	0.0159319378978109
chr2	103500001	104000000	0.140898373921843
chr2	104000001	104500000	0.131641234140304
chr2	104500001	105000000	0.141109842988608
chr2	105000001	105500000	0.0465486241870614
chr2	105500001	106000000	0.0475693012200398
chr2	106000001	106500000	0.0778006521679461
chr2	106500001	107000000	0.064833025664396
chr2	107000001	107500000	-0.0294794245719862
chr2	107500001	108000000	-0.0197096090233086
chr2	108000001	108500000	0.0492348286047564
chr2	108500001	109000000	0.0561015950306114
chr2	109000001	109500000	NA
chr2	110500001	111000000	-0.102164840489379
chr2	111000001	111500000	-0.118867676700279
chr2	112000001	112500000	-0.00659987918176601
chr2	112500001	113000000	0.141366391495538
chr2	113000001	113500000	0.212250413688959
chr2	113500001	114000000	0.0188828992685776
chr2	114000001	114500000	0.0514226327084618
chr2	114500001	115000000	0.0476921600997159
chr2	115000001	115500000	0.0828943770944292
chr2	115500001	116000000	0.0749491510285942
chr2	116000001	116500000	0.059998805460814
chr2	116500001	117000000	0.0730372959003239
chr2	117000001	117500000	0.121357655361468
chr2	117500001	118000000	0.0903267473447106
chr2	118000001	118500000	0.0641009840288503
chr2	118500001	119000000	0.0211091177241592
chr2	119000001	119500000	-0.084692077066699
chr2	119500001	120000000	-0.00285583491844331
chr2	120000001	120500000	0.0206082116674304
chr2	120500001	121000000	0.0220057032838544
chr2	121000001	121500000	0.0229755708621679
chr2	121500001	122000000	0.0520611734703659
chr2	122000001	122500000	0.0738592925353452
chr2	122500001	123000000	0.0551133053826322
chr2	123000001	123500000	-0.00118621723455105
chr2	123500001	124000000	0.112692516833088
chr2	124000001	124500000	0.0473354273321883
chr2	124500001	125000000	0.107140393720625
chr2	125000001	125500000	0.0863760927105194
chr2	125500001	126000000	0.0786084845615473
chr2	126000001	126500000	0.0923555431723639
chr2	126500001	127000000	0.127058461274036
chr2	127000001	127500000	0.0857459456578799
chr2	127500001	128000000	0.00442320990320373
chr2	128000001	128500000	0.0804243943958778
chr2	128500001	129000000	-0.0387385408945289
chr2	129000001	129500000	0.0418070043622856
chr2	129500001	130000000	-0.027828017230071
chr2	132500001	133000000	0.0623094909159566
chr2	133000001	133500000	0.129508427147933
chr2	133500001	134000000	0.0949535474030185
chr2	134000001	134500000	0.193457839317185
chr2	134500001	135000000	0.0635687828609557
chr2	135000001	135500000	0.152738446243789
chr2	135500001	136000000	0.0717351609990105
chr2	136000001	136500000	0.166635735769553
chr2	136500001	137000000	-0.0176085848303696
chr2	137000001	137500000	0.00908983407031152
chr2	137500001	138000000	0.0294333698919282
chr2	138000001	138500000	0.00413686973678071
chr2	138500001	139000000	0.0194116294021937
chr2	139000001	139500000	0.0348199641623868
chr2	139500001	140000000	0.0869741013047787
chr2	140000001	140500000	0.0238545929983294
chr2	140500001	141000000	-0.0132978450964339
chr2	141000001	141500000	-0.150266220387681
chr2	141500001	142000000	0.077073365828278
chr2	142000001	142500000	0.0242216560476014
chr2	142500001	143000000	-0.0167796603055322
chr2	143000001	143500000	0.0971083383698445
chr2	143500001	144000000	0.108934161635119
chr2	144000001	144500000	0.193127098059751
chr2	144500001	145000000	0.149665089823166
chr2	145000001	145500000	0.0485158046802602
chr2	145500001	146000000	-0.00639814904356632
chr2	146000001	146500000	0.0382896270926082
chr2	146500001	147000000	0.0444779451456891
chr2	147000001	147500000	0.0924641810822253
chr2	147500001	148000000	0.104714862850302
chr2	148000001	148500000	0.108223375514972
chr2	148500001	149000000	0.139253828556287
chr2	149000001	149500000	0.0224739145477783
chr2	149500001	150000000	0.127303930519453
chr2	150000001	150500000	0.0663710556000788
chr2	150500001	151000000	0.0481526755354529
chr2	151000001	151500000	-0.0193550753877708
chr2	151500001	152000000	0.101754726054881
chr2	152000001	152500000	0.139607895579924
chr2	152500001	153000000	0.149701764751098
chr2	153000001	153500000	-0.0686957782152476
chr2	153500001	154000000	0.0989719898806894
chr2	154000001	154500000	-0.0347900263018545
chr2	154500001	155000000	0.00297874177939129
chr2	155000001	155500000	0.0285580841619391
chr2	155500001	156000000	0.0756598108920247
chr2	156000001	156500000	0.0669969527500728
chr2	156500001	157000000	0.0395258023621099
chr2	157000001	157500000	0.0371864039648236
chr2	157500001	158000000	0.0688856301682413
chr2	158000001	158500000	0.0309173362498093
chr2	158500001	159000000	0.0475648576824862
chr2	159000001	159500000	0.0758094350655383
chr2	159500001	160000000	0.0811606137905267
chr2	160000001	160500000	0.0488176475765395
chr2	160500001	161000000	0.0119862431444949
chr2	161000001	161500000	0.0851198881786627
chr2	161500001	162000000	0.0476591385278228
chr2	162000001	162500000	0.102921970729099
chr2	162500001	163000000	0.0308098563306592
chr2	163000001	163500000	0.0484069210273508
chr2	163500001	164000000	0.136520968647526
chr2	164000001	164500000	0.0481278529848392
chr2	164500001	165000000	0.0428321622967166
chr2	165000001	165500000	-0.0627727031385234
chr2	165500001	166000000	0.0703036138900933
chr2	166000001	166500000	-0.000139863864229879
chr2	166500001	167000000	0.00745042389410972
chr2	167000001	167500000	0.104272226502756
chr2	167500001	168000000	0.0637141560723101
chr2	168000001	168500000	0.103722239736229
chr2	168500001	169000000	0.146297586667666
chr2	169000001	169500000	0.0641101877265578
chr2	169500001	170000000	0.105667902584832
chr2	170000001	170500000	0.0957036086604475
chr2	170500001	171000000	0.0210543299461585
chr2	171000001	171500000	0.0908657780505573
chr2	171500001	172000000	0.0777333636194059
chr2	172000001	172500000	0.0731816355324197
chr2	172500001	173000000	0.116799605186252
chr2	173000001	173500000	0.0605963735562519
chr2	173500001	174000000	0.0754096070805064
chr2	174000001	174500000	0.0592867975540739
chr2	174500001	175000000	0.161291885799365
chr2	175000001	175500000	0.0615883519483159
chr2	175500001	176000000	0.0959436660431771
chr2	176000001	176500000	-0.0277782139183019
chr2	176500001	177000000	0.0262083544723164
chr2	177000001	177500000	0.0171343477248938
chr2	177500001	178000000	-0.0328379504428013
chr2	178000001	178500000	0.133252254937217
chr2	178500001	179000000	0.109834046669167
chr2	179000001	179500000	-0.00664007985118472
chr2	179500001	180000000	0.0310757204873285
chr2	180000001	180500000	0.0637045203868848
chr2	180500001	181000000	0.0229758797745011
chr2	181000001	181500000	0.109372832334159
chr2	181500001	182000000	0.0252269147767077
chr2	182000001	182500000	0.0409754227583495
chr2	182500001	183000000	0.0828413356294686
chr2	183000001	183500000	0.0844802059995193
chr2	183500001	184000000	0.0836438427304382
chr2	184000001	184500000	0.0449338347818046
chr2	184500001	185000000	0.0544196769850006
chr2	185000001	185500000	0.0845201167492904
chr2	185500001	186000000	0.0408098267556654
chr2	186000001	186500000	0.0453184643992061
chr2	186500001	187000000	0.0182166507619174
chr2	187000001	187500000	0.061979789929649
chr2	187500001	188000000	0.0261207383962032
chr2	188000001	188500000	0.052906874194906
chr2	188500001	189000000	0.0397847874705479
chr2	189000001	189500000	0.0541476244902022
chr2	189500001	190000000	0.116300806894295
chr2	190000001	190500000	0.0987926702061404
chr2	190500001	191000000	0.0883059169324802
chr2	191000001	191500000	0.0810238400076446
chr2	191500001	192000000	0.0769428471788147
chr2	192000001	192500000	0.0312729807007487
chr2	192500001	193000000	-0.0214505695787836
chr2	193000001	193500000	NA
chr2	193500001	194000000	0.0198746810626343
chr2	194000001	194500000	0.0439650454721573
chr2	194500001	195000000	0.139129032152737
chr2	195000001	195500000	0.0322616006091362
chr2	195500001	196000000	0.0497419700556563
chr2	196000001	196500000	0.0287660078527701
chr2	196500001	197000000	0.00365483244118868
chr2	197000001	197500000	0.142435274664508
chr2	197500001	198000000	0.0786194488045801
chr2	198000001	198500000	0.0265420569402321
chr2	198500001	199000000	0.0454134854725178
chr2	199000001	199500000	-0.0196659122327318
chr2	199500001	200000000	0.0550354513038614
chr2	200000001	200500000	0.0483381099235857
chr2	200500001	201000000	0.112162724587508
chr2	201000001	201500000	0.19439860450036
chr2	201500001	202000000	0.0377953293794763
chr2	202000001	202500000	-0.0346405631862181
chr2	202500001	203000000	0.120932665548774
chr2	203000001	203500000	-0.0130778049087478
chr2	203500001	204000000	0.132744050763391
chr2	204000001	204500000	0.0119459708769227
chr2	204500001	205000000	-0.00209347433503818
chr2	205000001	205500000	0.0686375138131621
chr2	205500001	206000000	0.0278750792787708
chr2	206000001	206500000	-0.0132826466798511
chr2	206500001	207000000	0.0248642485474612
chr2	207000001	207500000	0.0865498809060234
chr2	207500001	208000000	0.103030104024394
chr2	208000001	208500000	0.127795279559506
chr2	208500001	209000000	0.0578720631107239
chr2	209000001	209500000	-0.0178353663828344
chr2	209500001	210000000	0.103563634930101
chr2	210000001	210500000	0.00147609917208074
chr2	210500001	211000000	0.0172222536209541
chr2	211000001	211500000	0.0555276841521088
chr2	211500001	212000000	0.0626923321036925
chr2	212000001	212500000	-0.051064252251635
chr2	212500001	213000000	0.0685761878571967
chr2	213000001	213500000	0.0844123861482733
chr2	213500001	214000000	0.0970898100069794
chr2	214000001	214500000	0.101687071927085
chr2	214500001	215000000	0.104385960925801
chr2	215000001	215500000	0.0636865856039182
chr2	215500001	216000000	0.0562960097465542
chr2	216000001	216500000	0.0889291087377589
chr2	216500001	217000000	0.00131293333826275
chr2	217000001	217500000	-0.0212190423094735
chr2	217500001	218000000	0.038209077840911
chr2	218000001	218500000	0.222414329747461
chr2	218500001	219000000	0.0353289007769084
chr2	219000001	219500000	0.168739972462398
chr2	219500001	220000000	0.0243855677603166
chr2	220000001	220500000	0.0325924509027298
chr2	220500001	221000000	-0.0162574576054452
chr2	221000001	221500000	-0.0105832080262198
chr2	221500001	222000000	0.0167580949599363
chr2	222000001	222500000	-0.078220580757529
chr2	222500001	223000000	-0.0136073333484989
chr2	223000001	223500000	-0.0453982696782824
chr2	223500001	224000000	-0.0444298503970169
chr2	224000001	224500000	0.0110827969346907
chr2	224500001	225000000	-0.0171275850986518
chr2	225000001	225500000	-0.123036225880085
chr2	225500001	226000000	-0.00813648436652224
chr2	226000001	226500000	-0.0259918852972319
chr2	226500001	227000000	-0.00989168035611287
chr2	227000001	227500000	0.0269871240461347
chr2	227500001	228000000	-0.117168775370237
chr2	228000001	228500000	-0.0311006155058822
chr2	228500001	229000000	-0.0403116071916613
chr2	229000001	229500000	0.0466861587073974
chr2	229500001	230000000	-0.0703933184272768
chr2	230000001	230500000	0.100235852519349
chr2	230500001	231000000	-0.0269293674605364
chr2	231000001	231500000	-0.0353892116380057
chr2	231500001	232000000	-0.0736702564145825
chr2	232000001	232500000	-0.125481271108625
chr2	232500001	233000000	-0.0977352141859167
chr2	233000001	233500000	NA
chr2	233500001	234000000	-0.136004662872849
chr2	234000001	234500000	-0.128460762640915
chr2	234500001	235000000	-0.180674941324745
chr2	235000001	235500000	-0.0395963371371425
chr2	235500001	236000000	-0.107457614528967
chr2	236000001	236500000	-0.115079664291339
chr2	236500001	237000000	0.0355564453033978
chr2	237000001	237500000	0.00504105429169582
chr2	237500001	238000000	0.0322290592240555
chr2	238000001	238500000	0.0644054617547004
chr2	238500001	239000000	NA
chr2	239000001	239500000	0.09340093823165
chr2	239500001	240000000	NA
chr2	240000001	240500000	0.0140640130703062
chr2	240500001	241000000	0.0534223726737214
chr2	241000001	241500000	0.0499706350162506
chr2	241500001	242000000	0.0133422573069083
chr3	1	500000	NA
chr3	500001	1000000	-0.18277683021803
chr3	1000001	1500000	-0.115166671035409
chr3	1500001	2000000	-0.130619270139178
chr3	2000001	2500000	-0.0940258696714511
chr3	2500001	3000000	-0.167062032704109
chr3	3000001	3500000	-0.158983630806085
chr3	3500001	4000000	-0.174995072401408
chr3	4000001	4500000	0.0151197635449854
chr3	4500001	5000000	0.0944267136839824
chr3	5000001	5500000	0.0571748957938674
chr3	5500001	6000000	0.0236778902187386
chr3	6000001	6500000	0.0856814021817636
chr3	6500001	7000000	0.0601748170580944
chr3	7000001	7500000	0.0214948494265768
chr3	7500001	8000000	-0.0219680334080123
chr3	8000001	8500000	0.0145947888100354
chr3	8500001	9000000	-0.0348659439216117
chr3	9000001	9500000	-0.0656691076635553
chr3	9500001	10000000	-0.0381760894829335
chr3	10000001	10500000	-0.0356140092282429
chr3	10500001	11000000	-0.149655079690635
chr3	11000001	11500000	-0.201545602934872
chr3	11500001	12000000	-0.203512620374297
chr3	12000001	12500000	-0.0959134597449339
chr3	12500001	13000000	0.00248597540276924
chr3	13000001	13500000	-0.187038212412954
chr3	13500001	14000000	-0.256783260859394
chr3	14000001	14500000	-0.0996473102447159
chr3	14500001	15000000	-0.129940850071023
chr3	15000001	15500000	-0.0567299642325254
chr3	15500001	16000000	-0.0872187078226602
chr3	16000001	16500000	-0.0877938454045148
chr3	16500001	17000000	NA
chr3	17000001	17500000	-0.146488274703071
chr3	17500001	18000000	-0.0608949923400803
chr3	18000001	18500000	-0.228639365968559
chr3	18500001	19000000	-0.211958606909262
chr3	19000001	19500000	-0.185426091014545
chr3	19500001	20000000	-0.118697387276116
chr3	20000001	20500000	-0.13193885004494
chr3	20500001	21000000	-0.184089545934526
chr3	21000001	21500000	-0.11932692299869
chr3	21500001	22000000	-0.15980675786707
chr3	22000001	22500000	-0.220391226982132
chr3	22500001	23000000	-0.229660274332541
chr3	23000001	23500000	-0.211111737534801
chr3	23500001	24000000	-0.133445653159675
chr3	24000001	24500000	-0.279453729708094
chr3	24500001	25000000	-0.191012935299294
chr3	25000001	25500000	-0.0837898332545409
chr3	25500001	26000000	-0.13276212157785
chr3	26000001	26500000	-0.0639579454013254
chr3	26500001	27000000	-0.0989276212040629
chr3	27000001	27500000	-0.252486321618473
chr3	27500001	28000000	-0.18011009930112
chr3	28000001	28500000	-0.138998977620872
chr3	28500001	29000000	-0.127660484777891
chr3	29000001	29500000	-0.149553265440853
chr3	29500001	30000000	-0.111919053839405
chr3	30000001	30500000	-0.229853745462718
chr3	30500001	31000000	-0.0847050464605757
chr3	31000001	31500000	-0.0729695249965923
chr3	31500001	32000000	-0.247762843702659
chr3	32000001	32500000	-0.0932541842188366
chr3	32500001	33000000	-0.158207918089241
chr3	33000001	33500000	-0.104967424150021
chr3	33500001	34000000	-0.133619574976193
chr3	34000001	34500000	-0.152597990593017
chr3	34500001	35000000	-0.141734792781655
chr3	35000001	35500000	-0.122349353370014
chr3	35500001	36000000	-0.251919927413176
chr3	36000001	36500000	-0.250827217929671
chr3	36500001	37000000	-0.22001783459075
chr3	37000001	37500000	-0.160124962259063
chr3	37500001	38000000	-0.126288686807647
chr3	38000001	38500000	0.0360977224885792
chr3	38500001	39000000	-0.193541178254426
chr3	39000001	39500000	-0.0792146883908281
chr3	39500001	40000000	-0.177650750542107
chr3	40000001	40500000	-0.106279236944704
chr3	40500001	41000000	-0.225921577973493
chr3	41000001	41500000	-0.191625751251652
chr3	41500001	42000000	-0.237865624841472
chr3	42000001	42500000	-0.175878761417892
chr3	42500001	43000000	-0.131059683770875
chr3	43000001	43500000	-0.0706651756446308
chr3	43500001	44000000	-0.074134826742159
chr3	44000001	44500000	-0.113973435289028
chr3	44500001	45000000	-0.0643672254233596
chr3	45000001	45500000	-0.207086990842427
chr3	45500001	46000000	0.0405703396520816
chr3	46000001	46500000	-0.0318778745432194
chr3	46500001	47000000	-0.229376640777756
chr3	47000001	47500000	-0.105155101391398
chr3	47500001	48000000	-0.168688170770657
chr3	48000001	48500000	-0.184461296078997
chr3	48500001	49000000	-0.0773470181849711
chr3	49000001	49500000	0.067494617156602
chr3	49500001	50000000	-0.0769201284710009
chr3	50000001	50500000	-0.0811395833608858
chr3	50500001	51000000	-0.0509698645103165
chr3	51000001	51500000	-0.139255866812672
chr3	51500001	52000000	-0.169129078688289
chr3	52000001	52500000	0.033125765121843
chr3	52500001	53000000	-0.155165616975579
chr3	53000001	53500000	-0.039472058659966
chr3	53500001	54000000	-0.206037399904812
chr3	54000001	54500000	-0.136908506762191
chr3	54500001	55000000	-0.160824550281237
chr3	55000001	55500000	-0.229030133687761
chr3	55500001	56000000	-0.185998131243259
chr3	56000001	56500000	-0.143648610241166
chr3	56500001	57000000	-0.0890204977008986
chr3	57000001	57500000	-0.196721274568689
chr3	57500001	58000000	-0.123055025641711
chr3	58000001	58500000	-0.131413881505648
chr3	58500001	59000000	-0.233358741997764
chr3	59000001	59500000	-0.157995071199523
chr3	59500001	60000000	-0.117072830215877
chr3	60000001	60500000	NA
chr3	60500001	61000000	-0.17336682247813
chr3	61000001	61500000	-0.139348070371399
chr3	61500001	62000000	-0.257866373310901
chr3	62000001	62500000	-0.21465193898595
chr3	62500001	63000000	-0.102164847290133
chr3	63000001	63500000	-0.124334730810278
chr3	63500001	64000000	-0.0953147026109377
chr3	64000001	64500000	-0.144656667220723
chr3	64500001	65000000	-0.129789670811028
chr3	65000001	65500000	-0.197608567226621
chr3	65500001	66000000	-0.132225644444786
chr3	66000001	66500000	NA
chr3	66500001	67000000	-0.240633097970076
chr3	67000001	67500000	-0.12038442723377
chr3	67500001	68000000	-0.0987834999005178
chr3	68000001	68500000	-0.175237232887541
chr3	68500001	69000000	-0.213319906464444
chr3	69000001	69500000	-0.0499632508152064
chr3	69500001	70000000	-0.214157820465455
chr3	70000001	70500000	-0.272753919741687
chr3	70500001	71000000	-0.168305555896473
chr3	71000001	71500000	0.0609604419605637
chr3	71500001	72000000	-0.0209210015438031
chr3	72000001	72500000	-0.111855693972767
chr3	72500001	73000000	-0.101410460556188
chr3	73000001	73500000	-0.279626808930326
chr3	73500001	74000000	-0.169074480714462
chr3	74000001	74500000	-0.0988856994669839
chr3	74500001	75000000	-0.139970750533493
chr3	75000001	75500000	0.0467080408497555
chr3	76000001	76500000	-0.131073548478548
chr3	76500001	77000000	-0.179385336484677
chr3	77000001	77500000	-0.183048724271831
chr3	77500001	78000000	0.125667060917685
chr3	78000001	78500000	0.16514308691355
chr3	78500001	79000000	0.0672898549654335
chr3	79000001	79500000	0.132918920516314
chr3	79500001	80000000	0.0720812513976312
chr3	80000001	80500000	0.0191605158660902
chr3	80500001	81000000	0.0633159934053541
chr3	81000001	81500000	0.00967769899205681
chr3	81500001	82000000	0.0589154947197957
chr3	82000001	82500000	0.056543870019342
chr3	82500001	83000000	0.174826515479206
chr3	83000001	83500000	NA
chr3	83500001	84000000	0.147321684615593
chr3	84000001	84500000	0.146158967199237
chr3	84500001	85000000	0.150076239255911
chr3	85000001	85500000	NA
chr3	85500001	86000000	0.188751819731467
chr3	86000001	86500000	0.114709883447148
chr3	86500001	87000000	0.177666363677707
chr3	87000001	87500000	0.0273819655238116
chr3	94500001	95000000	0.262678627457906
chr3	95000001	95500000	0.270770483676344
chr3	95500001	96000000	0.326352825728649
chr3	96000001	96500000	0.332254376101082
chr3	96500001	97000000	0.293972361022484
chr3	97000001	97500000	0.335340653498338
chr3	97500001	98000000	0.146683071837644
chr3	98000001	98500000	0.115008632098888
chr3	98500001	99000000	0.201091506507488
chr3	99000001	99500000	0.154119595208665
chr3	99500001	100000000	0.185251296300352
chr3	100000001	100500000	0.203410159347479
chr3	100500001	101000000	0.170696377639817
chr3	101000001	101500000	0.162505134958343
chr3	101500001	102000000	0.245782310610782
chr3	102000001	102500000	0.22008529558506
chr3	102500001	103000000	0.283500192791654
chr3	103000001	103500000	0.153513428735464
chr3	103500001	104000000	0.221552881274357
chr3	104000001	104500000	0.314978359016525
chr3	104500001	105000000	0.228616048206515
chr3	105000001	105500000	0.284435733469522
chr3	105500001	106000000	0.219420563559122
chr3	106000001	106500000	0.153544671747616
chr3	106500001	107000000	0.227503304528228
chr3	107000001	107500000	0.292348526634516
chr3	107500001	108000000	0.171789807246586
chr3	108000001	108500000	0.273398139930695
chr3	108500001	109000000	0.243530794157114
chr3	109000001	109500000	0.189599929137926
chr3	109500001	110000000	0.250661644675645
chr3	110000001	110500000	0.162715302653135
chr3	110500001	111000000	0.285919173879108
chr3	111000001	111500000	0.612807689329782
chr3	111500001	112000000	0.663021993274886
chr3	112000001	112500000	0.697421806922513
chr3	112500001	113000000	0.675766345714081
chr3	113000001	113500000	0.599534398660698
chr3	113500001	114000000	0.64313752887258
chr3	114000001	114500000	0.52846721627653
chr3	114500001	115000000	0.399182032465041
chr3	115000001	115500000	0.44220845505578
chr3	115500001	116000000	0.407620296561239
chr3	116000001	116500000	0.464261100743018
chr3	116500001	117000000	0.350322765250832
chr3	117000001	117500000	0.405569718565511
chr3	117500001	118000000	0.34037553068308
chr3	118000001	118500000	0.421088657182937
chr3	118500001	119000000	0.429260160469745
chr3	119000001	119500000	0.399144466265625
chr3	119500001	120000000	0.38819104179686
chr3	120000001	120500000	0.434315508303321
chr3	120500001	121000000	0.380548149937737
chr3	121000001	121500000	0.349605298663924
chr3	121500001	122000000	0.332005789169
chr3	122000001	122500000	0.415111377595386
chr3	122500001	123000000	0.404167608520532
chr3	123000001	123500000	0.350209743288653
chr3	123500001	124000000	0.336494791522545
chr3	124000001	124500000	0.337067159370626
chr3	124500001	125000000	0.369828281015134
chr3	125000001	125500000	0.360139181999385
chr3	126000001	126500000	0.344574934896891
chr3	126500001	127000000	0.271494053147542
chr3	127000001	127500000	0.241011166398732
chr3	127500001	128000000	0.383352777250844
chr3	128000001	128500000	0.391114736371973
chr3	128500001	129000000	0.463311530804332
chr3	129000001	129500000	0.405880672600834
chr3	129500001	130000000	0.41401100614523
chr3	130500001	131000000	0.317966159292711
chr3	131000001	131500000	0.360540894400166
chr3	131500001	132000000	0.386403339782571
chr3	132000001	132500000	0.436953955529103
chr3	132500001	133000000	0.360608912207246
chr3	133000001	133500000	0.373014939747231
chr3	133500001	134000000	0.363385925878693
chr3	134000001	134500000	0.45440122580969
chr3	134500001	135000000	0.477057629863452
chr3	135000001	135500000	0.429640714052247
chr3	135500001	136000000	0.39951665683075
chr3	136000001	136500000	0.394262216655106
chr3	136500001	137000000	0.378134088904408
chr3	137000001	137500000	0.355712761512675
chr3	137500001	138000000	0.388926388757814
chr3	138000001	138500000	0.494589915512923
chr3	138500001	139000000	0.413007056957922
chr3	139000001	139500000	0.431657190596
chr3	139500001	140000000	0.407269924346097
chr3	140000001	140500000	0.402733656873057
chr3	140500001	141000000	0.403194227831332
chr3	141000001	141500000	0.495173283774092
chr3	141500001	142000000	0.404430442296024
chr3	142000001	142500000	0.44599455127537
chr3	142500001	143000000	0.446988116103938
chr3	143000001	143500000	0.363223117500783
chr3	143500001	144000000	0.47152653832982
chr3	144000001	144500000	0.326326267981354
chr3	144500001	145000000	0.353512531065382
chr3	145000001	145500000	0.445745421455661
chr3	145500001	146000000	0.408991768606924
chr3	146000001	146500000	0.291796595661343
chr3	146500001	147000000	0.305158018702953
chr3	147000001	147500000	0.289979466008731
chr3	147500001	148000000	0.428514338739551
chr3	148000001	148500000	0.287657138628463
chr3	148500001	149000000	0.317571101526738
chr3	149000001	149500000	0.275142839101549
chr3	149500001	150000000	0.310696582699633
chr3	150000001	150500000	0.29472525450995
chr3	150500001	151000000	0.357030744305246
chr3	151000001	151500000	0.363096616151657
chr3	151500001	152000000	0.287380531286106
chr3	152000001	152500000	0.338899270978579
chr3	152500001	153000000	0.33242142595582
chr3	153000001	153500000	0.273698261184709
chr3	153500001	154000000	0.245358816544966
chr3	154000001	154500000	0.17948547620696
chr3	154500001	155000000	0.300532725833041
chr3	155000001	155500000	0.254973354915883
chr3	155500001	156000000	0.215732059301196
chr3	156000001	156500000	0.258501200463353
chr3	156500001	157000000	0.258705424320305
chr3	157000001	157500000	0.271415547314402
chr3	157500001	158000000	0.257392800660188
chr3	158000001	158500000	0.220358291524955
chr3	158500001	159000000	0.290724074663488
chr3	159000001	159500000	0.204410256071909
chr3	159500001	160000000	0.239066176900593
chr3	160000001	160500000	0.26560354714058
chr3	160500001	161000000	0.324432747010904
chr3	161000001	161500000	0.211881118543263
chr3	161500001	162000000	0.19039806206233
chr3	162000001	162500000	0.0667983456311419
chr3	162500001	163000000	0.230492217866884
chr3	163000001	163500000	0.261476250207814
chr3	163500001	164000000	0.14698289615986
chr3	164000001	164500000	0.287362561533483
chr3	164500001	165000000	0.233887558001958
chr3	165000001	165500000	0.251718806176057
chr3	165500001	166000000	0.191771531388733
chr3	166000001	166500000	0.265777507154689
chr3	166500001	167000000	0.221012882734855
chr3	167000001	167500000	0.333108983637784
chr3	167500001	168000000	0.397020133754631
chr3	168000001	168500000	0.339903568107768
chr3	168500001	169000000	0.273853429320263
chr3	169000001	169500000	0.270564019344932
chr3	169500001	170000000	0.308200217374517
chr3	170000001	170500000	0.31594562957248
chr3	170500001	171000000	0.205730379869344
chr3	171000001	171500000	0.258893557768679
chr3	171500001	172000000	0.262036757272584
chr3	172000001	172500000	0.264507318192192
chr3	172500001	173000000	0.194739045125796
chr3	173000001	173500000	0.214782874481164
chr3	173500001	174000000	0.305779724592415
chr3	174000001	174500000	0.187945650724566
chr3	174500001	175000000	0.27014381100784
chr3	175000001	175500000	0.192124900303546
chr3	175500001	176000000	0.273036210948899
chr3	176000001	176500000	0.264388254957923
chr3	176500001	177000000	0.246465017261457
chr3	177000001	177500000	0.280154210351618
chr3	177500001	178000000	0.240704234642088
chr3	178000001	178500000	0.272328505013316
chr3	178500001	179000000	0.205456742971627
chr3	179000001	179500000	0.194424512192669
chr3	179500001	180000000	0.231754164874076
chr3	180000001	180500000	0.223180102385749
chr3	180500001	181000000	0.10056251069791
chr3	181000001	181500000	0.0748875621332402
chr3	181500001	182000000	0.0634157042427523
chr3	182000001	182500000	0.0646928194344546
chr3	182500001	183000000	0.130976742932007
chr3	183000001	183500000	0.0884268435764332
chr3	183500001	184000000	0.20172030258414
chr3	184000001	184500000	0.203806451085724
chr3	184500001	185000000	0.21338367167074
chr3	185000001	185500000	0.112454260557101
chr3	185500001	186000000	0.0991709556795646
chr3	186000001	186500000	0.23276961731754
chr3	186500001	187000000	0.106665381082177
chr3	187000001	187500000	0.129875420292269
chr3	187500001	188000000	0.127018708881759
chr3	188000001	188500000	0.184194243799814
chr3	188500001	189000000	0.204223673403436
chr3	189000001	189500000	0.0700265234004206
chr3	189500001	190000000	0.109491427153599
chr3	190000001	190500000	0.199864958235714
chr3	190500001	191000000	0.171028834451003
chr3	191000001	191500000	0.148238538978533
chr3	191500001	192000000	0.199697891465342
chr3	192000001	192500000	-0.00459999074378376
chr3	192500001	193000000	0.132985484623553
chr3	193000001	193500000	0.175493359439224
chr3	193500001	194000000	0.301694536243442
chr3	194000001	194500000	0.186362763375218
chr3	194500001	195000000	0.193187320680768
chr3	195000001	195500000	0.341261128940779
chr3	195500001	196000000	0.368147742354655
chr3	196000001	196500000	0.300770008343538
chr3	196500001	197000000	0.253990353097631
chr3	197000001	197500000	0.174890696076909
chr3	197500001	198000000	0.0819045304525409
chr4	1	500000	NA
chr4	500001	1000000	0.0457064428330713
chr4	1000001	1500000	NA
chr4	1500001	2000000	0.00410274973150677
chr4	2000001	2500000	-0.126136618438781
chr4	2500001	3000000	-0.153953687273141
chr4	3000001	3500000	-0.141911541055576
chr4	3500001	4000000	0.0779781909120782
chr4	4500001	5000000	-0.164624069318174
chr4	5000001	5500000	-0.194707431229852
chr4	5500001	6000000	-0.236038362626497
chr4	6000001	6500000	-0.182814818991421
chr4	6500001	7000000	-0.0431063150698534
chr4	7000001	7500000	-0.163294990194222
chr4	7500001	8000000	-0.235444114688175
chr4	8000001	8500000	-0.149522344250138
chr4	8500001	9000000	NA
chr4	10000001	10500000	-0.0005544070995738
chr4	10500001	11000000	-0.185342231261264
chr4	11000001	11500000	-0.162809905471963
chr4	11500001	12000000	-0.166256749512586
chr4	12000001	12500000	-0.0474894744505184
chr4	12500001	13000000	-0.114084512166524
chr4	13000001	13500000	-0.237360030439921
chr4	13500001	14000000	-0.120733082498597
chr4	14000001	14500000	-0.163111011504847
chr4	14500001	15000000	-0.124644522988177
chr4	15000001	15500000	-0.152730412406777
chr4	15500001	16000000	-0.137814246839212
chr4	16000001	16500000	-0.138068027393862
chr4	16500001	17000000	-0.177452010293575
chr4	17000001	17500000	-0.167321715473082
chr4	17500001	18000000	-0.135255520849568
chr4	18000001	18500000	-0.142336924585909
chr4	18500001	19000000	-0.130962694922851
chr4	19000001	19500000	-0.199368529857777
chr4	19500001	20000000	-0.0502006329481677
chr4	20000001	20500000	-0.143492291216649
chr4	20500001	21000000	-0.158476580417256
chr4	21000001	21500000	-0.161006165286725
chr4	21500001	22000000	-0.191640746286926
chr4	22000001	22500000	-0.101296307935104
chr4	22500001	23000000	-0.229043817559349
chr4	23000001	23500000	-0.138060633675458
chr4	23500001	24000000	-0.101564763933758
chr4	24000001	24500000	-0.187056639209816
chr4	24500001	25000000	-0.162387089435924
chr4	25000001	25500000	-0.137613873945466
chr4	25500001	26000000	-0.154823078305128
chr4	26000001	26500000	-0.121258673805123
chr4	26500001	27000000	-0.171340774009137
chr4	27000001	27500000	-0.136464294796104
chr4	27500001	28000000	-0.175754917698227
chr4	28000001	28500000	-0.130117749728428
chr4	28500001	29000000	-0.124342353466617
chr4	29000001	29500000	-0.118827651356613
chr4	29500001	30000000	-0.117272409218453
chr4	30000001	30500000	-0.109263408835444
chr4	30500001	31000000	-0.0954102364737564
chr4	31000001	31500000	-0.144863415258968
chr4	31500001	32000000	NA
chr4	32000001	32500000	-0.131791310461731
chr4	32500001	33000000	NA
chr4	33000001	33500000	-0.112418360766744
chr4	33500001	34000000	-0.133538311329864
chr4	34000001	34500000	-0.204536513468878
chr4	34500001	35000000	-0.0111400564018401
chr4	35000001	35500000	-0.149790146804579
chr4	35500001	36000000	-0.168802732570408
chr4	36000001	36500000	-0.149058431793165
chr4	36500001	37000000	-0.120527646115829
chr4	37000001	37500000	-0.139699633261489
chr4	37500001	38000000	-0.111952854280542
chr4	38000001	38500000	-0.059752826455712
chr4	38500001	39000000	-0.00697940674529199
chr4	39000001	39500000	-0.092341613339208
chr4	39500001	40000000	-0.140512758866592
chr4	40000001	40500000	-0.177215584389185
chr4	40500001	41000000	-0.135932255770759
chr4	41000001	41500000	-0.147124347514558
chr4	41500001	42000000	-0.125890381619725
chr4	42000001	42500000	-0.244113077870194
chr4	42500001	43000000	-0.140747381652779
chr4	43000001	43500000	-0.193231720545158
chr4	43500001	44000000	-0.176013928218331
chr4	44000001	44500000	-0.10747521148111
chr4	44500001	45000000	-0.263141596659183
chr4	45000001	45500000	-0.17862380896574
chr4	45500001	46000000	-0.284533696025869
chr4	46000001	46500000	-0.218027453671851
chr4	46500001	47000000	-0.169933752309217
chr4	47000001	47500000	-0.252154951385699
chr4	47500001	48000000	-0.174008078873112
chr4	52000001	52500000	-0.110670892764815
chr4	52500001	53000000	-0.135051003404615
chr4	53000001	53500000	-0.16174379636827
chr4	53500001	54000000	-0.175060350564101
chr4	54000001	54500000	-0.144721642058369
chr4	54500001	55000000	-0.112781385696843
chr4	55000001	55500000	-0.064508912506846
chr4	55500001	56000000	-0.099971106079402
chr4	56000001	56500000	-0.0874841133288456
chr4	56500001	57000000	-0.027099517195204
chr4	57000001	57500000	-0.0730827108605842
chr4	57500001	58000000	-0.0258772026454887
chr4	58000001	58500000	-0.0288940320513648
chr4	58500001	59000000	NA
chr4	59000001	59500000	-0.0745973824334268
chr4	59500001	60000000	-0.137645123568507
chr4	60000001	60500000	-0.110662241886955
chr4	60500001	61000000	-0.0064461021327945
chr4	61000001	61500000	-0.0355163755986972
chr4	61500001	62000000	-0.0586081333031682
chr4	62000001	62500000	-0.154624748956226
chr4	62500001	63000000	-0.017045936102283
chr4	63000001	63500000	-0.0667853351817645
chr4	63500001	64000000	-0.0273052653588758
chr4	64000001	64500000	-0.10398455814444
chr4	64500001	65000000	-0.0467306499885109
chr4	65000001	65500000	-0.187723900458261
chr4	65500001	66000000	0.00634553480890936
chr4	66000001	66500000	-0.128614188540687
chr4	66500001	67000000	-0.0750552732009551
chr4	67000001	67500000	-0.09419304908564
chr4	67500001	68000000	-0.0340787422007119
chr4	68000001	68500000	-0.044489302646053
chr4	68500001	69000000	-0.11190429641597
chr4	69000001	69500000	0.0421437158628936
chr4	69500001	70000000	-0.0674665061071759
chr4	70000001	70500000	-0.0571326392376011
chr4	70500001	71000000	-0.0722661158016249
chr4	71000001	71500000	-0.0758536297216338
chr4	71500001	72000000	-0.0301303460150108
chr4	72000001	72500000	-0.137080158982417
chr4	72500001	73000000	-0.100129213798642
chr4	73000001	73500000	-0.00865782480700532
chr4	73500001	74000000	0.0144385305602038
chr4	74000001	74500000	0.0649332948507184
chr4	74500001	75000000	0.0254490518218132
chr4	75000001	75500000	0.0926108418998089
chr4	75500001	76000000	0.0515659566735284
chr4	76000001	76500000	0.070091477707368
chr4	76500001	77000000	0.016279030306115
chr4	77000001	77500000	0.111348336761878
chr4	77500001	78000000	0.000434791656912265
chr4	78000001	78500000	0.0426088838101451
chr4	78500001	79000000	0.193694892858699
chr4	79000001	79500000	0.0650801496986986
chr4	79500001	80000000	0.0555288765118842
chr4	80000001	80500000	0.0475246375751001
chr4	80500001	81000000	0.0590155930129297
chr4	81000001	81500000	0.0553707592220796
chr4	81500001	82000000	0.0218951548129567
chr4	82000001	82500000	0.0443126838717988
chr4	82500001	83000000	0.0331920662723059
chr4	83000001	83500000	0.167341856305646
chr4	83500001	84000000	-0.0193874928296229
chr4	84000001	84500000	-0.0261265898413034
chr4	84500001	85000000	0.00538240793865324
chr4	85000001	85500000	0.139681158870965
chr4	85500001	86000000	0.039485264277952
chr4	86000001	86500000	-0.04503500620022
chr4	86500001	87000000	0.0287694833501402
chr4	87000001	87500000	0.0980043113435221
chr4	87500001	88000000	0.0328331696880824
chr4	88000001	88500000	0.0439148017137153
chr4	88500001	89000000	0.0270393478458137
chr4	89000001	89500000	-0.0445607907258885
chr4	89500001	90000000	0.00907314869439343
chr4	90000001	90500000	0.0474205020390762
chr4	90500001	91000000	0.0179232384860455
chr4	91000001	91500000	0.0131400694732248
chr4	91500001	92000000	0.0837708975383435
chr4	92000001	92500000	0.0219748427073533
chr4	92500001	93000000	0.0386090140724384
chr4	93000001	93500000	0.039882771176676
chr4	93500001	94000000	0.0555656643479395
chr4	94000001	94500000	-0.01292956762548
chr4	94500001	95000000	0.0500125999441037
chr4	95000001	95500000	-0.00271863998027641
chr4	95500001	96000000	0.0946915300191191
chr4	96000001	96500000	0.0767578394610952
chr4	96500001	97000000	0.134799685641427
chr4	97000001	97500000	0.143497453028162
chr4	97500001	98000000	0.0983331829852375
chr4	98000001	98500000	0.118059497672559
chr4	98500001	99000000	0.0770396334893672
chr4	99000001	99500000	0.0673915484300607
chr4	99500001	100000000	0.0841875901803316
chr4	100000001	100500000	0.0430483347827118
chr4	100500001	101000000	0.0448251224832148
chr4	101000001	101500000	0.111108542936563
chr4	101500001	102000000	-0.0356448370867417
chr4	102000001	102500000	-0.127813370137266
chr4	102500001	103000000	0.0823444863950226
chr4	103000001	103500000	0.0913746755881521
chr4	103500001	104000000	-0.0176307298459596
chr4	104000001	104500000	-0.132371269455082
chr4	104500001	105000000	-0.0510041614001104
chr4	105000001	105500000	-0.0340192753671875
chr4	105500001	106000000	-0.0801412586580894
chr4	106000001	106500000	0.0253884242533606
chr4	106500001	107000000	-0.136973304795594
chr4	107000001	107500000	-0.0706972350003314
chr4	107500001	108000000	0.00652953333266762
chr4	108000001	108500000	-0.0713092094378015
chr4	108500001	109000000	-0.0884668515139311
chr4	109000001	109500000	-0.122815977194772
chr4	109500001	110000000	-0.0204074852584129
chr4	110000001	110500000	-0.0716586084333021
chr4	110500001	111000000	-0.0945426043968694
chr4	111000001	111500000	-0.0649443403573515
chr4	111500001	112000000	-0.0740811935938918
chr4	112000001	112500000	0.00198554250703561
chr4	112500001	113000000	-0.0872450023510032
chr4	113000001	113500000	-0.0994442978673459
chr4	113500001	114000000	0.0077464490766141
chr4	114000001	114500000	-0.00462391924312776
chr4	114500001	115000000	0.00480873272993954
chr4	115000001	115500000	-0.0652777309924483
chr4	115500001	116000000	-0.122921886448908
chr4	116000001	116500000	-0.112450181028747
chr4	116500001	117000000	-0.12164504743575
chr4	117000001	117500000	-0.0537501719688099
chr4	117500001	118000000	-0.102959520424855
chr4	118000001	118500000	-0.103909759229423
chr4	118500001	119000000	-0.0679875548043492
chr4	119000001	119500000	-0.0458176863488007
chr4	119500001	120000000	0.0337391652127688
chr4	120000001	120500000	-0.132306380608942
chr4	120500001	121000000	-0.139701802789307
chr4	121000001	121500000	-0.0891046241619194
chr4	121500001	122000000	-0.0518262297629749
chr4	122000001	122500000	0.00934154418879034
chr4	122500001	123000000	-0.0881896638299564
chr4	123000001	123500000	-0.052486793527573
chr4	123500001	124000000	-0.153795779285273
chr4	124000001	124500000	-0.0691791536086647
chr4	124500001	125000000	-0.0571133738866733
chr4	125000001	125500000	-0.0718870780948416
chr4	125500001	126000000	-0.0814580569980574
chr4	126000001	126500000	-0.0803911069363611
chr4	126500001	127000000	-0.126970124149999
chr4	127000001	127500000	-0.029703172322115
chr4	127500001	128000000	-0.0419457436214524
chr4	128000001	128500000	-0.104778804798291
chr4	128500001	129000000	-0.079271843012375
chr4	129000001	129500000	-0.00286219919832991
chr4	129500001	130000000	-0.0422896005224062
chr4	130000001	130500000	-0.032077334495172
chr4	130500001	131000000	-0.0939437583624054
chr4	131000001	131500000	-0.00242817570642869
chr4	132000001	132500000	-0.0826877739736294
chr4	132500001	133000000	-0.0529644303606665
chr4	133000001	133500000	-0.0463588586758952
chr4	133500001	134000000	-0.0315153487355962
chr4	134000001	134500000	-0.0194146887964644
chr4	134500001	135000000	0.0040525333037001
chr4	135000001	135500000	-0.0578250531107675
chr4	135500001	136000000	-0.0706714707172616
chr4	136000001	136500000	-0.134348848916997
chr4	136500001	137000000	-0.102806014870393
chr4	137000001	137500000	-0.165527972136969
chr4	137500001	138000000	-0.0616265393153623
chr4	138000001	138500000	-0.117176137888306
chr4	138500001	139000000	-0.107807288142053
chr4	139000001	139500000	-0.0167218660420758
chr4	139500001	140000000	-0.000341721997304312
chr4	140000001	140500000	-0.0399735608738625
chr4	140500001	141000000	-0.110087294970626
chr4	141000001	141500000	-0.129828181487258
chr4	141500001	142000000	-0.053273902097631
chr4	142000001	142500000	-0.0777770232063473
chr4	142500001	143000000	-0.0791258987945054
chr4	143000001	143500000	0.00602595748494655
chr4	143500001	144000000	0.0748073956483862
chr4	144000001	144500000	-0.00478099846503138
chr4	144500001	145000000	-0.0825056713454128
chr4	145000001	145500000	-0.0737881947070611
chr4	145500001	146000000	-0.112515788016314
chr4	146000001	146500000	0.0289328733552108
chr4	146500001	147000000	0.024235956701241
chr4	147000001	147500000	-0.170313630190387
chr4	147500001	148000000	0.0328482627947402
chr4	148000001	148500000	-0.0389810615230992
chr4	148500001	149000000	-0.119671281973386
chr4	149000001	149500000	-0.0509108721283159
chr4	149500001	150000000	-0.0450783123965024
chr4	150000001	150500000	-0.0652151366598893
chr4	150500001	151000000	-0.0477484201258402
chr4	151000001	151500000	-0.058641179279777
chr4	151500001	152000000	-0.0699589542903068
chr4	152000001	152500000	-0.0774059155068224
chr4	152500001	153000000	0.00462498410406272
chr4	153000001	153500000	-0.0580005657634644
chr4	153500001	154000000	-0.0236773448796854
chr4	154000001	154500000	0.0129013027125683
chr4	154500001	155000000	-0.125229683331743
chr4	155000001	155500000	-0.0455946845217071
chr4	155500001	156000000	-0.0781164504219416
chr4	156000001	156500000	-0.125170911257786
chr4	156500001	157000000	-0.0570207683713286
chr4	157000001	157500000	-0.109973609871034
chr4	157500001	158000000	-0.0645728319050116
chr4	158000001	158500000	-0.0399604570085028
chr4	158500001	159000000	-0.00429736023927565
chr4	159000001	159500000	-0.0805281286457433
chr4	159500001	160000000	-0.123578420781062
chr4	160000001	160500000	-0.0381124932315467
chr4	160500001	161000000	-0.0123401205125765
chr4	161000001	161500000	-0.0542960147383633
chr4	161500001	162000000	-0.111053675844892
chr4	162000001	162500000	-0.163375903156491
chr4	162500001	163000000	-0.166378705217351
chr4	163000001	163500000	-0.0521332368567089
chr4	163500001	164000000	0.0421362416144569
chr4	164000001	164500000	-0.127899347478307
chr4	164500001	165000000	-0.0951302784828246
chr4	165000001	165500000	-0.0857728376170568
chr4	165500001	166000000	-0.094874678890212
chr4	166000001	166500000	-0.18875912750459
chr4	166500001	167000000	-0.0632743793959284
chr4	167000001	167500000	-0.0902643725077235
chr4	167500001	168000000	-0.00992924010418071
chr4	168000001	168500000	-0.00601229968526555
chr4	168500001	169000000	-0.0574654359319408
chr4	169000001	169500000	-0.0339358040626296
chr4	169500001	170000000	-0.128855380740664
chr4	170000001	170500000	-0.0609030851042238
chr4	170500001	171000000	-0.0540692787155106
chr4	171000001	171500000	-0.0592660456125323
chr4	171500001	172000000	-0.0876580618143044
chr4	172000001	172500000	0.03106261268976
chr4	172500001	173000000	-0.0342474095790398
chr4	173000001	173500000	0.0252211943233289
chr4	173500001	174000000	-0.0502817580410547
chr4	174000001	174500000	-0.110779993036845
chr4	174500001	175000000	0.00853386816704145
chr4	175000001	175500000	-0.0656509664277698
chr4	175500001	176000000	-0.0757126680217197
chr4	176000001	176500000	-0.0399654953698208
chr4	176500001	177000000	-0.110229548908823
chr4	177000001	177500000	-0.159224238647278
chr4	177500001	178000000	-0.076378767581326
chr4	178000001	178500000	-0.0589774457939655
chr4	178500001	179000000	0.00802745497359097
chr4	179000001	179500000	-0.0450834244964665
chr4	179500001	180000000	-0.0504053716336501
chr4	180000001	180500000	-0.117433687843274
chr4	180500001	181000000	-0.0464802246228729
chr4	181000001	181500000	-0.0166467043116176
chr4	181500001	182000000	-0.0574864587407479
chr4	182000001	182500000	-0.133938230307871
chr4	182500001	183000000	-0.171946255710299
chr4	183000001	183500000	-0.152287740417454
chr4	183500001	184000000	-0.111261376288173
chr4	184000001	184500000	0.0696305878886692
chr4	184500001	185000000	0.100025159702971
chr4	185000001	185500000	-0.141927747828222
chr4	185500001	186000000	-0.0972722410810007
chr4	186000001	186500000	-0.121612711572657
chr4	186500001	187000000	-0.0539980913194599
chr4	187000001	187500000	0.00157383846537101
chr4	187500001	188000000	-0.0756487708851474
chr4	188000001	188500000	-0.0301973867122071
chr4	188500001	189000000	-0.0955433839420419
chr4	189000001	189500000	-0.0705138681568516
chr5	1	500000	NA
chr5	500001	1000000	-0.0704316460236449
chr5	1000001	1500000	-0.127096944248452
chr5	1500001	2000000	-0.0922894794005133
chr5	2000001	2500000	-0.0635963303773492
chr5	2500001	3000000	-0.00954641401380526
chr5	3000001	3500000	-0.0339083782827093
chr5	3500001	4000000	-0.109836200353821
chr5	4000001	4500000	-0.0310258867953336
chr5	4500001	5000000	-0.0490951944848589
chr5	5000001	5500000	-0.0686754778085702
chr5	5500001	6000000	-0.0463373011071732
chr5	6000001	6500000	-0.0397594871899841
chr5	6500001	7000000	0.0239307080225231
chr5	7000001	7500000	0.0904608898410463
chr5	7500001	8000000	0.0282739477661717
chr5	8000001	8500000	0.0686637133670271
chr5	8500001	9000000	-0.0277643431866923
chr5	9000001	9500000	0.0160966432554321
chr5	9500001	10000000	0.0502612491337544
chr5	10000001	10500000	0.0639897571557277
chr5	10500001	11000000	0.156066749869133
chr5	11000001	11500000	0.0285607215823815
chr5	11500001	12000000	0.0584194253725445
chr5	12000001	12500000	-0.0484723259492093
chr5	12500001	13000000	-0.0557278211311242
chr5	13000001	13500000	-0.150563541716484
chr5	13500001	14000000	-0.103558894201344
chr5	14000001	14500000	-0.0139271868889959
chr5	14500001	15000000	-0.0494483681475165
chr5	15000001	15500000	0.00891248109714194
chr5	15500001	16000000	-0.0178129541369165
chr5	16000001	16500000	-0.0825449697879709
chr5	16500001	17000000	-0.116154477848808
chr5	17000001	17500000	0.0627838506864903
chr5	17500001	18000000	NA
chr5	18000001	18500000	-0.0807150520996323
chr5	18500001	19000000	-0.0871250099400441
chr5	19000001	19500000	-0.0618536459254224
chr5	19500001	20000000	-0.0282140543119818
chr5	20000001	20500000	-0.0214621817525487
chr5	20500001	21000000	-0.066526310611631
chr5	21500001	22000000	0.0109445676879482
chr5	22000001	22500000	-0.00321286306043923
chr5	22500001	23000000	-0.0734698432924238
chr5	23000001	23500000	-0.0741055795132831
chr5	23500001	24000000	-0.0607586246565234
chr5	24000001	24500000	-0.0318119186853678
chr5	24500001	25000000	-0.112322251899085
chr5	25000001	25500000	-0.0859820901188997
chr5	25500001	26000000	-0.0585421578094386
chr5	26000001	26500000	-0.0355070095910768
chr5	26500001	27000000	-0.0556463427542298
chr5	27000001	27500000	-0.124977965596246
chr5	27500001	28000000	-0.131178740295854
chr5	28000001	28500000	-0.0687051585758846
chr5	28500001	29000000	-0.050902569461378
chr5	29000001	29500000	-0.024816865237873
chr5	29500001	30000000	-0.0672349240245275
chr5	30000001	30500000	-0.078661933504813
chr5	30500001	31000000	-0.122548374878977
chr5	31000001	31500000	-0.0782324603107834
chr5	31500001	32000000	-0.110669186318113
chr5	32000001	32500000	0.102860527821112
chr5	32500001	33000000	0.0622218960395801
chr5	33000001	33500000	0.0171265415383757
chr5	33500001	34000000	0.0673616510169369
chr5	34500001	35000000	0.102303418475007
chr5	35000001	35500000	0.0996788190353817
chr5	35500001	36000000	0.0532826700375936
chr5	36000001	36500000	0.0931000905544053
chr5	36500001	37000000	0.074046534467444
chr5	37000001	37500000	0.0361554688387544
chr5	37500001	38000000	0.000858687637073675
chr5	38000001	38500000	0.0580953083359333
chr5	38500001	39000000	0.0968020989603774
chr5	39000001	39500000	0.0999982152407823
chr5	39500001	40000000	-0.0576887516209239
chr5	40000001	40500000	0.0883398674586554
chr5	40500001	41000000	0.113686632219402
chr5	41000001	41500000	0.0443846230667008
chr5	41500001	42000000	0.034306667621607
chr5	42000001	42500000	-0.0111480637157801
chr5	42500001	43000000	0.0691414810025148
chr5	43000001	43500000	0.176285320063056
chr5	43500001	44000000	0.0695523433992671
chr5	44000001	44500000	0.0985597486582853
chr5	44500001	45000000	0.120505269344066
chr5	45000001	45500000	0.122427387950558
chr5	51500001	52000000	0.113804005278169
chr5	52000001	52500000	0.0420197462027167
chr5	52500001	53000000	-0.0117476556046737
chr5	53000001	53500000	0.0484291751257018
chr5	53500001	54000000	0.0231184485063232
chr5	54000001	54500000	-0.0941931338061852
chr5	54500001	55000000	-0.0795798162942315
chr5	55000001	55500000	-0.174227015011111
chr5	55500001	56000000	-0.154790533677898
chr5	56000001	56500000	-0.0794377189585512
chr5	56500001	57000000	-0.155451249091378
chr5	57000001	57500000	-0.285832698739833
chr5	57500001	58000000	-0.407063360421659
chr5	58000001	58500000	-0.388369662527579
chr5	58500001	59000000	-0.323286480801942
chr5	59000001	59500000	-0.207160110835005
chr5	59500001	60000000	-0.320899523220937
chr5	60000001	60500000	-0.341713658898602
chr5	60500001	61000000	-0.297193584357673
chr5	61000001	61500000	-0.219110192965077
chr5	61500001	62000000	-0.32721610084184
chr5	62000001	62500000	-0.282585285568996
chr5	62500001	63000000	-0.143062409740091
chr5	63000001	63500000	-0.0602625075458737
chr5	63500001	64000000	-0.0982359474355875
chr5	64000001	64500000	-0.178670092684395
chr5	64500001	65000000	-0.114637321300823
chr5	65000001	65500000	-0.170256085756108
chr5	65500001	66000000	-0.0228601994151547
chr5	66000001	66500000	-0.179957546115701
chr5	66500001	67000000	-0.120572099203545
chr5	67000001	67500000	-0.156466711644259
chr5	67500001	68000000	-0.0505040300399394
chr5	68000001	68500000	-0.0827398985606698
chr5	68500001	69000000	-0.167069281202959
chr5	69000001	69500000	-0.224965424483033
chr5	71500001	72000000	-0.122534884826894
chr5	72000001	72500000	-0.105917933775513
chr5	72500001	73000000	-0.167985102192941
chr5	73000001	73500000	-0.152233384414951
chr5	73500001	74000000	-0.139050400572433
chr5	74000001	74500000	-0.151217782350022
chr5	74500001	75000000	-0.198086153246843
chr5	75000001	75500000	-0.11133137348753
chr5	75500001	76000000	-0.113108765348386
chr5	76000001	76500000	-0.0915139982836607
chr5	76500001	77000000	-0.109908411737863
chr5	77000001	77500000	-0.096477086883039
chr5	77500001	78000000	-0.222318845625376
chr5	78000001	78500000	-0.146984818406311
chr5	78500001	79000000	-0.127096507619101
chr5	79000001	79500000	-0.195376568963117
chr5	79500001	80000000	-0.209204142450886
chr5	80000001	80500000	-0.112141823530539
chr5	80500001	81000000	-0.144353717826609
chr5	81000001	81500000	-0.131241420176111
chr5	81500001	82000000	-0.147659761051263
chr5	82000001	82500000	-0.161783329424078
chr5	82500001	83000000	-0.17469198741869
chr5	83000001	83500000	-0.136949705663536
chr5	83500001	84000000	-0.224135676882899
chr5	84000001	84500000	-0.299291831417917
chr5	84500001	85000000	-0.245368047805264
chr5	85000001	85500000	-0.181277456551482
chr5	85500001	86000000	-0.177634639374725
chr5	86000001	86500000	-0.225151762454233
chr5	86500001	87000000	-0.170396082102283
chr5	87000001	87500000	-0.112833437891353
chr5	87500001	88000000	-0.129489630215585
chr5	88000001	88500000	-0.147335436347722
chr5	88500001	89000000	-0.118571301967014
chr5	89000001	89500000	-0.0637412838891791
chr5	89500001	90000000	-0.167723338583799
chr5	90000001	90500000	-0.177497200178381
chr5	90500001	91000000	-0.204298951707585
chr5	91000001	91500000	-0.0833625391367256
chr5	91500001	92000000	-0.172009976484389
chr5	92000001	92500000	-0.144601746230688
chr5	92500001	93000000	-0.113962124211241
chr5	93000001	93500000	-0.140089030273129
chr5	93500001	94000000	-0.112472885405363
chr5	94000001	94500000	-0.118310056931856
chr5	94500001	95000000	-0.0450378181488068
chr5	95000001	95500000	-0.191765467025651
chr5	95500001	96000000	-0.0549764892932536
chr5	96000001	96500000	-0.082138989727962
chr5	96500001	97000000	-0.0603370161960298
chr5	97000001	97500000	-0.16838453619826
chr5	97500001	98000000	-0.14437622513921
chr5	98000001	98500000	-0.0901207654623281
chr5	98500001	99000000	-0.174173672977279
chr5	99000001	99500000	-0.195256372482567
chr5	99500001	100000000	-0.208305730519908
chr5	100000001	100500000	-0.166966041086087
chr5	100500001	101000000	-0.0367214497969936
chr5	101000001	101500000	-0.248332088334053
chr5	101500001	102000000	-0.108934254016705
chr5	102000001	102500000	-0.0955704274948949
chr5	102500001	103000000	-0.18130697227069
chr5	103000001	103500000	-0.136202336571768
chr5	103500001	104000000	-0.154023291760477
chr5	104000001	104500000	-0.117319613929349
chr5	104500001	105000000	-0.14377006863934
chr5	105000001	105500000	-0.223796030663746
chr5	105500001	106000000	-0.102261690796644
chr5	106000001	106500000	-0.189043461553794
chr5	106500001	107000000	-0.134510842975036
chr5	107000001	107500000	-0.128572401166907
chr5	107500001	108000000	-0.0996003760645606
chr5	108000001	108500000	-0.160730325759834
chr5	108500001	109000000	-0.231832515971165
chr5	109000001	109500000	-0.126077530270302
chr5	109500001	110000000	-0.229809318272981
chr5	110000001	110500000	-0.138565862746434
chr5	110500001	111000000	-0.154717810964256
chr5	111000001	111500000	-0.178734639451069
chr5	111500001	112000000	-0.149297708588873
chr5	112000001	112500000	-0.219163383435581
chr5	112500001	113000000	-0.162243301203888
chr5	113000001	113500000	-0.12812223198829
chr5	113500001	114000000	-0.189469086465906
chr5	114000001	114500000	-0.0992774971177974
chr5	114500001	115000000	-0.170999935585852
chr5	115000001	115500000	-0.0983905212285306
chr5	115500001	116000000	-0.150246878332601
chr5	116000001	116500000	-0.117715573894987
chr5	116500001	117000000	-0.192608180778357
chr5	117000001	117500000	-0.178306054197512
chr5	117500001	118000000	-0.137551366437582
chr5	118000001	118500000	-0.184749541909604
chr5	118500001	119000000	-0.175963503474721
chr5	119000001	119500000	-0.0522583993958537
chr5	119500001	120000000	-0.246586045498573
chr5	120000001	120500000	-0.128960833399752
chr5	120500001	121000000	-0.139812010199144
chr5	121000001	121500000	-0.186979344923248
chr5	121500001	122000000	-0.191390169593423
chr5	122000001	122500000	-0.156131165495471
chr5	122500001	123000000	-0.14051914962534
chr5	123000001	123500000	-0.134646719516108
chr5	123500001	124000000	-0.198701328100127
chr5	124000001	124500000	-0.191909525196906
chr5	124500001	125000000	-0.178095841539669
chr5	125000001	125500000	-0.222322961896466
chr5	125500001	126000000	-0.152459659746793
chr5	126000001	126500000	-0.20036619717832
chr5	126500001	127000000	-0.199064051061956
chr5	127000001	127500000	-0.173008047623632
chr5	127500001	128000000	-0.245794492439157
chr5	128000001	128500000	-0.185685093400681
chr5	128500001	129000000	-0.166223901853135
chr5	129000001	129500000	-0.167671462839341
chr5	129500001	130000000	-0.201772972711718
chr5	130000001	130500000	-0.226790617477972
chr5	130500001	131000000	-0.210220405731707
chr5	131000001	131500000	-0.157197416518321
chr5	131500001	132000000	-0.145654277570114
chr5	132000001	132500000	-0.0411379666959928
chr5	132500001	133000000	-0.0747121189249445
chr5	133000001	133500000	-0.202364299994678
chr5	133500001	134000000	-0.16792332919214
chr5	134000001	134500000	-0.0593466855821478
chr5	134500001	135000000	-0.0189553201598011
chr5	135000001	135500000	-0.0543365153294455
chr5	135500001	136000000	-0.0979934378570911
chr5	136000001	136500000	-0.113100454146697
chr5	136500001	137000000	-0.0565333124147429
chr5	137000001	137500000	-0.0442866610216545
chr5	137500001	138000000	-0.0459107085672632
chr5	138000001	138500000	0.00134732106769242
chr5	138500001	139000000	-0.0477357230748951
chr5	139000001	139500000	NA
chr5	139500001	140000000	-0.0152151502466768
chr5	140000001	140500000	0.0225546623480029
chr5	140500001	141000000	0.148694601681225
chr5	141000001	141500000	-0.00419906993119455
chr5	141500001	142000000	0.105170339496771
chr5	142000001	142500000	-0.0969747911836136
chr5	142500001	143000000	0.0522665932349134
chr5	143000001	143500000	0.000358262259114048
chr5	143500001	144000000	-0.1458529741476
chr5	144000001	144500000	0.00858733393124714
chr5	144500001	145000000	-0.043305853439557
chr5	145000001	145500000	-0.00137227521318968
chr5	145500001	146000000	-0.0428306353618131
chr5	146000001	146500000	-0.0280755925134706
chr5	146500001	147000000	-0.0539703317474046
chr5	147000001	147500000	-0.0654842902977203
chr5	147500001	148000000	-0.136070242895679
chr5	148000001	148500000	-0.0973506786970264
chr5	148500001	149000000	0.053479172362467
chr5	149000001	149500000	-0.00792558036168393
chr5	149500001	150000000	0.0191036570129086
chr5	150000001	150500000	0.0547011677542828
chr5	150500001	151000000	-0.00730984796156572
chr5	151000001	151500000	0.0920499546251137
chr5	151500001	152000000	-0.100615434568576
chr5	152000001	152500000	-0.0396556723843249
chr5	152500001	153000000	-0.118220023472628
chr5	153000001	153500000	-0.0169474425847535
chr5	153500001	154000000	-0.0441711010519373
chr5	154000001	154500000	0.00186099169511236
chr5	154500001	155000000	0.04634853342552
chr5	155000001	155500000	-0.0528618671128711
chr5	155500001	156000000	NA
chr5	156000001	156500000	-0.0062920268445369
chr5	156500001	157000000	-0.0331487038668738
chr5	157000001	157500000	-0.0120027719743723
chr5	157500001	158000000	-0.0312764888683382
chr5	158000001	158500000	-0.00677648339867223
chr5	158500001	159000000	-0.0271209186609285
chr5	159000001	159500000	0.00811817035468017
chr5	159500001	160000000	-0.085156947075795
chr5	160000001	160500000	-0.0223642886102789
chr5	160500001	161000000	-0.0377620339623538
chr5	161000001	161500000	-0.0887013265464728
chr5	161500001	162000000	-0.0621299668782015
chr5	162000001	162500000	-0.0357697732124146
chr5	162500001	163000000	-0.0265577202577808
chr5	163000001	163500000	-0.079551229470353
chr5	163500001	164000000	-0.0128593908760509
chr5	164000001	164500000	-0.0222829546579089
chr5	164500001	165000000	-0.0634819717150142
chr5	165000001	165500000	-0.0732772288980215
chr5	165500001	166000000	0.0453777803234258
chr5	166000001	166500000	-0.0172988535727411
chr5	166500001	167000000	-0.0420480851577916
chr5	167000001	167500000	-0.00771093058224976
chr5	167500001	168000000	-0.120201567118021
chr5	168000001	168500000	-0.11788529571914
chr5	168500001	169000000	-0.157535913416881
chr5	169000001	169500000	-0.081527281071958
chr5	169500001	170000000	-0.00494346446946592
chr5	170000001	170500000	0.0681579264760211
chr5	170500001	171000000	-0.147340182761972
chr5	171000001	171500000	-0.137969088149951
chr5	171500001	172000000	0.097203679249973
chr5	172000001	172500000	-0.0417871478507424
chr5	172500001	173000000	0.0589447878281251
chr5	173000001	173500000	-0.0763313867383086
chr5	173500001	174000000	0.039791915056288
chr5	174000001	174500000	-0.0615202393186164
chr5	174500001	175000000	-0.0334507079737272
chr5	175000001	175500000	0.0408077393096075
chr5	175500001	176000000	0.0573251767895025
chr5	176500001	177000000	0.0407364288404839
chr5	177000001	177500000	0.00311104918252611
chr5	178000001	178500000	-0.0205527820849959
chr5	178500001	179000000	0.0164063400245506
chr5	179000001	179500000	-0.11067963831008
chr5	179500001	180000000	0.12662410992258
chr5	180000001	180500000	-0.10834058905651
chr5	180500001	181000000	-0.0674292267751568
chr6	500001	1000000	0.395701230952871
chr6	1000001	1500000	0.285739702356118
chr6	1500001	2000000	0.36887895389938
chr6	2000001	2500000	0.431770664713597
chr6	2500001	3000000	0.298780621357341
chr6	3000001	3500000	0.3697416435005
chr6	3500001	4000000	0.329060664864964
chr6	4000001	4500000	0.344755085306022
chr6	4500001	5000000	0.297034829075786
chr6	5000001	5500000	0.354377848485858
chr6	5500001	6000000	0.362715115823716
chr6	6000001	6500000	0.440940580989953
chr6	6500001	7000000	0.37219682559728
chr6	7000001	7500000	0.413092520478769
chr6	7500001	8000000	0.369907035082698
chr6	8000001	8500000	0.313165368346262
chr6	8500001	9000000	0.295141258355089
chr6	9000001	9500000	0.267327418090348
chr6	9500001	10000000	0.307276898510423
chr6	10000001	10500000	0.310174935039592
chr6	10500001	11000000	0.344939360214265
chr6	11000001	11500000	0.37796033140794
chr6	11500001	12000000	0.396349697511184
chr6	12000001	12500000	0.264973607845719
chr6	12500001	13000000	0.346964694366579
chr6	13000001	13500000	0.481592246961294
chr6	13500001	14000000	0.377092516323672
chr6	14000001	14500000	0.355093609289978
chr6	14500001	15000000	0.413195165966878
chr6	15000001	15500000	0.370383954420252
chr6	15500001	16000000	0.303343663580199
chr6	16000001	16500000	0.337657432573374
chr6	16500001	17000000	0.373260652757262
chr6	17000001	17500000	0.31323209380633
chr6	17500001	18000000	0.390588679946969
chr6	18000001	18500000	0.384405491061512
chr6	18500001	19000000	0.336063546352331
chr6	19000001	19500000	0.355367254597688
chr6	19500001	20000000	0.277728105780377
chr6	20000001	20500000	0.409508659007103
chr6	20500001	21000000	0.385288554526332
chr6	21000001	21500000	0.358282519491577
chr6	21500001	22000000	0.266412173838658
chr6	22000001	22500000	0.29505022144002
chr6	22500001	23000000	0.388057304894662
chr6	23000001	23500000	0.414382763676975
chr6	23500001	24000000	0.339724119897231
chr6	24000001	24500000	0.250760485485939
chr6	24500001	25000000	0.426660404803702
chr6	25000001	25500000	0.293369438471908
chr6	25500001	26000000	0.271060560490129
chr6	26000001	26500000	0.441205035921077
chr6	27000001	27500000	0.302770300446592
chr6	27500001	28000000	0.276202916570525
chr6	28000001	28500000	0.393626936270858
chr6	28500001	29000000	0.237733598568884
chr6	29000001	29500000	0.258408631995503
chr6	29500001	30000000	0.192752157674191
chr6	30000001	30500000	0.356172353121766
chr6	30500001	31000000	0.410822894984247
chr6	31000001	31500000	0.315936642133739
chr6	31500001	32000000	0.519761120100477
chr6	32000001	32500000	0.321123916538996
chr6	32500001	33000000	0.298132353671264
chr6	33000001	33500000	0.416188870019975
chr6	33500001	34000000	0.284260768616977
chr6	34000001	34500000	0.215613951624043
chr6	34500001	35000000	0.314035350197927
chr6	35000001	35500000	0.294225064975193
chr6	35500001	36000000	0.289353487409015
chr6	36000001	36500000	0.37795475318366
chr6	36500001	37000000	0.324988270121407
chr6	37000001	37500000	0.360889283347182
chr6	37500001	38000000	0.224379311648982
chr6	38000001	38500000	0.346399031111178
chr6	38500001	39000000	0.286272060400836
chr6	39000001	39500000	0.215410922706148
chr6	39500001	40000000	0.246493187557578
chr6	40000001	40500000	0.255055397097888
chr6	40500001	41000000	0.198419404674571
chr6	41000001	41500000	0.348235090907432
chr6	41500001	42000000	0.356350805383743
chr6	42000001	42500000	0.305402674180044
chr6	42500001	43000000	0.400513741476506
chr6	43000001	43500000	0.344957184733405
chr6	43500001	44000000	0.452730071167533
chr6	44000001	44500000	0.408296167590181
chr6	44500001	45000000	0.360400738055407
chr6	45000001	45500000	0.324746092745856
chr6	45500001	46000000	0.343729105417684
chr6	46000001	46500000	0.24077297526659
chr6	46500001	47000000	0.306896804431383
chr6	47000001	47500000	0.392172356229855
chr6	47500001	48000000	0.347625736297894
chr6	48000001	48500000	0.389085631523283
chr6	48500001	49000000	0.34324749823553
chr6	49000001	49500000	0.305441480028077
chr6	49500001	50000000	0.308901751803275
chr6	50000001	50500000	0.394280058678613
chr6	50500001	51000000	0.363390995243892
chr6	51000001	51500000	0.366250261752335
chr6	51500001	52000000	0.354444755380481
chr6	52000001	52500000	0.520914814599269
chr6	52500001	53000000	0.53338219683174
chr6	53000001	53500000	0.550736777049575
chr6	53500001	54000000	0.465537787985284
chr6	54000001	54500000	0.528789399251204
chr6	54500001	55000000	0.482729151464739
chr6	55000001	55500000	0.486475355938236
chr6	55500001	56000000	0.309632463001024
chr6	56000001	56500000	0.0988159573809855
chr6	56500001	57000000	0.0786614459153187
chr6	57000001	57500000	0.143316380270285
chr6	63000001	63500000	0.223865242351209
chr6	63500001	64000000	0.159899675300263
chr6	64000001	64500000	0.225061833248607
chr6	64500001	65000000	0.214367694414531
chr6	65000001	65500000	0.196976401055624
chr6	65500001	66000000	0.161238312122278
chr6	66000001	66500000	0.236334881690499
chr6	66500001	67000000	0.240920825751779
chr6	67000001	67500000	NA
chr6	67500001	68000000	0.187941410279658
chr6	68000001	68500000	0.283446396544066
chr6	68500001	69000000	0.165670504793959
chr6	69000001	69500000	0.132568716916618
chr6	69500001	70000000	0.233463719847182
chr6	70000001	70500000	0.122290433736596
chr6	70500001	71000000	0.120736310464391
chr6	71000001	71500000	0.22266068829029
chr6	71500001	72000000	0.215151387787717
chr6	72000001	72500000	0.0931366955459666
chr6	72500001	73000000	0.206662978252697
chr6	73000001	73500000	0.166727400400015
chr6	73500001	74000000	0.2040192774455
chr6	74000001	74500000	0.160831980128249
chr6	74500001	75000000	0.191127733681383
chr6	75000001	75500000	0.152808983099816
chr6	75500001	76000000	0.166074768148071
chr6	76000001	76500000	0.30272501112618
chr6	76500001	77000000	0.252056333411208
chr6	77000001	77500000	0.210133648128339
chr6	77500001	78000000	0.186882296466795
chr6	78000001	78500000	0.297339012540023
chr6	78500001	79000000	0.228366228970287
chr6	79000001	79500000	0.212460121908267
chr6	79500001	80000000	0.146219402313458
chr6	80000001	80500000	0.221905601309459
chr6	80500001	81000000	0.243592472043163
chr6	81000001	81500000	0.192949144802202
chr6	81500001	82000000	0.25244197210125
chr6	82000001	82500000	0.125743792396667
chr6	82500001	83000000	0.203858620593153
chr6	83000001	83500000	0.226166374461766
chr6	83500001	84000000	0.221029980935268
chr6	84000001	84500000	0.192389581603653
chr6	84500001	85000000	0.179736874782408
chr6	85000001	85500000	0.275197598388358
chr6	85500001	86000000	0.165670449959599
chr6	86000001	86500000	0.253904697267192
chr6	86500001	87000000	0.20028346646873
chr6	87000001	87500000	0.26025099030963
chr6	87500001	88000000	0.249407893274036
chr6	88000001	88500000	0.199115032250108
chr6	88500001	89000000	0.221350252873082
chr6	89000001	89500000	0.1671470402886
chr6	89500001	90000000	0.205813047824877
chr6	90000001	90500000	0.157710372870571
chr6	90500001	91000000	0.190095411772431
chr6	91000001	91500000	0.217366235967552
chr6	91500001	92000000	0.18329752050905
chr6	92000001	92500000	0.202051077381312
chr6	92500001	93000000	0.217097411608611
chr6	93000001	93500000	0.183458531865778
chr6	93500001	94000000	0.178326383817418
chr6	94000001	94500000	0.177098805658285
chr6	94500001	95000000	0.230117295063119
chr6	95000001	95500000	NA
chr6	95500001	96000000	0.389101896320341
chr6	96000001	96500000	0.310301387043764
chr6	96500001	97000000	0.254995670086354
chr6	97000001	97500000	0.352351275078872
chr6	97500001	98000000	0.33110402756349
chr6	98000001	98500000	0.308374225807872
chr6	98500001	99000000	0.314584958625307
chr6	99000001	99500000	0.369434410627684
chr6	99500001	100000000	0.362958336944825
chr6	100000001	100500000	0.218722412384832
chr6	100500001	101000000	0.278179956588144
chr6	101000001	101500000	0.320998086284476
chr6	101500001	102000000	0.356165538352579
chr6	102000001	102500000	0.352768973912736
chr6	102500001	103000000	0.303216108947355
chr6	103000001	103500000	0.26004441468406
chr6	103500001	104000000	0.320985230594859
chr6	104000001	104500000	0.357872825441551
chr6	104500001	105000000	0.28576846538049
chr6	105000001	105500000	0.270562329407768
chr6	105500001	106000000	0.38486296182107
chr6	106000001	106500000	0.351964644350373
chr6	106500001	107000000	0.376444200309006
chr6	107000001	107500000	0.33810217021292
chr6	107500001	108000000	0.4278784729504
chr6	108000001	108500000	0.357945416644276
chr6	108500001	109000000	0.441401557367237
chr6	109000001	109500000	0.3820574238444
chr6	109500001	110000000	0.386001825175064
chr6	110000001	110500000	0.385731384056597
chr6	110500001	111000000	0.436333108740161
chr6	111000001	111500000	-0.0751833213815093
chr6	111500001	112000000	-0.134025362863956
chr6	112000001	112500000	-0.10177488644002
chr6	112500001	113000000	-0.149893006154643
chr6	113000001	113500000	-0.0629403624366939
chr6	113500001	114000000	-0.067896043645638
chr6	114000001	114500000	-0.132200985743549
chr6	114500001	115000000	-0.0954221022908466
chr6	115000001	115500000	NA
chr6	115500001	116000000	-0.089410909485018
chr6	116000001	116500000	-0.125143584445047
chr6	116500001	117000000	-0.109707202697982
chr6	117000001	117500000	-0.147042782241431
chr6	117500001	118000000	-0.173601608194571
chr6	118000001	118500000	-0.0940696076869919
chr6	118500001	119000000	-0.0254991383458296
chr6	119000001	119500000	-0.0909904599644275
chr6	119500001	120000000	-0.0883891698616548
chr6	120000001	120500000	-0.0924393285600998
chr6	120500001	121000000	-0.201901265351858
chr6	121000001	121500000	-0.181985800415206
chr6	121500001	122000000	-0.147443455078799
chr6	122000001	122500000	-0.100285392725486
chr6	122500001	123000000	-0.113768268434302
chr6	123000001	123500000	-0.0828509086345449
chr6	123500001	124000000	-0.117756843360919
chr6	124000001	124500000	-0.128960659639666
chr6	124500001	125000000	-0.160107034145885
chr6	125000001	125500000	-0.139005678658621
chr6	125500001	126000000	-0.0347424127821133
chr6	126000001	126500000	-0.15076456310393
chr6	126500001	127000000	-0.107092180324648
chr6	127000001	127500000	-0.09304965472725
chr6	127500001	128000000	-0.163871187753958
chr6	128000001	128500000	-0.0792673335628793
chr6	128500001	129000000	0.00366054504103656
chr6	129000001	129500000	-0.188589437371473
chr6	129500001	130000000	-0.071060812987688
chr6	130000001	130500000	-0.143668059376142
chr6	130500001	131000000	-0.156132547566989
chr6	131000001	131500000	-0.14783603416112
chr6	131500001	132000000	-0.104667506861894
chr6	132000001	132500000	-0.0035700256541292
chr6	132500001	133000000	-0.0916123487470555
chr6	133000001	133500000	-0.147071410562845
chr6	133500001	134000000	-0.0357708351122903
chr6	134000001	134500000	-0.12809511422844
chr6	134500001	135000000	-0.10162943789609
chr6	135000001	135500000	-0.0592235647344326
chr6	135500001	136000000	-0.179273931348127
chr6	136000001	136500000	-0.124472691085926
chr6	136500001	137000000	-0.00964621027661329
chr6	137000001	137500000	-0.0462571378804097
chr6	137500001	138000000	-0.0451663743035265
chr6	138000001	138500000	-0.111336606246986
chr6	138500001	139000000	-0.0289361710079549
chr6	139000001	139500000	-0.0401993144669317
chr6	139500001	140000000	-0.0693281747203059
chr6	140000001	140500000	-0.112639375144187
chr6	140500001	141000000	-0.0920236918643144
chr6	141000001	141500000	-0.174287049498215
chr6	141500001	142000000	-0.158786103737874
chr6	142000001	142500000	-0.193601286503329
chr6	142500001	143000000	-0.0258416644324285
chr6	143000001	143500000	-0.0357726941733532
chr6	143500001	144000000	-0.0525615142381324
chr6	144000001	144500000	0.0348715009223334
chr6	144500001	145000000	-0.0657527115190543
chr6	145000001	145500000	-0.139367489685969
chr6	145500001	146000000	-0.127143844204968
chr6	146000001	146500000	-0.124125931282275
chr6	146500001	147000000	-0.120388334275725
chr6	147000001	147500000	-0.00012655512518539
chr6	147500001	148000000	-0.13998406475525
chr6	148000001	148500000	-0.148305901375835
chr6	148500001	149000000	-0.103010938831626
chr6	149000001	149500000	-0.000638056054653613
chr6	149500001	150000000	-0.0264380836254531
chr6	150000001	150500000	-0.245520697973089
chr6	150500001	151000000	-0.187284351259464
chr6	151000001	151500000	-0.0229573782125362
chr6	151500001	152000000	-0.166183179290793
chr6	152000001	152500000	-0.0757382370862579
chr6	152500001	153000000	-0.0826720866414597
chr6	153000001	153500000	-0.143172964201665
chr6	153500001	154000000	-0.0756539741743188
chr6	154000001	154500000	-0.0711596518542049
chr6	154500001	155000000	-0.123602135564275
chr6	155000001	155500000	-0.110400766994685
chr6	155500001	156000000	-0.0604118268621891
chr6	156000001	156500000	-0.106830210767138
chr6	156500001	157000000	-0.0993246769771848
chr6	157000001	157500000	-0.00872717483416068
chr6	157500001	158000000	-0.156580821902348
chr6	158000001	158500000	-0.0555487094936614
chr6	158500001	159000000	-0.174541040574986
chr6	159000001	159500000	-0.107729952923638
chr6	159500001	160000000	-0.0803633419529559
chr6	160000001	160500000	-0.0441564816205545
chr6	160500001	161000000	-0.150192733514293
chr6	161000001	161500000	-0.176136486289031
chr6	161500001	162000000	-0.0584358595168343
chr6	162000001	162500000	-0.100354872178985
chr6	162500001	163000000	-0.111999405825051
chr6	163000001	163500000	-0.0677084741078484
chr6	163500001	164000000	-0.0337229684159723
chr6	164000001	164500000	-0.120059888861792
chr6	164500001	165000000	-0.0835678475479027
chr6	165000001	165500000	-0.086357350564876
chr6	165500001	166000000	-0.0857652094383011
chr6	166000001	166500000	-0.107103107835171
chr6	166500001	167000000	-0.137717760482584
chr6	167000001	167500000	-0.245054264037569
chr6	167500001	168000000	NA
chr6	168000001	168500000	-0.174014505252709
chr6	168500001	169000000	-0.0774839140122237
chr6	169000001	169500000	-0.191183255091191
chr6	169500001	170000000	-0.0937050596577856
chr6	170000001	170500000	-0.0478922163708568
chr7	1	500000	NA
chr7	500001	1000000	-0.158919332000803
chr7	1000001	1500000	-0.252153666864706
chr7	1500001	2000000	-0.150390080285308
chr7	2000001	2500000	-0.147201321352123
chr7	2500001	3000000	-0.106057381897284
chr7	3000001	3500000	-0.159056806893666
chr7	3500001	4000000	-0.264669952556102
chr7	4000001	4500000	-0.190703302704031
chr7	4500001	5000000	-0.079511339580291
chr7	5000001	5500000	-0.0618135045777608
chr7	5500001	6000000	-0.274971524164778
chr7	6000001	6500000	-0.044511203665128
chr7	7000001	7500000	-0.146361066741037
chr7	7500001	8000000	-0.110595470224156
chr7	8000001	8500000	-0.167485228621627
chr7	8500001	9000000	-0.164196810889015
chr7	9000001	9500000	-0.145047297336833
chr7	9500001	10000000	-0.149750765612569
chr7	10000001	10500000	-0.181861596113477
chr7	10500001	11000000	-0.110696399699332
chr7	11000001	11500000	-0.0951059369775034
chr7	11500001	12000000	-0.150358571598555
chr7	12000001	12500000	-0.192041497341028
chr7	12500001	13000000	-0.212430320014622
chr7	13000001	13500000	-0.265794307595948
chr7	13500001	14000000	-0.155936526894028
chr7	14000001	14500000	-0.120879240748064
chr7	14500001	15000000	-0.169346511735366
chr7	15000001	15500000	-0.246192370282017
chr7	15500001	16000000	-0.144748637417221
chr7	16000001	16500000	-0.178077270232738
chr7	16500001	17000000	-0.0518188817437617
chr7	17000001	17500000	-0.168756748863104
chr7	17500001	18000000	-0.27842856165246
chr7	18000001	18500000	-0.190501456724521
chr7	18500001	19000000	-0.207350676146964
chr7	19000001	19500000	-0.167584829184416
chr7	19500001	20000000	-0.119182921557636
chr7	20000001	20500000	-0.0799338732504697
chr7	20500001	21000000	-0.174805299057393
chr7	21000001	21500000	-0.188216883614917
chr7	21500001	22000000	-0.149628970706867
chr7	22000001	22500000	-0.15809255065718
chr7	22500001	23000000	-0.129825162423627
chr7	23000001	23500000	-0.162031126405797
chr7	23500001	24000000	-0.171070971912345
chr7	24000001	24500000	-0.118195005047427
chr7	24500001	25000000	-0.18758323960268
chr7	25000001	25500000	-0.111805318107468
chr7	25500001	26000000	-0.230110544357411
chr7	26000001	26500000	-0.130773852476266
chr7	26500001	27000000	-0.1509655189611
chr7	27000001	27500000	-0.14797427359795
chr7	27500001	28000000	-0.144355257722859
chr7	28000001	28500000	-0.168515590915905
chr7	28500001	29000000	-0.0963463898255426
chr7	29000001	29500000	-0.132340205226674
chr7	29500001	30000000	-0.109730023147735
chr7	30000001	30500000	-0.129634064750965
chr7	30500001	31000000	-0.231879399303278
chr7	31000001	31500000	-0.238167246296717
chr7	31500001	32000000	-0.234775553679811
chr7	32000001	32500000	-0.259105628442944
chr7	32500001	33000000	0.0145810562458366
chr7	33000001	33500000	-0.158663263200474
chr7	33500001	34000000	-0.098404971986989
chr7	34000001	34500000	-0.03782453645135
chr7	34500001	35000000	-0.0566637992581456
chr7	35000001	35500000	0.0983491488064907
chr7	35500001	36000000	-0.0550107884714043
chr7	36000001	36500000	0.0590954087652442
chr7	36500001	37000000	0.0294014661751089
chr7	37000001	37500000	0.0619975398234228
chr7	37500001	38000000	0.00712685511970097
chr7	38000001	38500000	0.00875184212744716
chr7	38500001	39000000	-0.0536661340465839
chr7	39000001	39500000	-0.145639718568491
chr7	39500001	40000000	0.0328457372595395
chr7	40000001	40500000	-0.0121597059830603
chr7	40500001	41000000	-0.0715479297779806
chr7	41000001	41500000	0.0600445635012732
chr7	41500001	42000000	0.102745814522872
chr7	42000001	42500000	-0.0603497902622951
chr7	42500001	43000000	-0.0603534516370075
chr7	43000001	43500000	-0.151159341145233
chr7	43500001	44000000	-0.0651621284876655
chr7	44000001	44500000	0.0303142438086138
chr7	44500001	45000000	0.0459410010404169
chr7	45000001	45500000	-0.099555644626659
chr7	45500001	46000000	-0.0029054707526089
chr7	46000001	46500000	-0.0796567426587178
chr7	46500001	47000000	0.14424225219445
chr7	47000001	47500000	0.122329519455412
chr7	47500001	48000000	-0.0765501250326229
chr7	48000001	48500000	0.101941474115627
chr7	48500001	49000000	0.000102178585891898
chr7	49000001	49500000	-0.013386259949973
chr7	49500001	50000000	-0.0649922256355249
chr7	50000001	50500000	0.161018658090262
chr7	50500001	51000000	0.0826179892878958
chr7	51000001	51500000	-0.0535066697710702
chr7	51500001	52000000	0.0909924382500815
chr7	52000001	52500000	-0.0163525149214732
chr7	52500001	53000000	-0.0322974485766978
chr7	53000001	53500000	-0.0956794521132264
chr7	53500001	54000000	0.0103000938659596
chr7	54000001	54500000	-0.0126648605966971
chr7	54500001	55000000	-0.108335029604693
chr7	55000001	55500000	-0.122224463366394
chr7	55500001	56000000	-0.0323865821720572
chr7	56000001	56500000	-0.00657503863987115
chr7	57000001	57500000	-0.0648168771345907
chr7	62500001	63000000	NA
chr7	64000001	64500000	0.00504127187702806
chr7	64500001	65000000	0.012202718167677
chr7	66000001	66500000	-0.198227565474683
chr7	66500001	67000000	-0.1546387405053
chr7	67000001	67500000	-0.0569052797534424
chr7	67500001	68000000	-0.2540578678236
chr7	68000001	68500000	-0.10401667686524
chr7	68500001	69000000	-0.207104722167878
chr7	69000001	69500000	-0.125525170755509
chr7	69500001	70000000	-0.0883781825360221
chr7	70000001	70500000	-0.141833055587723
chr7	70500001	71000000	-0.146676096733168
chr7	71000001	71500000	-0.069777171883239
chr7	71500001	72000000	-0.068203441603706
chr7	72000001	72500000	-0.0541226029657408
chr7	73500001	74000000	-0.031981031987276
chr7	74000001	74500000	-0.0342616122626177
chr7	75500001	76000000	0.0383203383217637
chr7	76000001	76500000	-0.159879367506723
chr7	77000001	77500000	-0.0458533165961698
chr7	77500001	78000000	0.0834520791320437
chr7	78000001	78500000	-0.0821053947036601
chr7	78500001	79000000	-0.00355308365423185
chr7	79000001	79500000	-0.0677728623887405
chr7	79500001	80000000	-0.0433214603586208
chr7	80000001	80500000	-0.00157411301062082
chr7	80500001	81000000	-0.0287164809019482
chr7	81000001	81500000	-0.0590134411512363
chr7	81500001	82000000	-0.0555739429048104
chr7	82000001	82500000	-0.091995927937518
chr7	82500001	83000000	-0.0262258037021444
chr7	83000001	83500000	-0.126726235638419
chr7	83500001	84000000	-0.067394974045259
chr7	84000001	84500000	-0.115062279302945
chr7	84500001	85000000	-0.0891233847007488
chr7	85000001	85500000	-0.0413876584614814
chr7	85500001	86000000	-0.100167879894741
chr7	86000001	86500000	-0.0454654633904639
chr7	86500001	87000000	-0.0422677782466211
chr7	87000001	87500000	-0.0926679321459698
chr7	87500001	88000000	-0.0608259363356292
chr7	88000001	88500000	-0.0126976641795859
chr7	88500001	89000000	-0.10684195957153
chr7	89000001	89500000	-0.0885773328980915
chr7	89500001	90000000	-0.0180400674824749
chr7	90000001	90500000	-0.0934149347966843
chr7	90500001	91000000	-0.0161324858492142
chr7	91000001	91500000	-0.0920455770393046
chr7	91500001	92000000	-0.0414430763862332
chr7	92000001	92500000	-0.0426223725988699
chr7	92500001	93000000	-0.0829822510335688
chr7	93000001	93500000	-0.0615307687649351
chr7	93500001	94000000	-0.0710848054200321
chr7	94000001	94500000	-0.062089195332187
chr7	94500001	95000000	-0.114989573070003
chr7	95000001	95500000	-0.119492226359045
chr7	95500001	96000000	-0.0910293519994324
chr7	96000001	96500000	-0.0465774576293361
chr7	96500001	97000000	-0.0279577495787059
chr7	97000001	97500000	-0.0270172178961066
chr7	97500001	98000000	0.0847412630351951
chr7	98000001	98500000	-0.0264402332031909
chr7	98500001	99000000	-0.116858772013534
chr7	99000001	99500000	0.0332744488838187
chr7	99500001	100000000	-0.0325971356870191
chr7	100000001	100500000	-0.0192892482340654
chr7	100500001	101000000	-0.0250418729251225
chr7	101000001	101500000	-0.021812875926011
chr7	101500001	102000000	-0.0565219240358122
chr7	102000001	102500000	-0.0492344513221307
chr7	103000001	103500000	0.112247204051922
chr7	103500001	104000000	-0.0432572301226592
chr7	104000001	104500000	-0.0607459632758702
chr7	104500001	105000000	-0.0699656469483233
chr7	105000001	105500000	-0.00429372018687324
chr7	105500001	106000000	0.00572601305898944
chr7	106000001	106500000	0.0089719812654304
chr7	106500001	107000000	0.0685037798967387
chr7	107000001	107500000	0.0635286009918963
chr7	107500001	108000000	0.133630871293096
chr7	108000001	108500000	0.0625427202056052
chr7	108500001	109000000	0.0589913400294978
chr7	109000001	109500000	0.0511136342372473
chr7	109500001	110000000	0.153936401206621
chr7	110000001	110500000	0.0977695427104315
chr7	110500001	111000000	0.0516695083496462
chr7	111000001	111500000	0.0284834782580436
chr7	111500001	112000000	0.130281611822596
chr7	112000001	112500000	0.0979251378067906
chr7	112500001	113000000	0.111764571388129
chr7	113000001	113500000	0.12440566820429
chr7	113500001	114000000	0.051104096803677
chr7	114000001	114500000	0.0486354538742077
chr7	114500001	115000000	0.0460472548894002
chr7	115000001	115500000	0.0614832076513028
chr7	115500001	116000000	0.0366624800388224
chr7	116000001	116500000	0.0319382809514479
chr7	116500001	117000000	0.102273656549696
chr7	117000001	117500000	0.0290555677761852
chr7	117500001	118000000	-0.0264834436630454
chr7	118000001	118500000	0.0480526591007871
chr7	118500001	119000000	0.0177428509814555
chr7	119000001	119500000	0.103429432261169
chr7	119500001	120000000	0.0512064855830297
chr7	120000001	120500000	0.0578962856069913
chr7	120500001	121000000	0.111631686218398
chr7	121000001	121500000	-0.00507234502434928
chr7	121500001	122000000	0.0439596238314311
chr7	122000001	122500000	0.0516217783165269
chr7	122500001	123000000	0.0929011523872619
chr7	123000001	123500000	0.00225009585598082
chr7	123500001	124000000	0.0855048496664085
chr7	124000001	124500000	0.127092642388063
chr7	124500001	125000000	0.0234925104807362
chr7	125000001	125500000	-0.0160514282522988
chr7	125500001	126000000	0.0127499867162157
chr7	126000001	126500000	0.0932944162452246
chr7	126500001	127000000	-0.0251708918221159
chr7	127000001	127500000	0.00781858091279218
chr7	127500001	128000000	0.129074882389047
chr7	128000001	128500000	0.104242944447854
chr7	128500001	129000000	0.0583230784753975
chr7	129000001	129500000	0.136412155359526
chr7	129500001	130000000	0.0164187737098556
chr7	130000001	130500000	0.0288761750568996
chr7	130500001	131000000	0.0489307677570564
chr7	131000001	131500000	0.0894826951735812
chr7	131500001	132000000	-0.021513803906728
chr7	132000001	132500000	0.0435887087459255
chr7	132500001	133000000	0.0391883058119611
chr7	133000001	133500000	0.113780604347285
chr7	133500001	134000000	0.0795199625961165
chr7	134000001	134500000	0.0784243436482191
chr7	134500001	135000000	0.130769691172936
chr7	135000001	135500000	0.125240035841429
chr7	135500001	136000000	0.102454797005444
chr7	136000001	136500000	0.0689788591795017
chr7	136500001	137000000	0.0253234523175369
chr7	137000001	137500000	0.0675070525518143
chr7	137500001	138000000	0.061648506445332
chr7	138000001	138500000	0.0624803043254017
chr7	138500001	139000000	0.0746221479808521
chr7	139000001	139500000	0.15359978339711
chr7	139500001	140000000	0.256951128477082
chr7	140000001	140500000	0.107633720024334
chr7	140500001	141000000	0.0824309242511017
chr7	141000001	141500000	0.0593743441845589
chr7	141500001	142000000	0.0910011800066619
chr7	142000001	142500000	0.246411406460502
chr7	142500001	143000000	0.0678991245195682
chr7	143000001	143500000	0.0991193280180057
chr7	144000001	144500000	-0.0968527067861498
chr7	144500001	145000000	0.0452748098883926
chr7	145000001	145500000	0.0616517737640838
chr7	145500001	146000000	0.0580264896080139
chr7	146000001	146500000	-0.0919573254932282
chr7	146500001	147000000	0.0555924157140718
chr7	147000001	147500000	0.0819328584060941
chr7	147500001	148000000	0.0592190898588551
chr7	148000001	148500000	0.0930665676052371
chr7	148500001	149000000	0.136521681654212
chr7	149000001	149500000	0.14959225862865
chr7	149500001	150000000	0.218138263975291
chr7	150500001	151000000	0.174355969457457
chr7	151000001	151500000	0.278854689027344
chr7	151500001	152000000	0.185579447619331
chr7	152000001	152500000	0.358257772435868
chr7	152500001	153000000	0.109900309385368
chr7	153000001	153500000	0.192172784145836
chr7	153500001	154000000	0.116261883697675
chr7	154000001	154500000	0.0865830123700522
chr7	154500001	155000000	NA
chr7	155000001	155500000	0.182881532599576
chr7	155500001	156000000	0.0748475824686285
chr7	156000001	156500000	0.0847364326806618
chr7	156500001	157000000	0.180825894329335
chr7	157000001	157500000	0.154249556397378
chr7	157500001	158000000	0.0704341039901366
chr7	158000001	158500000	0.113020742527133
chr7	158500001	159000000	0.157568202732348
chr7	159000001	159500000	NA
chr8	500001	1000000	-0.0427787138045646
chr8	1000001	1500000	-0.0119468381305664
chr8	1500001	2000000	-0.0416483259965356
chr8	2500001	3000000	-0.021338292421209
chr8	3000001	3500000	-0.0516541431428684
chr8	3500001	4000000	0.0901657822954287
chr8	4000001	4500000	-0.0627466388327066
chr8	4500001	5000000	0.0205894550142843
chr8	5000001	5500000	-0.0339846174039308
chr8	5500001	6000000	0.0934873027750654
chr8	6000001	6500000	-0.0149226158122813
chr8	6500001	7000000	0.153857539629908
chr8	8500001	9000000	0.0351944508861203
chr8	9000001	9500000	0.0449305172816673
chr8	9500001	10000000	0.043474665358775
chr8	10000001	10500000	0.122572796804432
chr8	10500001	11000000	-0.0223584339649814
chr8	11000001	11500000	-0.094059933015022
chr8	11500001	12000000	-0.00972212992880622
chr8	13000001	13500000	-0.0420278740453741
chr8	13500001	14000000	-0.028777070907434
chr8	14000001	14500000	-0.0548415251577332
chr8	14500001	15000000	0.0103067478079977
chr8	15000001	15500000	0.0143770810352928
chr8	15500001	16000000	-0.00592151508963862
chr8	16000001	16500000	0.0243863070428632
chr8	16500001	17000000	0.0307013862203927
chr8	17000001	17500000	0.0099613365253562
chr8	17500001	18000000	-0.0357598595543763
chr8	18000001	18500000	0.00175353997614298
chr8	18500001	19000000	0.0476328316104143
chr8	19000001	19500000	-0.0057358309051268
chr8	19500001	20000000	0.0581853234411289
chr8	20000001	20500000	-0.0702772303739509
chr8	20500001	21000000	-0.0743922119658239
chr8	21000001	21500000	-0.0675085903476985
chr8	21500001	22000000	-0.00495552630992482
chr8	22000001	22500000	0.0897466092546879
chr8	22500001	23000000	0.109985547016746
chr8	23000001	23500000	0.172828665920265
chr8	23500001	24000000	-0.0274945576823796
chr8	24000001	24500000	0.0117735145010956
chr8	24500001	25000000	-0.144551906355494
chr8	25000001	25500000	-0.182553788505519
chr8	25500001	26000000	-0.296860390413148
chr8	26000001	26500000	-0.202669881111539
chr8	26500001	27000000	-0.301413724169371
chr8	27000001	27500000	-0.294301715837762
chr8	27500001	28000000	-0.363961113579778
chr8	28000001	28500000	-0.290259912494026
chr8	28500001	29000000	-0.268466977633645
chr8	29000001	29500000	-0.249716353673668
chr8	29500001	30000000	-0.231401314084746
chr8	30000001	30500000	-0.29434715935122
chr8	30500001	31000000	-0.236599888643391
chr8	31000001	31500000	-0.316078327339986
chr8	31500001	32000000	-0.278910323812424
chr8	32000001	32500000	-0.37017066997237
chr8	32500001	33000000	-0.272068249446828
chr8	33000001	33500000	-0.37391270173675
chr8	33500001	34000000	-0.240722863781833
chr8	34000001	34500000	-0.23881118191382
chr8	34500001	35000000	-0.169919611031186
chr8	35000001	35500000	-0.272704359219805
chr8	35500001	36000000	-0.23459858179394
chr8	36000001	36500000	-0.265211617339907
chr8	36500001	37000000	-0.309451326883814
chr8	37000001	37500000	-0.286259053307172
chr8	37500001	38000000	-0.291283163419812
chr8	38000001	38500000	-0.202678904269922
chr8	38500001	39000000	-0.26016193228614
chr8	39000001	39500000	-0.525255951722545
chr8	39500001	40000000	-0.330198962588105
chr8	40000001	40500000	-0.268535194281392
chr8	40500001	41000000	-0.417532114253599
chr8	41000001	41500000	-0.296103759050549
chr8	41500001	42000000	-0.190250312663664
chr8	42000001	42500000	-0.185740510527618
chr8	42500001	43000000	-0.165899750448018
chr8	47500001	48000000	-0.0745601869530203
chr8	48000001	48500000	-0.124074555800662
chr8	48500001	49000000	-0.00775651988312041
chr8	49000001	49500000	-0.0664346910439957
chr8	49500001	50000000	0.0669067738062933
chr8	50000001	50500000	0.0248824953336708
chr8	50500001	51000000	0.0438928460035616
chr8	51000001	51500000	-0.0219573155137505
chr8	51500001	52000000	-0.108316735119974
chr8	52000001	52500000	-0.0652210292602214
chr8	52500001	53000000	-0.0587066283911655
chr8	53000001	53500000	-0.0511179083424471
chr8	53500001	54000000	-0.0290699506226437
chr8	54000001	54500000	-0.125714814660364
chr8	54500001	55000000	-0.0441157199565311
chr8	55000001	55500000	-0.065123827812464
chr8	55500001	56000000	0.069030818874685
chr8	56000001	56500000	-0.141372021825247
chr8	56500001	57000000	0.00240049651773556
chr8	57000001	57500000	-0.112111567567744
chr8	57500001	58000000	-0.00369017025720166
chr8	58000001	58500000	0.00469260343689409
chr8	58500001	59000000	-0.0521458544063813
chr8	59000001	59500000	-0.0555380931782139
chr8	59500001	60000000	-0.0766314170201394
chr8	60000001	60500000	-0.0593827450899479
chr8	60500001	61000000	0.0195276078527414
chr8	61000001	61500000	0.00113513808643526
chr8	61500001	62000000	0.0959927570663819
chr8	62000001	62500000	-0.0606501731328356
chr8	62500001	63000000	-0.0107867977838076
chr8	63000001	63500000	0.00077564977218305
chr8	63500001	64000000	-0.0160073290761677
chr8	64000001	64500000	0.0134330769995484
chr8	64500001	65000000	0.00773489561141126
chr8	65000001	65500000	-0.0715829669720071
chr8	65500001	66000000	0.0858283959788708
chr8	66000001	66500000	-0.0596491898547805
chr8	66500001	67000000	-0.0747954666543521
chr8	67000001	67500000	0.0199243288008501
chr8	67500001	68000000	-0.0641212137330926
chr8	68000001	68500000	-0.00270935920323777
chr8	68500001	69000000	-0.014790365170634
chr8	69000001	69500000	-0.00791104348048569
chr8	69500001	70000000	-0.0998534951592111
chr8	70000001	70500000	-0.00923206703178697
chr8	70500001	71000000	0.0474285034434507
chr8	71000001	71500000	-0.0926376440167441
chr8	71500001	72000000	-0.0328814821815621
chr8	72000001	72500000	-0.0626106720935701
chr8	72500001	73000000	-0.0978338524144824
chr8	73000001	73500000	-0.0027296362093231
chr8	73500001	74000000	-0.0504670477677959
chr8	74000001	74500000	-0.0695850796731927
chr8	74500001	75000000	-0.0616287379893875
chr8	75000001	75500000	-0.0382343362029218
chr8	75500001	76000000	0.0136162794456684
chr8	76000001	76500000	-0.0734084020055032
chr8	76500001	77000000	-0.0368952141750663
chr8	77000001	77500000	-0.0161870006105407
chr8	77500001	78000000	-0.105110341751904
chr8	78000001	78500000	-0.0937618460399334
chr8	78500001	79000000	0.00601473641423683
chr8	79000001	79500000	0.0591170732558329
chr8	79500001	80000000	-0.0721449510914317
chr8	80000001	80500000	-0.112730967891725
chr8	80500001	81000000	-0.0567962922058073
chr8	81000001	81500000	-0.016548171700811
chr8	81500001	82000000	-0.0212933148292393
chr8	82000001	82500000	-0.11783753589125
chr8	82500001	83000000	-0.0701167901777216
chr8	83000001	83500000	0.0131614886950949
chr8	83500001	84000000	-0.0277199983784355
chr8	84000001	84500000	-0.0691372683732986
chr8	84500001	85000000	-0.0730399364753315
chr8	85000001	85500000	-0.0401203099119329
chr8	86000001	86500000	-0.0209478887152873
chr8	86500001	87000000	-0.00189508084636092
chr8	87000001	87500000	-0.0250924749189424
chr8	87500001	88000000	-0.0783606338789535
chr8	88000001	88500000	0.0177895767872228
chr8	88500001	89000000	0.0735096736232494
chr8	89000001	89500000	-0.0612994069463489
chr8	89500001	90000000	-0.0440767251959118
chr8	90000001	90500000	-0.0392132591707187
chr8	90500001	91000000	-0.03656221555236
chr8	91000001	91500000	0.00699451735465959
chr8	91500001	92000000	-0.0184859505448129
chr8	92000001	92500000	-0.0107685354013956
chr8	92500001	93000000	0.0287758946239044
chr8	93000001	93500000	-0.0579174616689596
chr8	93500001	94000000	-0.0554751148841944
chr8	94000001	94500000	-0.0779395080863212
chr8	94500001	95000000	-0.0148697030352552
chr8	95000001	95500000	0.0758338194201858
chr8	95500001	96000000	-0.0543254109343263
chr8	96000001	96500000	-0.037457414750396
chr8	96500001	97000000	0.103505194489914
chr8	97000001	97500000	-0.0410111385718963
chr8	97500001	98000000	-0.106357783341474
chr8	98000001	98500000	-0.0218964964508437
chr8	98500001	99000000	-0.094203053876472
chr8	99000001	99500000	0.0462614226768867
chr8	99500001	100000000	-0.0558962213011106
chr8	100000001	100500000	-0.0321755860923209
chr8	100500001	101000000	0.020126942462993
chr8	101000001	101500000	-0.0851455218182263
chr8	101500001	102000000	-0.141468070496905
chr8	102000001	102500000	-0.0418526328027066
chr8	102500001	103000000	0.0422275200032817
chr8	103000001	103500000	-0.0305111967911697
chr8	103500001	104000000	-0.11321346034576
chr8	104000001	104500000	0.0257622650066638
chr8	104500001	105000000	-0.0748150284324364
chr8	105000001	105500000	0.0193072185567802
chr8	105500001	106000000	0.00596545370136106
chr8	106000001	106500000	0.0247125055029578
chr8	106500001	107000000	-0.0557115272120327
chr8	107000001	107500000	-0.0897980537190075
chr8	107500001	108000000	-0.105002977500975
chr8	108000001	108500000	-0.125061327581703
chr8	108500001	109000000	-0.104148857767546
chr8	109000001	109500000	-0.0410311654287141
chr8	109500001	110000000	-0.0937777063019379
chr8	110000001	110500000	-0.165975179872053
chr8	110500001	111000000	0.0233888584106143
chr8	111000001	111500000	-0.00332355844023404
chr8	111500001	112000000	0.0189159363731017
chr8	112000001	112500000	-0.0398534667638074
chr8	112500001	113000000	NA
chr8	113000001	113500000	0.0148092365292253
chr8	113500001	114000000	-0.020807502620192
chr8	114000001	114500000	0.0206503585671671
chr8	114500001	115000000	0.179858661785272
chr8	115000001	115500000	0.191372592850202
chr8	115500001	116000000	0.255971649416447
chr8	116000001	116500000	0.218772859222942
chr8	116500001	117000000	0.262010514191982
chr8	117000001	117500000	0.282514889835817
chr8	117500001	118000000	0.336551328423462
chr8	118000001	118500000	0.290030857084833
chr8	118500001	119000000	0.256251667129774
chr8	119000001	119500000	0.318102372952797
chr8	119500001	120000000	0.285599149336612
chr8	120000001	120500000	0.223543653925246
chr8	120500001	121000000	0.370039312436624
chr8	121000001	121500000	0.32766156483467
chr8	121500001	122000000	0.263287668799323
chr8	122000001	122500000	0.339010956218051
chr8	122500001	123000000	0.421954830074824
chr8	123000001	123500000	0.368154458197875
chr8	123500001	124000000	0.249206157233254
chr8	124000001	124500000	0.373464304053589
chr8	124500001	125000000	0.397730383381135
chr8	125000001	125500000	0.400194842904213
chr8	125500001	126000000	0.345483467331524
chr8	126000001	126500000	0.24084454345692
chr8	126500001	127000000	0.35919174681029
chr8	127000001	127500000	0.316872486349947
chr8	127500001	128000000	0.318517658348277
chr8	128000001	128500000	0.278094618675263
chr8	128500001	129000000	0.198354261738232
chr8	129000001	129500000	0.495892664351274
chr8	129500001	130000000	0.451280147875098
chr8	130000001	130500000	0.488989709886057
chr8	130500001	131000000	0.309995535919281
chr8	131000001	131500000	0.347417363636203
chr8	131500001	132000000	0.269248238224654
chr8	132000001	132500000	0.195057186257424
chr8	132500001	133000000	0.318307197761096
chr8	133000001	133500000	0.318653520155567
chr8	133500001	134000000	0.273705351424111
chr8	134000001	134500000	0.241721691504535
chr8	134500001	135000000	0.301673652623585
chr8	135000001	135500000	0.26765727705415
chr8	135500001	136000000	0.271938428439732
chr8	136000001	136500000	0.330022497233426
chr8	136500001	137000000	0.132324852938544
chr8	137000001	137500000	0.132018892806237
chr8	137500001	138000000	0.0839522092105752
chr8	138000001	138500000	0.0143228690844308
chr8	138500001	139000000	0.0858020153016706
chr8	139000001	139500000	0.0899197257622485
chr8	139500001	140000000	0.133864986289699
chr8	140000001	140500000	0.105823906415177
chr8	140500001	141000000	0.0649360210425338
chr8	141000001	141500000	0.216519931230629
chr8	141500001	142000000	-0.0226677696449515
chr8	142000001	142500000	-0.0172648636567272
chr8	142500001	143000000	0.0258096428596207
chr8	143000001	143500000	0.109997500763883
chr8	143500001	144000000	0.0840630210444177
chr8	144000001	144500000	0.198448621472409
chr8	144500001	145000000	0.146468204868296
chr9	500001	1000000	0.0478596723296523
chr9	1000001	1500000	-0.0328980534085552
chr9	1500001	2000000	-0.105382403432704
chr9	2000001	2500000	0.0510044776185412
chr9	2500001	3000000	-0.0890956437727529
chr9	3000001	3500000	-0.0670900862639326
chr9	3500001	4000000	-0.176963151987291
chr9	4000001	4500000	-0.0244677914587355
chr9	4500001	5000000	0.143036747278474
chr9	5000001	5500000	0.0107066129146179
chr9	5500001	6000000	0.0235152151980367
chr9	6000001	6500000	-0.00854889610042932
chr9	6500001	7000000	0.0285916823636207
chr9	7000001	7500000	-0.0396520976808166
chr9	7500001	8000000	-0.0427053858324885
chr9	8000001	8500000	-0.0621263007101872
chr9	8500001	9000000	-0.0875483482157984
chr9	9000001	9500000	0.0473420174730285
chr9	9500001	10000000	-0.0771414404623571
chr9	10000001	10500000	-0.093363287579819
chr9	10500001	11000000	-0.0395929799293886
chr9	11000001	11500000	-0.20433837022698
chr9	11500001	12000000	-0.197717962136994
chr9	12000001	12500000	-0.099489168197288
chr9	12500001	13000000	-0.189679765787654
chr9	13000001	13500000	-0.171485507419469
chr9	13500001	14000000	-0.237586274672598
chr9	14000001	14500000	-0.220657054878489
chr9	14500001	15000000	-0.177527397014062
chr9	15000001	15500000	-0.149197776785224
chr9	15500001	16000000	-0.15002377232642
chr9	16000001	16500000	-0.175038130640588
chr9	16500001	17000000	-0.234360528734417
chr9	17000001	17500000	-0.132287206512906
chr9	17500001	18000000	-0.216180976370752
chr9	18000001	18500000	-0.253108212084031
chr9	18500001	19000000	-0.17171041260175
chr9	19000001	19500000	-0.0904915698596839
chr9	19500001	20000000	-0.131691291474666
chr9	20000001	20500000	-0.148512979734004
chr9	20500001	21000000	-0.166735462225036
chr9	21000001	21500000	-0.152136330125561
chr9	21500001	22000000	-0.191238746921468
chr9	22000001	22500000	-0.157397974515318
chr9	22500001	23000000	-0.0835999789533855
chr9	23000001	23500000	-0.057881309299605
chr9	23500001	24000000	-0.140246221670781
chr9	24000001	24500000	-0.102842674215081
chr9	24500001	25000000	-0.0983111725161143
chr9	25000001	25500000	-0.090646526972757
chr9	25500001	26000000	-0.0528054965027829
chr9	26000001	26500000	-0.0208007519818157
chr9	26500001	27000000	-0.0537806905350672
chr9	27000001	27500000	0.0109066868555447
chr9	27500001	28000000	-0.0826577040918455
chr9	28000001	28500000	-0.0365648284875104
chr9	28500001	29000000	-0.0295509278758232
chr9	29000001	29500000	0.0691755441265405
chr9	29500001	30000000	-0.0621946396274812
chr9	30000001	30500000	-0.0584573997897481
chr9	30500001	31000000	-0.112589124030857
chr9	31000001	31500000	-0.0724231463666237
chr9	31500001	32000000	0.00488791698124855
chr9	32000001	32500000	-0.00437946821561865
chr9	32500001	33000000	0.0559430987710321
chr9	33000001	33500000	0.0494646033206237
chr9	33500001	34000000	0.0204216345333497
chr9	34000001	34500000	0.0360029736640254
chr9	34500001	35000000	-0.0805922872385048
chr9	35000001	35500000	0.0851549915475235
chr9	35500001	36000000	0.0465413917211427
chr9	36000001	36500000	0.0310696935840356
chr9	36500001	37000000	-0.1162698070273
chr9	37000001	37500000	0.0131928827295018
chr9	37500001	38000000	-0.0205125745188111
chr9	38000001	38500000	-0.0758883161040753
chr9	68500001	69000000	-0.140615461573697
chr9	69000001	69500000	-0.227121431084585
chr9	69500001	70000000	-0.180880042551957
chr9	70000001	70500000	-0.165119429679127
chr9	70500001	71000000	-0.209593274260606
chr9	71000001	71500000	-0.157174559387258
chr9	71500001	72000000	-0.18347601794561
chr9	72000001	72500000	-0.154526087621954
chr9	72500001	73000000	-0.164056906940656
chr9	73000001	73500000	-0.162202354702521
chr9	73500001	74000000	-0.207651497464352
chr9	74000001	74500000	-0.209525164443691
chr9	74500001	75000000	-0.16936769241831
chr9	75000001	75500000	-0.0646488064764651
chr9	75500001	76000000	-0.158063882638166
chr9	76000001	76500000	-0.163176441271366
chr9	76500001	77000000	-0.125247060596127
chr9	77000001	77500000	-0.0985256468030256
chr9	77500001	78000000	-0.16288390585775
chr9	78000001	78500000	-0.135264453222135
chr9	78500001	79000000	-0.188268923287085
chr9	79000001	79500000	-0.219020667311973
chr9	79500001	80000000	-0.100133905942189
chr9	80000001	80500000	-0.103046134496909
chr9	80500001	81000000	-0.173239393939038
chr9	81000001	81500000	-0.212577785204666
chr9	81500001	82000000	-0.174489306770245
chr9	82000001	82500000	-0.135848075820716
chr9	82500001	83000000	-0.23498315769048
chr9	83000001	83500000	-0.166803241067818
chr9	83500001	84000000	-0.193663443282738
chr9	84000001	84500000	-0.219207583556173
chr9	84500001	85000000	-0.101049601633047
chr9	85000001	85500000	-0.219919520825359
chr9	85500001	86000000	-0.193345673201896
chr9	86000001	86500000	-0.174841454182792
chr9	86500001	87000000	-0.232238734514289
chr9	87000001	87500000	-0.278990396219072
chr9	87500001	88000000	-0.105257796733788
chr9	88000001	88500000	-0.24386344304783
chr9	88500001	89000000	-0.183609628233216
chr9	89000001	89500000	-0.0328728847415289
chr9	89500001	90000000	NA
chr9	90000001	90500000	-0.222906844976969
chr9	90500001	91000000	-0.0769706984619328
chr9	91000001	91500000	-0.0643937452881591
chr9	91500001	92000000	-0.270619739083032
chr9	92000001	92500000	-0.159431120862116
chr9	92500001	93000000	-0.125582337093635
chr9	93000001	93500000	-0.061388529193656
chr9	93500001	94000000	-0.263584791068194
chr9	94000001	94500000	-0.138556094414525
chr9	94500001	95000000	-0.260210806157901
chr9	95000001	95500000	-0.234272965919018
chr9	95500001	96000000	-0.144975666530332
chr9	96000001	96500000	-0.191603335020284
chr9	96500001	97000000	-0.192417606222692
chr9	97000001	97500000	-0.0732903867730011
chr9	97500001	98000000	-0.127407784827888
chr9	98000001	98500000	-0.180071372299716
chr9	98500001	99000000	-0.266985818547917
chr9	99000001	99500000	-0.17797423159454
chr9	99500001	100000000	-0.120337916182792
chr9	100000001	100500000	-0.120262431217715
chr9	100500001	101000000	-0.19589490413037
chr9	101000001	101500000	-0.145068632644372
chr9	101500001	102000000	-0.229751761422281
chr9	102000001	102500000	-0.22171180731426
chr9	102500001	103000000	-0.27206390572398
chr9	103000001	103500000	-0.152114835845916
chr9	103500001	104000000	-0.111747652210492
chr9	104000001	104500000	-0.208474864931563
chr9	104500001	105000000	-0.195605327210757
chr9	105000001	105500000	-0.0693561698907321
chr9	105500001	106000000	-0.207171500514387
chr9	106000001	106500000	-0.207884072860469
chr9	106500001	107000000	-0.276415259776889
chr9	107000001	107500000	-0.178539814790135
chr9	107500001	108000000	-0.0906870777764548
chr9	108000001	108500000	-0.0559275810587711
chr9	108500001	109000000	-0.158479485332802
chr9	109000001	109500000	-0.134302876408203
chr9	109500001	110000000	-0.190120971096713
chr9	110000001	110500000	-0.186328077979871
chr9	110500001	111000000	-0.204471166540458
chr9	111000001	111500000	-0.155295391469442
chr9	111500001	112000000	-0.149037307888604
chr9	112000001	112500000	-0.0395182365152425
chr9	112500001	113000000	-0.0813612165758308
chr9	113000001	113500000	-0.0707491014668899
chr9	113500001	114000000	-0.11479190020549
chr9	114000001	114500000	-0.117036127212478
chr9	114500001	115000000	-0.147443488307028
chr9	115000001	115500000	-0.158756883512275
chr9	115500001	116000000	-0.157989544177254
chr9	116000001	116500000	-0.130002922317471
chr9	116500001	117000000	-0.180810258607241
chr9	117000001	117500000	-0.176929431587659
chr9	117500001	118000000	-0.0477068446526685
chr9	118000001	118500000	-0.223437521443089
chr9	118500001	119000000	-0.160396136661411
chr9	119000001	119500000	-0.138673963835569
chr9	119500001	120000000	-0.124860523532184
chr9	120000001	120500000	-0.0999218202987862
chr9	120500001	121000000	-0.063612692962947
chr9	121000001	121500000	-0.0246375316304054
chr9	121500001	122000000	-0.242415115850585
chr9	122000001	122500000	-0.0514231327714834
chr9	122500001	123000000	-0.10584833555683
chr9	123000001	123500000	-0.0932747352436539
chr9	123500001	124000000	0.00571344677237936
chr9	124000001	124500000	-0.164230526037818
chr9	124500001	125000000	-0.190893626312221
chr9	125000001	125500000	-0.170351738697907
chr9	125500001	126000000	-0.0348500685381816
chr9	126000001	126500000	-0.176893502078852
chr9	126500001	127000000	-0.173331488810259
chr9	127000001	127500000	-0.237222558059103
chr9	127500001	128000000	-0.0527127298883792
chr9	128000001	128500000	-0.0114688147097414
chr9	128500001	129000000	-0.110755541948876
chr9	129000001	129500000	0.013539503339821
chr9	129500001	130000000	-0.0449584505385327
chr9	130000001	130500000	-0.20849622924628
chr9	130500001	131000000	-0.30716817949177
chr9	131000001	131500000	-0.0889849971305108
chr9	131500001	132000000	-0.158408913240941
chr9	132000001	132500000	-0.135979240578781
chr9	132500001	133000000	-0.213896157616613
chr9	133000001	133500000	-0.0561546453846049
chr9	133500001	134000000	-0.145588932349088
chr9	134000001	134500000	NA
chr9	134500001	135000000	-0.0760195006622744
chr9	135000001	135500000	-0.128723400806669
chr9	135500001	136000000	-0.112611511123334
chr9	136000001	136500000	-0.0301625707853622
chr9	136500001	137000000	0.116872509628084
chr9	137000001	137500000	NA
chr9	137500001	138000000	-0.0212395246439556
chr10	1	500000	NA
chr10	500001	1000000	0.373527978237205
chr10	1000001	1500000	0.373961311877986
chr10	1500001	2000000	0.367278314703547
chr10	2000001	2500000	0.344918960564575
chr10	2500001	3000000	0.382366053269866
chr10	3000001	3500000	0.360174992820144
chr10	3500001	4000000	0.507330581926191
chr10	4000001	4500000	0.42303373823894
chr10	4500001	5000000	0.369176455053931
chr10	5000001	5500000	0.391759038982484
chr10	5500001	6000000	0.404028154362916
chr10	6000001	6500000	0.494495549590298
chr10	6500001	7000000	0.438084823403654
chr10	7000001	7500000	0.453180989152169
chr10	7500001	8000000	0.40285180581608
chr10	8000001	8500000	0.349212357970541
chr10	8500001	9000000	0.340733114892706
chr10	9000001	9500000	0.31298875171905
chr10	9500001	10000000	0.358302537503337
chr10	10000001	10500000	0.390305681023482
chr10	10500001	11000000	0.345861615563542
chr10	11000001	11500000	0.476161205940696
chr10	11500001	12000000	0.358437101963368
chr10	12000001	12500000	0.448723510370216
chr10	12500001	13000000	0.460595866023085
chr10	13000001	13500000	0.362477260744546
chr10	13500001	14000000	0.434004808536504
chr10	14000001	14500000	0.366661475281291
chr10	14500001	15000000	0.478994675423639
chr10	15000001	15500000	0.403373967650731
chr10	15500001	16000000	0.350993863410721
chr10	16000001	16500000	0.418973373916022
chr10	16500001	17000000	0.466545690835368
chr10	17000001	17500000	0.385391397077493
chr10	17500001	18000000	0.316768744387847
chr10	18000001	18500000	0.325302173981531
chr10	18500001	19000000	0.395495521339268
chr10	19000001	19500000	0.411895158096252
chr10	19500001	20000000	0.48070412373629
chr10	20000001	20500000	0.465838798058332
chr10	20500001	21000000	0.366545005044035
chr10	21000001	21500000	0.34902891574811
chr10	21500001	22000000	0.476686750165771
chr10	22000001	22500000	0.323213404257617
chr10	22500001	23000000	0.505119366724882
chr10	23000001	23500000	0.391402329391197
chr10	23500001	24000000	0.341249215753971
chr10	24000001	24500000	0.341909521282838
chr10	24500001	25000000	0.343782994231746
chr10	25000001	25500000	0.389742824455779
chr10	25500001	26000000	0.418468747817369
chr10	26000001	26500000	0.452322178503747
chr10	26500001	27000000	0.441426613882338
chr10	27000001	27500000	0.448010546522153
chr10	27500001	28000000	0.3466130607915
chr10	28000001	28500000	0.453522586904519
chr10	28500001	29000000	0.42577373667042
chr10	29000001	29500000	0.380660537337794
chr10	29500001	30000000	0.478302265388178
chr10	30000001	30500000	0.434600650427512
chr10	30500001	31000000	0.436570668209956
chr10	31000001	31500000	0.396888702092722
chr10	31500001	32000000	0.384285490201429
chr10	32000001	32500000	0.366867424297571
chr10	32500001	33000000	0.461335845737283
chr10	33000001	33500000	0.416868742682955
chr10	33500001	34000000	0.293882089703956
chr10	34000001	34500000	0.392101211004497
chr10	34500001	35000000	0.262850515991486
chr10	35000001	35500000	0.331411118204802
chr10	35500001	36000000	0.350319588729641
chr10	36000001	36500000	0.388982295092862
chr10	36500001	37000000	0.223055054710569
chr10	37000001	37500000	0.230599677874224
chr10	42500001	43000000	0.326638091002659
chr10	43000001	43500000	0.328091965412719
chr10	43500001	44000000	0.27214413561429
chr10	44000001	44500000	0.273457681414975
chr10	44500001	45000000	0.268401714205284
chr10	45000001	45500000	0.348530586057025
chr10	47000001	47500000	0.25229039635696
chr10	48000001	48500000	-0.0636579710048594
chr10	48500001	49000000	0.192863481243478
chr10	49000001	49500000	0.133154524389126
chr10	49500001	50000000	0.170494246668677
chr10	50000001	50500000	0.0843181795489249
chr10	50500001	51000000	0.157703967836998
chr10	51000001	51500000	0.126820671074404
chr10	51500001	52000000	0.197279848594452
chr10	52000001	52500000	0.118419406128886
chr10	52500001	53000000	0.118326640421379
chr10	53000001	53500000	NA
chr10	53500001	54000000	0.162772768957707
chr10	54000001	54500000	0.144171326334152
chr10	54500001	55000000	0.169424521466242
chr10	55000001	55500000	0.122932160658666
chr10	55500001	56000000	0.099510104234668
chr10	56000001	56500000	0.200389749954474
chr10	56500001	57000000	0.166773324501028
chr10	57000001	57500000	0.196071517731021
chr10	57500001	58000000	0.174162476405628
chr10	58000001	58500000	NA
chr10	58500001	59000000	0.170933781552317
chr10	59000001	59500000	0.129983493454504
chr10	59500001	60000000	NA
chr10	60000001	60500000	0.0974246326726783
chr10	60500001	61000000	0.128372053077157
chr10	61000001	61500000	0.203942818566253
chr10	61500001	62000000	0.125814571431592
chr10	62000001	62500000	0.085689377149273
chr10	62500001	63000000	NA
chr10	63000001	63500000	0.251732907938292
chr10	63500001	64000000	0.140854947936385
chr10	64000001	64500000	0.135311093691265
chr10	64500001	65000000	0.137040489674924
chr10	65000001	65500000	0.0815965747592622
chr10	65500001	66000000	0.0937750213202145
chr10	66000001	66500000	0.205046593503824
chr10	66500001	67000000	0.218051776391332
chr10	67000001	67500000	0.263690079920893
chr10	67500001	68000000	0.116040212562209
chr10	68000001	68500000	0.14572538348461
chr10	68500001	69000000	0.0969389671696237
chr10	69000001	69500000	0.265878756414063
chr10	69500001	70000000	0.16038294799354
chr10	70000001	70500000	0.0680771125138842
chr10	70500001	71000000	0.165597287697724
chr10	71000001	71500000	0.083105337262017
chr10	71500001	72000000	0.291578430934628
chr10	72000001	72500000	0.0976189155504907
chr10	72500001	73000000	0.231907440420885
chr10	73000001	73500000	0.183151718782871
chr10	73500001	74000000	0.165315341906457
chr10	74000001	74500000	0.170120311531017
chr10	74500001	75000000	0.134142754000955
chr10	75000001	75500000	0.180298488410544
chr10	75500001	76000000	0.213505286952663
chr10	76000001	76500000	0.171213408173935
chr10	76500001	77000000	0.110446944103877
chr10	77000001	77500000	0.0674039821748822
chr10	77500001	78000000	0.13304658003286
chr10	78000001	78500000	0.117595492940944
chr10	78500001	79000000	0.0773343467153665
chr10	79000001	79500000	0.268066182648908
chr10	80000001	80500000	0.230521487311177
chr10	80500001	81000000	0.196093011378205
chr10	81000001	81500000	-0.0182044930488791
chr10	81500001	82000000	0.0111468376388508
chr10	82000001	82500000	0.0238053550153304
chr10	82500001	83000000	-0.0412509441944695
chr10	83000001	83500000	0.00203392155061375
chr10	83500001	84000000	0.0258154563997983
chr10	84000001	84500000	-0.0231791581382016
chr10	84500001	85000000	-0.176187480176404
chr10	85000001	85500000	-0.131680144352755
chr10	85500001	86000000	-0.168206149760401
chr10	86000001	86500000	-0.226075210710104
chr10	86500001	87000000	-0.313403662922274
chr10	87500001	88000000	-0.0597654237016868
chr10	88000001	88500000	0.0432688184204346
chr10	88500001	89000000	-0.00222517134834294
chr10	89000001	89500000	-0.0282189127647452
chr10	89500001	90000000	-0.0755630108694769
chr10	90000001	90500000	-0.0160622928854712
chr10	90500001	91000000	-0.0697116134088688
chr10	91000001	91500000	-0.0247254140151099
chr10	91500001	92000000	-0.0487829555090579
chr10	92000001	92500000	-0.0169284616534207
chr10	92500001	93000000	-0.0111602296172075
chr10	93000001	93500000	-0.0264591242553444
chr10	93500001	94000000	-0.0770129412221252
chr10	94000001	94500000	-0.129801775691847
chr10	94500001	95000000	0.00515241946518491
chr10	95000001	95500000	-0.0210428213641136
chr10	95500001	96000000	0.101776675530044
chr10	96000001	96500000	-0.0557092934424869
chr10	96500001	97000000	0.0451551754024071
chr10	97000001	97500000	0.0128293313796072
chr10	97500001	98000000	-0.0111097760816417
chr10	98000001	98500000	-0.0773487016457851
chr10	98500001	99000000	-0.102430600605067
chr10	99000001	99500000	-0.0420542231910043
chr10	99500001	100000000	-0.00282454939124786
chr10	100000001	100500000	-0.00674660703003983
chr10	100500001	101000000	-0.0298717810887793
chr10	101000001	101500000	-0.0808253713262389
chr10	101500001	102000000	0.0396743282530775
chr10	102000001	102500000	0.0467459151811696
chr10	102500001	103000000	0.0329985483413461
chr10	103000001	103500000	0.0089280023556035
chr10	103500001	104000000	0.0497774157732975
chr10	104000001	104500000	0.00547027688990255
chr10	104500001	105000000	-0.188959475625227
chr10	105000001	105500000	-0.0840559588537319
chr10	105500001	106000000	-0.0647277336345346
chr10	106000001	106500000	-0.072585633580694
chr10	106500001	107000000	-0.138450147926151
chr10	107000001	107500000	-0.114579868256258
chr10	107500001	108000000	-0.148620689862905
chr10	108000001	108500000	-0.191965884540599
chr10	108500001	109000000	-0.143251350078106
chr10	109000001	109500000	-0.23208272170544
chr10	109500001	110000000	-0.184884583023146
chr10	110000001	110500000	-0.0608408487119488
chr10	110500001	111000000	-0.0719956644938499
chr10	111000001	111500000	-0.140541671182991
chr10	111500001	112000000	-0.132642274608401
chr10	112000001	112500000	-0.205985362649737
chr10	112500001	113000000	-0.234518820915226
chr10	113000001	113500000	-0.0870422006077475
chr10	113500001	114000000	-0.120991348269725
chr10	114000001	114500000	NA
chr10	114500001	115000000	-0.075809426419529
chr10	115000001	115500000	-0.244944001965844
chr10	115500001	116000000	-0.182228279063462
chr10	116000001	116500000	-0.0860696843999171
chr10	116500001	117000000	-0.0542133433959085
chr10	117000001	117500000	0.0214409489992817
chr10	117500001	118000000	-0.114464038053188
chr10	118000001	118500000	-0.115901293437164
chr10	118500001	119000000	-0.0880775000787483
chr10	119000001	119500000	0.0181965752667392
chr10	119500001	120000000	-0.0288419237608736
chr10	120000001	120500000	-0.099053109142935
chr10	120500001	121000000	0.0394530114491828
chr10	121000001	121500000	-0.0169220427609797
chr10	121500001	122000000	-0.0730789817251258
chr10	122000001	122500000	0.0258477308245668
chr10	122500001	123000000	0.0566636441522803
chr10	123000001	123500000	0.0790983644829409
chr10	123500001	124000000	-2.31673980298636e-05
chr10	124000001	124500000	NA
chr10	124500001	125000000	0.128726576542098
chr10	125000001	125500000	0.149444295095312
chr10	125500001	126000000	0.13450249187408
chr10	126000001	126500000	0.139346099827415
chr10	126500001	127000000	6.38172794897307e-05
chr10	127000001	127500000	0.0509664905935885
chr10	127500001	128000000	0.068284572282449
chr10	128000001	128500000	0.116406522594911
chr10	128500001	129000000	0.128044919985662
chr10	129000001	129500000	0.0330249636204982
chr10	129500001	130000000	0.0106417543033159
chr10	130000001	130500000	0.0195574434949771
chr10	130500001	131000000	0.0277155724317861
chr10	131000001	131500000	0.123397420062073
chr10	131500001	132000000	NA
chr10	132000001	132500000	0.108982686754354
chr10	132500001	133000000	0.230257891302714
chr10	133000001	133500000	0.067681481516702
chr11	500001	1000000	-0.0302720244599386
chr11	1000001	1500000	-0.214754946591622
chr11	1500001	2000000	-0.103623036326589
chr11	2000001	2500000	-0.122284005976833
chr11	2500001	3000000	-0.132595918008793
chr11	3500001	4000000	-0.040860387354932
chr11	4000001	4500000	-0.128499119003078
chr11	4500001	5000000	-0.189958847812835
chr11	5000001	5500000	-0.212547182391828
chr11	5500001	6000000	0.00668182810513247
chr11	6000001	6500000	0.0751741837653466
chr11	6500001	7000000	0.031755640580578
chr11	7000001	7500000	-0.0984662137217511
chr11	7500001	8000000	0.0407785549975501
chr11	8000001	8500000	0.021919883991802
chr11	8500001	9000000	0.0104381076853631
chr11	9000001	9500000	0.0197969196734091
chr11	9500001	10000000	-0.00730464414557736
chr11	10000001	10500000	0.00905408534853641
chr11	10500001	11000000	0.0486966881455011
chr11	11000001	11500000	-0.0138297116446054
chr11	11500001	12000000	-0.0641343056516987
chr11	12000001	12500000	-0.0328956365771357
chr11	12500001	13000000	-0.0839685909619265
chr11	13000001	13500000	0.00313077204180449
chr11	13500001	14000000	-0.0168676922014233
chr11	14000001	14500000	0.000864324876792631
chr11	14500001	15000000	0.0117949992534921
chr11	15000001	15500000	0.0195994049341042
chr11	15500001	16000000	0.0430370152050533
chr11	16000001	16500000	-0.0355911375197783
chr11	16500001	17000000	-0.00905795952560183
chr11	17000001	17500000	-0.0135031108300872
chr11	17500001	18000000	-0.0394775292008935
chr11	18000001	18500000	0.0372166002465366
chr11	18500001	19000000	-0.0421976591125318
chr11	19000001	19500000	-0.0418149580303839
chr11	19500001	20000000	-0.170720360299447
chr11	20000001	20500000	0.0437775879718673
chr11	20500001	21000000	-0.0273673727039024
chr11	21000001	21500000	-0.0538397752905721
chr11	21500001	22000000	-0.0265161912640886
chr11	22000001	22500000	-0.0792138779487189
chr11	22500001	23000000	-0.0767120314895042
chr11	23000001	23500000	-0.116620251215921
chr11	23500001	24000000	0.0113570984107691
chr11	24000001	24500000	-0.0963470698937577
chr11	24500001	25000000	0.0120482992090938
chr11	25000001	25500000	-0.0465493681493118
chr11	25500001	26000000	-0.0491634328466008
chr11	26000001	26500000	-0.0395563195377337
chr11	26500001	27000000	0.0667768912329252
chr11	27000001	27500000	-0.0185446034328197
chr11	27500001	28000000	-0.0904823887160066
chr11	28000001	28500000	-0.0302670657613539
chr11	28500001	29000000	-0.00338521407794277
chr11	29000001	29500000	0.0302418673484143
chr11	29500001	30000000	-0.00203465040260692
chr11	30000001	30500000	0.0788380929798867
chr11	30500001	31000000	0.0577334620035094
chr11	31000001	31500000	0.00301926680552748
chr11	31500001	32000000	0.0358730631498008
chr11	32000001	32500000	-0.0637624288921884
chr11	32500001	33000000	0.0384514421282191
chr11	33000001	33500000	0.0241519087183286
chr11	33500001	34000000	0.100673816968212
chr11	34000001	34500000	0.111927946150269
chr11	34500001	35000000	0.0419143171021957
chr11	35000001	35500000	0.108314383680813
chr11	35500001	36000000	0.043980653898576
chr11	36000001	36500000	0.115292095830985
chr11	36500001	37000000	0.0190953704012705
chr11	37000001	37500000	0.124755556770485
chr11	37500001	38000000	-0.00211574526668622
chr11	38000001	38500000	0.0220282209609724
chr11	38500001	39000000	0.0938711271653057
chr11	39000001	39500000	0.0237521641588081
chr11	39500001	40000000	0.0596545347960369
chr11	40000001	40500000	0.0388885100514889
chr11	40500001	41000000	0.0867775067126312
chr11	41000001	41500000	-0.0583158370752975
chr11	41500001	42000000	0.0095824609058326
chr11	42000001	42500000	0.0130323197793395
chr11	42500001	43000000	0.0360129200112713
chr11	43000001	43500000	0.0418161164055231
chr11	43500001	44000000	0.00375467692040533
chr11	44000001	44500000	-0.0794590861342749
chr11	44500001	45000000	0.0700290392714591
chr11	45000001	45500000	-0.0328645858677064
chr11	45500001	46000000	-0.0105266957853217
chr11	46000001	46500000	0.0420360138605909
chr11	46500001	47000000	-0.0169923701066024
chr11	47000001	47500000	0.0442959285205832
chr11	47500001	48000000	-0.117908021536845
chr11	48000001	48500000	0.0757988886766831
chr11	50000001	50500000	-0.175464521622263
chr11	56000001	56500000	-0.0392432039531297
chr11	56500001	57000000	-0.143286787715439
chr11	57000001	57500000	-0.0408931283115076
chr11	57500001	58000000	-0.000686461960839616
chr11	58000001	58500000	-0.0433194554428837
chr11	58500001	59000000	-0.0920605752213398
chr11	59000001	59500000	0.0324609275709343
chr11	59500001	60000000	0.0630273553455351
chr11	60000001	60500000	0.0100391821289116
chr11	60500001	61000000	-0.0714301436612006
chr11	61000001	61500000	0.0169815841732472
chr11	61500001	62000000	-0.0032446095138805
chr11	62000001	62500000	-0.111758625386087
chr11	62500001	63000000	0.110175303142721
chr11	63000001	63500000	0.158114561456154
chr11	63500001	64000000	0.0109600421212653
chr11	64000001	64500000	0.0817813604772341
chr11	64500001	65000000	0.236359884357554
chr11	65000001	65500000	0.252503096313437
chr11	65500001	66000000	0.107212070962912
chr11	66000001	66500000	0.0907375372108305
chr11	66500001	67000000	0.0405101140635803
chr11	67000001	67500000	0.155712262959467
chr11	68000001	68500000	-0.0117465732785804
chr11	68500001	69000000	-0.0150759397345693
chr11	69000001	69500000	0.0480472374203219
chr11	69500001	70000000	0.00278432339674453
chr11	70000001	70500000	0.132003654979497
chr11	70500001	71000000	NA
chr11	71000001	71500000	NA
chr11	72000001	72500000	0.185546160469644
chr11	72500001	73000000	0.187705147250901
chr11	73000001	73500000	0.188233334262458
chr11	73500001	74000000	0.151820603199689
chr11	74000001	74500000	0.112588799990183
chr11	74500001	75000000	0.139128686553712
chr11	75000001	75500000	0.130033078337413
chr11	75500001	76000000	0.10482757043927
chr11	76000001	76500000	0.158080781333274
chr11	76500001	77000000	0.138520523771646
chr11	77000001	77500000	0.132162978191339
chr11	77500001	78000000	0.128811336833228
chr11	78000001	78500000	0.202334853026565
chr11	78500001	79000000	0.0430565017261119
chr11	79000001	79500000	0.068160138004074
chr11	79500001	80000000	0.140783218877085
chr11	80000001	80500000	0.181420765873092
chr11	80500001	81000000	0.0590562519482588
chr11	81000001	81500000	0.0869029444026617
chr11	81500001	82000000	0.0810436396361357
chr11	82000001	82500000	0.0444993759215434
chr11	82500001	83000000	0.0908815147431529
chr11	83000001	83500000	0.171525823973305
chr11	83500001	84000000	0.0569628130788569
chr11	84000001	84500000	0.17037191622052
chr11	84500001	85000000	0.134870976666831
chr11	85000001	85500000	0.145430723701554
chr11	85500001	86000000	0.144325774889708
chr11	86000001	86500000	0.181593841345266
chr11	86500001	87000000	0.0348134717483534
chr11	87000001	87500000	0.0322488792019779
chr11	87500001	88000000	NA
chr11	88000001	88500000	NA
chr11	88500001	89000000	0.0806900367034042
chr11	89000001	89500000	0.249263860287944
chr11	90000001	90500000	0.0715092696923291
chr11	90500001	91000000	0.193722472333312
chr11	91000001	91500000	0.0353001867243349
chr11	91500001	92000000	0.1801059282522
chr11	92000001	92500000	0.0401781307605951
chr11	92500001	93000000	0.103383145506908
chr11	93000001	93500000	0.0283247571447977
chr11	93500001	94000000	0.109057134073926
chr11	94000001	94500000	0.162067857823224
chr11	94500001	95000000	0.175718543990569
chr11	95000001	95500000	0.13642536592546
chr11	95500001	96000000	0.0975611678574551
chr11	96000001	96500000	0.104952642257694
chr11	96500001	97000000	NA
chr11	97000001	97500000	0.10266351057095
chr11	97500001	98000000	0.121320997150695
chr11	98000001	98500000	0.123104303083897
chr11	98500001	99000000	0.113349375428706
chr11	99000001	99500000	0.109803444655742
chr11	99500001	100000000	0.109634784210341
chr11	100000001	100500000	0.10805361965954
chr11	100500001	101000000	-0.0288417614481217
chr11	101000001	101500000	-0.0363833682180606
chr11	101500001	102000000	0.0180707775045702
chr11	102000001	102500000	-0.076957498056447
chr11	102500001	103000000	-0.080320531416763
chr11	103000001	103500000	-0.00425670388849442
chr11	103500001	104000000	0.0608228605382527
chr11	104000001	104500000	-0.00795957872556415
chr11	104500001	105000000	-0.00584142314144415
chr11	105000001	105500000	0.102594804741321
chr11	105500001	106000000	-0.032893558206447
chr11	106000001	106500000	-0.009629026216696
chr11	106500001	107000000	-0.0364433781204395
chr11	107000001	107500000	-0.0427507650991881
chr11	107500001	108000000	0.0109630176436206
chr11	108000001	108500000	0.0298860329280408
chr11	108500001	109000000	-0.10561050095833
chr11	109000001	109500000	-0.122981141091747
chr11	109500001	110000000	-0.137674304821092
chr11	110000001	110500000	0.0172368946043326
chr11	110500001	111000000	-0.0730880934232578
chr11	111000001	111500000	-0.0791910329662885
chr11	111500001	112000000	0.0214807444218398
chr11	112000001	112500000	-0.0685720614199265
chr11	112500001	113000000	-0.0422680416175073
chr11	113000001	113500000	-0.014239905926166
chr11	113500001	114000000	-0.00561959705654603
chr11	114000001	114500000	0.0717579805735019
chr11	114500001	115000000	-0.0646677308006388
chr11	115000001	115500000	-0.0628488112161128
chr11	115500001	116000000	-0.00329484056986814
chr11	116000001	116500000	-0.0762085714665797
chr11	116500001	117000000	-0.074236233175276
chr11	117000001	117500000	-0.061531587501899
chr11	117500001	118000000	-0.0641434752950755
chr11	118000001	118500000	0.0742118433906052
chr11	118500001	119000000	-0.024961666674873
chr11	119000001	119500000	0.0014187772115563
chr11	119500001	120000000	0.0305440645710599
chr11	120000001	120500000	-0.0764679211060517
chr11	120500001	121000000	-0.161267112326326
chr11	121000001	121500000	0.0128387960624884
chr11	121500001	122000000	-0.0438613443758451
chr11	122000001	122500000	0.0166783815913898
chr11	122500001	123000000	0.0922767584324642
chr11	123000001	123500000	0.0206757741898459
chr11	123500001	124000000	0.0886191427896764
chr11	124000001	124500000	0.0452550176296528
chr11	124500001	125000000	0.121778607890968
chr11	125000001	125500000	-0.0085705463002374
chr11	125500001	126000000	-0.00101238000971764
chr11	126000001	126500000	-0.00549977207625463
chr11	126500001	127000000	-0.0694507334306064
chr11	127000001	127500000	0.0157863823817092
chr11	127500001	128000000	-0.0393157675691722
chr11	128000001	128500000	0.0430662604278014
chr11	128500001	129000000	0.196456976970193
chr11	129000001	129500000	-0.017088584406361
chr11	129500001	130000000	0.0251619096972342
chr11	130000001	130500000	0.0592842874599033
chr11	130500001	131000000	0.144382182278256
chr11	131000001	131500000	0.024249304081093
chr11	131500001	132000000	-0.0212116552418419
chr11	132000001	132500000	-0.0212957326176636
chr11	132500001	133000000	0.0052605305131977
chr11	133000001	133500000	0.0486253748176912
chr11	133500001	134000000	-0.0840553706629132
chr11	134000001	134500000	-0.00865379972559925
chr11	134500001	135000000	-0.0438585358991808
chr11	135000001	135500000	NA
chr12	1	500000	NA
chr12	500001	1000000	0.216002023851285
chr12	1000001	1500000	0.0678028951729054
chr12	1500001	2000000	0.0941647950922038
chr12	2000001	2500000	0.045117965663166
chr12	2500001	3000000	0.0794623598668152
chr12	3000001	3500000	0.0450727162897359
chr12	3500001	4000000	0.110808228403189
chr12	4000001	4500000	0.131893092806415
chr12	4500001	5000000	0.0873703704675535
chr12	5000001	5500000	0.000995650876863124
chr12	5500001	6000000	0.171491048585221
chr12	6000001	6500000	0.341534597818968
chr12	6500001	7000000	NA
chr12	7000001	7500000	NA
chr12	7500001	8000000	0.145207017137878
chr12	8500001	9000000	0.0365300856536387
chr12	9000001	9500000	0.0961585261012821
chr12	9500001	10000000	0.0649178037101112
chr12	10000001	10500000	0.129609880198734
chr12	10500001	11000000	0.117405525532083
chr12	11000001	11500000	0.202374266009867
chr12	11500001	12000000	0.203026030751958
chr12	12000001	12500000	0.0777368663822108
chr12	12500001	13000000	0.165921346868314
chr12	13000001	13500000	0.0540655354021522
chr12	13500001	14000000	0.0641782605295664
chr12	14000001	14500000	0.150435864361114
chr12	14500001	15000000	0.236538189540234
chr12	15000001	15500000	0.0516353157537222
chr12	15500001	16000000	0.0708058192672559
chr12	16000001	16500000	0.089714703392371
chr12	16500001	17000000	0.0936396994642473
chr12	17000001	17500000	0.081342996011377
chr12	17500001	18000000	0.185972833187017
chr12	18000001	18500000	0.0945913227947715
chr12	18500001	19000000	0.159578592268915
chr12	19000001	19500000	0.0600309729937565
chr12	19500001	20000000	0.102245815353018
chr12	20000001	20500000	0.0867991939463032
chr12	20500001	21000000	0.146145974244137
chr12	21000001	21500000	0.0722226847884651
chr12	21500001	22000000	0.0407474100328197
chr12	22000001	22500000	0.0832575554188613
chr12	22500001	23000000	0.155113296643839
chr12	23000001	23500000	0.0812719084229628
chr12	23500001	24000000	0.141816678010991
chr12	24000001	24500000	0.154281828098194
chr12	24500001	25000000	-0.0069962384489076
chr12	25000001	25500000	0.144126399492924
chr12	25500001	26000000	0.023322550754474
chr12	26000001	26500000	0.0775755757675784
chr12	26500001	27000000	0.199062257201671
chr12	27000001	27500000	0.206195297338736
chr12	27500001	28000000	0.0863986388535268
chr12	28000001	28500000	0.208169294233666
chr12	28500001	29000000	0.112686168242195
chr12	29000001	29500000	0.125802017650351
chr12	29500001	30000000	0.120812089511418
chr12	30000001	30500000	0.143511558014209
chr12	30500001	31000000	0.15527134423396
chr12	31000001	31500000	0.156711077554592
chr12	31500001	32000000	0.194795584497833
chr12	32000001	32500000	0.160643079010264
chr12	32500001	33000000	0.205564815157875
chr12	38000001	38500000	0.186352371662126
chr12	38500001	39000000	0.132262077350499
chr12	39000001	39500000	0.0707864449869165
chr12	39500001	40000000	0.109696124061767
chr12	40000001	40500000	0.185069377144974
chr12	40500001	41000000	0.199634226165653
chr12	41000001	41500000	0.137288290628968
chr12	41500001	42000000	0.0573366575218712
chr12	42000001	42500000	0.328702222386799
chr12	42500001	43000000	0.290294580538389
chr12	43000001	43500000	0.326241810842175
chr12	43500001	44000000	0.090077327570628
chr12	44000001	44500000	0.0742732449974224
chr12	44500001	45000000	0.0375533514152523
chr12	45000001	45500000	0.12924472235189
chr12	45500001	46000000	0.0975685662148984
chr12	46000001	46500000	0.0461365173945607
chr12	46500001	47000000	0.00756412796603488
chr12	47000001	47500000	0.125403051493027
chr12	47500001	48000000	0.160104907150698
chr12	48000001	48500000	0.0453727297580673
chr12	48500001	49000000	0.156902790524955
chr12	49000001	49500000	0.0824985297602656
chr12	49500001	50000000	0.0527888862048444
chr12	50000001	50500000	0.066305381364321
chr12	50500001	51000000	0.18867558319657
chr12	51000001	51500000	0.101772810294756
chr12	51500001	52000000	-0.0044529555870428
chr12	52000001	52500000	0.0135573365847169
chr12	52500001	53000000	-0.0338807922782546
chr12	53000001	53500000	0.187094889804297
chr12	53500001	54000000	0.131463916320961
chr12	54000001	54500000	0.238539799200222
chr12	54500001	55000000	0.223945398480466
chr12	55000001	55500000	0.133178598243012
chr12	55500001	56000000	0.179732976969194
chr12	56000001	56500000	0.243406939747917
chr12	56500001	57000000	0.0730158913998404
chr12	57000001	57500000	0.166691134005271
chr12	57500001	58000000	0.142150895656959
chr12	58000001	58500000	0.0493086420883205
chr12	58500001	59000000	0.0442201660965227
chr12	59000001	59500000	0.0102095247957734
chr12	59500001	60000000	0.0900143195127539
chr12	60000001	60500000	0.00257791790020755
chr12	60500001	61000000	0.0280885002426829
chr12	61000001	61500000	-0.00479758262028565
chr12	61500001	62000000	0.169070073104368
chr12	62000001	62500000	0.0945545844840119
chr12	62500001	63000000	0.143667916913589
chr12	63000001	63500000	-0.00407450677057725
chr12	63500001	64000000	0.219599600519351
chr12	64000001	64500000	0.08027038561533
chr12	64500001	65000000	0.0570167892607851
chr12	65000001	65500000	0.0247755543624007
chr12	65500001	66000000	-0.0397007910865475
chr12	66000001	66500000	0.14672550375993
chr12	66500001	67000000	0.0168923194719503
chr12	67000001	67500000	-0.0370042577250902
chr12	67500001	68000000	0.0174835584219609
chr12	68000001	68500000	0.178769462267879
chr12	68500001	69000000	0.0824946986520242
chr12	69000001	69500000	0.129920616020122
chr12	69500001	70000000	0.0599969424965417
chr12	70000001	70500000	0.0966435036308457
chr12	70500001	71000000	-0.00689585370382216
chr12	71000001	71500000	-0.0118220652236331
chr12	71500001	72000000	0.0462196209313458
chr12	72000001	72500000	0.0427431234667103
chr12	72500001	73000000	0.0426113719698396
chr12	73000001	73500000	0.104338145185186
chr12	73500001	74000000	-0.0390748811835958
chr12	74000001	74500000	0.0404015716856091
chr12	74500001	75000000	0.0254970769314113
chr12	75000001	75500000	0.00496345135036498
chr12	75500001	76000000	0.0363506103890247
chr12	76000001	76500000	0.140919778064067
chr12	76500001	77000000	0.0112552728125975
chr12	77000001	77500000	0.0439490924188414
chr12	77500001	78000000	-0.0183073678288388
chr12	78000001	78500000	-0.127199643598504
chr12	78500001	79000000	-0.059399149820953
chr12	79000001	79500000	-0.0640761025114875
chr12	79500001	80000000	-0.0486687616497452
chr12	80000001	80500000	-0.140470077273763
chr12	80500001	81000000	-0.0544016327455088
chr12	81000001	81500000	-0.0537125971506972
chr12	81500001	82000000	-0.100388348456555
chr12	82000001	82500000	0.0036741133251921
chr12	82500001	83000000	-0.0325789234354974
chr12	83000001	83500000	-0.0130660221371407
chr12	83500001	84000000	-0.0228676760064421
chr12	84000001	84500000	-0.0672685778281492
chr12	84500001	85000000	-0.121475870320803
chr12	85000001	85500000	-0.0806308457221752
chr12	85500001	86000000	-0.144644177864753
chr12	86000001	86500000	-0.100269763572292
chr12	86500001	87000000	-0.123920661809549
chr12	87000001	87500000	-0.132507250270716
chr12	87500001	88000000	-0.0415225484169394
chr12	88000001	88500000	-0.0644725229683985
chr12	88500001	89000000	-0.115918130556765
chr12	89000001	89500000	0.0531253326987614
chr12	89500001	90000000	0.0516227581008302
chr12	90000001	90500000	0.0212961989929111
chr12	90500001	91000000	-0.0615731368520838
chr12	91000001	91500000	-0.0259019208879129
chr12	91500001	92000000	-0.0161223844611394
chr12	92000001	92500000	-0.0625695052314468
chr12	92500001	93000000	-0.0485863877510484
chr12	93000001	93500000	0.103375054471472
chr12	93500001	94000000	-0.0253577200287568
chr12	94000001	94500000	0.0157881853969566
chr12	94500001	95000000	-0.0381242740178733
chr12	95000001	95500000	-0.069876209403446
chr12	95500001	96000000	-0.08336458048895
chr12	96000001	96500000	-0.0677750957090711
chr12	96500001	97000000	-0.0819869505863726
chr12	97000001	97500000	-0.0558546758176654
chr12	97500001	98000000	-0.0563497818784987
chr12	98000001	98500000	-0.0108841550594138
chr12	98500001	99000000	0.0150893325491024
chr12	99000001	99500000	-0.0772818374506548
chr12	99500001	100000000	-0.0871005074030708
chr12	100000001	100500000	-0.0603427504362374
chr12	100500001	101000000	-0.0627524366380374
chr12	101000001	101500000	-0.179661380218189
chr12	101500001	102000000	0.0260395446749426
chr12	102000001	102500000	-0.0352786089769047
chr12	102500001	103000000	-0.0153527454515529
chr12	103000001	103500000	-0.0296364862675839
chr12	103500001	104000000	0.0264039045262537
chr12	104000001	104500000	-0.0412043277993214
chr12	104500001	105000000	0.0708336670233792
chr12	105000001	105500000	-0.00520089417143282
chr12	105500001	106000000	-0.106561132347997
chr12	106000001	106500000	-0.0294650780383492
chr12	106500001	107000000	-0.164046303075903
chr12	107000001	107500000	-0.029369156416374
chr12	107500001	108000000	-0.0959002300018958
chr12	108000001	108500000	-0.0604721090895764
chr12	108500001	109000000	0.0755605310787344
chr12	109000001	109500000	-0.0162185160867657
chr12	109500001	110000000	0.0842447989170615
chr12	110000001	110500000	0.00917357936041534
chr12	110500001	111000000	-0.139964202035269
chr12	111000001	111500000	-0.0187713567459652
chr12	111500001	112000000	-0.0677910651064314
chr12	112000001	112500000	0.10566849504847
chr12	112500001	113000000	-0.0461575589459666
chr12	113000001	113500000	0.00872765013625281
chr12	113500001	114000000	-0.0634432154113755
chr12	114000001	114500000	0.000511532806575205
chr12	114500001	115000000	-0.11115134670902
chr12	115000001	115500000	-0.0547601126955071
chr12	115500001	116000000	-0.0886388365126143
chr12	116000001	116500000	0.0141174683027467
chr12	116500001	117000000	-0.0590146380170116
chr12	117000001	117500000	0.00252907664330741
chr12	117500001	118000000	-0.0493830712157667
chr12	118000001	118500000	0.00651288738905345
chr12	118500001	119000000	-0.0464231562946413
chr12	119000001	119500000	-0.0604991648556281
chr12	119500001	120000000	-0.0712513424487018
chr12	120000001	120500000	-0.00822299805856599
chr12	120500001	121000000	0.0372988895653291
chr12	121000001	121500000	0.0780167733917445
chr12	121500001	122000000	0.0282716259917869
chr12	122000001	122500000	NA
chr12	122500001	123000000	-0.0300722926272754
chr12	123000001	123500000	NA
chr12	123500001	124000000	-0.0978904951028099
chr12	124000001	124500000	-0.0897920592595811
chr12	124500001	125000000	0.0724860187995203
chr12	125000001	125500000	-0.0566019509834386
chr12	125500001	126000000	-0.0388719728248213
chr12	126000001	126500000	-0.00174037642317204
chr12	126500001	127000000	-0.00744293758146392
chr12	127000001	127500000	-0.076023095996438
chr12	127500001	128000000	-0.0822651488333337
chr12	128000001	128500000	-0.0508549552965662
chr12	128500001	129000000	-0.156036109108511
chr12	129000001	129500000	-0.0648059690502628
chr12	129500001	130000000	-0.0898719164137203
chr12	130000001	130500000	-0.199518090383303
chr12	130500001	131000000	-0.104432138324149
chr12	131000001	131500000	-0.0961440650964956
chr12	131500001	132000000	-0.0584187549267723
chr12	132000001	132500000	NA
chr12	132500001	133000000	0.0551242093469324
chr12	133000001	133500000	NA
chr13	19000001	19500000	-0.148501823800579
chr13	19500001	20000000	-0.215758478575891
chr13	20000001	20500000	-0.180271165983864
chr13	20500001	21000000	-0.178512856221005
chr13	21000001	21500000	-0.131087195979812
chr13	21500001	22000000	-0.164703299653581
chr13	22000001	22500000	-0.184570860622862
chr13	22500001	23000000	-0.177438157424073
chr13	23000001	23500000	-0.201233548991262
chr13	23500001	24000000	-0.148313667159487
chr13	24000001	24500000	-0.182845696915615
chr13	24500001	25000000	-0.117061708584719
chr13	25000001	25500000	-0.164819356420566
chr13	25500001	26000000	-0.222028029089086
chr13	26000001	26500000	-0.218019980818346
chr13	26500001	27000000	-0.178591076455569
chr13	27000001	27500000	-0.0671907437494972
chr13	27500001	28000000	-0.212147025747011
chr13	28000001	28500000	-0.162592244665612
chr13	28500001	29000000	-0.173951810121419
chr13	29000001	29500000	-0.179811091145864
chr13	29500001	30000000	-0.159145759553123
chr13	30000001	30500000	-0.0800972141701634
chr13	30500001	31000000	-0.139579052723893
chr13	31000001	31500000	-0.161364915592706
chr13	31500001	32000000	-0.200758804121065
chr13	32000001	32500000	-0.0929665442063284
chr13	32500001	33000000	-0.0912359727039867
chr13	33000001	33500000	-0.144350728701942
chr13	33500001	34000000	-0.0920347785754617
chr13	34000001	34500000	-0.0880014488600374
chr13	34500001	35000000	-0.112941421382324
chr13	35000001	35500000	-0.12593865374579
chr13	35500001	36000000	-0.292635911317816
chr13	36000001	36500000	-0.0808028496867939
chr13	36500001	37000000	-0.211320826524459
chr13	37000001	37500000	-0.0645680517320825
chr13	37500001	38000000	-0.105552990451296
chr13	38000001	38500000	-0.249419298866188
chr13	38500001	39000000	-0.19451613967035
chr13	39000001	39500000	-0.343990668156311
chr13	39500001	40000000	-0.308548426208016
chr13	40000001	40500000	-0.18565502322276
chr13	40500001	41000000	-0.243857118953852
chr13	41000001	41500000	-0.1237080089612
chr13	41500001	42000000	-0.170482114319078
chr13	42000001	42500000	-0.179535509080579
chr13	42500001	43000000	-0.155619947684562
chr13	43000001	43500000	-0.234290329184035
chr13	43500001	44000000	-0.276242690105852
chr13	44000001	44500000	-0.147403702492504
chr13	44500001	45000000	-0.279272196369581
chr13	45000001	45500000	-0.124640344051251
chr13	45500001	46000000	-0.19434582296008
chr13	46000001	46500000	-0.157220260724904
chr13	46500001	47000000	-0.175808413126245
chr13	47000001	47500000	-0.147993258971155
chr13	47500001	48000000	-0.262355083088826
chr13	48000001	48500000	-0.0374420751639815
chr13	48500001	49000000	-0.000950901334104526
chr13	49000001	49500000	-0.0964165437756608
chr13	49500001	50000000	-0.116315178899961
chr13	50000001	50500000	-0.00856680547734431
chr13	50500001	51000000	-0.101168700420106
chr13	51000001	51500000	-0.158163944495531
chr13	51500001	52000000	-0.148252210440227
chr13	52000001	52500000	-0.107867787131528
chr13	52500001	53000000	0.0317481559488916
chr13	53000001	53500000	0.0403003710569738
chr13	53500001	54000000	-0.0101586235338414
chr13	54000001	54500000	0.0694189424972318
chr13	54500001	55000000	0.164501503938153
chr13	55000001	55500000	0.0660121795216235
chr13	55500001	56000000	0.00785848744519567
chr13	56000001	56500000	0.0772744977669829
chr13	56500001	57000000	0.0360614137544974
chr13	57000001	57500000	0.0657883678728122
chr13	57500001	58000000	-0.0574911589949627
chr13	58000001	58500000	0.0271111695435044
chr13	58500001	59000000	-0.0582707437818722
chr13	59000001	59500000	0.0234488721334046
chr13	59500001	60000000	0.0247236483559757
chr13	60000001	60500000	0.0156427605613322
chr13	60500001	61000000	0.0481947635276535
chr13	61000001	61500000	0.00758072711327434
chr13	61500001	62000000	0.0306301201757526
chr13	62000001	62500000	0.0510242493837369
chr13	62500001	63000000	NA
chr13	63000001	63500000	0.0649585702323172
chr13	63500001	64000000	-0.104654177966255
chr13	64000001	64500000	-0.0657386117035977
chr13	64500001	65000000	-0.0183856794297929
chr13	65000001	65500000	-0.00820771115265628
chr13	65500001	66000000	0.0866159650294146
chr13	66000001	66500000	-0.0818506880512279
chr13	66500001	67000000	0.022043292933369
chr13	67000001	67500000	0.0155766722172628
chr13	67500001	68000000	-0.0196980581482165
chr13	68000001	68500000	-0.00344201349254953
chr13	68500001	69000000	NA
chr13	69000001	69500000	NA
chr13	69500001	70000000	0.0382512911107608
chr13	70000001	70500000	0.0149740824121008
chr13	70500001	71000000	-0.0755680728436326
chr13	71000001	71500000	0.0295757983998279
chr13	71500001	72000000	-0.0155390067890105
chr13	72000001	72500000	0.0399076061843549
chr13	72500001	73000000	0.108699726814613
chr13	73000001	73500000	0.0120107119341457
chr13	73500001	74000000	0.025234730285345
chr13	74000001	74500000	0.0120157009768468
chr13	74500001	75000000	0.0489952428247665
chr13	75000001	75500000	0.0573964468890161
chr13	75500001	76000000	-0.05648096818817
chr13	76000001	76500000	-0.0256319173698359
chr13	76500001	77000000	0.0246276766345371
chr13	77000001	77500000	0.115566157264679
chr13	77500001	78000000	0.0226940264759967
chr13	78000001	78500000	-0.0145665956766643
chr13	78500001	79000000	0.00301992729344694
chr13	79000001	79500000	0.0795901910628892
chr13	79500001	80000000	0.0588650980090457
chr13	80000001	80500000	0.0450859762894857
chr13	80500001	81000000	0.0130095652256156
chr13	81000001	81500000	-0.0219069124347485
chr13	81500001	82000000	0.0596848462749312
chr13	82000001	82500000	0.00719318903158045
chr13	82500001	83000000	-0.0207077372983055
chr13	83000001	83500000	0.0406524332435676
chr13	83500001	84000000	0.0263160306563871
chr13	84000001	84500000	-0.0170008586754471
chr13	84500001	85000000	-0.0211313912788615
chr13	85000001	85500000	-0.0125606000943549
chr13	85500001	86000000	-0.010574096784457
chr13	86000001	86500000	NA
chr13	86500001	87000000	0.0580761186191047
chr13	87000001	87500000	-0.0731292993078973
chr13	87500001	88000000	-0.000630920947812887
chr13	88000001	88500000	0.0884257060491046
chr13	88500001	89000000	-0.00923956901486785
chr13	89000001	89500000	-0.0275074406147932
chr13	89500001	90000000	0.000944874720857997
chr13	90000001	90500000	0.0654103667796618
chr13	90500001	91000000	0.0710728350651793
chr13	91000001	91500000	-0.0394135322948663
chr13	91500001	92000000	0.0467047091915608
chr13	92000001	92500000	0.0506802551590704
chr13	92500001	93000000	0.00914199735598172
chr13	93000001	93500000	0.12910948281974
chr13	93500001	94000000	0.0479964208558507
chr13	94000001	94500000	-0.017788790767274
chr13	94500001	95000000	0.0644052965126024
chr13	95000001	95500000	-0.0327303800754824
chr13	95500001	96000000	-0.00277618024564692
chr13	96000001	96500000	0.0241168929594791
chr13	96500001	97000000	0.143047312804693
chr13	97000001	97500000	0.0718735699850307
chr13	97500001	98000000	0.00990351737799633
chr13	98000001	98500000	0.051527073954964
chr13	98500001	99000000	-0.0126923016957451
chr13	99000001	99500000	0.126510709339775
chr13	99500001	100000000	-0.0384637680124965
chr13	100000001	100500000	-0.0246028182111273
chr13	100500001	101000000	NA
chr13	101000001	101500000	-0.034401899825964
chr13	101500001	102000000	-0.0554759611898898
chr13	102000001	102500000	0.111433168580587
chr13	102500001	103000000	0.0338383485671548
chr13	103000001	103500000	0.0611312079094048
chr13	103500001	104000000	0.03726896771042
chr13	104000001	104500000	0.0663583191263168
chr13	104500001	105000000	0.0294620770384141
chr13	105000001	105500000	0.00970953791970921
chr13	105500001	106000000	0.0362387497121712
chr13	106000001	106500000	0.0346095578547268
chr13	106500001	107000000	0.0364121763619424
chr13	107000001	107500000	-0.00500705077648208
chr13	107500001	108000000	0.0939704980540503
chr13	108000001	108500000	-0.0162305468540405
chr13	108500001	109000000	0.041641203370579
chr13	109000001	109500000	0.0424043581902887
chr13	109500001	110000000	0.141135326069339
chr13	110000001	110500000	-0.0502705994188292
chr13	110500001	111000000	0.0257192134415147
chr13	111000001	111500000	0.0666870842715545
chr13	112000001	112500000	0.033907288627158
chr13	112500001	113000000	0.0462588727273164
chr13	113000001	113500000	-0.0324623578334497
chr13	113500001	114000000	NA
chr13	114000001	114500000	NA
chr14	20000001	20500000	0.189405925183261
chr14	20500001	21000000	0.286439409232614
chr14	21000001	21500000	0.243780346092589
chr14	21500001	22000000	0.0594851040296134
chr14	22000001	22500000	0.0252096255527336
chr14	22500001	23000000	0.290381015716745
chr14	23000001	23500000	0.173696672916164
chr14	23500001	24000000	0.0972728192138199
chr14	24000001	24500000	0.273160109635295
chr14	24500001	25000000	0.0512755120913347
chr14	25000001	25500000	0.0555639609451911
chr14	25500001	26000000	0.07139988812434
chr14	26000001	26500000	0.0458850708491273
chr14	26500001	27000000	0.181353361588605
chr14	27000001	27500000	0.104000438615389
chr14	27500001	28000000	0.172132384610273
chr14	28000001	28500000	0.192557930145007
chr14	28500001	29000000	0.00393021980804509
chr14	29000001	29500000	0.209590994332698
chr14	29500001	30000000	0.170150319813542
chr14	30000001	30500000	0.065848972776989
chr14	30500001	31000000	0.105998526473308
chr14	31000001	31500000	0.170311877379085
chr14	31500001	32000000	0.140786317303669
chr14	32000001	32500000	0.16132587764989
chr14	32500001	33000000	0.021752177844788
chr14	33000001	33500000	0.110237616970629
chr14	33500001	34000000	0.105445056828795
chr14	34000001	34500000	0.0653317463930449
chr14	34500001	35000000	0.202492700742784
chr14	35000001	35500000	0.154911059341971
chr14	35500001	36000000	0.182902360078643
chr14	36000001	36500000	-0.00615032957282202
chr14	36500001	37000000	-0.118994228464484
chr14	37000001	37500000	-0.0511714134384725
chr14	37500001	38000000	-0.0209306326342033
chr14	38000001	38500000	-0.0480755059457783
chr14	38500001	39000000	-0.0365240552934073
chr14	39000001	39500000	-0.0806992776983324
chr14	39500001	40000000	-0.0999836638482141
chr14	40000001	40500000	-0.107363061254592
chr14	40500001	41000000	-0.12261653158555
chr14	41000001	41500000	-0.114777115012894
chr14	41500001	42000000	-0.147246150378509
chr14	42000001	42500000	-0.0268007222040746
chr14	42500001	43000000	-0.110654482169396
chr14	43000001	43500000	0.0719255834134059
chr14	43500001	44000000	0.269967972501924
chr14	44000001	44500000	-0.13488104604382
chr14	44500001	45000000	-0.0293022624465954
chr14	45000001	45500000	-0.0802538422778918
chr14	45500001	46000000	-0.0925909229885947
chr14	46000001	46500000	-0.190411751885456
chr14	46500001	47000000	-0.124658276835323
chr14	47000001	47500000	-0.110218634928133
chr14	47500001	48000000	-0.0827926897369933
chr14	48000001	48500000	-0.116519622101511
chr14	48500001	49000000	-0.0704376083083645
chr14	49000001	49500000	-0.0879783015820191
chr14	49500001	50000000	-0.0259803594189893
chr14	50000001	50500000	-0.012451636315218
chr14	50500001	51000000	0.0291842591279736
chr14	51000001	51500000	-0.0244432883084827
chr14	51500001	52000000	-0.035720311965255
chr14	52000001	52500000	-0.0833327289157948
chr14	52500001	53000000	-0.115622886846113
chr14	53000001	53500000	-0.0925757608458097
chr14	53500001	54000000	-0.127675552769381
chr14	54000001	54500000	-0.090866396630261
chr14	54500001	55000000	-0.0731033160293019
chr14	55000001	55500000	-0.0624678110316308
chr14	55500001	56000000	-0.0680390546453443
chr14	56000001	56500000	0.0160854803653956
chr14	56500001	57000000	-0.187054648928884
chr14	57000001	57500000	-0.152766471721873
chr14	57500001	58000000	-0.138004046332678
chr14	58000001	58500000	-0.0655814283080114
chr14	58500001	59000000	-0.0928090736856813
chr14	59000001	59500000	-0.124039709330406
chr14	59500001	60000000	-0.0730346250764847
chr14	60000001	60500000	-0.0604364071526984
chr14	60500001	61000000	-0.155147924898328
chr14	61000001	61500000	-0.0955521749465553
chr14	61500001	62000000	-0.131689939243988
chr14	62000001	62500000	-0.0820076780561593
chr14	62500001	63000000	-0.115496381618541
chr14	63000001	63500000	-0.131243832740673
chr14	63500001	64000000	-0.138550969613369
chr14	64000001	64500000	-0.0804223029339083
chr14	64500001	65000000	-0.0189204073525443
chr14	65000001	65500000	0.0240032355735044
chr14	65500001	66000000	-0.0648944135699904
chr14	66000001	66500000	-0.195434336500766
chr14	66500001	67000000	-0.110725040032367
chr14	67000001	67500000	-0.0313436052396395
chr14	67500001	68000000	-0.0148794153667253
chr14	68000001	68500000	-0.0239247569109199
chr14	68500001	69000000	0.140592744911287
chr14	69000001	69500000	-0.0792651076159351
chr14	69500001	70000000	0.00722859496520211
chr14	70000001	70500000	-0.0532909916412973
chr14	70500001	71000000	-0.0534447904288047
chr14	71000001	71500000	-0.0546197700927851
chr14	71500001	72000000	-0.20028276208402
chr14	72000001	72500000	-0.0557044222950362
chr14	72500001	73000000	-0.144883433482324
chr14	73000001	73500000	0.00672628359371548
chr14	73500001	74000000	-0.141212793979999
chr14	74000001	74500000	-0.0611149900100156
chr14	74500001	75000000	0.00810665774882484
chr14	75000001	75500000	0.0377423307575708
chr14	75500001	76000000	-0.0937586221013626
chr14	76000001	76500000	-0.111571676756511
chr14	76500001	77000000	-0.0927748186871892
chr14	77000001	77500000	0.0315484580331353
chr14	77500001	78000000	-0.0802162224636475
chr14	78000001	78500000	-0.0927407661916291
chr14	78500001	79000000	-0.0762615854927422
chr14	79000001	79500000	-0.143322497916531
chr14	79500001	80000000	-0.0503493384927416
chr14	80000001	80500000	-0.0770635794817887
chr14	80500001	81000000	-0.112263117668421
chr14	81000001	81500000	-0.0199196427825366
chr14	81500001	82000000	-0.0639186049325966
chr14	82000001	82500000	-0.0642674670394751
chr14	82500001	83000000	-0.080616569876987
chr14	83000001	83500000	-0.125463586383754
chr14	83500001	84000000	-0.0687009122230445
chr14	84000001	84500000	-0.0791225979242785
chr14	84500001	85000000	-0.112288529466865
chr14	85000001	85500000	-0.0741436404361362
chr14	85500001	86000000	-0.0845988400627852
chr14	86000001	86500000	-0.137422010593054
chr14	86500001	87000000	-0.0888952144900483
chr14	87000001	87500000	-0.030635562584423
chr14	87500001	88000000	-0.0204846399484648
chr14	88000001	88500000	-0.0296139273740152
chr14	88500001	89000000	-0.0711566330541546
chr14	89000001	89500000	-0.00969612996262699
chr14	89500001	90000000	-0.0266040965387266
chr14	90000001	90500000	-0.0557155249618504
chr14	90500001	91000000	-0.0125382318180667
chr14	91000001	91500000	-0.023440043244446
chr14	91500001	92000000	-0.129933476715447
chr14	92000001	92500000	-0.024699702662557
chr14	92500001	93000000	-0.0162171007987256
chr14	93000001	93500000	-0.0670148434856396
chr14	93500001	94000000	-0.0705647070177845
chr14	94000001	94500000	-0.0333663976012747
chr14	94500001	95000000	-0.237688078322663
chr14	95000001	95500000	-0.153791914567286
chr14	95500001	96000000	-0.0679375808749954
chr14	96000001	96500000	-0.1536418082483
chr14	96500001	97000000	0.00117664481001358
chr14	97000001	97500000	-0.044537813310286
chr14	97500001	98000000	-0.116438761228444
chr14	98000001	98500000	-0.070728680830601
chr14	98500001	99000000	-0.105877279104665
chr14	99000001	99500000	-0.220207783258851
chr14	99500001	100000000	-0.129035124757541
chr14	100000001	100500000	0.0469912327090962
chr14	100500001	101000000	-0.037825212690857
chr14	101000001	101500000	-0.20504858175894
chr14	101500001	102000000	-0.016847529535587
chr14	102000001	102500000	-0.0897042719712891
chr14	102500001	103000000	-0.0472771186174871
chr14	103000001	103500000	-0.141639727406439
chr14	103500001	104000000	-0.104798527773999
chr14	104000001	104500000	-0.169208210926289
chr14	104500001	105000000	-0.167003779177037
chr14	105000001	105500000	-0.0952376606485943
chr14	106000001	106500000	-0.366601756867148
chr15	23500001	24000000	-0.123881494726594
chr15	24500001	25000000	0.00663316305545021
chr15	25000001	25500000	0.0263823699424101
chr15	25500001	26000000	-0.0343446204068105
chr15	26000001	26500000	0.0322190645433004
chr15	26500001	27000000	0.0269396541847912
chr15	27000001	27500000	NA
chr15	27500001	28000000	-0.0189987390544418
chr15	29000001	29500000	-0.0646899213843927
chr15	29500001	30000000	-0.141954354421838
chr15	31000001	31500000	0.0374987754439701
chr15	31500001	32000000	0.0454645415331052
chr15	32500001	33000000	-0.10891674339062
chr15	33000001	33500000	-0.0250743960340936
chr15	33500001	34000000	0.0777590758177809
chr15	34000001	34500000	0.206129676220448
chr15	34500001	35000000	0.0637755300266516
chr15	35000001	35500000	-0.0981974793154351
chr15	35500001	36000000	-0.0914038109300049
chr15	36000001	36500000	-0.126076805350826
chr15	36500001	37000000	-0.235928641919509
chr15	37000001	37500000	-0.149814673962443
chr15	37500001	38000000	-0.126952605484291
chr15	38000001	38500000	-0.0690775831861309
chr15	38500001	39000000	-0.204229490137814
chr15	39000001	39500000	-0.0961808081807168
chr15	39500001	40000000	-0.0637339429615043
chr15	40000001	40500000	0.0099213367958691
chr15	40500001	41000000	-0.060372553979028
chr15	41000001	41500000	-0.0326403555810924
chr15	41500001	42000000	-0.0546192360519195
chr15	42000001	42500000	-0.0630292981546448
chr15	42500001	43000000	-0.0973703135750437
chr15	43000001	43500000	-0.0915510303491739
chr15	43500001	44000000	-0.252074269847167
chr15	44000001	44500000	-0.13200741191953
chr15	44500001	45000000	-0.0655905382293844
chr15	45000001	45500000	0.107088920239654
chr15	45500001	46000000	0.15915220390068
chr15	46000001	46500000	0.139708857134696
chr15	46500001	47000000	0.197714010188221
chr15	47000001	47500000	0.0141230585230103
chr15	47500001	48000000	0.0369280870862261
chr15	48000001	48500000	0.0863312706818026
chr15	48500001	49000000	0.0882864812038927
chr15	49000001	49500000	0.13740319195439
chr15	49500001	50000000	0.138993476472022
chr15	50000001	50500000	0.125710527066869
chr15	50500001	51000000	0.126872098240247
chr15	51000001	51500000	0.110086707322782
chr15	51500001	52000000	0.13305927641541
chr15	52000001	52500000	0.0499627518770815
chr15	52500001	53000000	0.109429474042971
chr15	53000001	53500000	0.0720933731339915
chr15	53500001	54000000	-0.0241037357237894
chr15	54000001	54500000	0.00771703696737197
chr15	54500001	55000000	0.0532929241915397
chr15	55000001	55500000	0.103288806805328
chr15	55500001	56000000	0.0407033649437378
chr15	56000001	56500000	0.125521250415235
chr15	56500001	57000000	0.0238653297583862
chr15	57000001	57500000	-0.00239914743826025
chr15	57500001	58000000	-0.0757249608789216
chr15	58000001	58500000	-0.00441769843120939
chr15	58500001	59000000	0.0225671702790639
chr15	59000001	59500000	-0.0615154471626254
chr15	59500001	60000000	-0.0438885742934964
chr15	60000001	60500000	-0.0157952994771982
chr15	60500001	61000000	0.0510857252992388
chr15	61000001	61500000	-0.0915914018332923
chr15	61500001	62000000	0.063325102389181
chr15	62000001	62500000	0.0730024404221432
chr15	62500001	63000000	0.0906948447387792
chr15	63000001	63500000	0.164047091701512
chr15	63500001	64000000	0.240308088744617
chr15	64000001	64500000	0.208482478217758
chr15	64500001	65000000	0.148256007288137
chr15	65000001	65500000	0.0987417700102955
chr15	65500001	66000000	0.205043905889629
chr15	66000001	66500000	0.146638597000666
chr15	66500001	67000000	0.0356016525322566
chr15	67000001	67500000	0.0786582301871618
chr15	67500001	68000000	0.133946689253148
chr15	68000001	68500000	0.15458254392084
chr15	68500001	69000000	0.0906646018397815
chr15	69000001	69500000	0.154302468617408
chr15	69500001	70000000	0.111237233724749
chr15	70000001	70500000	0.127363244433651
chr15	70500001	71000000	0.124664859109252
chr15	71000001	71500000	-0.0156582694424226
chr15	71500001	72000000	0.067490749365276
chr15	72000001	72500000	0.124439737376969
chr15	72500001	73000000	0.0415448957880235
chr15	73000001	73500000	0.128393883439491
chr15	73500001	74000000	0.188465170239173
chr15	74000001	74500000	0.226162472764799
chr15	74500001	75000000	0.362676578457134
chr15	75000001	75500000	0.171164656642701
chr15	75500001	76000000	0.171784327111407
chr15	76000001	76500000	0.185709101362441
chr15	76500001	77000000	0.199473813683843
chr15	77000001	77500000	0.253486197760969
chr15	77500001	78000000	0.251437206055469
chr15	78000001	78500000	0.211622658306077
chr15	78500001	79000000	0.113253317892761
chr15	79000001	79500000	0.11186314387533
chr15	79500001	80000000	0.120606672579448
chr15	80000001	80500000	0.094540766813642
chr15	80500001	81000000	0.0610545413495881
chr15	81000001	81500000	0.153498187594536
chr15	81500001	82000000	0.141164668097643
chr15	82500001	83000000	0.165643985106355
chr15	83000001	83500000	0.106308030259085
chr15	83500001	84000000	0.0610989631848439
chr15	84500001	85000000	0.0377126141075963
chr15	85000001	85500000	0.117004949973829
chr15	85500001	86000000	0.304626683369725
chr15	86000001	86500000	0.161456027973184
chr15	86500001	87000000	0.166426757148057
chr15	87000001	87500000	-0.117214834629378
chr15	87500001	88000000	-0.186576292835093
chr15	88000001	88500000	-0.184051884958068
chr15	88500001	89000000	-0.278200019766671
chr15	89000001	89500000	-0.0744366516299649
chr15	89500001	90000000	-0.18184058984662
chr15	90000001	90500000	-0.123735927164021
chr15	90500001	91000000	-0.0540874434589166
chr15	91000001	91500000	-0.15291935004174
chr15	91500001	92000000	-0.110908329139565
chr15	92000001	92500000	-0.191055459407822
chr15	92500001	93000000	-0.164664358839246
chr15	93000001	93500000	-0.175319279704285
chr15	93500001	94000000	-0.196378417655999
chr15	94000001	94500000	-0.0715560860743067
chr15	94500001	95000000	-0.192631212500643
chr15	95000001	95500000	-0.146680140071274
chr15	95500001	96000000	-0.150812829863296
chr15	96000001	96500000	-0.117604234451919
chr15	96500001	97000000	-0.0631681930099503
chr15	97000001	97500000	-0.0370409113183449
chr15	97500001	98000000	-0.00138835283550594
chr15	98000001	98500000	0.0170527995695588
chr15	98500001	99000000	0.019751501237557
chr15	99000001	99500000	-0.0497835754632825
chr15	99500001	100000000	-0.0587990076261392
chr15	100000001	100500000	-0.0335149423880484
chr15	100500001	101000000	0.0788211500683644
chr15	101000001	101500000	0.0533800134086644
chr16	1	500000	NA
chr16	500001	1000000	NA
chr16	1000001	1500000	NA
chr16	1500001	2000000	0.0487025971635292
chr16	2000001	2500000	0.0247671192394708
chr16	2500001	3000000	-0.179239603230476
chr16	3000001	3500000	0.132142397922463
chr16	3500001	4000000	-0.000409044253231149
chr16	4000001	4500000	-0.0286795066741603
chr16	4500001	5000000	-0.0222266969265888
chr16	5000001	5500000	0.00278195104591626
chr16	5500001	6000000	-0.0616661612040509
chr16	6000001	6500000	-0.0857241202957496
chr16	6500001	7000000	-0.0367965838782306
chr16	7000001	7500000	-0.0783894900921832
chr16	7500001	8000000	-0.0531886046723248
chr16	8000001	8500000	-0.0872865350821173
chr16	8500001	9000000	-0.0264341230914512
chr16	9000001	9500000	0.0344307289973135
chr16	9500001	10000000	-0.064481937958207
chr16	10000001	10500000	-0.131697354223432
chr16	10500001	11000000	-0.0862535431343305
chr16	11000001	11500000	0.061038167143877
chr16	11500001	12000000	0.0575805674087934
chr16	12000001	12500000	0.0116876716841757
chr16	12500001	13000000	0.00773229208594777
chr16	13000001	13500000	0.00184704964648425
chr16	13500001	14000000	0.00179967922911498
chr16	14000001	14500000	-0.0861439894143053
chr16	15500001	16000000	0.0163559269719356
chr16	17000001	17500000	0.0743989933687964
chr16	17500001	18000000	-0.123842949699349
chr16	19000001	19500000	-0.113231729454995
chr16	19500001	20000000	-0.130144255256479
chr16	20000001	20500000	-0.0852853918088208
chr16	20500001	21000000	-0.00469870494234015
chr16	22000001	22500000	-0.165560658853287
chr16	22500001	23000000	0.0939209040211115
chr16	23000001	23500000	-0.183478547629626
chr16	23500001	24000000	-0.0150701053307481
chr16	24000001	24500000	0.00693200146493382
chr16	24500001	25000000	-0.111287596702743
chr16	25000001	25500000	-0.0591303877848203
chr16	25500001	26000000	-0.0519298455111495
chr16	26000001	26500000	-0.00403265218499355
chr16	26500001	27000000	0.0363076550368991
chr16	27000001	27500000	-0.0101900202040625
chr16	27500001	28000000	-0.108295379982084
chr16	28000001	28500000	-0.225620625416736
chr16	29500001	30000000	-0.16492200363151
chr16	30500001	31000000	0.114773011490556
chr16	31000001	31500000	0.0979149004372216
chr16	31500001	32000000	0.000332282569424448
chr16	46500001	47000000	-0.074209642260325
chr16	47000001	47500000	0.0297782800799899
chr16	47500001	48000000	-0.0611486127201344
chr16	48000001	48500000	0.000400251971065916
chr16	48500001	49000000	0.0609121144140887
chr16	49000001	49500000	-0.0763950830718046
chr16	49500001	50000000	-0.169079415923332
chr16	50000001	50500000	-0.037920592605707
chr16	50500001	51000000	-0.0355486368940228
chr16	51000001	51500000	-0.0782746387818306
chr16	51500001	52000000	-0.0311658632070166
chr16	52000001	52500000	-0.0727771117098603
chr16	52500001	53000000	-0.0182348712073119
chr16	53000001	53500000	-7.23182519098975e-05
chr16	53500001	54000000	-0.0403030305355241
chr16	54000001	54500000	-0.100270816700425
chr16	54500001	55000000	-0.060313221676507
chr16	55000001	55500000	-0.0338042471406322
chr16	55500001	56000000	-0.11102093315566
chr16	56000001	56500000	-0.0194494362475555
chr16	56500001	57000000	-0.0524090079616284
chr16	57000001	57500000	0.0970048584834894
chr16	57500001	58000000	0.042457379218394
chr16	58000001	58500000	-0.0899767263671026
chr16	58500001	59000000	-0.0131231272706538
chr16	59000001	59500000	-0.00897257123293243
chr16	59500001	60000000	-0.110852078491198
chr16	60000001	60500000	-0.0774642564005756
chr16	60500001	61000000	-0.0316304367749487
chr16	61000001	61500000	0.0345768669071645
chr16	61500001	62000000	-0.0472947839772439
chr16	62000001	62500000	-0.0645869095162522
chr16	62500001	63000000	-0.113757515294602
chr16	63000001	63500000	-0.125835944336744
chr16	63500001	64000000	-0.0723073231022664
chr16	64000001	64500000	-0.22204624177242
chr16	64500001	65000000	-0.119974644169739
chr16	65000001	65500000	-0.169704203011323
chr16	65500001	66000000	-0.19109483839301
chr16	66000001	66500000	-0.158276634568539
chr16	66500001	67000000	-0.0615769543173481
chr16	67000001	67500000	-0.057395115168235
chr16	67500001	68000000	0.0188379963656892
chr16	68000001	68500000	-0.0721782667969737
chr16	68500001	69000000	-0.213236737087774
chr16	69000001	69500000	0.00473152274123465
chr16	69500001	70000000	-0.0518605379093914
chr16	70500001	71000000	-0.163428492639517
chr16	71000001	71500000	-0.170519566310553
chr16	71500001	72000000	-0.142748995720384
chr16	72000001	72500000	-0.120440042022694
chr16	72500001	73000000	-0.184537994847486
chr16	73000001	73500000	-0.103670376096085
chr16	73500001	74000000	-0.20368371360022
chr16	74000001	74500000	-0.230298399480609
chr16	74500001	75000000	-0.231253363230604
chr16	75000001	75500000	-0.155213856394756
chr16	75500001	76000000	-0.0798252164941979
chr16	76000001	76500000	-0.0945486779959045
chr16	76500001	77000000	-0.157874884201227
chr16	77000001	77500000	-0.154583553877399
chr16	77500001	78000000	-0.191659317544462
chr16	78000001	78500000	-0.213305727568421
chr16	78500001	79000000	-0.273493904795494
chr16	79000001	79500000	-0.171385986048161
chr16	79500001	80000000	-0.16839057453309
chr16	80000001	80500000	-0.138442684346668
chr16	80500001	81000000	-0.178072132988015
chr16	81000001	81500000	-0.118332396680327
chr16	81500001	82000000	-0.0270642116789717
chr16	82000001	82500000	-0.117167192188694
chr16	82500001	83000000	-0.132633200851227
chr16	83000001	83500000	-0.210353429617302
chr16	83500001	84000000	-0.112589717871231
chr16	84000001	84500000	-0.0959291867209848
chr16	84500001	85000000	-0.00930888791497075
chr16	85000001	85500000	-0.130677783902172
chr16	85500001	86000000	-0.0899051245358859
chr16	86000001	86500000	-0.301603461560312
chr16	86500001	87000000	-0.263930926173668
chr16	87000001	87500000	-0.231844594421207
chr16	87500001	88000000	-0.122930131021634
chr16	88000001	88500000	NA
chr16	88500001	89000000	0.0879324510398027
chr16	89000001	89500000	-0.00333865792614091
chr16	89500001	90000000	-0.0477866454857956
chr17	500001	1000000	-0.00998632604780361
chr17	1000001	1500000	-0.0122524099287388
chr17	1500001	2000000	0.0954847445216995
chr17	2000001	2500000	0.0331852249998481
chr17	2500001	3000000	0.0161266639782603
chr17	3000001	3500000	-0.0580203216334955
chr17	3500001	4000000	-0.000173940728823388
chr17	4000001	4500000	-0.0339503100995545
chr17	4500001	5000000	0.0809946221699049
chr17	5000001	5500000	-0.0357162003465959
chr17	5500001	6000000	-0.0822664947286737
chr17	6000001	6500000	-0.0499814490858978
chr17	6500001	7000000	-0.0641649336408252
chr17	7000001	7500000	0.109494996856626
chr17	7500001	8000000	0.10976055290096
chr17	8000001	8500000	0.215998828704187
chr17	8500001	9000000	-0.00151559981279519
chr17	9000001	9500000	-0.10905907013022
chr17	9500001	10000000	-0.0225350259261805
chr17	10000001	10500000	-0.191929226329607
chr17	10500001	11000000	-0.0739002341616214
chr17	11000001	11500000	-0.068378397028945
chr17	11500001	12000000	-0.0264489526210644
chr17	12000001	12500000	-0.0879903020692872
chr17	12500001	13000000	-0.158425389217075
chr17	13000001	13500000	-0.0658869004856233
chr17	13500001	14000000	-0.126520582398494
chr17	14000001	14500000	0.0139414290439372
chr17	14500001	15000000	-0.105454312957433
chr17	15000001	15500000	-0.0148779703990357
chr17	16000001	16500000	-0.000148196522483574
chr17	17000001	17500000	-0.0235709885528758
chr17	17500001	18000000	0.0591399475133015
chr17	18000001	18500000	-0.149289555427121
chr17	19500001	20000000	-0.0269339702125482
chr17	20000001	20500000	-0.123698995281538
chr17	21000001	21500000	0.139080456126978
chr17	27500001	28000000	-0.0418347593099453
chr17	28000001	28500000	-0.0188575966455957
chr17	28500001	29000000	0.0802555217201378
chr17	29000001	29500000	0.0637317079390439
chr17	29500001	30000000	0.118972304656195
chr17	30000001	30500000	-0.0427335996325632
chr17	30500001	31000000	-0.00743378989801131
chr17	31000001	31500000	0.0144442012532567
chr17	31500001	32000000	-0.111639726609234
chr17	32000001	32500000	-0.0826489109827915
chr17	32500001	33000000	-0.0362703988600116
chr17	33000001	33500000	-0.14863334738359
chr17	33500001	34000000	-0.0696214495281454
chr17	34000001	34500000	0.00647741251484298
chr17	34500001	35000000	-0.0786243976648968
chr17	35000001	35500000	0.0780603585133518
chr17	35500001	36000000	0.0668233504050059
chr17	36500001	37000000	0.0178500117163095
chr17	37000001	37500000	-0.0347287264766653
chr17	37500001	38000000	-0.16162823092958
chr17	38500001	39000000	0.0611658411803862
chr17	39000001	39500000	0.00343911135024835
chr17	39500001	40000000	0.00827682002745785
chr17	40000001	40500000	0.167103341603623
chr17	40500001	41000000	-0.0209307225895326
chr17	41000001	41500000	-0.0809666817809545
chr17	41500001	42000000	-0.00457096144727876
chr17	42000001	42500000	0.0663729451859104
chr17	42500001	43000000	0.100026815005516
chr17	43000001	43500000	-0.0720051002956162
chr17	43500001	44000000	-0.118276401110431
chr17	44000001	44500000	0.0748094404621853
chr17	44500001	45000000	-0.0366175537665325
chr17	45000001	45500000	0.156189562416331
chr17	45500001	46000000	-0.107402520952504
chr17	47000001	47500000	0.023658851862202
chr17	47500001	48000000	-0.059012396804697
chr17	48000001	48500000	-0.0204794703707316
chr17	48500001	49000000	-0.0039836256915851
chr17	49000001	49500000	-0.00299568774050131
chr17	49500001	50000000	-0.00714407017117612
chr17	50000001	50500000	0.0457624523801991
chr17	50500001	51000000	0.0103757714378368
chr17	51000001	51500000	-0.0427406858048675
chr17	51500001	52000000	-0.0131842920354342
chr17	52000001	52500000	0.0581608147237634
chr17	52500001	53000000	0.0411113550561305
chr17	53000001	53500000	0.055958418335514
chr17	53500001	54000000	0.00117768345769292
chr17	54000001	54500000	-0.0742436826196175
chr17	54500001	55000000	-0.00701591879238146
chr17	55000001	55500000	-0.0498997774020414
chr17	55500001	56000000	0.00486348042228259
chr17	56000001	56500000	-0.030096423730873
chr17	56500001	57000000	0.0438439893822644
chr17	57000001	57500000	0.046141330254369
chr17	57500001	58000000	-0.0200123376670232
chr17	58000001	58500000	0.051436495020413
chr17	58500001	59000000	-0.0412994595459052
chr17	59000001	59500000	0.00118400761858554
chr17	59500001	60000000	-0.0549816532982676
chr17	60000001	60500000	0.0495990068450671
chr17	60500001	61000000	0.024872770435284
chr17	61000001	61500000	-0.0750730031909064
chr17	61500001	62000000	-0.102666431645655
chr17	62000001	62500000	-0.0139486838600121
chr17	62500001	63000000	-0.164032635694075
chr17	63000001	63500000	-0.0501174884705055
chr17	63500001	64000000	0.0572753500351244
chr17	64000001	64500000	0.165969663680256
chr17	64500001	65000000	0.0860883031639641
chr17	65000001	65500000	0.034113214341614
chr17	65500001	66000000	-0.0916838284457046
chr17	66000001	66500000	-0.0151645632592591
chr17	66500001	67000000	-0.150789429838789
chr17	67000001	67500000	0.00712053642108339
chr17	67500001	68000000	-0.00160256568810154
chr17	68000001	68500000	0.0598363844248441
chr17	68500001	69000000	-0.00843913443841872
chr17	69000001	69500000	-0.00552826953587983
chr17	69500001	70000000	-0.000353374180428735
chr17	70000001	70500000	0.0926610445351923
chr17	70500001	71000000	0.0396677445888467
chr17	71000001	71500000	0.0651250641120805
chr17	71500001	72000000	0.0577106998999447
chr17	72000001	72500000	0.128913991167643
chr17	72500001	73000000	-0.0250395579130779
chr17	73000001	73500000	0.119113451462353
chr17	73500001	74000000	0.0601718794286557
chr17	74000001	74500000	0.084920273131937
chr17	74500001	75000000	0.205131399569107
chr17	75000001	75500000	0.152292460359896
chr17	75500001	76000000	0.2208881838178
chr17	76000001	76500000	0.100832537431237
chr17	76500001	77000000	0.0199130393157113
chr17	77000001	77500000	0.264885517941233
chr17	77500001	78000000	0.0646031229144377
chr17	78000001	78500000	0.151814331165975
chr17	78500001	79000000	0.136953980855029
chr17	79000001	79500000	0.00419557607849855
chr17	79500001	80000000	-0.0260265857023198
chr17	80000001	80500000	0.0461174130888769
chr17	80500001	81000000	0.140002253498212
chr17	81000001	81500000	NA
chr17	81500001	82000000	NA
chr17	82000001	82500000	0.143786082416712
chr17	82500001	83000000	0.0503080486046576
chr17	83000001	83500000	NA
chr18	1	500000	NA
chr18	500001	1000000	-0.0259172048167515
chr18	1000001	1500000	-0.0286685418137902
chr18	1500001	2000000	-0.0637874703428723
chr18	2000001	2500000	-0.0700529241476802
chr18	2500001	3000000	0.0201179685311508
chr18	3000001	3500000	-0.0388800688433642
chr18	3500001	4000000	-0.0575467096855396
chr18	4000001	4500000	-0.0927165067202845
chr18	4500001	5000000	0.00218376824348049
chr18	5000001	5500000	0.0752842107236095
chr18	5500001	6000000	-0.136517415243102
chr18	6000001	6500000	0.0267850384934218
chr18	6500001	7000000	-0.0655792929796325
chr18	7000001	7500000	-0.0906659842084469
chr18	7500001	8000000	-0.0526861487809541
chr18	8000001	8500000	-0.0772924350715039
chr18	8500001	9000000	-0.0992181183394195
chr18	9000001	9500000	-0.0433943954541284
chr18	9500001	10000000	0.0664622403389417
chr18	10000001	10500000	0.0152198187305648
chr18	10500001	11000000	-0.0154336938231365
chr18	11000001	11500000	-0.151779129252018
chr18	11500001	12000000	-0.0358931830182463
chr18	12000001	12500000	-0.0921009001372552
chr18	12500001	13000000	-0.000372076283542452
chr18	13000001	13500000	-0.0141554848638534
chr18	13500001	14000000	0.0115532311548043
chr18	22000001	22500000	-0.216060874143143
chr18	22500001	23000000	-0.232133189068828
chr18	23000001	23500000	-0.110624194725052
chr18	23500001	24000000	-0.114914202929239
chr18	24000001	24500000	-0.179592009762398
chr18	24500001	25000000	-0.228850069366872
chr18	25000001	25500000	-0.291809398298095
chr18	25500001	26000000	-0.32480362446753
chr18	26000001	26500000	-0.361590096558648
chr18	26500001	27000000	-0.303938033121339
chr18	27000001	27500000	-0.335374307513395
chr18	27500001	28000000	-0.277479530220106
chr18	28000001	28500000	-0.340172483137876
chr18	28500001	29000000	-0.338984446880898
chr18	29000001	29500000	-0.257130463791142
chr18	29500001	30000000	-0.256786861301293
chr18	30000001	30500000	-0.383093278025048
chr18	30500001	31000000	-0.313748189310916
chr18	31000001	31500000	-0.271419183500819
chr18	31500001	32000000	-0.255961715062687
chr18	32000001	32500000	-0.277161203241623
chr18	32500001	33000000	-0.34024914979817
chr18	33000001	33500000	-0.265664177990902
chr18	33500001	34000000	-0.313253759061194
chr18	34000001	34500000	-0.430181527777345
chr18	34500001	35000000	-0.301858603933162
chr18	35000001	35500000	-0.156909815429786
chr18	35500001	36000000	-0.248599631336456
chr18	36000001	36500000	-0.224008335165672
chr18	36500001	37000000	-0.308978903604137
chr18	37000001	37500000	-0.251501197985843
chr18	37500001	38000000	-0.264938867642293
chr18	38000001	38500000	-0.332484291575519
chr18	38500001	39000000	-0.350764551544896
chr18	39000001	39500000	-0.292022163359815
chr18	39500001	40000000	-0.246862659767542
chr18	40000001	40500000	-0.229642089535659
chr18	40500001	41000000	-0.238087612631815
chr18	41000001	41500000	-0.325961433528391
chr18	41500001	42000000	-0.280039786079181
chr18	42000001	42500000	-0.39604324808978
chr18	42500001	43000000	-0.31378771087146
chr18	43000001	43500000	-0.348209552974429
chr18	43500001	44000000	-0.293275457980065
chr18	44000001	44500000	-0.341711912143974
chr18	44500001	45000000	-0.253604988727059
chr18	45000001	45500000	-0.171913273654657
chr18	45500001	46000000	-0.16181688733515
chr18	46000001	46500000	-0.124957752219831
chr18	46500001	47000000	NA
chr18	47000001	47500000	NA
chr18	47500001	48000000	-0.219700758214458
chr18	48000001	48500000	-0.273820959906234
chr18	48500001	49000000	-0.0820346097778096
chr18	49000001	49500000	-0.0837774074540644
chr18	49500001	50000000	-0.186303737632275
chr18	50000001	50500000	-0.0956996357023866
chr18	50500001	51000000	-0.0870105455264387
chr18	51000001	51500000	-0.162147878507074
chr18	51500001	52000000	-0.12701500365207
chr18	52000001	52500000	-0.126734695631525
chr18	52500001	53000000	-0.0462644860759431
chr18	53000001	53500000	-0.137984870258078
chr18	53500001	54000000	-0.21675786674151
chr18	54000001	54500000	-0.167018114870213
chr18	54500001	55000000	NA
chr18	55000001	55500000	-0.203513509751852
chr18	55500001	56000000	-0.184744103201967
chr18	56000001	56500000	-0.0832803129904482
chr18	56500001	57000000	-0.186021430407713
chr18	57000001	57500000	-0.0848802996211123
chr18	57500001	58000000	-0.196204441753802
chr18	58000001	58500000	-0.245569993035131
chr18	58500001	59000000	-0.262149369211037
chr18	59000001	59500000	-0.326588143331596
chr18	59500001	60000000	-0.153229776682631
chr18	60000001	60500000	-0.192556034090267
chr18	60500001	61000000	-0.228330140652778
chr18	61000001	61500000	-0.136840064328637
chr18	61500001	62000000	-0.118602943542565
chr18	62000001	62500000	-0.207042001529887
chr18	62500001	63000000	-0.207251147795049
chr18	63000001	63500000	-0.162516270399977
chr18	63500001	64000000	-0.249664304805109
chr18	64000001	64500000	-0.174353600646011
chr18	64500001	65000000	-0.0724126522243629
chr18	65000001	65500000	-0.240859660777835
chr18	65500001	66000000	-0.0777510156434154
chr18	66000001	66500000	-0.177908533623329
chr18	66500001	67000000	-0.167490930235689
chr18	67000001	67500000	-0.193280347327384
chr18	67500001	68000000	-0.147807813978948
chr18	68000001	68500000	-0.165885227496718
chr18	68500001	69000000	-0.148138727214403
chr18	69000001	69500000	-0.287946431594107
chr18	69500001	70000000	-0.142668152881782
chr18	70000001	70500000	-0.22787821458707
chr18	70500001	71000000	-0.164917626948974
chr18	71000001	71500000	-0.149487487965598
chr18	71500001	72000000	-0.166202251989169
chr18	72000001	72500000	-0.271002752385368
chr18	72500001	73000000	-0.192659908679532
chr18	73000001	73500000	-0.196426443972078
chr18	73500001	74000000	-0.11979263359176
chr18	74000001	74500000	-0.153891226971523
chr18	74500001	75000000	-0.11858076599378
chr18	75000001	75500000	-0.150117662592438
chr18	75500001	76000000	-0.235721784563693
chr18	76000001	76500000	-0.152454055955095
chr18	76500001	77000000	-0.155694604910329
chr18	77000001	77500000	-0.103930999049258
chr18	77500001	78000000	-0.160949020049594
chr18	78000001	78500000	-0.164944929236236
chr18	78500001	79000000	-0.248161446978852
chr18	79000001	79500000	-0.187868274853629
chr18	79500001	80000000	-0.106602698146144
chr19	500001	1000000	NA
chr19	1000001	1500000	NA
chr19	1500001	2000000	-0.0551119661740644
chr19	2000001	2500000	0.0774164870185424
chr19	2500001	3000000	-0.00595216848657355
chr19	3000001	3500000	0.0276292040219691
chr19	3500001	4000000	0.0403408182437334
chr19	4000001	4500000	0.0696700349877268
chr19	4500001	5000000	0.0467925196475094
chr19	5000001	5500000	-0.0568412932794372
chr19	5500001	6000000	0.00395057206925169
chr19	6000001	6500000	0.0532185338323047
chr19	6500001	7000000	0.0141210687720622
chr19	7000001	7500000	-0.0628454641696869
chr19	7500001	8000000	0.114105128244259
chr19	8000001	8500000	-0.0536130037757145
chr19	8500001	9000000	-0.076782275613447
chr19	9000001	9500000	-0.097743553838038
chr19	9500001	10000000	-0.0443594546359446
chr19	10000001	10500000	0.165940992472668
chr19	10500001	11000000	0.0614305557102679
chr19	11000001	11500000	0.0778005739406778
chr19	11500001	12000000	0.0244578468324505
chr19	12000001	12500000	0.0640793078369098
chr19	12500001	13000000	0.128857156381848
chr19	13000001	13500000	-0.0150941358865778
chr19	13500001	14000000	0.0578794364552227
chr19	14000001	14500000	0.102346731405104
chr19	14500001	15000000	0.0451906645293438
chr19	15000001	15500000	-0.0463265737108176
chr19	15500001	16000000	-0.0891680414150796
chr19	16000001	16500000	0.106706366466786
chr19	16500001	17000000	-0.0120018165276424
chr19	17000001	17500000	0.114019398083226
chr19	17500001	18000000	0.0156644189825893
chr19	18000001	18500000	0.0962288543315569
chr19	18500001	19000000	0.079951753981193
chr19	19000001	19500000	0.104476954028167
chr19	19500001	20000000	0.1108910019168
chr19	20000001	20500000	-0.0487520578557348
chr19	20500001	21000000	-0.0570792585994181
chr19	21000001	21500000	-0.00146356829947857
chr19	21500001	22000000	0.104986436351342
chr19	22000001	22500000	-0.0550822874170055
chr19	22500001	23000000	-0.0723473029953736
chr19	23000001	23500000	-0.00574153629496094
chr19	23500001	24000000	-0.0640243031147394
chr19	28500001	29000000	-0.0542688704093505
chr19	29000001	29500000	-0.0327166093519353
chr19	29500001	30000000	-0.104267575491249
chr19	30000001	30500000	-0.113939515569226
chr19	30500001	31000000	-0.0522665850621351
chr19	31000001	31500000	-0.07291971113597
chr19	31500001	32000000	-0.00958078852016264
chr19	32000001	32500000	-0.164194684514856
chr19	32500001	33000000	-0.162234589622337
chr19	33000001	33500000	-0.104241262043656
chr19	33500001	34000000	-0.271463211751156
chr19	34000001	34500000	-0.149126085256464
chr19	34500001	35000000	-0.0549700012991112
chr19	35000001	35500000	-0.0442871974868995
chr19	35500001	36000000	0.00158914536264303
chr19	36000001	36500000	-0.163013535660992
chr19	36500001	37000000	0.0485089325089745
chr19	37000001	37500000	-0.127525378538576
chr19	37500001	38000000	-0.12837487968307
chr19	38000001	38500000	-0.1048257067591
chr19	38500001	39000000	0.00414173525774342
chr19	39000001	39500000	-0.107222694400083
chr19	39500001	40000000	-0.19936257025224
chr19	40000001	40500000	-0.0204028884112399
chr19	40500001	41000000	-0.0424248032430128
chr19	41000001	41500000	-0.0623248441131643
chr19	41500001	42000000	-0.100000459532103
chr19	42000001	42500000	-0.0298124829477194
chr19	43500001	44000000	-0.0269564802348473
chr19	44000001	44500000	-0.0796988649607879
chr19	44500001	45000000	-0.0430000236137209
chr19	45000001	45500000	-0.0387219398328673
chr19	45500001	46000000	-0.0587198658347603
chr19	46000001	46500000	-0.287665185328202
chr19	46500001	47000000	-0.0859412830428317
chr19	47000001	47500000	0.00045980991526795
chr19	47500001	48000000	-0.303061304337828
chr19	48000001	48500000	-0.041790911780311
chr19	48500001	49000000	-0.0567707065294522
chr19	49000001	49500000	-0.0697821091295305
chr19	49500001	50000000	-0.0137939138242492
chr19	50000001	50500000	-0.153119737549071
chr19	50500001	51000000	-0.0902163762528665
chr19	51000001	51500000	-0.0835313756064694
chr19	51500001	52000000	0.0726994641250718
chr19	52000001	52500000	-0.0351593518042236
chr19	52500001	53000000	-0.158692413299297
chr19	53000001	53500000	-0.036618994904081
chr19	53500001	54000000	-0.0943922670847701
chr19	54000001	54500000	0.0579006709690892
chr19	54500001	55000000	-0.176991790852283
chr19	55000001	55500000	-0.00234041747373132
chr19	55500001	56000000	-0.13000091902137
chr19	56000001	56500000	-0.0595902619262347
chr19	56500001	57000000	-0.0644586442437725
chr19	57000001	57500000	-0.0630521518691882
chr19	57500001	58000000	-0.0400458956227281
chr19	58000001	58500000	0.0479222303278992
chr20	1	500000	NA
chr20	500001	1000000	0.0708381809085329
chr20	1000001	1500000	0.107049340848542
chr20	1500001	2000000	0.233382118637895
chr20	2000001	2500000	0.061191361213156
chr20	2500001	3000000	0.0187416972879012
chr20	3000001	3500000	0.072414969853577
chr20	3500001	4000000	0.0357971270152019
chr20	4000001	4500000	0.0396778854229928
chr20	4500001	5000000	0.12221276670479
chr20	5000001	5500000	0.112834079736882
chr20	5500001	6000000	0.0591087413530839
chr20	6000001	6500000	-0.0318542962050669
chr20	6500001	7000000	0.00531525903765983
chr20	7000001	7500000	0.0379853738284492
chr20	7500001	8000000	0.0874250306919453
chr20	8000001	8500000	0.0627985346306998
chr20	8500001	9000000	0.0327952568848026
chr20	9000001	9500000	0.0074049283615091
chr20	9500001	10000000	0.0559306293129971
chr20	10000001	10500000	0.0189824253903216
chr20	10500001	11000000	0.0850599211391965
chr20	11000001	11500000	-0.0372128727833182
chr20	11500001	12000000	0.088826633675458
chr20	12000001	12500000	0.0194075319783817
chr20	12500001	13000000	0.11844572088993
chr20	13000001	13500000	0.00524124479300396
chr20	13500001	14000000	0.0237331175395179
chr20	14000001	14500000	0.0409450451473427
chr20	14500001	15000000	0.0441176296076063
chr20	15000001	15500000	0.0594614377426479
chr20	15500001	16000000	0.0440675940469159
chr20	16000001	16500000	0.0696058985369919
chr20	16500001	17000000	0.0536002069029485
chr20	17000001	17500000	0.0881915371870922
chr20	17500001	18000000	0.0143000195431565
chr20	18000001	18500000	0.0761211348499503
chr20	18500001	19000000	0.00266238126617276
chr20	19000001	19500000	0.0801713183721134
chr20	19500001	20000000	0.0383418478884826
chr20	20000001	20500000	0.0628720868639902
chr20	20500001	21000000	0.0542626367788177
chr20	21000001	21500000	0.0392809848152694
chr20	21500001	22000000	0.0228190933581986
chr20	22000001	22500000	-0.0199470684380973
chr20	22500001	23000000	0.00086486012320805
chr20	23000001	23500000	0.0825511749038175
chr20	23500001	24000000	0.136931028920815
chr20	24000001	24500000	0.0182417570207209
chr20	24500001	25000000	-0.0690517395497128
chr20	25000001	25500000	0.0312034685175984
chr20	31500001	32000000	0.0675853027808356
chr20	32000001	32500000	0.0600384366442504
chr20	32500001	33000000	0.140161718839673
chr20	33000001	33500000	0.0475428362613687
chr20	33500001	34000000	0.0749369037868375
chr20	34000001	34500000	0.0723923674671806
chr20	34500001	35000000	0.124766739656256
chr20	35000001	35500000	0.0253367799647056
chr20	35500001	36000000	0.0627718257862247
chr20	36000001	36500000	NA
chr20	36500001	37000000	0.0557318300645854
chr20	37000001	37500000	-0.00804660003882069
chr20	37500001	38000000	0.0933411785586479
chr20	38000001	38500000	0.103057713791003
chr20	38500001	39000000	0.102851960874016
chr20	39000001	39500000	0.0465047889311019
chr20	39500001	40000000	0.0615814613561797
chr20	40000001	40500000	0.00162185354540475
chr20	40500001	41000000	0.0486498852403274
chr20	41000001	41500000	0.08679186387386
chr20	41500001	42000000	0.0470990106385419
chr20	42000001	42500000	-0.0298194695682477
chr20	42500001	43000000	0.0724127548573546
chr20	43000001	43500000	0.0187442026698744
chr20	43500001	44000000	0.0377002646119586
chr20	44000001	44500000	0.0136518245594391
chr20	44500001	45000000	0.0418805286609102
chr20	45000001	45500000	0.0714898130278352
chr20	45500001	46000000	0.0649731059996738
chr20	46000001	46500000	0.0372714610153553
chr20	46500001	47000000	-0.00289653505926914
chr20	47000001	47500000	0.254995041886025
chr20	47500001	48000000	0.234215442525161
chr20	48000001	48500000	0.047262207864273
chr20	48500001	49000000	0.337333775034173
chr20	49000001	49500000	0.297258561476026
chr20	49500001	50000000	0.354781613159275
chr20	50000001	50500000	0.359426170353546
chr20	50500001	51000000	0.259517715346229
chr20	51000001	51500000	0.194453476866596
chr20	51500001	52000000	0.136907776527496
chr20	52000001	52500000	0.273561002548789
chr20	52500001	53000000	0.251004565099057
chr20	53000001	53500000	0.277558642128417
chr20	53500001	54000000	0.233547078656511
chr20	54000001	54500000	0.197903525033846
chr20	54500001	55000000	0.281600527462817
chr20	55000001	55500000	0.258885923181133
chr20	55500001	56000000	0.247293540748594
chr20	56000001	56500000	0.329451561162378
chr20	56500001	57000000	0.116857118674844
chr20	57000001	57500000	0.271979001717108
chr20	57500001	58000000	0.257418391865369
chr20	58000001	58500000	0.292721634971743
chr20	58500001	59000000	0.240299351691195
chr20	59000001	59500000	0.229925241471219
chr20	59500001	60000000	0.21857955815909
chr20	60000001	60500000	0.322533025357254
chr20	60500001	61000000	0.225047890011565
chr20	61000001	61500000	0.237020528232098
chr20	61500001	62000000	0.203675775656298
chr20	62000001	62500000	0.305348539231531
chr20	62500001	63000000	0.331947714786763
chr20	63000001	63500000	0.150093988616162
chr20	63500001	64000000	0.460175143557866
chr21	14000001	14500000	-0.201418570953176
chr21	14500001	15000000	-0.0993699342961607
chr21	15000001	15500000	-0.14413522082043
chr21	15500001	16000000	-0.146109328888984
chr21	16000001	16500000	-0.225217446607581
chr21	16500001	17000000	-0.157463470427741
chr21	17000001	17500000	-0.139232557834978
chr21	17500001	18000000	-0.168109773821277
chr21	18000001	18500000	-0.147868150559808
chr21	18500001	19000000	-0.141748847612381
chr21	19000001	19500000	-0.0990203358108654
chr21	19500001	20000000	-0.165027799150449
chr21	20000001	20500000	-0.15312528108474
chr21	20500001	21000000	-0.146349718769177
chr21	21000001	21500000	-0.230600160859301
chr21	21500001	22000000	-0.155323035124609
chr21	22000001	22500000	-0.135833292124446
chr21	22500001	23000000	-0.262255145404259
chr21	23000001	23500000	-0.113112940405293
chr21	23500001	24000000	-0.168875210842309
chr21	24000001	24500000	-0.212100779866244
chr21	24500001	25000000	-0.146939063227479
chr21	25000001	25500000	-0.151256056127917
chr21	25500001	26000000	-0.123370703443199
chr21	26000001	26500000	-0.167174921543753
chr21	26500001	27000000	-0.226017425533617
chr21	27000001	27500000	-0.135894187598863
chr21	27500001	28000000	-0.147275705308701
chr21	28000001	28500000	-0.203555070756536
chr21	28500001	29000000	-0.156444751968662
chr21	29000001	29500000	-0.0339636819431107
chr21	29500001	30000000	-0.156734949257294
chr21	30000001	30500000	-0.156170288393006
chr21	30500001	31000000	-0.185197426975235
chr21	31000001	31500000	-0.233775815070825
chr21	31500001	32000000	NA
chr21	32000001	32500000	-0.0487009530572038
chr21	32500001	33000000	-0.0925590453657963
chr21	33000001	33500000	-0.050274138215051
chr21	33500001	34000000	-0.14667005163002
chr21	34000001	34500000	-0.504459777646193
chr21	34500001	35000000	-0.0524309975574716
chr21	35000001	35500000	-0.184861642511469
chr21	35500001	36000000	-0.159569764714258
chr21	36000001	36500000	-0.0413892420814913
chr21	36500001	37000000	-0.157506067623405
chr21	37000001	37500000	0.0543153322060759
chr21	37500001	38000000	-0.0466047281754459
chr21	38000001	38500000	0.0221251326630055
chr21	38500001	39000000	NA
chr21	39000001	39500000	-0.005860606814624
chr21	39500001	40000000	-0.167751983320316
chr21	40000001	40500000	-0.00865537800238792
chr21	40500001	41000000	-0.0580197922120584
chr21	41000001	41500000	-0.148680389660729
chr21	41500001	42000000	NA
chr21	42000001	42500000	-0.031404074447474
chr21	42500001	43000000	NA
chr21	43500001	44000000	-0.0503328326618006
chr21	44000001	44500000	-0.355385731197581
chr21	44500001	45000000	0.0180182898912756
chr21	45000001	45500000	-0.101314973861006
chr21	45500001	46000000	-0.0511890032460798
chr21	46000001	46500000	0.0319048531417916
chr21	46500001	47000000	NA
chr22	17500001	18000000	0.0508726605561551
chr22	19000001	19500000	0.160078134427607
chr22	19500001	20000000	0.00547541064963773
chr22	20000001	20500000	0.215347956158932
chr22	20500001	21000000	0.0538517343380801
chr22	21500001	22000000	-0.0926511476636327
chr22	22000001	22500000	0.132210531470477
chr22	22500001	23000000	0.0277696690254588
chr22	23000001	23500000	0.0149595837112581
chr22	23500001	24000000	0.0856543071703531
chr22	24000001	24500000	0.114071569972918
chr22	24500001	25000000	0.0595098027727894
chr22	25000001	25500000	-0.0694108679815496
chr22	25500001	26000000	-0.0452036976517238
chr22	26000001	26500000	-0.0481936478009597
chr22	26500001	27000000	-0.0473329969492231
chr22	27000001	27500000	-0.121811291384826
chr22	27500001	28000000	-0.106304715342636
chr22	28000001	28500000	-0.176886961663614
chr22	28500001	29000000	-0.176222575102656
chr22	29000001	29500000	-0.0386895522349544
chr22	29500001	30000000	-0.00739369935758494
chr22	30000001	30500000	-0.00756378475317101
chr22	30500001	31000000	-0.0307223704447011
chr22	31000001	31500000	-0.077423964935053
chr22	31500001	32000000	-0.0313168240068591
chr22	32000001	32500000	-0.149480275366373
chr22	32500001	33000000	-0.100733304515419
chr22	33000001	33500000	-0.113396824783059
chr22	33500001	34000000	-0.0763898681706241
chr22	34000001	34500000	0.0213100969800001
chr22	34500001	35000000	-0.0874812096510875
chr22	35000001	35500000	-0.0812950524400644
chr22	35500001	36000000	-0.10058655743492
chr22	36000001	36500000	0.0834574476630884
chr22	36500001	37000000	0.0541378895997935
chr22	37000001	37500000	0.094044684541645
chr22	37500001	38000000	0.0122368892931962
chr22	38000001	38500000	-0.0700232427007761
chr22	38500001	39000000	-0.0264119248814133
chr22	39000001	39500000	0.0209296544060105
chr22	39500001	40000000	0.0311149982525995
chr22	40000001	40500000	0.0305076656912935
chr22	40500001	41000000	0.0443007096697826
chr22	41000001	41500000	0.0214935421896819
chr22	41500001	42000000	-0.035817804162666
chr22	42000001	42500000	-0.00350089405349241
chr22	42500001	43000000	-0.0769119477730844
chr22	43000001	43500000	-0.0748707082153823
chr22	43500001	44000000	-0.0598177791589678
chr22	44000001	44500000	-0.044894933938247
chr22	44500001	45000000	-0.10115906041821
chr22	45000001	45500000	-0.0642413696433249
chr22	45500001	46000000	-0.10841550704518
chr22	46000001	46500000	-0.0749473731912432
chr22	46500001	47000000	0.0360889825154814
chr22	47000001	47500000	-0.129014159322625
chr22	47500001	48000000	-0.120537544391501
chr22	48000001	48500000	-0.0763396289457305
chr22	48500001	49000000	-0.192021530116233
chr22	49000001	49500000	-0.123128115020838
chr22	49500001	50000000	NA
chr22	50000001	50500000	-0.0244514345320403
chr22	50500001	51000000	NA
chrX	3000001	3500000	0.0524642726213871
chrX	3500001	4000000	-0.257062802471808
chrX	4000001	4500000	0.0688008737253302
chrX	4500001	5000000	0.0630292182429262
chrX	5000001	5500000	0.017330046290001
chrX	5500001	6000000	0.014597936014073
chrX	6000001	6500000	0.137218400715064
chrX	6500001	7000000	0.0894497675127257
chrX	7000001	7500000	0.0705268082655495
chrX	7500001	8000000	-0.049376052406871
chrX	8000001	8500000	0.0555702269806703
chrX	8500001	9000000	0.00478757802086972
chrX	9000001	9500000	-0.0144691801129726
chrX	9500001	10000000	0.0199586838676187
chrX	10000001	10500000	0.110050610789002
chrX	10500001	11000000	-0.0514113640980735
chrX	11000001	11500000	0.13559931522249
chrX	11500001	12000000	-0.0100989322738429
chrX	12000001	12500000	-0.0856036964372102
chrX	12500001	13000000	0.0232022208792891
chrX	13000001	13500000	0.0939061527501119
chrX	13500001	14000000	-0.0668361622856291
chrX	14000001	14500000	-0.124045914157577
chrX	14500001	15000000	0.0196400055122204
chrX	15000001	15500000	-0.160334989786822
chrX	15500001	16000000	-0.0120744905211144
chrX	16000001	16500000	-0.0521291162950471
chrX	16500001	17000000	-0.0622236343838566
chrX	17000001	17500000	-0.0866681466059607
chrX	17500001	18000000	-0.0817769188852439
chrX	18000001	18500000	-0.123385742589207
chrX	18500001	19000000	-0.0663625735420728
chrX	19000001	19500000	-0.0238735299484415
chrX	19500001	20000000	0.0293042079924052
chrX	20000001	20500000	-0.012299269241852
chrX	20500001	21000000	-0.0799020023860478
chrX	21000001	21500000	-0.098966105205205
chrX	21500001	22000000	-0.109686159468236
chrX	22000001	22500000	-0.0755152339010504
chrX	22500001	23000000	-0.0951157685303311
chrX	23000001	23500000	-0.108952307135417
chrX	23500001	24000000	-0.0700075010025925
chrX	24000001	24500000	-0.0462096716330665
chrX	24500001	25000000	-0.171379581964689
chrX	25000001	25500000	-0.0964992633250503
chrX	25500001	26000000	-0.0896400053472444
chrX	26000001	26500000	-0.0518692318665874
chrX	26500001	27000000	-0.132581872437915
chrX	27000001	27500000	-0.128263573200344
chrX	27500001	28000000	-0.138702567211474
chrX	28000001	28500000	-0.0926808226118973
chrX	28500001	29000000	-0.252692805793666
chrX	29000001	29500000	-0.171081635321933
chrX	29500001	30000000	-0.228279252600765
chrX	30000001	30500000	-0.152627678071559
chrX	30500001	31000000	-0.224909084359917
chrX	31000001	31500000	-0.19221270858132
chrX	31500001	32000000	-0.204181102338034
chrX	32000001	32500000	-0.158820120197357
chrX	32500001	33000000	-0.109021831499311
chrX	33000001	33500000	-0.260008798570235
chrX	33500001	34000000	-0.200073090115741
chrX	34000001	34500000	-0.183945139904092
chrX	34500001	35000000	-0.206063858534928
chrX	35000001	35500000	-0.175674585301546
chrX	35500001	36000000	-0.178968233691069
chrX	36000001	36500000	-0.235968609892728
chrX	36500001	37000000	-0.193573840236226
chrX	37500001	38000000	-0.104109704093572
chrX	38000001	38500000	-0.261798784079519
chrX	38500001	39000000	-0.166845281921994
chrX	39000001	39500000	-0.104672384688548
chrX	39500001	40000000	-0.233971731335139
chrX	40000001	40500000	-0.213064370856362
chrX	40500001	41000000	-0.180585179362946
chrX	41000001	41500000	-0.0657763693263186
chrX	41500001	42000000	-0.160497435926512
chrX	42000001	42500000	-0.0943146748512552
chrX	42500001	43000000	-0.0537053964168129
chrX	43000001	43500000	-0.0676490278388439
chrX	43500001	44000000	-0.0394085234263091
chrX	44000001	44500000	-0.0762370634739127
chrX	44500001	45000000	0.0375300751037079
chrX	45000001	45500000	-0.123163200008406
chrX	45500001	46000000	-0.0868122468972897
chrX	46000001	46500000	-0.0566002192847038
chrX	46500001	47000000	-0.0772881989864947
chrX	47000001	47500000	-0.0818530291914637
chrX	47500001	48000000	-0.130554049514043
chrX	48500001	49000000	0.0115305593165102
chrX	49500001	50000000	NA
chrX	50000001	50500000	NA
chrX	50500001	51000000	-0.0184581447494377
chrX	51000001	51500000	0.0404511263206647
chrX	51500001	52000000	-0.103843280690695
chrX	52000001	52500000	-0.27266314317763
chrX	53000001	53500000	-0.148756848916376
chrX	53500001	54000000	-0.148345696602368
chrX	54000001	54500000	-0.00572487226071496
chrX	54500001	55000000	-0.035018363302318
chrX	55000001	55500000	-0.103326991748204
chrX	55500001	56000000	-0.00227980447709165
chrX	56000001	56500000	-0.0147032674767934
chrX	56500001	57000000	0.0114828722382813
chrX	57000001	57500000	0.0294035991731536
chrX	64000001	64500000	-0.00731898274365935
chrX	64500001	65000000	0.0250129649129567
chrX	65000001	65500000	-0.0717544085302869
chrX	65500001	66000000	0.0574626468492937
chrX	66000001	66500000	-0.0366456840107821
chrX	66500001	67000000	-0.0775365714410301
chrX	67000001	67500000	-0.0057852782211822
chrX	67500001	68000000	-0.0542857882727448
chrX	68000001	68500000	0.0151738585609785
chrX	68500001	69000000	0.0336835907904355
chrX	69000001	69500000	-0.146951087613749
chrX	69500001	70000000	-0.0345300765025026
chrX	70000001	70500000	-0.00727500687699226
chrX	70500001	71000000	-0.0963095291423421
chrX	71000001	71500000	0.0446278279918589
chrX	71500001	72000000	-0.255060812161186
chrX	72000001	72500000	0.0182915279978061
chrX	73000001	73500000	0.0102536125001301
chrX	73500001	74000000	0.00515853473571344
chrX	74000001	74500000	-0.0382566347709008
chrX	74500001	75000000	-0.0180852639320552
chrX	75000001	75500000	0.0135825711936736
chrX	75500001	76000000	-0.0440762849151846
chrX	76000001	76500000	-0.101740704949914
chrX	76500001	77000000	0.0191224414291201
chrX	77000001	77500000	0.0664912409771971
chrX	77500001	78000000	-0.0498398722750467
chrX	78000001	78500000	-0.12041436081653
chrX	78500001	79000000	-0.0710446571612178
chrX	79000001	79500000	-0.0790066045329894
chrX	79500001	80000000	0.0224361307721311
chrX	80000001	80500000	-0.0448094174459045
chrX	80500001	81000000	-0.0698034233982308
chrX	81000001	81500000	-0.0227529634523751
chrX	81500001	82000000	-0.0866706493850375
chrX	82000001	82500000	-0.0509074300351313
chrX	82500001	83000000	-0.0386190294131467
chrX	83000001	83500000	0.0591769382778496
chrX	83500001	84000000	-0.0345791439538509
chrX	84000001	84500000	-0.0982333775054216
chrX	84500001	85000000	-0.128547957523335
chrX	85000001	85500000	0.023233535306395
chrX	85500001	86000000	-0.100356024992346
chrX	86000001	86500000	-0.0526792863979021
chrX	86500001	87000000	-0.0536669241520633
chrX	87000001	87500000	-0.0462349596770559
chrX	87500001	88000000	-0.0152751033311216
chrX	88000001	88500000	-0.00605075071466941
chrX	88500001	89000000	-0.0600545887467324
chrX	91000001	91500000	-0.131068509645708
chrX	93000001	93500000	-0.184717254530385
chrX	93500001	94000000	-0.158038020137423
chrX	94000001	94500000	-0.217175577106205
chrX	94500001	95000000	-0.239819479437744
chrX	95000001	95500000	-0.187459339939707
chrX	95500001	96000000	-0.212194696038765
chrX	96000001	96500000	-0.231136222307826
chrX	96500001	97000000	-0.148827720308829
chrX	97000001	97500000	-0.179739534964186
chrX	97500001	98000000	-0.096761223495171
chrX	98000001	98500000	-0.145216040711427
chrX	98500001	99000000	-0.159621968382783
chrX	99000001	99500000	-0.126762289651087
chrX	99500001	100000000	-0.18928046915546
chrX	100000001	100500000	-0.179532872675609
chrX	100500001	101000000	-0.154087098718312
chrX	101000001	101500000	-0.0951416623276257
chrX	101500001	102000000	-0.162263666878463
chrX	102500001	103000000	-0.177419655826989
chrX	103000001	103500000	-0.189707399223875
chrX	103500001	104000000	-0.268245853138062
chrX	104000001	104500000	-0.189412390562529
chrX	104500001	105000000	-0.127342683219146
chrX	105000001	105500000	-0.22825532889027
chrX	105500001	106000000	-0.176922124585178
chrX	106000001	106500000	-0.136071032149537
chrX	106500001	107000000	-0.241418109392234
chrX	107000001	107500000	-0.194718514751579
chrX	107500001	108000000	-0.133903768362073
chrX	108000001	108500000	-0.129163007486013
chrX	108500001	109000000	-0.210328802090719
chrX	109000001	109500000	-0.142696043454058
chrX	109500001	110000000	-0.0827241590105294
chrX	110000001	110500000	-0.215490046266221
chrX	110500001	111000000	-0.197169602630291
chrX	111000001	111500000	-0.252551173640095
chrX	111500001	112000000	-0.139597843566605
chrX	112000001	112500000	-0.151893107154433
chrX	112500001	113000000	-0.150631338779106
chrX	113000001	113500000	-0.115614059809318
chrX	113500001	114000000	-0.20631154616901
chrX	114000001	114500000	NA
chrX	114500001	115000000	-0.205949817567926
chrX	115000001	115500000	-0.131535165416639
chrX	116000001	116500000	-0.187717582764192
chrX	116500001	117000000	NA
chrX	117000001	117500000	-0.0692926292418749
chrX	117500001	118000000	-0.189569427234428
chrX	118000001	118500000	-0.155730759179956
chrX	118500001	119000000	-0.215793024651686
chrX	119000001	119500000	-0.128207661500767
chrX	119500001	120000000	-0.161490028702032
chrX	120000001	120500000	-0.304438778606156
chrX	121000001	121500000	-0.163722614286981
chrX	121500001	122000000	-0.182296891640304
chrX	122000001	122500000	-0.230143950662979
chrX	122500001	123000000	-0.173020353073289
chrX	123000001	123500000	-0.201226049404146
chrX	123500001	124000000	-0.151366458824797
chrX	124000001	124500000	-0.1348173943855
chrX	124500001	125000000	-0.213252291674307
chrX	125000001	125500000	-0.15459604236669
chrX	125500001	126000000	-0.131318525983552
chrX	126000001	126500000	-0.187504581664466
chrX	126500001	127000000	-0.0920579620657767
chrX	127000001	127500000	-0.124523811577539
chrX	127500001	128000000	-0.148925259859569
chrX	128000001	128500000	-0.181459449025586
chrX	128500001	129000000	-0.157282738824136
chrX	129000001	129500000	-0.0862962686875529
chrX	129500001	130000000	-0.000488586481796227
chrX	130000001	130500000	-0.224721841631918
chrX	130500001	131000000	-0.25337159305229
chrX	131000001	131500000	-0.129101209581579
chrX	131500001	132000000	-0.180593259588398
chrX	132000001	132500000	-0.19218621360452
chrX	132500001	133000000	-0.243150604878218
chrX	133000001	133500000	-0.269323434533135
chrX	133500001	134000000	-0.144956866594157
chrX	134000001	134500000	-0.184130958106651
chrX	134500001	135000000	-0.119722944720759
chrX	135000001	135500000	-0.3451203055728
chrX	136000001	136500000	-0.2577263567048
chrX	136500001	137000000	-0.193667843293154
chrX	137000001	137500000	-0.192133046269038
chrX	137500001	138000000	-0.188591271232141
chrX	138000001	138500000	-0.190488156034486
chrX	138500001	139000000	-0.1903454995426
chrX	139000001	139500000	-0.195700583880774
chrX	139500001	140000000	-0.203775515651766
chrX	140000001	140500000	-0.25563814598939
chrX	140500001	141000000	-0.179481171529442
chrX	141000001	141500000	-0.354103543752887
chrX	141500001	142000000	-0.33776764967604
chrX	142000001	142500000	-0.184524215405778
chrX	142500001	143000000	-0.170161425335717
chrX	143000001	143500000	-0.127303359918616
chrX	143500001	144000000	-0.0858589633810773
chrX	144500001	145000000	-0.195830478667805
chrX	145000001	145500000	-0.107566677854687
chrX	145500001	146000000	-0.140949355351231
chrX	146000001	146500000	0.000307357646172023
chrX	146500001	147000000	-0.168711616350953
chrX	147000001	147500000	-0.137675714195385
chrX	147500001	148000000	-0.20103145359945
chrX	148000001	148500000	-0.107258872516343
chrX	148500001	149000000	-0.197265746904387
chrX	149000001	149500000	-0.174822042496068
chrX	149500001	150000000	-0.432226633316272
chrX	150000001	150500000	-0.135648352002822
chrX	150500001	151000000	-0.0632906212264776
chrX	151000001	151500000	-0.138605824352482
chrX	151500001	152000000	-0.105341523422664
chrX	152000001	152500000	-0.142955245775853
chrX	152500001	153000000	-0.349113105925767
chrX	153000001	153500000	-0.307763536825297
chrX	153500001	154000000	-0.0545624803740119
chrX	154500001	155000000	-0.369523133696095
chrX	155000001	155500000	-0.351338126414296
