chr	start	end	log2_TNratio_corrected
chr1	1000001	1500000	NA
chr1	1500001	2000000	-0.232426924653505
chr1	2000001	2500000	-0.0907893456182071
chr1	2500001	3000000	NA
chr1	3000001	3500000	-0.0803656119652989
chr1	3500001	4000000	-0.0413321841131515
chr1	4000001	4500000	-0.108521062465764
chr1	4500001	5000000	-0.100780688345568
chr1	5000001	5500000	-0.0806766896338407
chr1	5500001	6000000	-0.160027703258339
chr1	6000001	6500000	0.021888613839325
chr1	6500001	7000000	-0.0590866282273979
chr1	7000001	7500000	-0.208195285111405
chr1	7500001	8000000	0.0681595099912109
chr1	8000001	8500000	-0.00857208516992013
chr1	8500001	9000000	-0.0909448189442279
chr1	9000001	9500000	-0.035273714012112
chr1	9500001	10000000	0.0274080463713939
chr1	10000001	10500000	-0.0178945917828282
chr1	10500001	11000000	-0.0647509760270118
chr1	11000001	11500000	-0.00421716389720236
chr1	11500001	12000000	-0.0323243339091472
chr1	12000001	12500000	0.0338428095010834
chr1	13500001	14000000	-0.0391584343995512
chr1	14000001	14500000	0.117730327244698
chr1	14500001	15000000	-0.0550896069589286
chr1	15000001	15500000	0.0119489512523537
chr1	15500001	16000000	0.0351178832497056
chr1	16000001	16500000	-0.0315765148215099
chr1	17000001	17500000	0.0132920683266923
chr1	17500001	18000000	-0.0348637355258072
chr1	18000001	18500000	-0.015304051453411
chr1	18500001	19000000	-0.0228953884745358
chr1	19000001	19500000	-0.0638903942115787
chr1	19500001	20000000	-0.0176191154351186
chr1	20000001	20500000	0.0289684928837038
chr1	20500001	21000000	-0.0247058983082164
chr1	21000001	21500000	0.0814771385033221
chr1	21500001	22000000	0.0756395291841748
chr1	22000001	22500000	0.00604077233913253
chr1	22500001	23000000	-0.0187111586545555
chr1	23000001	23500000	-0.0846791600632282
chr1	23500001	24000000	0.0437493749697042
chr1	24000001	24500000	-0.00513437529799801
chr1	24500001	25000000	-0.0346551759434878
chr1	25000001	25500000	-0.0588409189157747
chr1	25500001	26000000	0.00574459574737129
chr1	26000001	26500000	-0.0356358685741194
chr1	26500001	27000000	0.0112702837430398
chr1	27000001	27500000	0.0906613137226491
chr1	27500001	28000000	0.0541456858299139
chr1	28000001	28500000	0.00838465386357017
chr1	28500001	29000000	-0.0410142530635886
chr1	29000001	29500000	0.0218568384034865
chr1	29500001	30000000	NA
chr1	30000001	30500000	0.0329617547930023
chr1	30500001	31000000	0.0368317017587459
chr1	31000001	31500000	0.0204034470341065
chr1	31500001	32000000	0.0697706811591155
chr1	32000001	32500000	-0.0763094352049307
chr1	32500001	33000000	0.0137637046164455
chr1	33000001	33500000	0.0695934996331853
chr1	33500001	34000000	0.0335314478555092
chr1	34000001	34500000	0.00285503355652483
chr1	34500001	35000000	0.107024151500849
chr1	35000001	35500000	-0.023089227918367
chr1	35500001	36000000	0.0379909901329701
chr1	36000001	36500000	0.122706254524003
chr1	36500001	37000000	0.0170112007141364
chr1	37000001	37500000	0.0068016586164881
chr1	37500001	38000000	0.063952817100447
chr1	38000001	38500000	0.0278734260618204
chr1	38500001	39000000	0.0311812559036845
chr1	39000001	39500000	0.004117899293585
chr1	39500001	40000000	0.0466262520534861
chr1	40000001	40500000	0.123197029728823
chr1	40500001	41000000	0.0168100623627018
chr1	41000001	41500000	0.0388741569439953
chr1	41500001	42000000	0.0834406722522571
chr1	42000001	42500000	0.0663643591329632
chr1	42500001	43000000	0.0518162225811611
chr1	43000001	43500000	0.00892339149020129
chr1	43500001	44000000	0.0893693510873595
chr1	44000001	44500000	0.0334871959293152
chr1	44500001	45000000	0.00993691630276662
chr1	45000001	45500000	0.0365597597242916
chr1	45500001	46000000	-0.0179699503770006
chr1	46000001	46500000	0.0996292608051056
chr1	46500001	47000000	0.0898327924824544
chr1	47000001	47500000	0.100813284353017
chr1	47500001	48000000	0.0985804045310801
chr1	48000001	48500000	0.0928190609096794
chr1	48500001	49000000	0.0794319022295374
chr1	49000001	49500000	0.00453126863292857
chr1	49500001	50000000	-0.0967223743231323
chr1	50000001	50500000	0.00911077139870269
chr1	50500001	51000000	-0.0339009608020353
chr1	51000001	51500000	-0.0113901569446702
chr1	51500001	52000000	0.016012530516741
chr1	52000001	52500000	0.0949747613371939
chr1	52500001	53000000	0.0277853647063637
chr1	53000001	53500000	0.0501986720628928
chr1	53500001	54000000	0.000791710632804726
chr1	54000001	54500000	0.0679148883069043
chr1	54500001	55000000	0.0244478765193173
chr1	55000001	55500000	0.0307582578754797
chr1	55500001	56000000	0.158954011281657
chr1	56000001	56500000	0.0341967237351148
chr1	56500001	57000000	0.0342178270781624
chr1	57000001	57500000	0.0546475716715732
chr1	57500001	58000000	0.0490603516884045
chr1	58000001	58500000	0.112836540294484
chr1	58500001	59000000	0.121482993570817
chr1	59000001	59500000	-0.0344692074888243
chr1	59500001	60000000	0.0656430249336355
chr1	60000001	60500000	0.0240450824868245
chr1	60500001	61000000	0.0966731788761311
chr1	61000001	61500000	0.0271346928480426
chr1	61500001	62000000	0.0404578209798688
chr1	62000001	62500000	-0.104956619702335
chr1	62500001	63000000	0.0503552550290693
chr1	63000001	63500000	-0.0141131350338598
chr1	63500001	64000000	0.0481650291436373
chr1	64000001	64500000	0.0540429864264658
chr1	64500001	65000000	0.128136538126908
chr1	65000001	65500000	0.0150214036731482
chr1	65500001	66000000	-0.0212967429917254
chr1	66000001	66500000	0.0308438755557647
chr1	66500001	67000000	-0.0218282636795306
chr1	67000001	67500000	-0.0218578025803557
chr1	67500001	68000000	0.042554540120264
chr1	68000001	68500000	0.0278282063295618
chr1	68500001	69000000	0.0912398144161804
chr1	69000001	69500000	0.0838781688033599
chr1	69500001	70000000	0.048221806263962
chr1	70000001	70500000	-0.0589888195034956
chr1	70500001	71000000	0.104672944437082
chr1	71000001	71500000	-0.0485365112395791
chr1	71500001	72000000	0.0107706576840221
chr1	72000001	72500000	0.0686512022312998
chr1	72500001	73000000	-0.0785316218606083
chr1	73000001	73500000	-0.0548751150191052
chr1	73500001	74000000	0.0151174287044298
chr1	74000001	74500000	-0.0023991983297453
chr1	74500001	75000000	-0.0746440876599393
chr1	75000001	75500000	0.0302725181991769
chr1	75500001	76000000	-0.0584020391913046
chr1	76000001	76500000	-0.00316846725471755
chr1	76500001	77000000	0.0131257211055883
chr1	77000001	77500000	0.051585880859659
chr1	77500001	78000000	-0.0396014595777271
chr1	78000001	78500000	-0.0210842071119616
chr1	78500001	79000000	0.0276055661829722
chr1	79000001	79500000	0.0183641732094949
chr1	79500001	80000000	-0.00626206727598568
chr1	80000001	80500000	0.0940961564458388
chr1	80500001	81000000	-0.0474900667863896
chr1	81000001	81500000	0.0886907971973913
chr1	81500001	82000000	-0.0772443739070313
chr1	82000001	82500000	0.0367408914811636
chr1	82500001	83000000	-0.0116070505477919
chr1	83500001	84000000	-0.0443049393136112
chr1	84000001	84500000	0.0523484440510032
chr1	84500001	85000000	-0.038010243907746
chr1	85000001	85500000	-0.152756635817797
chr1	85500001	86000000	-0.0155102679889292
chr1	86000001	86500000	0.0633446063697784
chr1	86500001	87000000	0.0573459941302293
chr1	87000001	87500000	-0.0357484020618733
chr1	87500001	88000000	-0.00825874190851105
chr1	88000001	88500000	-0.0269096186711462
chr1	88500001	89000000	0.0742304966095812
chr1	89000001	89500000	0.0789038355120042
chr1	89500001	90000000	0.0972312245367037
chr1	90000001	90500000	0.0127512447537903
chr1	90500001	91000000	0.0337550101571364
chr1	91000001	91500000	0.103001294080595
chr1	91500001	92000000	0.0665469569862305
chr1	92000001	92500000	0.0925716068514843
chr1	92500001	93000000	-0.0155841689489106
chr1	93000001	93500000	0.0383089036604683
chr1	93500001	94000000	0.0645273905581946
chr1	94000001	94500000	0.131446067466465
chr1	94500001	95000000	0.0855176867036386
chr1	95000001	95500000	0.0145844410689854
chr1	95500001	96000000	-0.00173216526104955
chr1	96000001	96500000	-0.038002709438004
chr1	96500001	97000000	0.0703987769887503
chr1	97000001	97500000	-0.0176846079674482
chr1	97500001	98000000	0.13656944243355
chr1	98000001	98500000	0.0384365956541156
chr1	98500001	99000000	0.030555992401527
chr1	99000001	99500000	0.0766495132493084
chr1	99500001	100000000	-0.0524963399172115
chr1	100000001	100500000	0.0931345113034428
chr1	100500001	101000000	-0.0232635599800566
chr1	101000001	101500000	0.111930554279683
chr1	101500001	102000000	-0.0544265262981709
chr1	102000001	102500000	0.0289027604760135
chr1	102500001	103000000	-0.032102142893766
chr1	103000001	103500000	-0.0156953876563213
chr1	103500001	104000000	-0.268519379456613
chr1	104000001	104500000	-0.0514746974638549
chr1	104500001	105000000	-0.00495138268437814
chr1	105000001	105500000	-0.017285377036402
chr1	105500001	106000000	-0.103517792362802
chr1	106000001	106500000	-0.136675026194496
chr1	106500001	107000000	-0.0430771446380824
chr1	107000001	107500000	-0.109824806739691
chr1	107500001	108000000	0.10313983981156
chr1	108500001	109000000	0.0287458778114848
chr1	109000001	109500000	-0.0232319791400475
chr1	109500001	110000000	0.0806565958806017
chr1	110000001	110500000	0.127919493547925
chr1	110500001	111000000	-0.0113540516100993
chr1	111000001	111500000	0.0632588444527336
chr1	111500001	112000000	-0.0379114862658704
chr1	112000001	112500000	0.0706266750124668
chr1	112500001	113000000	0.022963025793427
chr1	113000001	113500000	0.0517573462442852
chr1	113500001	114000000	0.0163929049139994
chr1	114000001	114500000	0.0400218572197453
chr1	114500001	115000000	0.0115867353763224
chr1	115000001	115500000	-0.0161587634910602
chr1	115500001	116000000	-0.0245764917599092
chr1	116000001	116500000	0.0367940512678333
chr1	116500001	117000000	0.0755764391188775
chr1	117000001	117500000	0.00064726999059053
chr1	117500001	118000000	0.018725066930918
chr1	118000001	118500000	-0.0172230737420796
chr1	118500001	119000000	-0.0278618498393521
chr1	119000001	119500000	0.0606738219446423
chr1	119500001	120000000	0.121247735056851
chr1	145500001	146000000	0.104815096193845
chr1	147000001	147500000	0.0822212992647341
chr1	147500001	148000000	0.0597717535798124
chr1	150000001	150500000	0.07868480325842
chr1	150500001	151000000	0.114693109701571
chr1	151000001	151500000	0.00284129526122462
chr1	151500001	152000000	0.0249167299700162
chr1	152000001	152500000	0.0883252553779232
chr1	152500001	153000000	0.0328668293447525
chr1	153000001	153500000	0.111312529601809
chr1	153500001	154000000	0.0361652525404873
chr1	154000001	154500000	0.07052965351356
chr1	154500001	155000000	-0.0935143869639698
chr1	155000001	155500000	0.0849655302236531
chr1	155500001	156000000	-0.0026623351428996
chr1	156000001	156500000	0.108786812128883
chr1	156500001	157000000	0.0382122986717597
chr1	157000001	157500000	0.028408518036673
chr1	157500001	158000000	0.0548681266429605
chr1	158000001	158500000	0.13222111286424
chr1	158500001	159000000	0.127482685790575
chr1	159000001	159500000	-0.0192454169305913
chr1	159500001	160000000	0.151695036462722
chr1	160000001	160500000	0.0880177667038345
chr1	160500001	161000000	0.0611554808482414
chr1	161000001	161500000	0.0854776927289478
chr1	161500001	162000000	-0.0635734718951683
chr1	162000001	162500000	0.0552053977910392
chr1	162500001	163000000	-0.0259996300319221
chr1	163000001	163500000	0.0252101157287289
chr1	163500001	164000000	0.0298400111256942
chr1	164000001	164500000	-0.0116652824766746
chr1	164500001	165000000	0.0197942511472832
chr1	165000001	165500000	-0.0172737759481512
chr1	165500001	166000000	0.00882479996379838
chr1	166000001	166500000	-0.0593697773807388
chr1	166500001	167000000	-0.0672082540791571
chr1	167000001	167500000	0.0349668459584328
chr1	167500001	168000000	0.0626976969716875
chr1	168000001	168500000	-0.0383366889340646
chr1	168500001	169000000	-0.0357909478032139
chr1	169000001	169500000	0.029399474974641
chr1	169500001	170000000	0.0415056634680164
chr1	170000001	170500000	-0.0883082284171334
chr1	170500001	171000000	-0.00961694569227058
chr1	171000001	171500000	0.0491813357718986
chr1	171500001	172000000	0.0541210930073305
chr1	172000001	172500000	-0.011732920015422
chr1	172500001	173000000	0.0782654269892199
chr1	173000001	173500000	-0.045737905975468
chr1	173500001	174000000	0.0312616124984132
chr1	174000001	174500000	0.0699643393592277
chr1	174500001	175000000	0.179960861253718
chr1	175000001	175500000	-0.0114334776143581
chr1	175500001	176000000	0.0237695044118517
chr1	176000001	176500000	0.0907858607035118
chr1	176500001	177000000	0.00911245177230361
chr1	177000001	177500000	-0.00118871065918288
chr1	177500001	178000000	-0.0628261727019089
chr1	178000001	178500000	0.0271123423744257
chr1	178500001	179000000	0.0953183708991792
chr1	179000001	179500000	0.0968989408243426
chr1	179500001	180000000	0.0106364991935068
chr1	180000001	180500000	-0.023227182802129
chr1	180500001	181000000	-0.00745285021306952
chr1	181000001	181500000	0.0376012627101309
chr1	181500001	182000000	-0.0334333155880165
chr1	182000001	182500000	0.149036688963888
chr1	182500001	183000000	0.0942999866516883
chr1	183000001	183500000	0.0905970045822247
chr1	183500001	184000000	0.12390979449831
chr1	184000001	184500000	0.0656391842907526
chr1	184500001	185000000	-0.052018592139489
chr1	185000001	185500000	0.149833226226983
chr1	185500001	186000000	0.111702680430314
chr1	186000001	186500000	0.0282574266902882
chr1	186500001	187000000	-0.00955987617561285
chr1	187000001	187500000	-6.67556543153995e-05
chr1	187500001	188000000	-0.013768061576403
chr1	188000001	188500000	0.0143666481973868
chr1	188500001	189000000	-0.053710519623618
chr1	189000001	189500000	0.0461777981027383
chr1	189500001	190000000	-0.0271855154772424
chr1	190000001	190500000	NA
chr1	190500001	191000000	0.112504158608202
chr1	191000001	191500000	0.0991426967474974
chr1	191500001	192000000	-0.0779877056638941
chr1	192000001	192500000	-0.00569955071459987
chr1	192500001	193000000	0.143079583304791
chr1	193000001	193500000	0.0790474970756891
chr1	193500001	194000000	-0.019503395535523
chr1	194000001	194500000	0.0350903064350237
chr1	194500001	195000000	0.0450389462179124
chr1	195000001	195500000	-0.0310686202567377
chr1	195500001	196000000	0.0108592585234504
chr1	196000001	196500000	0.0698683641682048
chr1	196500001	197000000	0.0462151153603425
chr1	197000001	197500000	0.0402035545323537
chr1	197500001	198000000	0.159462921986534
chr1	198000001	198500000	0.0990218045144448
chr1	198500001	199000000	0.173532329464105
chr1	199000001	199500000	0.0848260402721178
chr1	199500001	200000000	0.0579305352255765
chr1	200000001	200500000	0.048408287559008
chr1	200500001	201000000	0.0750618583482994
chr1	201000001	201500000	-0.0169433616815251
chr1	201500001	202000000	0.0280800203594902
chr1	202000001	202500000	0.179289973409118
chr1	202500001	203000000	0.120351723637988
chr1	203000001	203500000	-0.0175191975871676
chr1	203500001	204000000	0.0747831534729994
chr1	204000001	204500000	-0.0143048034859187
chr1	204500001	205000000	-0.024687730747675
chr1	205000001	205500000	0.0808876823163668
chr1	205500001	206000000	0.0387708164998932
chr1	206500001	207000000	0.0842264653609388
chr1	207000001	207500000	0.148217730394211
chr1	207500001	208000000	-0.0742402280248202
chr1	208000001	208500000	0.064200598370712
chr1	208500001	209000000	0.0124246925815777
chr1	209000001	209500000	-0.00825479499848473
chr1	209500001	210000000	0.0164752871906678
chr1	210000001	210500000	0.0136986136268779
chr1	210500001	211000000	-0.00488396345208822
chr1	211000001	211500000	-0.0737245820113812
chr1	211500001	212000000	0.043072990535764
chr1	212000001	212500000	0.0867760161608422
chr1	212500001	213000000	0.102979480312143
chr1	213000001	213500000	0.0199069826691102
chr1	213500001	214000000	-0.114964156612093
chr1	214000001	214500000	0.0265814537587667
chr1	214500001	215000000	0.0362281370266869
chr1	215000001	215500000	-0.0543852217622135
chr1	215500001	216000000	-0.0809982839297721
chr1	216000001	216500000	-0.0719797938467805
chr1	216500001	217000000	0.000152521381390144
chr1	217000001	217500000	-0.0576404871049932
chr1	217500001	218000000	0.046937883698153
chr1	218000001	218500000	0.0137026250747743
chr1	218500001	219000000	-0.0482550157000972
chr1	219000001	219500000	0.00856078732121659
chr1	219500001	220000000	-0.00371510682391077
chr1	220000001	220500000	0.00221765281173497
chr1	220500001	221000000	0.0833925280495523
chr1	221000001	221500000	0.0111790766683591
chr1	221500001	222000000	0.0532554572341753
chr1	222000001	222500000	0.0148994834483209
chr1	222500001	223000000	-0.0270826744009355
chr1	223000001	223500000	0.0484819093364417
chr1	224000001	224500000	0.00678436761081713
chr1	224500001	225000000	0.0370997735000605
chr1	225000001	225500000	0.0654889923244321
chr1	225500001	226000000	-0.0642747020661308
chr1	226000001	226500000	0.014233411440916
chr1	226500001	227000000	-0.0285016712513004
chr1	227000001	227500000	-0.0751555967620141
chr1	227500001	228000000	-0.0692111961950821
chr1	228000001	228500000	-0.0625278292624656
chr1	228500001	229000000	NA
chr1	229000001	229500000	0.0646503467843173
chr1	229500001	230000000	-0.107263682968353
chr1	230000001	230500000	-0.0929479165009422
chr1	230500001	231000000	0.0185814630192264
chr1	231000001	231500000	-0.0111002810608513
chr1	231500001	232000000	0.056486875549624
chr1	232000001	232500000	0.0290703882299683
chr1	232500001	233000000	-0.0333634387143896
chr1	233000001	233500000	-0.077374740394768
chr1	233500001	234000000	-0.038228829650356
chr1	234000001	234500000	-0.011557086083777
chr1	234500001	235000000	0.0629002238102603
chr1	235000001	235500000	0.0394992363034544
chr1	235500001	236000000	0.107514239828254
chr1	236000001	236500000	-0.0408165858179005
chr1	236500001	237000000	-0.0969026952292041
chr1	237000001	237500000	0.00627273904298721
chr1	237500001	238000000	0.0214327900781126
chr1	238000001	238500000	0.0548099776257486
chr1	238500001	239000000	-0.0237222640748285
chr1	239000001	239500000	-0.00998485745375414
chr1	239500001	240000000	0.0895600443364005
chr1	240000001	240500000	-0.0356346663861517
chr1	240500001	241000000	-0.0781310828427448
chr1	241000001	241500000	-0.134405418741521
chr1	241500001	242000000	-0.0552546313002819
chr1	242000001	242500000	0.0408854537833718
chr1	242500001	243000000	0.0943395385069117
chr1	243500001	244000000	0.0295517064269181
chr1	244000001	244500000	0.0364497535089941
chr1	244500001	245000000	0.0992943543361087
chr1	245000001	245500000	0.0293337639126674
chr1	245500001	246000000	0.0142657929109381
chr1	246000001	246500000	-0.00193149099353112
chr1	246500001	247000000	0.109385667160982
chr1	247000001	247500000	0.0326626000207863
chr1	247500001	248000000	0.113316259667559
chr1	248000001	248500000	0.0331715777266727
chr1	248500001	249000000	NA
chr2	1	500000	NA
chr2	500001	1000000	-0.0473410682132187
chr2	1000001	1500000	-0.0718897923463948
chr2	1500001	2000000	0.026542087183682
chr2	2000001	2500000	0.0530256886325
chr2	2500001	3000000	-0.0577856468706283
chr2	3000001	3500000	-0.0324480533765132
chr2	3500001	4000000	0.00491100890116614
chr2	4000001	4500000	-0.0448283579774078
chr2	4500001	5000000	-0.116025941407998
chr2	5000001	5500000	0.00867155750783912
chr2	5500001	6000000	-0.107130531046776
chr2	6000001	6500000	-0.0666806033508839
chr2	6500001	7000000	0.0255567608992349
chr2	7000001	7500000	0.029554692852234
chr2	7500001	8000000	-0.0391752528877005
chr2	8000001	8500000	0.0550539304124718
chr2	8500001	9000000	0.0482149689193963
chr2	9000001	9500000	0.0266315838023444
chr2	9500001	10000000	-0.0110063639820194
chr2	10000001	10500000	0.117011567182999
chr2	10500001	11000000	-0.00313977702947724
chr2	11000001	11500000	0.0958638175900639
chr2	11500001	12000000	-0.0152006184218874
chr2	12000001	12500000	0.189523115146229
chr2	12500001	13000000	0.0599651638245277
chr2	13000001	13500000	-0.0421770732639382
chr2	13500001	14000000	-0.0234985191214214
chr2	14000001	14500000	-0.0646537631914807
chr2	14500001	15000000	-0.0635475118745681
chr2	15000001	15500000	-0.00909152783155488
chr2	15500001	16000000	-0.104372811244909
chr2	16000001	16500000	NA
chr2	16500001	17000000	0.121616328145364
chr2	17000001	17500000	0.0627175095392767
chr2	17500001	18000000	0.0479504315402242
chr2	18000001	18500000	0.03834684800044
chr2	18500001	19000000	-0.0266707304390412
chr2	19000001	19500000	0.00380990950676924
chr2	19500001	20000000	0.0319198661033091
chr2	20000001	20500000	0.0581888748110905
chr2	20500001	21000000	NA
chr2	21000001	21500000	-0.0252220661359213
chr2	21500001	22000000	-0.00519571875974655
chr2	22000001	22500000	0.0305753239024867
chr2	22500001	23000000	-0.0732576749485659
chr2	23000001	23500000	-0.0852165360184794
chr2	23500001	24000000	0.00654843118442025
chr2	24000001	24500000	0.0246158354690064
chr2	24500001	25000000	0.0243391060462017
chr2	25000001	25500000	0.0491803716495418
chr2	25500001	26000000	-0.0312604673320119
chr2	26000001	26500000	0.000427268069910627
chr2	26500001	27000000	0.0489443379275093
chr2	27000001	27500000	-0.0479433999710422
chr2	27500001	28000000	0.0560359004052702
chr2	28000001	28500000	0.066280004592172
chr2	28500001	29000000	0.0276446942183023
chr2	29000001	29500000	0.0694533388975262
chr2	29500001	30000000	0.0486332819903985
chr2	30000001	30500000	0.00568019127996297
chr2	30500001	31000000	0.000299268092267907
chr2	31000001	31500000	NA
chr2	31500001	32000000	NA
chr2	32000001	32500000	0.0544315649314621
chr2	32500001	33000000	NA
chr2	33000001	33500000	-0.0493911606578932
chr2	33500001	34000000	0.0164654540177123
chr2	34000001	34500000	0.0105400131327369
chr2	34500001	35000000	0.10229369321717
chr2	35000001	35500000	-0.0151051485885435
chr2	35500001	36000000	-0.0545811060257615
chr2	36000001	36500000	0.0365000903143195
chr2	36500001	37000000	0.0540344375571694
chr2	37000001	37500000	0.0729095690446656
chr2	37500001	38000000	0.114167629285827
chr2	38000001	38500000	-0.0220152126329859
chr2	38500001	39000000	0.0242147910913616
chr2	39000001	39500000	-0.0610693066783409
chr2	39500001	40000000	0.0861646071359944
chr2	40000001	40500000	-0.00136062884289907
chr2	40500001	41000000	0.0546628121701791
chr2	41000001	41500000	-0.0073986826292553
chr2	41500001	42000000	0.103787308070805
chr2	42000001	42500000	0.152132537845408
chr2	42500001	43000000	0.0120132840885957
chr2	43000001	43500000	0.0929321251466377
chr2	43500001	44000000	-0.00585499713139385
chr2	44000001	44500000	0.112065868719885
chr2	44500001	45000000	0.0500684889343728
chr2	45000001	45500000	0.0198600737324872
chr2	45500001	46000000	0.0364915304850364
chr2	46000001	46500000	0.0608623203064925
chr2	46500001	47000000	-0.0615636559816429
chr2	47000001	47500000	-0.00917457534645482
chr2	47500001	48000000	0.00926224082108405
chr2	48000001	48500000	0.0502052224713678
chr2	48500001	49000000	-0.00952147455598084
chr2	49000001	49500000	0.051517023200749
chr2	49500001	50000000	-0.0665275432560622
chr2	50000001	50500000	-0.0369247211714082
chr2	50500001	51000000	-0.0364340082646858
chr2	51000001	51500000	0.0794141948665294
chr2	51500001	52000000	-0.0463126554864596
chr2	52000001	52500000	-0.0185459607003054
chr2	52500001	53000000	0.00778627998758963
chr2	53000001	53500000	-0.00158060000761825
chr2	53500001	54000000	-0.0178619800578114
chr2	54000001	54500000	-0.0660767469000565
chr2	54500001	55000000	-0.00480569302953986
chr2	55000001	55500000	0.113387172441182
chr2	55500001	56000000	-0.0543765992453296
chr2	56000001	56500000	-0.0486411110187094
chr2	56500001	57000000	0.00909653861236365
chr2	57000001	57500000	0.0306414647935792
chr2	57500001	58000000	0.0604123757477109
chr2	58000001	58500000	0.0201940623466554
chr2	58500001	59000000	0.058318221498447
chr2	59000001	59500000	0.0330801933962734
chr2	59500001	60000000	0.0779746091186589
chr2	60000001	60500000	0.121340629464865
chr2	60500001	61000000	0.0726897763408363
chr2	61000001	61500000	0.0617587969507274
chr2	61500001	62000000	0.0298517470172502
chr2	62000001	62500000	0.0617847953894139
chr2	62500001	63000000	0.00967363106447071
chr2	63000001	63500000	-0.006480901671053
chr2	63500001	64000000	-0.0705007785521383
chr2	64000001	64500000	0.145705574130886
chr2	64500001	65000000	0.109462381368272
chr2	65000001	65500000	0.0174253260279694
chr2	65500001	66000000	0.0942199191665662
chr2	66000001	66500000	0.0078347682790421
chr2	66500001	67000000	0.0544157805074235
chr2	67000001	67500000	-0.0417086196703636
chr2	67500001	68000000	-0.0316020838288165
chr2	68000001	68500000	-0.105734784321225
chr2	68500001	69000000	0.0179865447150228
chr2	69000001	69500000	0.0499858046619502
chr2	69500001	70000000	0.0900921739488727
chr2	70000001	70500000	0.137381571123892
chr2	70500001	71000000	0.0499479525899159
chr2	71000001	71500000	0.0109070650746558
chr2	71500001	72000000	0.107079308028082
chr2	72000001	72500000	0.021248176387623
chr2	72500001	73000000	-0.0176003127914354
chr2	73000001	73500000	-0.0114379509225124
chr2	73500001	74000000	0.0302672598191421
chr2	74000001	74500000	-0.0352248535253815
chr2	74500001	75000000	0.0734027883255714
chr2	75000001	75500000	-0.0118211118824465
chr2	75500001	76000000	-0.0777805171814085
chr2	76000001	76500000	-0.0766083478260554
chr2	76500001	77000000	-0.00772329315425284
chr2	77000001	77500000	-0.0106270360608032
chr2	77500001	78000000	0.103729676143797
chr2	78000001	78500000	-0.0744355673359196
chr2	78500001	79000000	-0.0184578084618691
chr2	79000001	79500000	-0.119856341357573
chr2	79500001	80000000	-0.0856513974615182
chr2	80000001	80500000	-0.0406286597278883
chr2	80500001	81000000	-0.004432793980239
chr2	81000001	81500000	0.00450691212770249
chr2	81500001	82000000	-0.00347534215498
chr2	82000001	82500000	-0.116024766244663
chr2	82500001	83000000	-0.0275161748646196
chr2	83000001	83500000	-0.00730768381809126
chr2	83500001	84000000	-0.0161082704652398
chr2	84000001	84500000	-0.00136997534343403
chr2	84500001	85000000	0.0570879404353017
chr2	85000001	85500000	0.02168003751213
chr2	85500001	86000000	0.0364683893669503
chr2	86000001	86500000	0.0239495225447846
chr2	88000001	88500000	-0.0941834003964498
chr2	88500001	89000000	0.0194091875400429
chr2	96500001	97000000	0.01989228725185
chr2	97500001	98000000	-0.0606859551298303
chr2	98000001	98500000	-0.000706870263430925
chr2	98500001	99000000	0.131726665950681
chr2	99000001	99500000	-0.0871753173390101
chr2	99500001	100000000	0.087278316124459
chr2	100000001	100500000	0.0221948479028777
chr2	100500001	101000000	0.0030877187941854
chr2	101000001	101500000	0.0807240480790188
chr2	101500001	102000000	0.0535595741319797
chr2	102000001	102500000	0.065195200594962
chr2	102500001	103000000	0.0149581839870477
chr2	103000001	103500000	-0.0379565470592558
chr2	103500001	104000000	0.0339654944541636
chr2	104000001	104500000	-0.0739637853252986
chr2	104500001	105000000	-0.0311013772139921
chr2	105000001	105500000	-0.0527574968862312
chr2	105500001	106000000	0.0292973742839586
chr2	106000001	106500000	0.0972395433347378
chr2	106500001	107000000	-0.00119969238013182
chr2	107000001	107500000	-0.0195558282151088
chr2	107500001	108000000	0.0496546510980766
chr2	108000001	108500000	-0.0864805012145757
chr2	108500001	109000000	0.0593102350043661
chr2	109000001	109500000	NA
chr2	110500001	111000000	-0.100798429938647
chr2	111000001	111500000	-0.0421097168761931
chr2	112000001	112500000	-0.0377406147593688
chr2	112500001	113000000	0.0812924016370082
chr2	113000001	113500000	0.0751982505199602
chr2	113500001	114000000	0.00519739070304763
chr2	114000001	114500000	0.0403301809254123
chr2	114500001	115000000	-0.00756215385734793
chr2	115000001	115500000	-0.0217285282143493
chr2	115500001	116000000	-0.148898384835799
chr2	116000001	116500000	-0.101184306352319
chr2	116500001	117000000	-0.0436308694429569
chr2	117000001	117500000	-0.118057078231192
chr2	117500001	118000000	0.0283359327758015
chr2	118000001	118500000	0.0630360028501028
chr2	118500001	119000000	0.0584801782082774
chr2	119000001	119500000	0.0110405802499247
chr2	119500001	120000000	-0.014128172591566
chr2	120000001	120500000	0.0662436390102688
chr2	120500001	121000000	-0.129397735996609
chr2	121000001	121500000	-0.0490632880816839
chr2	121500001	122000000	0.0193109912947147
chr2	122000001	122500000	-0.00944913788285192
chr2	122500001	123000000	-0.0725885825295749
chr2	123000001	123500000	-0.00178387548276979
chr2	123500001	124000000	-0.0565640247138249
chr2	124000001	124500000	-0.0603612519087187
chr2	124500001	125000000	-0.0236495081699581
chr2	125000001	125500000	-0.0123357184526733
chr2	125500001	126000000	-0.0104933524703249
chr2	126000001	126500000	-0.0208139042481007
chr2	126500001	127000000	0.0225836571640207
chr2	127000001	127500000	-0.0100229381860217
chr2	127500001	128000000	-0.0366250917570337
chr2	128000001	128500000	0.0934772717695999
chr2	128500001	129000000	-0.0457797588654591
chr2	129000001	129500000	-0.014440800431112
chr2	129500001	130000000	0.0405289193151165
chr2	132500001	133000000	0.0461008673345006
chr2	133000001	133500000	0.0558082846826487
chr2	133500001	134000000	0.0636932107585255
chr2	134000001	134500000	0.15412330177814
chr2	134500001	135000000	0.113621329009084
chr2	135000001	135500000	0.0949532725721828
chr2	135500001	136000000	0.0957590054796588
chr2	136000001	136500000	0.158213198604742
chr2	136500001	137000000	-0.0654286339077078
chr2	137000001	137500000	-0.00315734662028774
chr2	137500001	138000000	0.0224032458808525
chr2	138000001	138500000	0.0682608044216638
chr2	138500001	139000000	0.0970247667586462
chr2	139000001	139500000	-0.00274551572300747
chr2	139500001	140000000	0.0371686682632931
chr2	140000001	140500000	0.0253067850796179
chr2	140500001	141000000	0.0178660963232686
chr2	141000001	141500000	0.0820611303571421
chr2	141500001	142000000	0.0344432998961166
chr2	142000001	142500000	0.0180348471799956
chr2	142500001	143000000	-0.0106373879619061
chr2	143000001	143500000	0.089229340701073
chr2	143500001	144000000	0.0799911558721894
chr2	144000001	144500000	0.176759547871736
chr2	144500001	145000000	0.173046175810275
chr2	145000001	145500000	0.174380274863449
chr2	145500001	146000000	-0.00290768144749273
chr2	146000001	146500000	0.0450190686254301
chr2	146500001	147000000	-0.00821638882612401
chr2	147000001	147500000	0.0147637636857459
chr2	147500001	148000000	0.0476226643407211
chr2	148000001	148500000	0.15574654830738
chr2	148500001	149000000	0.0459752112226001
chr2	149000001	149500000	0.0259007560782632
chr2	149500001	150000000	-0.0192942185791898
chr2	150000001	150500000	0.0357571359710758
chr2	150500001	151000000	-0.0743772238280384
chr2	151000001	151500000	-0.000252985862761661
chr2	151500001	152000000	0.16980177202551
chr2	152000001	152500000	0.0606109073442922
chr2	152500001	153000000	0.0737503116703642
chr2	153000001	153500000	-0.217672289794959
chr2	153500001	154000000	0.0536099922735818
chr2	154000001	154500000	-0.00859844895558459
chr2	154500001	155000000	0.0180045941665119
chr2	155000001	155500000	0.0647989085067162
chr2	155500001	156000000	0.0299103197516791
chr2	156000001	156500000	0.0582445788415823
chr2	156500001	157000000	-0.0255386974638781
chr2	157000001	157500000	0.0917438299260477
chr2	157500001	158000000	0.0558107863821762
chr2	158000001	158500000	0.0966635112334292
chr2	158500001	159000000	0.0571779529946617
chr2	159000001	159500000	0.094215794577718
chr2	159500001	160000000	0.0632396264033602
chr2	160000001	160500000	0.0829048153986931
chr2	160500001	161000000	0.0682570659094262
chr2	161000001	161500000	0.0229677541295867
chr2	161500001	162000000	-0.0432324832672244
chr2	162000001	162500000	0.0717334302162917
chr2	162500001	163000000	-0.0243899794291869
chr2	163000001	163500000	-0.0455114322677596
chr2	163500001	164000000	-0.0627330100036417
chr2	164000001	164500000	-0.0516233556113254
chr2	164500001	165000000	-0.00687493117448363
chr2	165000001	165500000	0.127446275729152
chr2	165500001	166000000	0.011469017213238
chr2	166000001	166500000	0.0189539914544978
chr2	166500001	167000000	0.00105011593069068
chr2	167000001	167500000	-0.0254483508011902
chr2	167500001	168000000	0.00338324120911829
chr2	168000001	168500000	-0.0273645672190302
chr2	168500001	169000000	0.00863449904673056
chr2	169000001	169500000	0.0341311629314573
chr2	169500001	170000000	-0.0255180250375549
chr2	170000001	170500000	0.0090910744976954
chr2	170500001	171000000	-0.0111174405752243
chr2	171000001	171500000	-0.0474432187968027
chr2	171500001	172000000	0.0393610502281391
chr2	172000001	172500000	0.0679066922848424
chr2	172500001	173000000	-0.0399701503519331
chr2	173000001	173500000	-0.102730144913652
chr2	173500001	174000000	-0.0457128726344218
chr2	174000001	174500000	-0.0130188956923047
chr2	174500001	175000000	0.0415982494336817
chr2	175000001	175500000	-0.00728125054084989
chr2	175500001	176000000	0.0591694638641334
chr2	176000001	176500000	-0.102173711974896
chr2	176500001	177000000	-0.0177903367597811
chr2	177000001	177500000	-0.0755504851758324
chr2	177500001	178000000	-0.0123832228545061
chr2	178000001	178500000	0.0172769868936575
chr2	178500001	179000000	0.0104063971215871
chr2	179000001	179500000	-0.0559098011395034
chr2	179500001	180000000	-0.0759018245488691
chr2	180000001	180500000	0.000530369698908479
chr2	180500001	181000000	-0.0512800190327868
chr2	181000001	181500000	0.0596044917297768
chr2	181500001	182000000	0.113317270838613
chr2	182000001	182500000	-0.161876207249586
chr2	182500001	183000000	0.0778862345066901
chr2	183000001	183500000	-0.00279998485083589
chr2	183500001	184000000	-0.00907021062765781
chr2	184000001	184500000	-0.0836349898878876
chr2	184500001	185000000	-0.0197569314162754
chr2	185000001	185500000	-0.0625747438570786
chr2	185500001	186000000	0.0332773695104149
chr2	186000001	186500000	0.0239424138309306
chr2	186500001	187000000	-0.0449699570560996
chr2	187000001	187500000	0.0469597798633134
chr2	187500001	188000000	-0.0186135806803535
chr2	188000001	188500000	0.05016833000075
chr2	188500001	189000000	0.0378935442701782
chr2	189000001	189500000	0.0736314088878918
chr2	189500001	190000000	0.0364729631261435
chr2	190000001	190500000	-0.00779667529063405
chr2	190500001	191000000	0.0947373706763048
chr2	191000001	191500000	0.014224935980627
chr2	191500001	192000000	0.0875849708356852
chr2	192000001	192500000	0.0775090564371186
chr2	192500001	193000000	0.00545929553066492
chr2	193000001	193500000	NA
chr2	193500001	194000000	-0.0624710090662083
chr2	194000001	194500000	0.0257112509334676
chr2	194500001	195000000	0.0398091741225732
chr2	195000001	195500000	-0.0505669639286459
chr2	195500001	196000000	0.0183197178778051
chr2	196000001	196500000	0.000547748024203216
chr2	196500001	197000000	0.0423545406471939
chr2	197000001	197500000	0.111780084187021
chr2	197500001	198000000	0.134243104386697
chr2	198000001	198500000	0.0341339622184147
chr2	198500001	199000000	0.0436389651368246
chr2	199000001	199500000	-0.0323314173641694
chr2	199500001	200000000	0.00160857529450774
chr2	200000001	200500000	-0.0146558672151416
chr2	200500001	201000000	-0.0803316472042508
chr2	201000001	201500000	0.0542139624354279
chr2	201500001	202000000	-0.00180132032031595
chr2	202000001	202500000	0.0340855832386278
chr2	202500001	203000000	0.0517242551726121
chr2	203000001	203500000	-0.0964912086630918
chr2	203500001	204000000	-0.0181801810802248
chr2	204000001	204500000	-0.00528018518031313
chr2	204500001	205000000	0.014594515013966
chr2	205000001	205500000	-0.0135295475166415
chr2	205500001	206000000	-0.00920865862521272
chr2	206000001	206500000	0.109079534937851
chr2	206500001	207000000	0.015184696119192
chr2	207000001	207500000	-0.0566191867659295
chr2	207500001	208000000	0.0561642200244945
chr2	208000001	208500000	0.0699894181459452
chr2	208500001	209000000	0.00384979821628425
chr2	209000001	209500000	0.0157342734902797
chr2	209500001	210000000	-0.0271892867592844
chr2	210000001	210500000	0.0196869294852841
chr2	210500001	211000000	0.0167357452085995
chr2	211000001	211500000	-0.002716832230508
chr2	211500001	212000000	0.0781749765811713
chr2	212000001	212500000	0.00560423474290862
chr2	212500001	213000000	0.0898171299282887
chr2	213000001	213500000	-0.0438346260331701
chr2	213500001	214000000	-0.0419080209450527
chr2	214000001	214500000	0.0501988593455907
chr2	214500001	215000000	-0.0205548591411018
chr2	215000001	215500000	0.016074174390851
chr2	215500001	216000000	-0.00812490073526589
chr2	216000001	216500000	0.0261258468616232
chr2	216500001	217000000	-0.0746596490719428
chr2	217000001	217500000	0.127657144455614
chr2	217500001	218000000	0.039400377241131
chr2	218000001	218500000	0.159065102177204
chr2	218500001	219000000	0.0478394871164686
chr2	219000001	219500000	0.0543448429032017
chr2	219500001	220000000	-0.0931138995196339
chr2	220000001	220500000	-0.0958313196421486
chr2	220500001	221000000	-0.0357395704787495
chr2	221000001	221500000	-0.0136030515312071
chr2	221500001	222000000	-0.0327771542555008
chr2	222000001	222500000	0.0164761530413391
chr2	222500001	223000000	-0.0250890766753453
chr2	223000001	223500000	0.00126398132949704
chr2	223500001	224000000	0.0421832443162472
chr2	224000001	224500000	0.0686490280576562
chr2	224500001	225000000	0.037347125541571
chr2	225000001	225500000	0.0152598804049817
chr2	225500001	226000000	0.0511566071330037
chr2	226000001	226500000	-0.00652149696866955
chr2	226500001	227000000	0.0298964517545295
chr2	227000001	227500000	0.0380786752321685
chr2	227500001	228000000	-0.033375142964767
chr2	228000001	228500000	-0.09196933611654
chr2	228500001	229000000	-0.0781933335809755
chr2	229000001	229500000	-0.0336194837214836
chr2	229500001	230000000	0.0313534121741199
chr2	230000001	230500000	0.0888695154716289
chr2	230500001	231000000	0.0345480966018811
chr2	231000001	231500000	0.0169891793267672
chr2	231500001	232000000	0.0498030488177149
chr2	232000001	232500000	0.0380863373564269
chr2	232500001	233000000	-0.02685158316339
chr2	233000001	233500000	NA
chr2	233500001	234000000	-0.00303504175527373
chr2	234000001	234500000	-0.0692886809395712
chr2	234500001	235000000	-0.0406053176726083
chr2	235000001	235500000	-0.0581428037654774
chr2	235500001	236000000	-0.148301112068018
chr2	236000001	236500000	-0.0422592487574046
chr2	236500001	237000000	-0.0271809693973964
chr2	237000001	237500000	-0.060520207694086
chr2	237500001	238000000	-0.0823606381869611
chr2	238000001	238500000	-0.0366089026448049
chr2	238500001	239000000	NA
chr2	239000001	239500000	0.0638637982498317
chr2	239500001	240000000	NA
chr2	240000001	240500000	-0.0927106520230421
chr2	240500001	241000000	-0.128104198827011
chr2	241000001	241500000	-0.0350608427675395
chr2	241500001	242000000	-0.0327907260444738
chr3	1	500000	NA
chr3	500001	1000000	0.0487004980443379
chr3	1000001	1500000	-0.0324161356743424
chr3	1500001	2000000	0.0588853772193402
chr3	2000001	2500000	0.0746460281313124
chr3	2500001	3000000	0.0461202473715872
chr3	3000001	3500000	-0.0378471230911305
chr3	3500001	4000000	0.0899428644581092
chr3	4000001	4500000	0.0805301733025569
chr3	4500001	5000000	0.127957265090344
chr3	5000001	5500000	0.102289716555183
chr3	5500001	6000000	0.083299397161426
chr3	6000001	6500000	-0.112899207989129
chr3	6500001	7000000	0.0262202552123458
chr3	7000001	7500000	0.0512812109508269
chr3	7500001	8000000	0.0754877634069648
chr3	8000001	8500000	0.0497771758477131
chr3	8500001	9000000	-0.0693744332086258
chr3	9000001	9500000	-0.0426628016098147
chr3	9500001	10000000	-0.0284191785719294
chr3	10000001	10500000	-0.0462789122093309
chr3	10500001	11000000	-0.0208823760942064
chr3	11000001	11500000	0.000720774549318468
chr3	11500001	12000000	-0.00393851992700391
chr3	12000001	12500000	-0.034051318167816
chr3	12500001	13000000	0.0640042444867301
chr3	13000001	13500000	0.0163557277283476
chr3	13500001	14000000	-0.0331658422122594
chr3	14000001	14500000	-0.06195618945957
chr3	14500001	15000000	-0.0310045278226504
chr3	15000001	15500000	0.0125879211048755
chr3	15500001	16000000	-0.0734418672661158
chr3	16000001	16500000	-0.109290285964078
chr3	16500001	17000000	NA
chr3	17000001	17500000	-0.0357175588757788
chr3	17500001	18000000	0.00780316503577065
chr3	18000001	18500000	-0.0683857054997959
chr3	18500001	19000000	0.0628438824676636
chr3	19000001	19500000	0.0119371145907415
chr3	19500001	20000000	-0.0842972814001529
chr3	20000001	20500000	-0.0387918585833456
chr3	20500001	21000000	-0.0162772085858053
chr3	21000001	21500000	-0.0814128161117507
chr3	21500001	22000000	-0.0279827371794137
chr3	22000001	22500000	0.0444309588577034
chr3	22500001	23000000	-0.0110645848727262
chr3	23000001	23500000	0.0290333344708599
chr3	23500001	24000000	0.117771677605778
chr3	24000001	24500000	-0.00614735981187377
chr3	24500001	25000000	-0.118552208852342
chr3	25000001	25500000	0.0388297023727025
chr3	25500001	26000000	-0.111665169717345
chr3	26000001	26500000	-0.12062613961008
chr3	26500001	27000000	-0.059747015591119
chr3	27000001	27500000	-0.108774437975088
chr3	27500001	28000000	0.00815009113670494
chr3	28000001	28500000	0.00140799057751157
chr3	28500001	29000000	-0.00736861381534982
chr3	29000001	29500000	0.0471201284428701
chr3	29500001	30000000	0.00671638220538778
chr3	30000001	30500000	-0.00142361778897048
chr3	30500001	31000000	0.0267688504346237
chr3	31000001	31500000	0.035244341929859
chr3	31500001	32000000	0.00294000838525123
chr3	32000001	32500000	0.0414027138922541
chr3	32500001	33000000	0.00919998213218848
chr3	33000001	33500000	-0.000804998210042863
chr3	33500001	34000000	-0.0123870558771593
chr3	34000001	34500000	-0.00871027035733126
chr3	34500001	35000000	-0.0170293901392431
chr3	35000001	35500000	0.0882258892128743
chr3	35500001	36000000	0.0507929474978107
chr3	36000001	36500000	0.0769559956041428
chr3	36500001	37000000	0.00683824489162112
chr3	37000001	37500000	0.071707441932144
chr3	37500001	38000000	0.0346266058034081
chr3	38000001	38500000	0.118395937578065
chr3	38500001	39000000	-0.0109587105483041
chr3	39000001	39500000	0.0687231304736713
chr3	39500001	40000000	0.0416220772060735
chr3	40000001	40500000	-0.029897293862454
chr3	40500001	41000000	-0.0238130218042271
chr3	41000001	41500000	-0.0080985764254041
chr3	41500001	42000000	-0.003494799972414
chr3	42000001	42500000	0.110288467312058
chr3	42500001	43000000	-0.030600394298209
chr3	43000001	43500000	0.0173208603954573
chr3	43500001	44000000	0.00459666239016642
chr3	44000001	44500000	0.037785962313076
chr3	44500001	45000000	0.0310682777188086
chr3	45000001	45500000	0.0392705267081707
chr3	45500001	46000000	0.013914964642281
chr3	46000001	46500000	0.171632624739994
chr3	46500001	47000000	0.158478816666914
chr3	47000001	47500000	0.0797691281568697
chr3	47500001	48000000	0.0623212812909523
chr3	48000001	48500000	-0.0340844826804488
chr3	48500001	49000000	-0.0485834837798592
chr3	49000001	49500000	0.00223144529511127
chr3	49500001	50000000	-0.000142443629959844
chr3	50000001	50500000	-0.0127083380957492
chr3	50500001	51000000	-0.0216708648628639
chr3	51000001	51500000	0.0230821247315683
chr3	51500001	52000000	-0.0169247403934162
chr3	52000001	52500000	0.057758581491886
chr3	52500001	53000000	-0.0766583794528496
chr3	53000001	53500000	-0.040004166673593
chr3	53500001	54000000	-0.0590198989943941
chr3	54000001	54500000	-0.0641470816852436
chr3	54500001	55000000	-0.0306184415244436
chr3	55000001	55500000	-0.180373825633957
chr3	55500001	56000000	-0.0191679784984763
chr3	56000001	56500000	-0.0818642146067484
chr3	56500001	57000000	-0.00755411268153709
chr3	57000001	57500000	0.0435163133906955
chr3	57500001	58000000	0.00236604813660853
chr3	58000001	58500000	-0.0750781173887241
chr3	58500001	59000000	-0.0624146870127777
chr3	59000001	59500000	-0.0334560337411936
chr3	59500001	60000000	-0.0140640141138003
chr3	60000001	60500000	NA
chr3	60500001	61000000	0.0566585311364996
chr3	61000001	61500000	0.00732166155753897
chr3	61500001	62000000	-0.0139495473194297
chr3	62000001	62500000	-0.0133870964164796
chr3	62500001	63000000	-0.0883848904849647
chr3	63000001	63500000	-0.0294053869324211
chr3	63500001	64000000	0.11616089040864
chr3	64000001	64500000	0.0403517432556357
chr3	64500001	65000000	-0.0647075221118546
chr3	65000001	65500000	-0.000786575315746803
chr3	65500001	66000000	-0.0869941442047129
chr3	66000001	66500000	NA
chr3	66500001	67000000	0.01134540481999
chr3	67000001	67500000	0.073813020844267
chr3	67500001	68000000	-0.0333354651107477
chr3	68000001	68500000	-0.0208738946440646
chr3	68500001	69000000	-0.0101090453233867
chr3	69000001	69500000	0.0228982879164373
chr3	69500001	70000000	-0.012206049130807
chr3	70000001	70500000	-0.0134088151074014
chr3	70500001	71000000	0.0557440622201788
chr3	71000001	71500000	0.0121884775881129
chr3	71500001	72000000	0.11295842037076
chr3	72000001	72500000	-0.0178098274336285
chr3	72500001	73000000	0.0571706343390568
chr3	73000001	73500000	-0.00101565353318275
chr3	73500001	74000000	-0.0618152650342797
chr3	74000001	74500000	-0.0413653244975559
chr3	74500001	75000000	-0.00596837133000511
chr3	75000001	75500000	0.213469318959967
chr3	76000001	76500000	0.0853032028178261
chr3	76500001	77000000	-0.0278255356538332
chr3	77000001	77500000	-0.000411523643880425
chr3	77500001	78000000	0.0101053921970349
chr3	78000001	78500000	-0.036025209184387
chr3	78500001	79000000	-0.0362667673471941
chr3	79000001	79500000	0.0260459309484683
chr3	79500001	80000000	-0.0793346781381783
chr3	80000001	80500000	-0.104344871536184
chr3	80500001	81000000	-0.0555333753181654
chr3	81000001	81500000	0.0339361182397333
chr3	81500001	82000000	-0.0412507290930048
chr3	82000001	82500000	-0.0703433959489124
chr3	82500001	83000000	-0.0663974500742651
chr3	83000001	83500000	NA
chr3	83500001	84000000	-0.0176085967842742
chr3	84000001	84500000	-0.0882574480695894
chr3	84500001	85000000	-0.0580347084869394
chr3	85000001	85500000	NA
chr3	85500001	86000000	-0.0589642086018349
chr3	86000001	86500000	-0.0513759664032675
chr3	86500001	87000000	-0.0636740428337398
chr3	87000001	87500000	0.0901418403272409
chr3	94500001	95000000	-0.0605847462751075
chr3	95000001	95500000	-0.0233183376359072
chr3	95500001	96000000	0.00821428513229687
chr3	96000001	96500000	-0.0483607747228611
chr3	96500001	97000000	-0.0104494658021868
chr3	97000001	97500000	-0.0185180676450697
chr3	97500001	98000000	0.00809502695448049
chr3	98000001	98500000	0.046194053368541
chr3	98500001	99000000	0.0325022202896541
chr3	99000001	99500000	0.124571846679385
chr3	99500001	100000000	0.0964492773150907
chr3	100000001	100500000	-0.0388004835724938
chr3	100500001	101000000	0.0224630615729138
chr3	101000001	101500000	0.0559631626565691
chr3	101500001	102000000	0.0173780472196134
chr3	102000001	102500000	0.0385469868261624
chr3	102500001	103000000	-0.0646193098903305
chr3	103000001	103500000	0.115790648531565
chr3	103500001	104000000	-0.0372965109040753
chr3	104000001	104500000	0.0716356605127035
chr3	104500001	105000000	0.0476099414592633
chr3	105000001	105500000	0.0447433927975622
chr3	105500001	106000000	-0.0150006876916657
chr3	106000001	106500000	0.059373052723678
chr3	106500001	107000000	0.0389676649681771
chr3	107000001	107500000	0.00655024804832952
chr3	107500001	108000000	0.0293259611201782
chr3	108000001	108500000	0.12341861257408
chr3	108500001	109000000	0.00826736360251069
chr3	109000001	109500000	-0.0942903630568787
chr3	109500001	110000000	-0.017264293190407
chr3	110000001	110500000	-0.0815885809478834
chr3	110500001	111000000	-0.0359488188137528
chr3	111000001	111500000	0.00827367058224869
chr3	111500001	112000000	0.0552874502626736
chr3	112000001	112500000	0.0792577607968448
chr3	112500001	113000000	0.116687103435077
chr3	113000001	113500000	0.0764318572370608
chr3	113500001	114000000	-0.036584650198549
chr3	114000001	114500000	0.0251332759213986
chr3	114500001	115000000	0.112180176751503
chr3	115000001	115500000	0.107046714390819
chr3	115500001	116000000	0.110839534389628
chr3	116000001	116500000	-0.0280669610144409
chr3	116500001	117000000	0.0108111399545005
chr3	117000001	117500000	-0.0266765367139301
chr3	117500001	118000000	0.00276900776798516
chr3	118000001	118500000	-0.0550976482577413
chr3	118500001	119000000	-0.0598742903704612
chr3	119000001	119500000	0.0111214795942902
chr3	119500001	120000000	-0.0850477905277766
chr3	120000001	120500000	0.0378084817492395
chr3	120500001	121000000	0.0211161810648245
chr3	121000001	121500000	-0.010254297678009
chr3	121500001	122000000	0.119966847014059
chr3	122000001	122500000	0.102704889091714
chr3	122500001	123000000	0.0225787362261196
chr3	123000001	123500000	-0.0552335601819088
chr3	123500001	124000000	-0.0486472692229085
chr3	124000001	124500000	0.00758051072439561
chr3	124500001	125000000	-0.04043648644331
chr3	125000001	125500000	-0.0080777016561507
chr3	126000001	126500000	-0.153825313927627
chr3	126500001	127000000	-0.0540240445911431
chr3	127000001	127500000	-0.019547032134299
chr3	127500001	128000000	-0.0525230494560292
chr3	128000001	128500000	0.00959818206358361
chr3	128500001	129000000	0.140478723262885
chr3	129000001	129500000	-0.0164038885279574
chr3	129500001	130000000	0.0168590445325615
chr3	130500001	131000000	0.0242954242689657
chr3	131000001	131500000	0.0368257068997297
chr3	131500001	132000000	0.00607022848992676
chr3	132000001	132500000	0.0624575869158253
chr3	132500001	133000000	0.0664207285795806
chr3	133000001	133500000	0.0180113286478309
chr3	133500001	134000000	0.0644482103601883
chr3	134000001	134500000	0.0618104500043183
chr3	134500001	135000000	0.0863009335246598
chr3	135000001	135500000	0.0214675132062717
chr3	135500001	136000000	0.00111639309647698
chr3	136000001	136500000	0.0329136727189619
chr3	136500001	137000000	0.0943885719555478
chr3	137000001	137500000	0.0911033938022854
chr3	137500001	138000000	0.00597132690790599
chr3	138000001	138500000	0.0264396743618762
chr3	138500001	139000000	0.0634700863994812
chr3	139000001	139500000	0.101094741957009
chr3	139500001	140000000	-0.0176896988070816
chr3	140000001	140500000	0.0622120850902611
chr3	140500001	141000000	0.0144958182924611
chr3	141000001	141500000	0.0331876769513834
chr3	141500001	142000000	0.133698760713121
chr3	142000001	142500000	0.0328577528223498
chr3	142500001	143000000	0.0454612340729965
chr3	143000001	143500000	0.0730150323044496
chr3	143500001	144000000	0.0974559176041318
chr3	144000001	144500000	0.00152708244411441
chr3	144500001	145000000	0.0823533138291671
chr3	145000001	145500000	0.0255377967529176
chr3	145500001	146000000	0.0206893953564512
chr3	146000001	146500000	0.0680943310558024
chr3	146500001	147000000	0.0505047691485657
chr3	147000001	147500000	0.0379012017517677
chr3	147500001	148000000	0.0909769894929172
chr3	148000001	148500000	0.12720413652835
chr3	148500001	149000000	0.13357471150904
chr3	149000001	149500000	0.0839387044017933
chr3	149500001	150000000	0.128197580366441
chr3	150000001	150500000	0.00960199669271186
chr3	150500001	151000000	0.135145350161821
chr3	151000001	151500000	0.161482625211201
chr3	151500001	152000000	0.0292266855858201
chr3	152000001	152500000	0.150457753309132
chr3	152500001	153000000	-0.0169696563720832
chr3	153000001	153500000	-0.0105870650696508
chr3	153500001	154000000	0.0910136856321347
chr3	154000001	154500000	0.0232304836091265
chr3	154500001	155000000	0.107978572024199
chr3	155000001	155500000	0.050877891648177
chr3	155500001	156000000	0.0801413593713423
chr3	156000001	156500000	0.132925071675438
chr3	156500001	157000000	0.0602108711303008
chr3	157000001	157500000	0.0422852379833435
chr3	157500001	158000000	0.034704826763975
chr3	158000001	158500000	0.156180560183989
chr3	158500001	159000000	0.0917669462229312
chr3	159000001	159500000	0.0868214402370445
chr3	159500001	160000000	0.0088590866898439
chr3	160000001	160500000	0.0449652803150993
chr3	160500001	161000000	0.130242533516505
chr3	161000001	161500000	0.0294320327943392
chr3	161500001	162000000	0.0238640882975547
chr3	162000001	162500000	0.103601110198666
chr3	162500001	163000000	-0.0526240027026266
chr3	163000001	163500000	0.0617138429198068
chr3	163500001	164000000	-0.0192704411938337
chr3	164000001	164500000	0.0239439347687713
chr3	164500001	165000000	0.0568528531590723
chr3	165000001	165500000	0.0894393887268965
chr3	165500001	166000000	0.0695042925394149
chr3	166000001	166500000	0.136561262848981
chr3	166500001	167000000	0.0179207921962151
chr3	167000001	167500000	0.0448268809919107
chr3	167500001	168000000	0.209471990168037
chr3	168000001	168500000	0.161740796527089
chr3	168500001	169000000	0.0657902636002364
chr3	169000001	169500000	0.0905663953586164
chr3	169500001	170000000	0.117547191612348
chr3	170000001	170500000	-0.00417183575000947
chr3	170500001	171000000	-0.011023061207185
chr3	171000001	171500000	0.109383656361082
chr3	171500001	172000000	0.118393897987362
chr3	172000001	172500000	0.163880466724246
chr3	172500001	173000000	0.0213226483593555
chr3	173000001	173500000	0.145830086410328
chr3	173500001	174000000	0.0330252381267251
chr3	174000001	174500000	-0.00360798095505619
chr3	174500001	175000000	0.050103896115639
chr3	175000001	175500000	0.0805311903912801
chr3	175500001	176000000	0.0491246894292078
chr3	176000001	176500000	0.0750646434363307
chr3	176500001	177000000	0.0848565668324147
chr3	177000001	177500000	0.0939339057949222
chr3	177500001	178000000	0.0868570596631765
chr3	178000001	178500000	0.154022141426969
chr3	178500001	179000000	0.0410833938845499
chr3	179000001	179500000	0.0826800491822452
chr3	179500001	180000000	0.0553591437906424
chr3	180000001	180500000	0.0936977627344176
chr3	180500001	181000000	0.0750123668523354
chr3	181000001	181500000	0.0233007435978782
chr3	181500001	182000000	0.046886924947153
chr3	182000001	182500000	0.0388805673599063
chr3	182500001	183000000	0.122532969738513
chr3	183000001	183500000	0.0970560499781315
chr3	183500001	184000000	0.141301075206745
chr3	184000001	184500000	0.0371014858208229
chr3	184500001	185000000	0.132279603625829
chr3	185000001	185500000	0.1191174415204
chr3	185500001	186000000	0.0662948000531954
chr3	186000001	186500000	0.101475395796643
chr3	186500001	187000000	0.132796887785297
chr3	187000001	187500000	0.174748875611481
chr3	187500001	188000000	0.0131018530882721
chr3	188000001	188500000	0.158598200371152
chr3	188500001	189000000	0.161356881348123
chr3	189000001	189500000	0.00804371005999175
chr3	189500001	190000000	0.116768668340597
chr3	190000001	190500000	0.120992403213873
chr3	190500001	191000000	0.105502356169952
chr3	191000001	191500000	0.0644936398150906
chr3	191500001	192000000	0.00361400431126105
chr3	192000001	192500000	0.052952289327213
chr3	192500001	193000000	0.055255938952041
chr3	193000001	193500000	0.0783491274742229
chr3	193500001	194000000	0.12595053759151
chr3	194000001	194500000	0.0853408870145136
chr3	194500001	195000000	0.0890467806138807
chr3	195000001	195500000	0.175507712434486
chr3	195500001	196000000	0.333607568939726
chr3	196000001	196500000	0.152407485423159
chr3	196500001	197000000	0.0667121493404267
chr3	197000001	197500000	0.168939129598437
chr3	197500001	198000000	0.0744633807175248
chr4	1	500000	NA
chr4	500001	1000000	0.0338368965868796
chr4	1000001	1500000	NA
chr4	1500001	2000000	0.107133332630997
chr4	2000001	2500000	-0.0548124917073386
chr4	2500001	3000000	-0.0153932213476307
chr4	3000001	3500000	-0.0691970285014451
chr4	3500001	4000000	0.272647714677434
chr4	4500001	5000000	-0.000573234737007752
chr4	5000001	5500000	-0.0159881656193941
chr4	5500001	6000000	-0.0451780654161949
chr4	6000001	6500000	-0.0227768025076424
chr4	6500001	7000000	0.0209504232767472
chr4	7000001	7500000	-0.0405270852068994
chr4	7500001	8000000	-0.0460307507062025
chr4	8000001	8500000	-0.0627788347284468
chr4	8500001	9000000	NA
chr4	10000001	10500000	-0.0110967589078667
chr4	10500001	11000000	-0.0466411508134664
chr4	11000001	11500000	0.0466847518227936
chr4	11500001	12000000	0.00591417527094493
chr4	12000001	12500000	-0.0502174725196544
chr4	12500001	13000000	-0.00903957973798492
chr4	13000001	13500000	-0.055309133672423
chr4	13500001	14000000	0.0593732908791131
chr4	14000001	14500000	-0.0550528792932413
chr4	14500001	15000000	0.0692420184298612
chr4	15000001	15500000	-0.0186529073082109
chr4	15500001	16000000	0.107885419223194
chr4	16000001	16500000	0.0511745481853991
chr4	16500001	17000000	-0.0806572067878991
chr4	17000001	17500000	-0.067046065415952
chr4	17500001	18000000	-0.0859874995209487
chr4	18000001	18500000	-0.0194817156480366
chr4	18500001	19000000	-0.11758378791963
chr4	19000001	19500000	-0.106780522989911
chr4	19500001	20000000	-0.0699690078721748
chr4	20000001	20500000	-0.0614646359072568
chr4	20500001	21000000	-0.019632883505044
chr4	21000001	21500000	-0.079393296252085
chr4	21500001	22000000	-0.00626183499705905
chr4	22000001	22500000	-0.0524889875085787
chr4	22500001	23000000	-0.0272112209725972
chr4	23000001	23500000	-0.0179824483696031
chr4	23500001	24000000	-0.128103787570136
chr4	24000001	24500000	-0.0890393472664279
chr4	24500001	25000000	-0.0330271811751384
chr4	25000001	25500000	-0.0438670126995721
chr4	25500001	26000000	-0.169884422893658
chr4	26000001	26500000	0.0645092896188821
chr4	26500001	27000000	0.0622589924350997
chr4	27000001	27500000	-0.136012040749244
chr4	27500001	28000000	-0.00990296569423843
chr4	28000001	28500000	-0.0952967679427269
chr4	28500001	29000000	-0.171695519975307
chr4	29000001	29500000	-0.000989044277627006
chr4	29500001	30000000	-0.103865408044511
chr4	30000001	30500000	-0.124164552310069
chr4	30500001	31000000	-0.0848914772788408
chr4	31000001	31500000	-0.0741600076963786
chr4	31500001	32000000	NA
chr4	32000001	32500000	-0.0820361323998633
chr4	32500001	33000000	NA
chr4	33000001	33500000	-0.0165554888283078
chr4	33500001	34000000	-0.00694190647527798
chr4	34000001	34500000	-0.0807167755377536
chr4	34500001	35000000	-0.0198084854513395
chr4	35000001	35500000	-0.034437056566843
chr4	35500001	36000000	-0.035673690257009
chr4	36000001	36500000	0.0140478976808759
chr4	36500001	37000000	-0.0126698644445382
chr4	37000001	37500000	-0.0353065555187271
chr4	37500001	38000000	0.105356146250569
chr4	38000001	38500000	0.0285704186694211
chr4	38500001	39000000	0.0391694467953929
chr4	39000001	39500000	-0.0519228915556147
chr4	39500001	40000000	0.0436994722182422
chr4	40000001	40500000	0.0624695812034937
chr4	40500001	41000000	0.0733069313173381
chr4	41000001	41500000	0.00984831744848048
chr4	41500001	42000000	-0.0290248048194591
chr4	42000001	42500000	-0.0965306054990817
chr4	42500001	43000000	0.0304916278346863
chr4	43000001	43500000	-0.160833971992829
chr4	43500001	44000000	0.00112689080422831
chr4	44000001	44500000	-0.0275851696886358
chr4	44500001	45000000	-0.0758365692395873
chr4	45000001	45500000	-0.250204828980233
chr4	45500001	46000000	-0.157006283735322
chr4	46000001	46500000	-0.104979349664455
chr4	46500001	47000000	-0.0129965762457648
chr4	47000001	47500000	0.0331387896865087
chr4	47500001	48000000	-0.0181523583130714
chr4	52000001	52500000	0.0795584741327925
chr4	52500001	53000000	-0.0915662870565484
chr4	53000001	53500000	0.048865428783036
chr4	53500001	54000000	0.166328501280342
chr4	54000001	54500000	-0.025915115065813
chr4	54500001	55000000	-0.0367253567513713
chr4	55000001	55500000	-0.0346990361217471
chr4	55500001	56000000	-0.0309118537732277
chr4	56000001	56500000	-0.0611990983822777
chr4	56500001	57000000	-0.0176507669657931
chr4	57000001	57500000	0.092159024834453
chr4	57500001	58000000	0.000232795983821032
chr4	58000001	58500000	-0.0403833348707229
chr4	58500001	59000000	NA
chr4	59000001	59500000	-0.0112501200959738
chr4	59500001	60000000	0.0398229119650489
chr4	60000001	60500000	-0.0439808641628799
chr4	60500001	61000000	0.00957776604552872
chr4	61000001	61500000	-0.100390400709855
chr4	61500001	62000000	-0.114468911928759
chr4	62000001	62500000	-0.0731427979980206
chr4	62500001	63000000	0.0460882140124679
chr4	63000001	63500000	-0.0403322760552366
chr4	63500001	64000000	-0.00721230638400802
chr4	64000001	64500000	-0.0067638926416347
chr4	64500001	65000000	0.00842611678060991
chr4	65000001	65500000	-0.0247552288161008
chr4	65500001	66000000	-0.00397791269092892
chr4	66000001	66500000	-0.0189897261573258
chr4	66500001	67000000	-0.12513583993208
chr4	67000001	67500000	0.0764062257686368
chr4	67500001	68000000	0.0371108671877476
chr4	68000001	68500000	0.0387408863037131
chr4	68500001	69000000	0.0102367622051161
chr4	69000001	69500000	0.124802628820159
chr4	69500001	70000000	-0.115706959365546
chr4	70000001	70500000	0.0266516369986578
chr4	70500001	71000000	0.0136410405165379
chr4	71000001	71500000	0.130796978066015
chr4	71500001	72000000	0.0172138966445273
chr4	72000001	72500000	0.0527173271197133
chr4	72500001	73000000	0.00515481388351324
chr4	73000001	73500000	-0.107952954328027
chr4	73500001	74000000	0.0673184500014294
chr4	74000001	74500000	0.0934142844254187
chr4	74500001	75000000	0.0213043535446217
chr4	75000001	75500000	0.0494506471221615
chr4	75500001	76000000	-0.0634630850313262
chr4	76000001	76500000	-0.00328210464870432
chr4	76500001	77000000	0.0307145865843971
chr4	77000001	77500000	0.128663213611126
chr4	77500001	78000000	-0.0327811700714024
chr4	78000001	78500000	0.0734128118525043
chr4	78500001	79000000	0.0626524679087518
chr4	79000001	79500000	-0.100446484043907
chr4	79500001	80000000	-0.0345421492079106
chr4	80000001	80500000	0.0323671909162841
chr4	80500001	81000000	-0.00775815175208863
chr4	81000001	81500000	0.0324807556507239
chr4	81500001	82000000	-0.0161603867303704
chr4	82000001	82500000	-0.0446687288196862
chr4	82500001	83000000	-0.0300802182848539
chr4	83000001	83500000	0.0242161595178674
chr4	83500001	84000000	-0.0568980643420115
chr4	84000001	84500000	-0.0449075813445605
chr4	84500001	85000000	0.0795416376457722
chr4	85000001	85500000	0.0158318536864441
chr4	85500001	86000000	0.0222301094869545
chr4	86000001	86500000	-0.105183257010273
chr4	86500001	87000000	0.0363052195011571
chr4	87000001	87500000	0.0861356274821345
chr4	87500001	88000000	-0.020759732979297
chr4	88000001	88500000	0.00696461148233016
chr4	88500001	89000000	0.0158789664600913
chr4	89000001	89500000	-0.0127651753258945
chr4	89500001	90000000	0.0146401684771828
chr4	90000001	90500000	0.0765196089679217
chr4	90500001	91000000	0.0146672886204314
chr4	91000001	91500000	-0.0722007122692772
chr4	91500001	92000000	0.0101967933181088
chr4	92000001	92500000	0.0232218974168739
chr4	92500001	93000000	-0.0360171968622193
chr4	93000001	93500000	-0.0818488587925367
chr4	93500001	94000000	0.0388672636155113
chr4	94000001	94500000	-0.0319357200023285
chr4	94500001	95000000	-0.0572418740907478
chr4	95000001	95500000	-0.0462519422698864
chr4	95500001	96000000	-0.033552346811177
chr4	96000001	96500000	-0.0147796005142489
chr4	96500001	97000000	-0.142801373888265
chr4	97000001	97500000	-0.0444424839576366
chr4	97500001	98000000	0.0899656768701483
chr4	98000001	98500000	-0.051431704117818
chr4	98500001	99000000	-0.0545053912380865
chr4	99000001	99500000	-0.145117176646644
chr4	99500001	100000000	-0.0638873332414748
chr4	100000001	100500000	-0.0135818467927872
chr4	100500001	101000000	0.0564658710917127
chr4	101000001	101500000	0.0484926537825299
chr4	101500001	102000000	-0.0107471093996415
chr4	102000001	102500000	-0.0327175867419101
chr4	102500001	103000000	-0.0164621820401224
chr4	103000001	103500000	0.0341090538840863
chr4	103500001	104000000	-0.110489528639325
chr4	104000001	104500000	-0.146498655981223
chr4	104500001	105000000	0.0149949240217299
chr4	105000001	105500000	-0.0280022340382326
chr4	105500001	106000000	-0.00789162289802568
chr4	106000001	106500000	0.0480816007990769
chr4	106500001	107000000	-0.142485087910822
chr4	107000001	107500000	-0.0132058689105623
chr4	107500001	108000000	-0.112748019015867
chr4	108000001	108500000	0.0432134570696968
chr4	108500001	109000000	-0.055954546644901
chr4	109000001	109500000	-0.0562466042619536
chr4	109500001	110000000	-0.0772094722989344
chr4	110000001	110500000	-0.0046859886320565
chr4	110500001	111000000	-0.12293297516009
chr4	111000001	111500000	-0.0854756850834254
chr4	111500001	112000000	-0.0825085311597748
chr4	112000001	112500000	0.0122920392391183
chr4	112500001	113000000	-0.112076924651801
chr4	113000001	113500000	-0.000150700455653859
chr4	113500001	114000000	-0.0741036692576561
chr4	114000001	114500000	-0.133061683162443
chr4	114500001	115000000	-0.0694178137941079
chr4	115000001	115500000	-0.113752813521531
chr4	115500001	116000000	-0.0463673815346788
chr4	116000001	116500000	-0.0660063214424664
chr4	116500001	117000000	0.0341121466982252
chr4	117000001	117500000	-0.00590581528149643
chr4	117500001	118000000	0.0184595981783713
chr4	118000001	118500000	-0.0338752386980328
chr4	118500001	119000000	-0.0601434178285209
chr4	119000001	119500000	0.0040900114164979
chr4	119500001	120000000	0.0183280352936466
chr4	120000001	120500000	-0.100936462813096
chr4	120500001	121000000	-0.00623518673513906
chr4	121000001	121500000	0.0203246090554691
chr4	121500001	122000000	-0.0187145302920852
chr4	122000001	122500000	0.0120168488232603
chr4	122500001	123000000	-0.0240901631343071
chr4	123000001	123500000	0.00591022516147706
chr4	123500001	124000000	-0.0690206000025221
chr4	124000001	124500000	-0.056857201191988
chr4	124500001	125000000	-0.0232982153324355
chr4	125000001	125500000	-0.0291693695291083
chr4	125500001	126000000	0.00578107204948902
chr4	126000001	126500000	-0.0893972901639202
chr4	126500001	127000000	-0.0711176750892373
chr4	127000001	127500000	-0.0740648495770122
chr4	127500001	128000000	-0.0687279957085224
chr4	128000001	128500000	-0.0371766975188698
chr4	128500001	129000000	0.0671235125039794
chr4	129000001	129500000	-0.0366766684427075
chr4	129500001	130000000	-0.0285306149181777
chr4	130000001	130500000	-0.0559772246856813
chr4	130500001	131000000	-0.144643091645136
chr4	131000001	131500000	-0.00479781457797693
chr4	132000001	132500000	-0.0205117982920452
chr4	132500001	133000000	-0.0452369078019066
chr4	133000001	133500000	-0.0221538527613626
chr4	133500001	134000000	-0.00123440559043482
chr4	134000001	134500000	-0.0264463566565777
chr4	134500001	135000000	0.00137855788559076
chr4	135000001	135500000	-0.113072590500563
chr4	135500001	136000000	-0.114830797135654
chr4	136000001	136500000	-0.122783623141567
chr4	136500001	137000000	-0.0691377062722541
chr4	137000001	137500000	-0.127322419650163
chr4	137500001	138000000	-0.0502114252245233
chr4	138000001	138500000	-0.00909141245032694
chr4	138500001	139000000	-0.0166573837006115
chr4	139000001	139500000	-0.0364893001429362
chr4	139500001	140000000	0.0540657719107135
chr4	140000001	140500000	-0.00856369275607681
chr4	140500001	141000000	-0.0728602324963996
chr4	141000001	141500000	-0.0968714171582902
chr4	141500001	142000000	-0.0445667901200397
chr4	142000001	142500000	-0.0317129958824771
chr4	142500001	143000000	-0.0286043780233475
chr4	143000001	143500000	-0.138844425662766
chr4	143500001	144000000	0.175611217285508
chr4	144000001	144500000	0.0362368329300606
chr4	144500001	145000000	-0.0773721554022717
chr4	145000001	145500000	-0.0601387300499572
chr4	145500001	146000000	-0.0656573379432024
chr4	146000001	146500000	-0.0916551406678651
chr4	146500001	147000000	0.000596574859760255
chr4	147000001	147500000	-0.0713330054344946
chr4	147500001	148000000	0.0138261228513984
chr4	148000001	148500000	-0.00508250289650719
chr4	148500001	149000000	-0.00587735425347854
chr4	149000001	149500000	0.0432274109227729
chr4	149500001	150000000	-0.0530023988411167
chr4	150000001	150500000	0.0158667542878894
chr4	150500001	151000000	-0.0102588212232743
chr4	151000001	151500000	-0.0538474008156248
chr4	151500001	152000000	-0.142015503379569
chr4	152000001	152500000	-0.0198401392806734
chr4	152500001	153000000	0.0559956047034481
chr4	153000001	153500000	-0.0380349929740138
chr4	153500001	154000000	0.0781051692919863
chr4	154000001	154500000	-0.0861620473205062
chr4	154500001	155000000	0.0166352250133004
chr4	155000001	155500000	-0.109558191379964
chr4	155500001	156000000	-0.148361158593086
chr4	156000001	156500000	0.0201772315407869
chr4	156500001	157000000	0.0162219798706848
chr4	157000001	157500000	-0.0537141168296198
chr4	157500001	158000000	-0.13921844721988
chr4	158000001	158500000	0.0455658012775517
chr4	158500001	159000000	0.0241044412316358
chr4	159000001	159500000	0.0402732081823813
chr4	159500001	160000000	0.033535053178575
chr4	160000001	160500000	-0.084871598574274
chr4	160500001	161000000	-0.0712101728746948
chr4	161000001	161500000	0.0297538438113404
chr4	161500001	162000000	-0.00746462204774548
chr4	162000001	162500000	-0.0433135117679843
chr4	162500001	163000000	-0.039612739231516
chr4	163000001	163500000	-0.0800325811533239
chr4	163500001	164000000	-0.0129247479261332
chr4	164000001	164500000	-0.00948726140521914
chr4	164500001	165000000	0.0160547578250289
chr4	165000001	165500000	0.0490526154926367
chr4	165500001	166000000	-0.0368893119367594
chr4	166000001	166500000	-0.069011044604722
chr4	166500001	167000000	-0.0484011775206086
chr4	167000001	167500000	-0.109982789098182
chr4	167500001	168000000	0.0068161098729648
chr4	168000001	168500000	-0.0237564366723866
chr4	168500001	169000000	-0.0684220007346011
chr4	169000001	169500000	0.00726560034153897
chr4	169500001	170000000	-0.106815115719232
chr4	170000001	170500000	0.0600201751534054
chr4	170500001	171000000	0.0168028029276177
chr4	171000001	171500000	0.02185960930326
chr4	171500001	172000000	-0.0260440496743673
chr4	172000001	172500000	-0.0258816830864628
chr4	172500001	173000000	-0.10753886630894
chr4	173000001	173500000	-0.0534582910046015
chr4	173500001	174000000	0.0151657667948921
chr4	174000001	174500000	0.00803593997765864
chr4	174500001	175000000	-0.0574058476296196
chr4	175000001	175500000	-0.0516004588163958
chr4	175500001	176000000	-0.133940277457971
chr4	176000001	176500000	-0.0523305546729373
chr4	176500001	177000000	-0.0629908258661572
chr4	177000001	177500000	-0.0755160579995824
chr4	177500001	178000000	-0.102829215828756
chr4	178000001	178500000	-0.0332427517815753
chr4	178500001	179000000	-0.0335030111000954
chr4	179000001	179500000	-0.0122436496581536
chr4	179500001	180000000	-0.0440368125966082
chr4	180000001	180500000	-0.0621054939498634
chr4	180500001	181000000	-0.0635955100160882
chr4	181000001	181500000	-0.142102832226542
chr4	181500001	182000000	-0.0764446212408876
chr4	182000001	182500000	-0.195669541550121
chr4	182500001	183000000	-0.0934621610130526
chr4	183000001	183500000	-0.0851998810443241
chr4	183500001	184000000	0.0105552352964592
chr4	184000001	184500000	0.0630822525985934
chr4	184500001	185000000	0.0253129082199059
chr4	185000001	185500000	-0.0617886734319072
chr4	185500001	186000000	-0.121071069478345
chr4	186000001	186500000	-0.0710389522098437
chr4	186500001	187000000	-0.0182337675117238
chr4	187000001	187500000	-0.0959177351014179
chr4	187500001	188000000	-0.102857742386995
chr4	188000001	188500000	-0.134417910247611
chr4	188500001	189000000	-0.017195614434819
chr4	189000001	189500000	-0.114568609582813
chr5	1	500000	NA
chr5	500001	1000000	0.257904583555026
chr5	1000001	1500000	0.0688407885799756
chr5	1500001	2000000	-0.0575766716300899
chr5	2000001	2500000	-0.0479127869893985
chr5	2500001	3000000	-0.0599359893391722
chr5	3000001	3500000	-0.165266576653282
chr5	3500001	4000000	-0.0707806861646805
chr5	4000001	4500000	-0.0545563302504654
chr5	4500001	5000000	-0.142915362324144
chr5	5000001	5500000	-0.0571227398795057
chr5	5500001	6000000	0.0130927675469349
chr5	6000001	6500000	-0.0174001895550374
chr5	6500001	7000000	0.100303509357605
chr5	7000001	7500000	-0.0805242620209472
chr5	7500001	8000000	0.104035681168264
chr5	8000001	8500000	-0.00689364210953004
chr5	8500001	9000000	0.00256844168354909
chr5	9000001	9500000	-0.0891786309507781
chr5	9500001	10000000	0.0351487450570422
chr5	10000001	10500000	0.117459923150734
chr5	10500001	11000000	0.140847957724704
chr5	11000001	11500000	-0.00560484886413285
chr5	11500001	12000000	-0.0487651788397079
chr5	12000001	12500000	-0.0314683494794367
chr5	12500001	13000000	0.0490686576853772
chr5	13000001	13500000	-0.0476528693032637
chr5	13500001	14000000	0.00145155603876389
chr5	14000001	14500000	0.105891547120454
chr5	14500001	15000000	0.134858281107567
chr5	15000001	15500000	-0.0212054015288346
chr5	15500001	16000000	-0.0274645918522046
chr5	16000001	16500000	-0.0222288993549002
chr5	16500001	17000000	-0.0213669661392877
chr5	17000001	17500000	0.119025233770409
chr5	17500001	18000000	NA
chr5	18000001	18500000	0.104840038033695
chr5	18500001	19000000	-0.0831770515792279
chr5	19000001	19500000	-0.0124311032503243
chr5	19500001	20000000	0.076877944891117
chr5	20000001	20500000	-0.0306168620376856
chr5	20500001	21000000	0.0540004882052563
chr5	21500001	22000000	0.182992396228107
chr5	22000001	22500000	0.00122792096106867
chr5	22500001	23000000	-0.0158047354193816
chr5	23000001	23500000	0.0745155820706303
chr5	23500001	24000000	0.0216185183552093
chr5	24000001	24500000	0.054806986267715
chr5	24500001	25000000	-0.0449057384181029
chr5	25000001	25500000	-0.00353161263258546
chr5	25500001	26000000	0.0325471940610704
chr5	26000001	26500000	0.0148945405627368
chr5	26500001	27000000	0.0125533620838225
chr5	27000001	27500000	0.0254806348396815
chr5	27500001	28000000	4.50765811982699e-05
chr5	28000001	28500000	-0.00361884526843446
chr5	28500001	29000000	-0.0433955602733903
chr5	29000001	29500000	0.00524207051637287
chr5	29500001	30000000	-0.000157314739322463
chr5	30000001	30500000	-0.0559655348235134
chr5	30500001	31000000	0.0429313449596093
chr5	31000001	31500000	0.004862449378148
chr5	31500001	32000000	-0.0103645372554768
chr5	32000001	32500000	-0.0706324556482946
chr5	32500001	33000000	0.110172896159896
chr5	33000001	33500000	0.00484861628744654
chr5	33500001	34000000	-0.00610629374325871
chr5	34500001	35000000	0.000357676710034914
chr5	35000001	35500000	0.0556633063299197
chr5	35500001	36000000	0.00859289250230558
chr5	36000001	36500000	-0.0227363700952563
chr5	36500001	37000000	0.0220536715268601
chr5	37000001	37500000	-0.0467570201020513
chr5	37500001	38000000	0.0477761357312063
chr5	38000001	38500000	-0.0166550538049394
chr5	38500001	39000000	-0.00286912305489056
chr5	39000001	39500000	0.172585900641695
chr5	39500001	40000000	-0.015598203530408
chr5	40000001	40500000	0.0159927428676
chr5	40500001	41000000	0.114401588251938
chr5	41000001	41500000	-0.0757978897007367
chr5	41500001	42000000	-0.0150786536435736
chr5	42000001	42500000	0.0276777894454682
chr5	42500001	43000000	-0.0382307118609325
chr5	43000001	43500000	0.0839726352052341
chr5	43500001	44000000	0.0249150613929307
chr5	44000001	44500000	0.0131737521718584
chr5	44500001	45000000	-0.0492664405849061
chr5	45000001	45500000	0.0611044243472745
chr5	51500001	52000000	-0.0283515339092772
chr5	52000001	52500000	-0.0377448485234626
chr5	52500001	53000000	-0.0557000826605856
chr5	53000001	53500000	-0.0271554209942446
chr5	53500001	54000000	0.052312314150314
chr5	54000001	54500000	-0.0257509810688171
chr5	54500001	55000000	0.0574196026596726
chr5	55000001	55500000	-0.0246869362692532
chr5	55500001	56000000	-0.0481691281401069
chr5	56000001	56500000	-0.0139610098231015
chr5	56500001	57000000	0.107532721501124
chr5	57000001	57500000	0.0464076333527966
chr5	57500001	58000000	0.0209660036279243
chr5	58000001	58500000	-0.0224231759597327
chr5	58500001	59000000	-0.015017426028865
chr5	59000001	59500000	0.101285106145504
chr5	59500001	60000000	-0.0568979018530902
chr5	60000001	60500000	-0.171859020444124
chr5	60500001	61000000	0.0194312978070026
chr5	61000001	61500000	0.0778859986387215
chr5	61500001	62000000	0.0144471478945151
chr5	62000001	62500000	-0.100652569201588
chr5	62500001	63000000	-0.125379069130006
chr5	63000001	63500000	-0.0249405126946249
chr5	63500001	64000000	-0.0382956501494842
chr5	64000001	64500000	-0.027468222486756
chr5	64500001	65000000	-0.0239647568397634
chr5	65000001	65500000	-0.0157544141054481
chr5	65500001	66000000	0.0416379223769057
chr5	66000001	66500000	0.00721196676398784
chr5	66500001	67000000	0.0922724863399769
chr5	67000001	67500000	-0.0446237270669277
chr5	67500001	68000000	0.0785780139185705
chr5	68000001	68500000	-0.0809286201047902
chr5	68500001	69000000	-0.00832045422984899
chr5	69000001	69500000	-0.00591442773376701
chr5	71500001	72000000	-0.0331896347567855
chr5	72000001	72500000	-0.0204865983264173
chr5	72500001	73000000	0.0637838149354627
chr5	73000001	73500000	-0.00453719286749489
chr5	73500001	74000000	-0.022396439226388
chr5	74000001	74500000	-0.00311400150976885
chr5	74500001	75000000	0.100940326355709
chr5	75000001	75500000	-0.00456348702265871
chr5	75500001	76000000	0.0375507242808964
chr5	76000001	76500000	0.0953589929063508
chr5	76500001	77000000	0.126565231935251
chr5	77000001	77500000	0.0598702571567669
chr5	77500001	78000000	0.0585508021320073
chr5	78000001	78500000	0.0406589345243121
chr5	78500001	79000000	0.0387799179530552
chr5	79000001	79500000	0.0565526415949808
chr5	79500001	80000000	-0.0335639738785635
chr5	80000001	80500000	0.0641313349558433
chr5	80500001	81000000	0.0695409935874645
chr5	81000001	81500000	0.0263968103892243
chr5	81500001	82000000	0.0627811424885528
chr5	82000001	82500000	0.0697526307909523
chr5	82500001	83000000	0.0109285657893217
chr5	83000001	83500000	0.0424765765594828
chr5	83500001	84000000	-0.0444039900624664
chr5	84000001	84500000	0.00569688014948365
chr5	84500001	85000000	-0.0485495404843395
chr5	85000001	85500000	-0.0428324006099188
chr5	85500001	86000000	-0.0951024496412107
chr5	86000001	86500000	-0.00139455557442864
chr5	86500001	87000000	0.0839971231357183
chr5	87000001	87500000	-0.00129181210054358
chr5	87500001	88000000	-0.0701111243698319
chr5	88000001	88500000	0.00327976913462848
chr5	88500001	89000000	0.0606025728778483
chr5	89000001	89500000	0.11963725116745
chr5	89500001	90000000	0.0487572863919489
chr5	90000001	90500000	0.0335794923901827
chr5	90500001	91000000	0.0241233140748036
chr5	91000001	91500000	0.164268336135372
chr5	91500001	92000000	0.0234822747144109
chr5	92000001	92500000	0.0767977909723578
chr5	92500001	93000000	0.0344062548980369
chr5	93000001	93500000	0.0211170527297878
chr5	93500001	94000000	0.0882742872602948
chr5	94000001	94500000	0.0307688591340078
chr5	94500001	95000000	-0.00862872332953315
chr5	95000001	95500000	0.0594835479696592
chr5	95500001	96000000	0.0329501505046901
chr5	96000001	96500000	0.109391099370454
chr5	96500001	97000000	0.0846079622443176
chr5	97000001	97500000	0.0267852668378226
chr5	97500001	98000000	-0.0120109672777841
chr5	98000001	98500000	0.00396504516760792
chr5	98500001	99000000	0.020896692786327
chr5	99000001	99500000	-0.0181254382845634
chr5	99500001	100000000	-0.0598407105764899
chr5	100000001	100500000	-0.0434336797027725
chr5	100500001	101000000	0.0708981142006926
chr5	101000001	101500000	0.0832519053316704
chr5	101500001	102000000	0.113981236583851
chr5	102000001	102500000	0.053468963710617
chr5	102500001	103000000	0.0568642952077451
chr5	103000001	103500000	0.0650639693014489
chr5	103500001	104000000	0.015471736797382
chr5	104000001	104500000	0.0303931200230436
chr5	104500001	105000000	-0.0391982403459318
chr5	105000001	105500000	-0.0295116296418771
chr5	105500001	106000000	-0.0556246090254214
chr5	106000001	106500000	-0.0700082120962282
chr5	106500001	107000000	0.0839415326107669
chr5	107000001	107500000	-0.0311722428372081
chr5	107500001	108000000	0.00526964891139884
chr5	108000001	108500000	0.0407484012064886
chr5	108500001	109000000	0.00225322806839749
chr5	109000001	109500000	-0.00886076202418294
chr5	109500001	110000000	-0.0314609798098325
chr5	110000001	110500000	-0.0590879800722106
chr5	110500001	111000000	-0.0489055743964428
chr5	111000001	111500000	-0.101293938307632
chr5	111500001	112000000	0.0021399353803968
chr5	112000001	112500000	0.00528481455302532
chr5	112500001	113000000	0.0430023232292965
chr5	113000001	113500000	0.0897097208585547
chr5	113500001	114000000	-0.0591933596656395
chr5	114000001	114500000	0.0208948241153992
chr5	114500001	115000000	-0.0588076035157474
chr5	115000001	115500000	0.0361508258031633
chr5	115500001	116000000	0.0472636904736362
chr5	116000001	116500000	0.0730793976553787
chr5	116500001	117000000	-0.0144432073792376
chr5	117000001	117500000	0.0303241903783141
chr5	117500001	118000000	0.000174406204299074
chr5	118000001	118500000	-0.121622415080477
chr5	118500001	119000000	0.0137351938279469
chr5	119000001	119500000	0.0185988726762243
chr5	119500001	120000000	0.0446717504602805
chr5	120000001	120500000	0.068880162088184
chr5	120500001	121000000	-0.0331377690959674
chr5	121000001	121500000	-0.023941805079362
chr5	121500001	122000000	0.0984018540109622
chr5	122000001	122500000	0.0493228170678237
chr5	122500001	123000000	0.0164971887806596
chr5	123000001	123500000	-0.0127285248547845
chr5	123500001	124000000	0.0082759060918208
chr5	124000001	124500000	0.0558051661997229
chr5	124500001	125000000	0.111427972099371
chr5	125000001	125500000	0.0529004341155407
chr5	125500001	126000000	0.0360615196947979
chr5	126000001	126500000	-0.0391280797085478
chr5	126500001	127000000	-0.0428081265382104
chr5	127000001	127500000	0.0175419860970243
chr5	127500001	128000000	0.033314491516192
chr5	128000001	128500000	-0.00189892548178176
chr5	128500001	129000000	0.021429724533474
chr5	129000001	129500000	-0.0107949592851314
chr5	129500001	130000000	0.0288154714948164
chr5	130000001	130500000	-0.0561252711465387
chr5	130500001	131000000	-0.0322556514800518
chr5	131000001	131500000	0.0708153787568244
chr5	131500001	132000000	0.0825194910531307
chr5	132000001	132500000	0.0810662458008773
chr5	132500001	133000000	-0.0239321003670471
chr5	133000001	133500000	0.00655563504322269
chr5	133500001	134000000	0.0282485274019048
chr5	134000001	134500000	0.0462335862570876
chr5	134500001	135000000	-0.109705485045922
chr5	135000001	135500000	0.0535890889466839
chr5	135500001	136000000	0.0392952262696736
chr5	136000001	136500000	-0.0402394843144766
chr5	136500001	137000000	-0.0111165300859464
chr5	137000001	137500000	0.0977451570768882
chr5	137500001	138000000	0.0462484533386632
chr5	138000001	138500000	-0.00874207716673084
chr5	138500001	139000000	0.0162113215236144
chr5	139000001	139500000	NA
chr5	139500001	140000000	0.066717428171095
chr5	140000001	140500000	0.0632655501557039
chr5	140500001	141000000	0.042294553150908
chr5	141000001	141500000	-0.0976133098416272
chr5	141500001	142000000	0.0596590784785694
chr5	142000001	142500000	0.0600710228759971
chr5	142500001	143000000	0.0631145043958726
chr5	143000001	143500000	0.114532256484402
chr5	143500001	144000000	0.0725118495079502
chr5	144000001	144500000	0.0264535745563696
chr5	144500001	145000000	-0.0738694260786502
chr5	145000001	145500000	-0.0546073179677989
chr5	145500001	146000000	0.0254435668305448
chr5	146000001	146500000	-0.0234766977062483
chr5	146500001	147000000	0.121429476657425
chr5	147000001	147500000	0.0389897515198616
chr5	147500001	148000000	0.00484280448847604
chr5	148000001	148500000	0.00825487297659214
chr5	148500001	149000000	0.0965090637427025
chr5	149000001	149500000	-0.0451391875558483
chr5	149500001	150000000	-0.0427229493551344
chr5	150000001	150500000	0.0239811059332745
chr5	150500001	151000000	0.0113906566770134
chr5	151000001	151500000	0.0278704503005985
chr5	151500001	152000000	0.0835233253012323
chr5	152000001	152500000	-0.0653955665468885
chr5	152500001	153000000	-0.0561183049467735
chr5	153000001	153500000	-0.0254045125511917
chr5	153500001	154000000	0.0404916036554345
chr5	154000001	154500000	0.037050101216519
chr5	154500001	155000000	-0.0534060038828984
chr5	155000001	155500000	-0.0264287908979092
chr5	155500001	156000000	NA
chr5	156000001	156500000	-0.0460824670153625
chr5	156500001	157000000	-0.0530737979489446
chr5	157000001	157500000	-0.0499174826375891
chr5	157500001	158000000	0.0894483786797673
chr5	158000001	158500000	-0.0229421618897266
chr5	158500001	159000000	0.0746909744991637
chr5	159000001	159500000	0.0464789010417538
chr5	159500001	160000000	-0.00299504995683955
chr5	160000001	160500000	-0.0299500011986374
chr5	160500001	161000000	-0.00265045223034211
chr5	161000001	161500000	-0.0206072649560671
chr5	161500001	162000000	-0.0558904098396547
chr5	162000001	162500000	0.043164572445153
chr5	162500001	163000000	0.037547901190561
chr5	163000001	163500000	-0.078616388272201
chr5	163500001	164000000	0.0499311328039992
chr5	164000001	164500000	0.0175874530244192
chr5	164500001	165000000	-0.0459599707178335
chr5	165000001	165500000	-0.0690106586425411
chr5	165500001	166000000	-0.0343816320086442
chr5	166000001	166500000	-0.017852247918304
chr5	166500001	167000000	0.0200379603032977
chr5	167000001	167500000	0.091505991205975
chr5	167500001	168000000	0.00329419769451922
chr5	168000001	168500000	0.0305960085062697
chr5	168500001	169000000	0.00878694205544538
chr5	169000001	169500000	0.0112073112625659
chr5	169500001	170000000	0.062380631336663
chr5	170000001	170500000	0.137223441139517
chr5	170500001	171000000	0.120851737859768
chr5	171000001	171500000	0.0173855641974362
chr5	171500001	172000000	0.109456578771767
chr5	172000001	172500000	-0.0202877874365164
chr5	172500001	173000000	0.126060559307721
chr5	173000001	173500000	-0.0445459716169652
chr5	173500001	174000000	0.0471784334410458
chr5	174000001	174500000	0.0318500536611965
chr5	174500001	175000000	-0.0152549815548565
chr5	175000001	175500000	-0.111741886799792
chr5	175500001	176000000	0.138085538393213
chr5	176500001	177000000	0.061465841992738
chr5	177000001	177500000	0.0185012480425
chr5	178000001	178500000	0.00804392143606051
chr5	178500001	179000000	-0.0531922810113323
chr5	179000001	179500000	-0.0441455632706862
chr5	179500001	180000000	-0.00266069145214939
chr5	180000001	180500000	-0.0180135969531256
chr5	180500001	181000000	0.102228545855184
chr6	500001	1000000	-0.00839020552470796
chr6	1000001	1500000	-0.0375003178696757
chr6	1500001	2000000	-0.00385972573937217
chr6	2000001	2500000	0.0464645947167716
chr6	2500001	3000000	0.0398933999682506
chr6	3000001	3500000	-0.121867026913082
chr6	3500001	4000000	-0.0680024312629256
chr6	4000001	4500000	0.0833200258929586
chr6	4500001	5000000	-0.0420065356463297
chr6	5000001	5500000	-0.0107524870466327
chr6	5500001	6000000	-0.00795615556589709
chr6	6000001	6500000	-0.0517226054045721
chr6	6500001	7000000	0.189084296324528
chr6	7000001	7500000	-0.00592732025968075
chr6	7500001	8000000	0.0382594814284354
chr6	8000001	8500000	0.00634187378893084
chr6	8500001	9000000	-0.0360432721527288
chr6	9000001	9500000	-0.0453441331714428
chr6	9500001	10000000	-0.0503248908317533
chr6	10000001	10500000	-0.0548874904124287
chr6	10500001	11000000	0.120204673728443
chr6	11000001	11500000	0.133771207989874
chr6	11500001	12000000	0.0645353769460736
chr6	12000001	12500000	-0.016674101733508
chr6	12500001	13000000	0.133022289101334
chr6	13000001	13500000	0.161106584200028
chr6	13500001	14000000	0.0331177754519451
chr6	14000001	14500000	0.161661928943196
chr6	14500001	15000000	0.088239125608035
chr6	15000001	15500000	0.147789220859711
chr6	15500001	16000000	-0.0143233695510199
chr6	16000001	16500000	0.0465357573459416
chr6	16500001	17000000	0.119857976606329
chr6	17000001	17500000	-0.0363266161930705
chr6	17500001	18000000	0.0230972809224603
chr6	18000001	18500000	0.0893711203231674
chr6	18500001	19000000	-0.0618896348003541
chr6	19000001	19500000	0.068621281709772
chr6	19500001	20000000	0.123695989732426
chr6	20000001	20500000	0.0196243881487192
chr6	20500001	21000000	0.0570789226812206
chr6	21000001	21500000	0.0354798505289552
chr6	21500001	22000000	-0.0176541849428174
chr6	22000001	22500000	0.0761198847691791
chr6	22500001	23000000	-0.0147264224502398
chr6	23000001	23500000	0.0722851719568672
chr6	23500001	24000000	0.0604244600624907
chr6	24000001	24500000	0.00102469918704423
chr6	24500001	25000000	0.0714549396221742
chr6	25000001	25500000	0.0218371707533656
chr6	25500001	26000000	0.0350061558066421
chr6	26000001	26500000	0.103810302267246
chr6	27000001	27500000	0.0500668792529548
chr6	27500001	28000000	-0.0739239161685058
chr6	28000001	28500000	-0.0265191223454176
chr6	28500001	29000000	-0.0486832047610979
chr6	29000001	29500000	-0.0270173599629212
chr6	29500001	30000000	0.0417505801659423
chr6	30000001	30500000	0.0352973855430251
chr6	30500001	31000000	0.120647460557783
chr6	31000001	31500000	0.172870055367015
chr6	31500001	32000000	0.0482039694752316
chr6	32000001	32500000	0.0177435612886411
chr6	32500001	33000000	0.110647570906646
chr6	33000001	33500000	0.0753381657382884
chr6	33500001	34000000	-0.0360847483648678
chr6	34000001	34500000	-0.0241246931798778
chr6	34500001	35000000	-0.0466439642626362
chr6	35000001	35500000	0.0648275425679351
chr6	35500001	36000000	-0.0265137368207018
chr6	36000001	36500000	0.111134502799164
chr6	36500001	37000000	-0.0289767635948907
chr6	37000001	37500000	0.0583265712750479
chr6	37500001	38000000	-0.000571081710898017
chr6	38000001	38500000	0.0169972144974242
chr6	38500001	39000000	0.00472103966827789
chr6	39000001	39500000	0.0205476181277851
chr6	39500001	40000000	0.0205122820345145
chr6	40000001	40500000	0.000693933617379655
chr6	40500001	41000000	0.0452850461471208
chr6	41000001	41500000	0.0966420199038609
chr6	41500001	42000000	-0.0109115397687966
chr6	42000001	42500000	0.090780906212519
chr6	42500001	43000000	0.0212509090621773
chr6	43000001	43500000	-0.0465411155226673
chr6	43500001	44000000	0.062005332661087
chr6	44000001	44500000	-0.0543591613240469
chr6	44500001	45000000	0.0125480858349795
chr6	45000001	45500000	0.0689421889393508
chr6	45500001	46000000	0.104206651045141
chr6	46000001	46500000	0.0717701501780745
chr6	46500001	47000000	-0.0349578439420463
chr6	47000001	47500000	0.0508569873514013
chr6	47500001	48000000	-0.0214516328822389
chr6	48000001	48500000	-0.0512566577516316
chr6	48500001	49000000	-0.0236225012251781
chr6	49000001	49500000	0.109804885844206
chr6	49500001	50000000	0.0661381630032681
chr6	50000001	50500000	0.00312515146133358
chr6	50500001	51000000	0.100377965209427
chr6	51000001	51500000	-0.0676909108484612
chr6	51500001	52000000	0.0464316514171752
chr6	52000001	52500000	0.0164271481381078
chr6	52500001	53000000	0.0377784145241162
chr6	53000001	53500000	0.169812282378753
chr6	53500001	54000000	-0.034406874436804
chr6	54000001	54500000	0.0526603277179482
chr6	54500001	55000000	0.0374843218370397
chr6	55000001	55500000	0.00629574035089824
chr6	55500001	56000000	0.0401353511930606
chr6	56000001	56500000	-0.00420644277199818
chr6	56500001	57000000	-0.00671316303775926
chr6	57000001	57500000	0.0426620516322726
chr6	63000001	63500000	-0.0215829481141384
chr6	63500001	64000000	0.0911526444293742
chr6	64000001	64500000	0.0349477756382002
chr6	64500001	65000000	0.0205070245339449
chr6	65000001	65500000	0.0057348220887208
chr6	65500001	66000000	-0.0232925676134885
chr6	66000001	66500000	-0.0427208787432697
chr6	66500001	67000000	-0.0477701456019148
chr6	67000001	67500000	NA
chr6	67500001	68000000	0.00152502317548971
chr6	68000001	68500000	-0.0497660399353705
chr6	68500001	69000000	-0.000653603777425148
chr6	69000001	69500000	0.0396854479758648
chr6	69500001	70000000	-0.0112896512469052
chr6	70000001	70500000	-0.0541425887571389
chr6	70500001	71000000	0.0145628801771364
chr6	71000001	71500000	0.0128641141411496
chr6	71500001	72000000	-0.034729107668939
chr6	72000001	72500000	-0.124520636118443
chr6	72500001	73000000	0.0723738895039068
chr6	73000001	73500000	0.0504486700986468
chr6	73500001	74000000	-0.116061754471577
chr6	74000001	74500000	0.0102776075218094
chr6	74500001	75000000	0.0169654980489674
chr6	75000001	75500000	-0.0916319792811705
chr6	75500001	76000000	0.00507104386527187
chr6	76000001	76500000	-0.0406591499911185
chr6	76500001	77000000	-0.0419678595057177
chr6	77000001	77500000	-0.032209303646726
chr6	77500001	78000000	0.0248986367442579
chr6	78000001	78500000	-0.0412200625916932
chr6	78500001	79000000	0.0603847329616081
chr6	79000001	79500000	0.0769131772123906
chr6	79500001	80000000	0.0407443892508667
chr6	80000001	80500000	0.0474146071670837
chr6	80500001	81000000	-0.0297729279321227
chr6	81000001	81500000	-0.071674709390152
chr6	81500001	82000000	0.0304897718401392
chr6	82000001	82500000	0.0126787205922697
chr6	82500001	83000000	0.0503414227368604
chr6	83000001	83500000	0.0523808958056995
chr6	83500001	84000000	0.0278914294222485
chr6	84000001	84500000	-0.037233783451502
chr6	84500001	85000000	-0.107016442803304
chr6	85000001	85500000	0.0472382671779016
chr6	85500001	86000000	-0.0313594992655484
chr6	86000001	86500000	-0.0268910306755584
chr6	86500001	87000000	0.0183470671450939
chr6	87000001	87500000	-0.0016281282624525
chr6	87500001	88000000	0.0443145884890885
chr6	88000001	88500000	-0.00180920448223099
chr6	88500001	89000000	0.0801455856224806
chr6	89000001	89500000	-0.0106473227464704
chr6	89500001	90000000	-0.0992002916826394
chr6	90000001	90500000	0.0261995444048772
chr6	90500001	91000000	-0.0443184275955905
chr6	91000001	91500000	-0.0228049508894003
chr6	91500001	92000000	0.0185570648990662
chr6	92000001	92500000	-0.0352982797178997
chr6	92500001	93000000	0.00270991753922484
chr6	93000001	93500000	0.0171534704767481
chr6	93500001	94000000	-0.123078145205873
chr6	94000001	94500000	-0.103741796347399
chr6	94500001	95000000	-0.0507010745324132
chr6	95000001	95500000	NA
chr6	95500001	96000000	-0.0717265192950578
chr6	96000001	96500000	-0.0399195807452726
chr6	96500001	97000000	-0.09453517050467
chr6	97000001	97500000	-0.0561829595900498
chr6	97500001	98000000	-0.16807466518145
chr6	98000001	98500000	-0.0479541557878619
chr6	98500001	99000000	-0.0197504917480539
chr6	99000001	99500000	-0.0324945629014905
chr6	99500001	100000000	-0.107587395561423
chr6	100000001	100500000	0.00145138702991186
chr6	100500001	101000000	0.0110939477023827
chr6	101000001	101500000	-0.100432627315315
chr6	101500001	102000000	-0.0481814773251419
chr6	102000001	102500000	-0.0866301177611932
chr6	102500001	103000000	-0.110357364921324
chr6	103000001	103500000	-0.167856468435234
chr6	103500001	104000000	-0.169325903092718
chr6	104000001	104500000	-0.0809769758230883
chr6	104500001	105000000	-0.0664562049381303
chr6	105000001	105500000	-0.0726410607050691
chr6	105500001	106000000	0.0484163579093124
chr6	106000001	106500000	0.117286631637181
chr6	106500001	107000000	0.0829980275614174
chr6	107000001	107500000	-0.00890356944806861
chr6	107500001	108000000	0.0281325196772662
chr6	108000001	108500000	0.0317994376556643
chr6	108500001	109000000	0.0365462932477517
chr6	109000001	109500000	0.018079343864962
chr6	109500001	110000000	0.0832846096132295
chr6	110000001	110500000	-0.039756610180738
chr6	110500001	111000000	0.0166218369536498
chr6	111000001	111500000	0.00850861178123713
chr6	111500001	112000000	0.111169777265454
chr6	112000001	112500000	-0.0671688931430963
chr6	112500001	113000000	-0.056127718027255
chr6	113000001	113500000	-0.0699750345790228
chr6	113500001	114000000	-0.0301582103444015
chr6	114000001	114500000	-0.161355617830258
chr6	114500001	115000000	-0.0837927146420259
chr6	115000001	115500000	NA
chr6	115500001	116000000	-0.0227407990073829
chr6	116000001	116500000	0.000545288064089586
chr6	116500001	117000000	0.0291746576098227
chr6	117000001	117500000	-0.0594390722215806
chr6	117500001	118000000	-0.031052933969645
chr6	118000001	118500000	-0.132633008128747
chr6	118500001	119000000	0.000352073938999671
chr6	119000001	119500000	-0.090679111334276
chr6	119500001	120000000	-0.0660635762988357
chr6	120000001	120500000	-0.0998057467202047
chr6	120500001	121000000	-0.00804519982873476
chr6	121000001	121500000	0.0149664704965314
chr6	121500001	122000000	-0.016326379695138
chr6	122000001	122500000	0.00863232015362725
chr6	122500001	123000000	-0.0683903017714851
chr6	123000001	123500000	0.0357228310004726
chr6	123500001	124000000	-0.0639217816743207
chr6	124000001	124500000	-0.00954828393547439
chr6	124500001	125000000	-0.0325475855038456
chr6	125000001	125500000	-0.0301755305007573
chr6	125500001	126000000	-0.0694806011799524
chr6	126000001	126500000	-0.117534048015636
chr6	126500001	127000000	-0.0754540677562
chr6	127000001	127500000	-0.076487941330573
chr6	127500001	128000000	-0.0996246452450247
chr6	128000001	128500000	0.0135962996243423
chr6	128500001	129000000	-0.0475582960774944
chr6	129000001	129500000	-0.00815764569508472
chr6	129500001	130000000	0.0193837564276657
chr6	130000001	130500000	-0.0125946575806411
chr6	130500001	131000000	-0.0356274907693141
chr6	131000001	131500000	-0.000879853291936968
chr6	131500001	132000000	-0.0181473595797191
chr6	132000001	132500000	0.0870755847824742
chr6	132500001	133000000	0.0937057312314876
chr6	133000001	133500000	-0.0900044654000817
chr6	133500001	134000000	0.00215075874074576
chr6	134000001	134500000	0.096938962145783
chr6	134500001	135000000	-0.00570471860742268
chr6	135000001	135500000	-0.0949073793442869
chr6	135500001	136000000	-0.11374682136714
chr6	136000001	136500000	-0.0451810651514702
chr6	136500001	137000000	0.0371074771647556
chr6	137000001	137500000	0.00762831100359167
chr6	137500001	138000000	0.100500459750438
chr6	138000001	138500000	-0.00262408419412519
chr6	138500001	139000000	-0.005138764665617
chr6	139000001	139500000	-0.0254445614170017
chr6	139500001	140000000	0.0862521442245303
chr6	140000001	140500000	-0.0556825827481765
chr6	140500001	141000000	0.00240922147265956
chr6	141000001	141500000	-0.0275874430063473
chr6	141500001	142000000	0.0137288153092961
chr6	142000001	142500000	-0.0264386875511637
chr6	142500001	143000000	-0.0330501905648061
chr6	143000001	143500000	-0.0905894242797325
chr6	143500001	144000000	0.00263972619828274
chr6	144000001	144500000	0.0246513823738528
chr6	144500001	145000000	-0.0298477203456081
chr6	145000001	145500000	0.0432532227500416
chr6	145500001	146000000	-0.0292159857095372
chr6	146000001	146500000	-0.0485887298879498
chr6	146500001	147000000	0.0380119175999121
chr6	147000001	147500000	0.0349740829292515
chr6	147500001	148000000	-0.0481452273561689
chr6	148000001	148500000	-0.0377384270492013
chr6	148500001	149000000	-0.00137954471364125
chr6	149000001	149500000	0.00624664533662997
chr6	149500001	150000000	-0.00466605205281116
chr6	150000001	150500000	-0.049398075043556
chr6	150500001	151000000	-0.0866565887132527
chr6	151000001	151500000	-0.0371447503477628
chr6	151500001	152000000	-0.0265119352894513
chr6	152000001	152500000	0.0905929284476471
chr6	152500001	153000000	-0.0721997303221985
chr6	153000001	153500000	-0.0657456757002148
chr6	153500001	154000000	-0.0340640851481433
chr6	154000001	154500000	0.0367953813715648
chr6	154500001	155000000	-0.00483706892435357
chr6	155000001	155500000	-0.0103082882703004
chr6	155500001	156000000	-0.0500358683463171
chr6	156000001	156500000	-0.0466704851602664
chr6	156500001	157000000	-0.0693988810869762
chr6	157000001	157500000	0.0907928276292977
chr6	157500001	158000000	-0.0828777806485066
chr6	158000001	158500000	0.0758982939416232
chr6	158500001	159000000	0.0666298428831039
chr6	159000001	159500000	0.0728562640919672
chr6	159500001	160000000	-0.0458955039350213
chr6	160000001	160500000	-0.0535532595369429
chr6	160500001	161000000	-0.022365267016203
chr6	161000001	161500000	0.0409789801843162
chr6	161500001	162000000	-0.0443796504192107
chr6	162000001	162500000	-0.101509134288955
chr6	162500001	163000000	-0.0359041180775887
chr6	163000001	163500000	0.0161033908158131
chr6	163500001	164000000	-0.00657497676687091
chr6	164000001	164500000	-0.0576101516809462
chr6	164500001	165000000	-0.0686022937788207
chr6	165000001	165500000	-0.0663752974375164
chr6	165500001	166000000	-0.122377111250492
chr6	166000001	166500000	-0.0126712900682657
chr6	166500001	167000000	-0.00482354961695667
chr6	167000001	167500000	-0.0649782611670166
chr6	167500001	168000000	NA
chr6	168000001	168500000	-0.189918662663047
chr6	168500001	169000000	-0.0437149123513994
chr6	169000001	169500000	-0.0809574959664051
chr6	169500001	170000000	-0.0504652330619223
chr6	170000001	170500000	-0.0450663206970542
chr7	1	500000	NA
chr7	500001	1000000	-0.0310795172924905
chr7	1000001	1500000	-0.071232568520736
chr7	1500001	2000000	-0.0770364719433724
chr7	2000001	2500000	-0.0292633595460857
chr7	2500001	3000000	-0.0263538665762173
chr7	3000001	3500000	-0.0200846500297241
chr7	3500001	4000000	-0.068028002507236
chr7	4000001	4500000	-0.104021294430859
chr7	4500001	5000000	-0.12096114892892
chr7	5000001	5500000	-0.0932796785727744
chr7	5500001	6000000	-0.140998407585433
chr7	6000001	6500000	-0.0459543549079375
chr7	7000001	7500000	-0.0742025456172662
chr7	7500001	8000000	-0.0487999191816319
chr7	8000001	8500000	-0.0244344528852613
chr7	8500001	9000000	0.0248835145329117
chr7	9000001	9500000	-0.0396064634609657
chr7	9500001	10000000	-0.0897691789353227
chr7	10000001	10500000	-0.0245487975475164
chr7	10500001	11000000	0.0545058710811311
chr7	11000001	11500000	-0.00475757185349637
chr7	11500001	12000000	-0.0345671051608287
chr7	12000001	12500000	-0.0148889783812467
chr7	12500001	13000000	-0.0483945195652272
chr7	13000001	13500000	-0.0197455910551526
chr7	13500001	14000000	0.012801179478562
chr7	14000001	14500000	0.0182967321280579
chr7	14500001	15000000	-0.158127273895817
chr7	15000001	15500000	0.0759959717171661
chr7	15500001	16000000	-0.0610914184738656
chr7	16000001	16500000	-0.0278267079850574
chr7	16500001	17000000	-0.0535529761242725
chr7	17000001	17500000	0.00796369657340754
chr7	17500001	18000000	0.00387175058857788
chr7	18000001	18500000	0.0251211527410743
chr7	18500001	19000000	0.000789843011108338
chr7	19000001	19500000	-0.0100463492515771
chr7	19500001	20000000	-0.101185981909539
chr7	20000001	20500000	-0.0663565963268732
chr7	20500001	21000000	0.0536444860901297
chr7	21000001	21500000	-0.0795814476550226
chr7	21500001	22000000	-0.0432729789611945
chr7	22000001	22500000	0.0489452295973053
chr7	22500001	23000000	0.053323997893105
chr7	23000001	23500000	-0.00453893221625516
chr7	23500001	24000000	-0.115939940392552
chr7	24000001	24500000	0.0408109279395918
chr7	24500001	25000000	-0.00518075163117675
chr7	25000001	25500000	-0.0177163950824141
chr7	25500001	26000000	-0.0689518708867545
chr7	26000001	26500000	0.104525740231461
chr7	26500001	27000000	0.0868650995747124
chr7	27000001	27500000	0.0488713797219143
chr7	27500001	28000000	0.0995194372708943
chr7	28000001	28500000	0.0359017662309779
chr7	28500001	29000000	-0.055271798580644
chr7	29000001	29500000	-0.0336671350428198
chr7	29500001	30000000	0.107916970333478
chr7	30000001	30500000	0.0180216781854722
chr7	30500001	31000000	0.0246494886203552
chr7	31000001	31500000	-0.00989545875147849
chr7	31500001	32000000	-0.0755005785174414
chr7	32000001	32500000	0.0253468309859089
chr7	32500001	33000000	-0.0345726456090899
chr7	33000001	33500000	0.0346183943790433
chr7	33500001	34000000	-0.0526234061762982
chr7	34000001	34500000	-0.0621909536965556
chr7	34500001	35000000	-0.0408029954454735
chr7	35000001	35500000	0.107546100824363
chr7	35500001	36000000	-0.049637631844544
chr7	36000001	36500000	0.0594533173663707
chr7	36500001	37000000	0.0565734236807631
chr7	37000001	37500000	0.0170371731804427
chr7	37500001	38000000	0.0403021108797709
chr7	38000001	38500000	0.00615093070599692
chr7	38500001	39000000	-0.0361032254867703
chr7	39000001	39500000	-0.123981750564687
chr7	39500001	40000000	0.00737990745221321
chr7	40000001	40500000	-0.020907018480534
chr7	40500001	41000000	-0.0597501360082641
chr7	41000001	41500000	-0.00389359442858864
chr7	41500001	42000000	0.0600982028093526
chr7	42000001	42500000	-0.00915235782968424
chr7	42500001	43000000	-0.0528696999270077
chr7	43000001	43500000	-0.0531550661125463
chr7	43500001	44000000	0.0551623607665831
chr7	44000001	44500000	0.0172085109338453
chr7	44500001	45000000	-0.081236130849199
chr7	45000001	45500000	-0.0379882035218579
chr7	45500001	46000000	0.155757943398613
chr7	46000001	46500000	-0.128164568538899
chr7	46500001	47000000	-0.0396407705823351
chr7	47000001	47500000	-0.0182717457155816
chr7	47500001	48000000	0.0557352283967168
chr7	48000001	48500000	0.0519527003459416
chr7	48500001	49000000	-0.0475765673306094
chr7	49000001	49500000	-0.113552568089374
chr7	49500001	50000000	-0.0340460548397639
chr7	50000001	50500000	0.013757543974315
chr7	50500001	51000000	0.00238282549218934
chr7	51000001	51500000	-0.0357981034911319
chr7	51500001	52000000	-0.0617070124888931
chr7	52000001	52500000	-0.0622037181058697
chr7	52500001	53000000	-0.0910444387763655
chr7	53000001	53500000	0.015009577280566
chr7	53500001	54000000	0.0260441836135079
chr7	54000001	54500000	-0.0379705208227661
chr7	54500001	55000000	-0.0307377344394095
chr7	55000001	55500000	-0.0315452825034071
chr7	55500001	56000000	0.0179820273918096
chr7	56000001	56500000	-0.0608081926358587
chr7	57000001	57500000	-0.208748914908035
chr7	62500001	63000000	NA
chr7	64000001	64500000	-0.101754353656781
chr7	64500001	65000000	0.00970980283972411
chr7	66000001	66500000	0.0173759080088109
chr7	66500001	67000000	-0.0533006448520636
chr7	67000001	67500000	0.160200178403684
chr7	67500001	68000000	-0.0377520709333264
chr7	68000001	68500000	-0.0911784855896928
chr7	68500001	69000000	-0.109161542798042
chr7	69000001	69500000	-0.0209049815139936
chr7	69500001	70000000	0.0759260733506921
chr7	70000001	70500000	0.0735972386898459
chr7	70500001	71000000	0.118252621400324
chr7	71000001	71500000	-0.0448219903287921
chr7	71500001	72000000	-0.0931970221274384
chr7	72000001	72500000	-0.0262978954319411
chr7	73500001	74000000	-0.000912679489517778
chr7	74000001	74500000	-0.0690831555247647
chr7	75500001	76000000	0.0795185046998793
chr7	76000001	76500000	-0.10553675174803
chr7	77000001	77500000	-0.0755925524890763
chr7	77500001	78000000	0.0591509294936805
chr7	78000001	78500000	-0.00679101167640497
chr7	78500001	79000000	0.0261100596407546
chr7	79000001	79500000	0.00319512283090721
chr7	79500001	80000000	0.032972483718436
chr7	80000001	80500000	0.0460744990094662
chr7	80500001	81000000	0.100758551017515
chr7	81000001	81500000	0.019218018423792
chr7	81500001	82000000	-0.0561819391374026
chr7	82000001	82500000	0.0329304530823743
chr7	82500001	83000000	0.0168077593166574
chr7	83000001	83500000	0.0222790665103171
chr7	83500001	84000000	-0.0908603393276652
chr7	84000001	84500000	-0.00755019492034287
chr7	84500001	85000000	0.00452749902700619
chr7	85000001	85500000	-0.0149498479818262
chr7	85500001	86000000	0.0796274685528203
chr7	86000001	86500000	-0.0276504812256827
chr7	86500001	87000000	0.00462943185433874
chr7	87000001	87500000	0.00482985047391028
chr7	87500001	88000000	0.0469355059119812
chr7	88000001	88500000	-0.035266315884179
chr7	88500001	89000000	0.0300582607340848
chr7	89000001	89500000	0.034870328134824
chr7	89500001	90000000	-0.0103845170586365
chr7	90000001	90500000	0.0362293876996353
chr7	90500001	91000000	-0.0332696363052502
chr7	91000001	91500000	0.0260855254876842
chr7	91500001	92000000	0.0667222243132645
chr7	92000001	92500000	0.0257155174222885
chr7	92500001	93000000	0.0960102105882785
chr7	93000001	93500000	0.00495711208793117
chr7	93500001	94000000	0.0919253336328235
chr7	94000001	94500000	-0.0443709757584046
chr7	94500001	95000000	-0.0598827279272673
chr7	95000001	95500000	-0.0836763455829961
chr7	95500001	96000000	-0.00362420333693707
chr7	96000001	96500000	0.0462138243456774
chr7	96500001	97000000	0.0370250252640062
chr7	97000001	97500000	0.013617798819283
chr7	97500001	98000000	0.106499932382916
chr7	98000001	98500000	0.0198209310361589
chr7	98500001	99000000	-0.140065127561542
chr7	99000001	99500000	-0.0899280748251359
chr7	99500001	100000000	0.000678852755717021
chr7	100000001	100500000	-0.19890211498317
chr7	100500001	101000000	0.0600457751161914
chr7	101000001	101500000	-0.0857612407046019
chr7	101500001	102000000	0.0153284060700841
chr7	102000001	102500000	-0.11957900702876
chr7	103000001	103500000	-0.00485805707711562
chr7	103500001	104000000	0.0316576581534644
chr7	104000001	104500000	-0.0658948962993182
chr7	104500001	105000000	0.0684698194539243
chr7	105000001	105500000	-0.0330575529151632
chr7	105500001	106000000	0.0502011809320231
chr7	106000001	106500000	0.147152395859569
chr7	106500001	107000000	0.0428045162144763
chr7	107000001	107500000	0.0452483457259282
chr7	107500001	108000000	0.0704796315824864
chr7	108000001	108500000	0.00435163289756105
chr7	108500001	109000000	0.0255263473313097
chr7	109000001	109500000	0.0163025978495314
chr7	109500001	110000000	0.000186645923884884
chr7	110000001	110500000	-0.00212394751253234
chr7	110500001	111000000	0.0593972342170985
chr7	111000001	111500000	0.0864127598421316
chr7	111500001	112000000	0.00137652596937277
chr7	112000001	112500000	0.0373156989656301
chr7	112500001	113000000	0.0237603231454213
chr7	113000001	113500000	-0.0333619004975129
chr7	113500001	114000000	-0.0467869356085785
chr7	114000001	114500000	0.0369268710546485
chr7	114500001	115000000	0.0547360033722325
chr7	115000001	115500000	0.0551563903833266
chr7	115500001	116000000	0.00836847694633847
chr7	116000001	116500000	-0.0175038399383673
chr7	116500001	117000000	-0.0253478055617076
chr7	117000001	117500000	-0.099187306833991
chr7	117500001	118000000	-0.0259291110426856
chr7	118000001	118500000	0.0163829492053803
chr7	118500001	119000000	0.00220653827600512
chr7	119000001	119500000	-0.0224666112567494
chr7	119500001	120000000	0.0397976124991636
chr7	120000001	120500000	0.0683388280375256
chr7	120500001	121000000	0.049107188310565
chr7	121000001	121500000	0.0894226274318884
chr7	121500001	122000000	0.113860759936801
chr7	122000001	122500000	-0.0604996822286035
chr7	122500001	123000000	0.0604803048903721
chr7	123000001	123500000	0.0337411132084709
chr7	123500001	124000000	0.00496458330677296
chr7	124000001	124500000	0.0208285760323634
chr7	124500001	125000000	0.0381016553519863
chr7	125000001	125500000	-0.0125366100161611
chr7	125500001	126000000	-0.0562216719520307
chr7	126000001	126500000	0.0198791628375959
chr7	126500001	127000000	-0.0403875671338599
chr7	127000001	127500000	0.0431536445202387
chr7	127500001	128000000	0.0055509770120278
chr7	128000001	128500000	0.0831892953233042
chr7	128500001	129000000	-0.0038803366819006
chr7	129000001	129500000	0.0582934061902361
chr7	129500001	130000000	-0.0339577556916166
chr7	130000001	130500000	-0.0285243500527148
chr7	130500001	131000000	-0.0756578842484583
chr7	131000001	131500000	0.0802602835155594
chr7	131500001	132000000	-0.0215285206033476
chr7	132000001	132500000	0.0159499876711106
chr7	132500001	133000000	-0.00710156863998003
chr7	133000001	133500000	0.119901302123909
chr7	133500001	134000000	0.0592003934383594
chr7	134000001	134500000	-0.0205423024292088
chr7	134500001	135000000	0.00932002965930884
chr7	135000001	135500000	0.0733643618622787
chr7	135500001	136000000	0.0781781285740032
chr7	136000001	136500000	0.00270452935699849
chr7	136500001	137000000	0.0040000759998454
chr7	137000001	137500000	0.0573177678341102
chr7	137500001	138000000	-0.0433457729272052
chr7	138000001	138500000	-0.0670741209823219
chr7	138500001	139000000	0.100599610548966
chr7	139000001	139500000	0.0497803784002445
chr7	139500001	140000000	0.0920777803748174
chr7	140000001	140500000	0.0687670874333408
chr7	140500001	141000000	0.019241729265115
chr7	141000001	141500000	-0.0144119926977125
chr7	141500001	142000000	0.0978716410359676
chr7	142000001	142500000	0.0669564465354689
chr7	142500001	143000000	0.0589761932540463
chr7	143000001	143500000	0.0568522910585028
chr7	144000001	144500000	-0.0140795732664929
chr7	144500001	145000000	0.0471720080355354
chr7	145000001	145500000	0.0461657699964708
chr7	145500001	146000000	0.0371753314966863
chr7	146000001	146500000	0.0245431944637794
chr7	146500001	147000000	-0.0141091776238717
chr7	147000001	147500000	-0.0922734766998467
chr7	147500001	148000000	0.0113814051726102
chr7	148000001	148500000	-0.0242822908815856
chr7	148500001	149000000	0.0659126940203982
chr7	149000001	149500000	0.0460887176320965
chr7	149500001	150000000	0.00561962906224562
chr7	150500001	151000000	0.0460288450181271
chr7	151000001	151500000	0.0275516750917963
chr7	151500001	152000000	0.0659949618416398
chr7	152000001	152500000	0.201230233415267
chr7	152500001	153000000	-0.0442245493226641
chr7	153000001	153500000	0.00768429299556603
chr7	153500001	154000000	-0.0540218692572279
chr7	154000001	154500000	-0.0651806166623099
chr7	154500001	155000000	NA
chr7	155000001	155500000	-0.00345896804213602
chr7	155500001	156000000	0.0196843292566777
chr7	156000001	156500000	0.0701330385336857
chr7	156500001	157000000	0.0648441888740759
chr7	157000001	157500000	-0.0257113786100267
chr7	157500001	158000000	-0.012209337170124
chr7	158000001	158500000	0.00803281408317742
chr7	158500001	159000000	-0.0513907396800848
chr7	159000001	159500000	NA
chr8	500001	1000000	-0.0950541193958099
chr8	1000001	1500000	-0.0126978875826735
chr8	1500001	2000000	-0.118789655834893
chr8	2500001	3000000	-0.113474825552793
chr8	3000001	3500000	-0.108798979162103
chr8	3500001	4000000	-0.103251515064792
chr8	4000001	4500000	-0.222750627917977
chr8	4500001	5000000	-0.0730178078532184
chr8	5000001	5500000	-0.0269537724499096
chr8	5500001	6000000	-0.107283665983353
chr8	6000001	6500000	-0.0966941043083726
chr8	6500001	7000000	-0.00555831548266911
chr8	8500001	9000000	-0.0180680083741986
chr8	9000001	9500000	-0.0538812634570763
chr8	9500001	10000000	0.02103574656261
chr8	10000001	10500000	0.00222454636638443
chr8	10500001	11000000	0.00351479627844518
chr8	11000001	11500000	-0.12373017276367
chr8	11500001	12000000	-0.058613496185297
chr8	13000001	13500000	-0.00888126350696998
chr8	13500001	14000000	-0.0159273517473067
chr8	14000001	14500000	-0.0329198217374597
chr8	14500001	15000000	-0.0784377274387826
chr8	15000001	15500000	-0.135014363101474
chr8	15500001	16000000	-0.0435468760395473
chr8	16000001	16500000	-0.0739024226093834
chr8	16500001	17000000	0.000881366374398646
chr8	17000001	17500000	-0.0655212356287353
chr8	17500001	18000000	-0.0613704226780447
chr8	18000001	18500000	-0.0810961314771132
chr8	18500001	19000000	-0.0911420047729094
chr8	19000001	19500000	-0.0483552932971592
chr8	19500001	20000000	0.0334466062740988
chr8	20000001	20500000	-0.00672477851997843
chr8	20500001	21000000	-0.0449452344015034
chr8	21000001	21500000	-0.0180876961363097
chr8	21500001	22000000	-0.00847533605131911
chr8	22000001	22500000	-0.0812127849814215
chr8	22500001	23000000	-0.0163778509512895
chr8	23000001	23500000	0.0782069108792429
chr8	23500001	24000000	-0.0703056039383557
chr8	24000001	24500000	-0.0666057618991622
chr8	24500001	25000000	-0.117854476168204
chr8	25000001	25500000	-0.0227631024934381
chr8	25500001	26000000	-0.105762227591109
chr8	26000001	26500000	-0.0421913474833041
chr8	26500001	27000000	-0.0798273712788769
chr8	27000001	27500000	0.0298662844903977
chr8	27500001	28000000	-0.0984555813405878
chr8	28000001	28500000	0.0888289307778058
chr8	28500001	29000000	-0.0161806698722381
chr8	29000001	29500000	-0.0465402478211291
chr8	29500001	30000000	-0.00405667230597682
chr8	30000001	30500000	0.0321896253422095
chr8	30500001	31000000	-0.0141281797369536
chr8	31000001	31500000	-0.128302527692225
chr8	31500001	32000000	-0.15287457109355
chr8	32000001	32500000	-0.10784302193172
chr8	32500001	33000000	-0.02372655609828
chr8	33000001	33500000	-0.0415215200684517
chr8	33500001	34000000	-0.0924980848964037
chr8	34000001	34500000	-0.130232318256246
chr8	34500001	35000000	-0.18137286329085
chr8	35000001	35500000	-0.0990150983931374
chr8	35500001	36000000	-0.0828539113628946
chr8	36000001	36500000	-0.0942676785123384
chr8	36500001	37000000	-0.106479181083476
chr8	37000001	37500000	0.00873631659738579
chr8	37500001	38000000	-0.10562309568504
chr8	38000001	38500000	-0.0770775238618451
chr8	38500001	39000000	0.00908890233031323
chr8	39000001	39500000	-0.00920319315695703
chr8	39500001	40000000	-0.0154230993656892
chr8	40000001	40500000	0.0377224844527384
chr8	40500001	41000000	0.0405821311928828
chr8	41000001	41500000	0.0669019515147047
chr8	41500001	42000000	0.0212079604415407
chr8	42000001	42500000	-0.0277523153238798
chr8	42500001	43000000	0.00753089397016578
chr8	47500001	48000000	0.0112964951436718
chr8	48000001	48500000	-0.0641276809147763
chr8	48500001	49000000	0.0915448843411687
chr8	49000001	49500000	0.019661481059411
chr8	49500001	50000000	-0.0339047097125916
chr8	50000001	50500000	0.0916061568631878
chr8	50500001	51000000	-0.0344199291021166
chr8	51000001	51500000	-0.0953419664204714
chr8	51500001	52000000	-0.0393431756619701
chr8	52000001	52500000	0.00865537812340367
chr8	52500001	53000000	-0.06522424785
chr8	53000001	53500000	-0.0828374776713778
chr8	53500001	54000000	-0.0817922824971902
chr8	54000001	54500000	-0.0327230761624323
chr8	54500001	55000000	0.0629520708612598
chr8	55000001	55500000	-0.140909729859888
chr8	55500001	56000000	0.0949340590973621
chr8	56000001	56500000	-0.0665397265915483
chr8	56500001	57000000	0.00383222979890355
chr8	57000001	57500000	0.039228520797494
chr8	57500001	58000000	0.00673915018844633
chr8	58000001	58500000	0.0937200404249685
chr8	58500001	59000000	0.0300536502900415
chr8	59000001	59500000	0.0199650906746563
chr8	59500001	60000000	-0.0535076924054193
chr8	60000001	60500000	0.0119624316991188
chr8	60500001	61000000	0.0604572680941596
chr8	61000001	61500000	0.0300057106173213
chr8	61500001	62000000	0.0624908483597803
chr8	62000001	62500000	-0.069878200967966
chr8	62500001	63000000	-0.0180897376406289
chr8	63000001	63500000	-0.0110156693190223
chr8	63500001	64000000	-0.0784568608178552
chr8	64000001	64500000	-0.0281896003182248
chr8	64500001	65000000	0.0257905144175212
chr8	65000001	65500000	0.00582182443401373
chr8	65500001	66000000	0.0128507159143
chr8	66000001	66500000	-0.0728638655331114
chr8	66500001	67000000	0.0569285845797863
chr8	67000001	67500000	0.101740398012496
chr8	67500001	68000000	0.0216624192339516
chr8	68000001	68500000	-0.0814988169537788
chr8	68500001	69000000	-0.0301481564585339
chr8	69000001	69500000	-0.148469410814481
chr8	69500001	70000000	-0.101144674799846
chr8	70000001	70500000	-0.0843602603844962
chr8	70500001	71000000	-0.051872940412318
chr8	71000001	71500000	-0.0931607813312241
chr8	71500001	72000000	-0.185668423591384
chr8	72000001	72500000	-0.0841377979290041
chr8	72500001	73000000	-0.0174883668037581
chr8	73000001	73500000	-0.0936926140446527
chr8	73500001	74000000	-0.0773697269236438
chr8	74000001	74500000	0.00329764838312512
chr8	74500001	75000000	-0.0766902013594276
chr8	75000001	75500000	-0.0349246109399725
chr8	75500001	76000000	-0.0120449829743161
chr8	76000001	76500000	-0.0490437881972745
chr8	76500001	77000000	-0.0123457268736097
chr8	77000001	77500000	0.0400110291568662
chr8	77500001	78000000	0.00227508855164741
chr8	78000001	78500000	0.0279739546872061
chr8	78500001	79000000	-0.0206145991976056
chr8	79000001	79500000	0.0333224454980663
chr8	79500001	80000000	0.0548704688297987
chr8	80000001	80500000	-0.0545412108193104
chr8	80500001	81000000	-0.027580733277152
chr8	81000001	81500000	0.0199390272956363
chr8	81500001	82000000	0.00198024331036294
chr8	82000001	82500000	0.0927689079099034
chr8	82500001	83000000	0.0534811323692072
chr8	83000001	83500000	-0.11376139721744
chr8	83500001	84000000	-0.157689377926568
chr8	84000001	84500000	-0.0110210089714608
chr8	84500001	85000000	-0.160697728379266
chr8	85000001	85500000	-0.0815418610042325
chr8	86000001	86500000	-0.0694251873746835
chr8	86500001	87000000	-0.125068735138591
chr8	87000001	87500000	-0.122146803840069
chr8	87500001	88000000	-0.0725156919274543
chr8	88000001	88500000	-0.0823451685274005
chr8	88500001	89000000	0.0458545367571006
chr8	89000001	89500000	-0.015427081136538
chr8	89500001	90000000	0.0841182922353294
chr8	90000001	90500000	0.0929575368762621
chr8	90500001	91000000	0.0208884764850428
chr8	91000001	91500000	-0.0493179019909954
chr8	91500001	92000000	-0.126677206721799
chr8	92000001	92500000	0.0162183322256526
chr8	92500001	93000000	-0.0815765654563066
chr8	93000001	93500000	-0.0812421057845872
chr8	93500001	94000000	-0.0137029728112639
chr8	94000001	94500000	-0.0418995276713205
chr8	94500001	95000000	0.0110824579245762
chr8	95000001	95500000	0.1950048041572
chr8	95500001	96000000	0.0163766466305733
chr8	96000001	96500000	-0.0835546632428121
chr8	96500001	97000000	0.0625371986053248
chr8	97000001	97500000	-0.011812643472518
chr8	97500001	98000000	-0.0634618248351998
chr8	98000001	98500000	-0.0712994635969903
chr8	98500001	99000000	0.00992616774974157
chr8	99000001	99500000	-0.0127609479908374
chr8	99500001	100000000	0.0232830069825672
chr8	100000001	100500000	-0.0869694922768228
chr8	100500001	101000000	0.0139749066634866
chr8	101000001	101500000	0.00505903240522762
chr8	101500001	102000000	0.00620235966746906
chr8	102000001	102500000	0.0333412072043053
chr8	102500001	103000000	0.0294238522038771
chr8	103000001	103500000	0.025414931247692
chr8	103500001	104000000	0.052066910205289
chr8	104000001	104500000	-0.00400221536568323
chr8	104500001	105000000	-0.0445936183015307
chr8	105000001	105500000	0.0243269978287414
chr8	105500001	106000000	0.0103084345686233
chr8	106000001	106500000	0.0290698733498394
chr8	106500001	107000000	0.0433366873663377
chr8	107000001	107500000	0.0225156973602658
chr8	107500001	108000000	0.0458534483733797
chr8	108000001	108500000	0.000776278137686992
chr8	108500001	109000000	-0.00428782320638976
chr8	109000001	109500000	0.0064429825196816
chr8	109500001	110000000	-0.0788523303015663
chr8	110000001	110500000	-0.00804258267109918
chr8	110500001	111000000	-0.0368259239373908
chr8	111000001	111500000	-0.0476992032159941
chr8	111500001	112000000	-0.0968289052152642
chr8	112000001	112500000	-0.0467510353656816
chr8	112500001	113000000	NA
chr8	113000001	113500000	-0.0804736138152162
chr8	113500001	114000000	-0.0199173934750462
chr8	114000001	114500000	-0.0649795109278042
chr8	114500001	115000000	-0.116289876230216
chr8	115000001	115500000	-0.0449932320226061
chr8	115500001	116000000	-0.0192148526841256
chr8	116000001	116500000	0.0187957596153496
chr8	116500001	117000000	0.0293250368648063
chr8	117000001	117500000	0.00167567218688936
chr8	117500001	118000000	-0.04664829681508
chr8	118000001	118500000	-0.00236519227061596
chr8	118500001	119000000	0.00651474938368141
chr8	119000001	119500000	0.0597248178050098
chr8	119500001	120000000	0.0694473198352713
chr8	120000001	120500000	0.114612337975166
chr8	120500001	121000000	0.0220061089363611
chr8	121000001	121500000	0.0801137777876803
chr8	121500001	122000000	0.0349766572428017
chr8	122000001	122500000	0.0160870337901606
chr8	122500001	123000000	0.0514200128507884
chr8	123000001	123500000	-0.0413995564440653
chr8	123500001	124000000	0.0126370971705829
chr8	124000001	124500000	0.0250702618964662
chr8	124500001	125000000	0.08196824994825
chr8	125000001	125500000	0.0603412818067041
chr8	125500001	126000000	0.0370778073688809
chr8	126000001	126500000	-0.0681815776090108
chr8	126500001	127000000	0.104545087834154
chr8	127000001	127500000	0.0685434933358522
chr8	127500001	128000000	0.0607468854017846
chr8	128000001	128500000	0.0687314043566301
chr8	128500001	129000000	0.0471516567788086
chr8	129000001	129500000	-0.031058932693302
chr8	129500001	130000000	0.069449736483642
chr8	130000001	130500000	0.12560051003909
chr8	130500001	131000000	-0.000589100392942153
chr8	131000001	131500000	-0.0640631797414151
chr8	131500001	132000000	0.037215031857895
chr8	132000001	132500000	-0.0462326532321586
chr8	132500001	133000000	0.0633683201596873
chr8	133000001	133500000	0.120985513727607
chr8	133500001	134000000	0.0398337454814958
chr8	134000001	134500000	0.0141436223195452
chr8	134500001	135000000	0.0388070487597644
chr8	135000001	135500000	-0.0196063874220628
chr8	135500001	136000000	0.0378245483877745
chr8	136000001	136500000	0.0549661534478788
chr8	136500001	137000000	-0.0308157493815374
chr8	137000001	137500000	-0.0287213159367092
chr8	137500001	138000000	-0.00953411417071633
chr8	138000001	138500000	-0.0369839660350187
chr8	138500001	139000000	0.0591300299765357
chr8	139000001	139500000	0.048433271244593
chr8	139500001	140000000	0.0372184274603182
chr8	140000001	140500000	0.0352773594195179
chr8	140500001	141000000	-0.00565270386669642
chr8	141000001	141500000	0.0409873919856852
chr8	141500001	142000000	0.0413310322048991
chr8	142000001	142500000	0.0794537783280261
chr8	142500001	143000000	0.0240524109199292
chr8	143000001	143500000	0.0373668618758694
chr8	143500001	144000000	0.115116868147184
chr8	144000001	144500000	0.0138002517537035
chr8	144500001	145000000	-0.0639223668224816
chr9	500001	1000000	-0.0141471994833978
chr9	1000001	1500000	-0.044140781233741
chr9	1500001	2000000	-0.116531826875096
chr9	2000001	2500000	0.0238334120097594
chr9	2500001	3000000	0.024075571318669
chr9	3000001	3500000	-0.00626381810587729
chr9	3500001	4000000	0.0260460974775276
chr9	4000001	4500000	0.00744910300918192
chr9	4500001	5000000	-0.00151586262042751
chr9	5000001	5500000	-0.00810088519437832
chr9	5500001	6000000	-0.0832555619040932
chr9	6000001	6500000	-0.0260785418449588
chr9	6500001	7000000	-0.0439316874246815
chr9	7000001	7500000	0.0822923912392209
chr9	7500001	8000000	0.0590533739862832
chr9	8000001	8500000	0.0656103211644776
chr9	8500001	9000000	-0.0707584397880739
chr9	9000001	9500000	-0.034629845732623
chr9	9500001	10000000	0.0314430257009389
chr9	10000001	10500000	0.0043146444511555
chr9	10500001	11000000	-0.0161960077150549
chr9	11000001	11500000	-0.105093754729453
chr9	11500001	12000000	-0.0623601524818032
chr9	12000001	12500000	-0.0233385130542149
chr9	12500001	13000000	8.40165347753912e-05
chr9	13000001	13500000	0.00620474436918758
chr9	13500001	14000000	0.00660696348178969
chr9	14000001	14500000	-0.0534990080213946
chr9	14500001	15000000	0.0298783757743061
chr9	15000001	15500000	-0.0975420842585976
chr9	15500001	16000000	0.0254375924208999
chr9	16000001	16500000	-0.0100314599001382
chr9	16500001	17000000	-0.0967740513728807
chr9	17000001	17500000	0.0144150484080844
chr9	17500001	18000000	0.0227308496355181
chr9	18000001	18500000	-0.10344504023679
chr9	18500001	19000000	-0.118865062188682
chr9	19000001	19500000	-0.0082072453519169
chr9	19500001	20000000	0.0768668955500885
chr9	20000001	20500000	-0.0563547368905013
chr9	20500001	21000000	0.0463402515408175
chr9	21000001	21500000	0.0610919328062416
chr9	21500001	22000000	0.0152637050604725
chr9	22000001	22500000	0.0829237125094054
chr9	22500001	23000000	0.00988301957600009
chr9	23000001	23500000	0.0712136032772824
chr9	23500001	24000000	-0.0169279629416541
chr9	24000001	24500000	0.0232556214040476
chr9	24500001	25000000	-0.0395443148910641
chr9	25000001	25500000	-0.0534662952347491
chr9	25500001	26000000	-0.0508437071520851
chr9	26000001	26500000	-0.0492077497701804
chr9	26500001	27000000	-0.0456801993598145
chr9	27000001	27500000	0.00452697080646339
chr9	27500001	28000000	0.0323829182635945
chr9	28000001	28500000	0.0865777483887998
chr9	28500001	29000000	0.09356403515781
chr9	29000001	29500000	0.0255036964921571
chr9	29500001	30000000	0.0182085181822211
chr9	30000001	30500000	-0.0264156847083329
chr9	30500001	31000000	-0.0606516961484945
chr9	31000001	31500000	0.0500090930974203
chr9	31500001	32000000	0.0669015145141696
chr9	32000001	32500000	0.0150305334699743
chr9	32500001	33000000	-0.0281715711376071
chr9	33000001	33500000	-0.00223411713226397
chr9	33500001	34000000	0.15438749534712
chr9	34000001	34500000	0.00211383840931353
chr9	34500001	35000000	0.00531271205919794
chr9	35000001	35500000	0.0377686392449906
chr9	35500001	36000000	0.0668290905020723
chr9	36000001	36500000	0.0327908200654988
chr9	36500001	37000000	0.012393742960723
chr9	37000001	37500000	0.0243236117373123
chr9	37500001	38000000	-0.0160371803857014
chr9	38000001	38500000	0.0474155630036783
chr9	68500001	69000000	0.0627684250733707
chr9	69000001	69500000	0.0131423768704303
chr9	69500001	70000000	0.012602400599897
chr9	70000001	70500000	0.107375783154017
chr9	70500001	71000000	0.0448014069614062
chr9	71000001	71500000	0.00800137824134257
chr9	71500001	72000000	-0.0358825891007329
chr9	72000001	72500000	0.0149765756467683
chr9	72500001	73000000	0.0229179602246151
chr9	73000001	73500000	0.0680648869942248
chr9	73500001	74000000	-0.0763892112464296
chr9	74000001	74500000	0.055301725732682
chr9	74500001	75000000	-0.0454178768708675
chr9	75000001	75500000	0.123894991261326
chr9	75500001	76000000	0.00775990837647693
chr9	76000001	76500000	0.0270530934290476
chr9	76500001	77000000	0.0507482846161394
chr9	77000001	77500000	0.0346938143201983
chr9	77500001	78000000	0.0583504524486639
chr9	78000001	78500000	0.0409713059793962
chr9	78500001	79000000	-0.0765852678147708
chr9	79000001	79500000	-0.0667719796228754
chr9	79500001	80000000	0.0984189321507789
chr9	80000001	80500000	-0.026500642796253
chr9	80500001	81000000	-0.0439377994807015
chr9	81000001	81500000	-0.117147618737758
chr9	81500001	82000000	0.0412269453764381
chr9	82000001	82500000	-0.0237405144257039
chr9	82500001	83000000	0.0486059052731614
chr9	83000001	83500000	0.00951921333672244
chr9	83500001	84000000	-0.00163473573775862
chr9	84000001	84500000	0.00874826634298711
chr9	84500001	85000000	-0.075726586978155
chr9	85000001	85500000	-0.0834756089013718
chr9	85500001	86000000	0.185246891099422
chr9	86000001	86500000	0.07050831966228
chr9	86500001	87000000	-0.0426941223502347
chr9	87000001	87500000	-0.0586562468908635
chr9	87500001	88000000	0.0384226815897575
chr9	88000001	88500000	-0.122687181435504
chr9	88500001	89000000	-0.0158215628396479
chr9	89000001	89500000	-0.00793418306509808
chr9	89500001	90000000	NA
chr9	90000001	90500000	0.0467242188586487
chr9	90500001	91000000	0.0361802970262275
chr9	91000001	91500000	-0.0351495020690919
chr9	91500001	92000000	0.0336135822117987
chr9	92000001	92500000	-0.0219477233364535
chr9	92500001	93000000	0.119454914215476
chr9	93000001	93500000	0.0131196549605966
chr9	93500001	94000000	0.0343877817853859
chr9	94000001	94500000	-0.0140548705907552
chr9	94500001	95000000	-0.061541538943262
chr9	95000001	95500000	-0.0331777290802979
chr9	95500001	96000000	0.00517718400241925
chr9	96000001	96500000	-0.0471169804250392
chr9	96500001	97000000	0.0446398428396393
chr9	97000001	97500000	0.067479187546471
chr9	97500001	98000000	0.183542398970468
chr9	98000001	98500000	-0.0309962688305273
chr9	98500001	99000000	0.102583286808158
chr9	99000001	99500000	0.102993745824232
chr9	99500001	100000000	-0.00652879031830516
chr9	100000001	100500000	-0.0521699102267458
chr9	100500001	101000000	0.097930331859434
chr9	101000001	101500000	-0.0519420764686242
chr9	101500001	102000000	0.00806802959489586
chr9	102000001	102500000	-0.0387705048339901
chr9	102500001	103000000	0.0683196668025704
chr9	103000001	103500000	0.0928031862328899
chr9	103500001	104000000	0.0395202590760125
chr9	104000001	104500000	0.0322003784729633
chr9	104500001	105000000	0.0558825611981617
chr9	105000001	105500000	0.111075772970483
chr9	105500001	106000000	0.0720568214664326
chr9	106000001	106500000	0.0898091717509974
chr9	106500001	107000000	0.146262104231421
chr9	107000001	107500000	0.130746672811253
chr9	107500001	108000000	-0.00212674642013238
chr9	108000001	108500000	0.11770889154749
chr9	108500001	109000000	0.0105733140760785
chr9	109000001	109500000	-0.0143698180180314
chr9	109500001	110000000	0.091859551151247
chr9	110000001	110500000	0.0690114632850298
chr9	110500001	111000000	0.081349551177739
chr9	111000001	111500000	0.0704234679827751
chr9	111500001	112000000	0.125945122955914
chr9	112000001	112500000	0.067480443259903
chr9	112500001	113000000	0.0919473856899934
chr9	113000001	113500000	0.121631610932111
chr9	113500001	114000000	0.0455709046281959
chr9	114000001	114500000	0.0564927313828195
chr9	114500001	115000000	0.0837100831406032
chr9	115000001	115500000	0.0260421400829477
chr9	115500001	116000000	-0.060818079661057
chr9	116000001	116500000	0.0138950586751537
chr9	116500001	117000000	0.100957182897255
chr9	117000001	117500000	-0.00356578432663875
chr9	117500001	118000000	0.07728937579405
chr9	118000001	118500000	-0.0162099793235911
chr9	118500001	119000000	0.0653483819000633
chr9	119000001	119500000	0.0443362772670299
chr9	119500001	120000000	-0.0331137341346773
chr9	120000001	120500000	-0.0193121770185174
chr9	120500001	121000000	0.158860665702989
chr9	121000001	121500000	0.0714716445718556
chr9	121500001	122000000	0.0544775500852599
chr9	122000001	122500000	0.0321655205327286
chr9	122500001	123000000	0.110644473750284
chr9	123000001	123500000	0.120848240042181
chr9	123500001	124000000	0.167640678454423
chr9	124000001	124500000	0.0998009852262232
chr9	124500001	125000000	0.0613731846436555
chr9	125000001	125500000	-0.0213571522567784
chr9	125500001	126000000	0.0351716300461335
chr9	126000001	126500000	0.0578970405789637
chr9	126500001	127000000	0.0089480859110929
chr9	127000001	127500000	0.12062602928247
chr9	127500001	128000000	0.132600578656821
chr9	128000001	128500000	-0.0144240114708426
chr9	128500001	129000000	0.023714577762565
chr9	129000001	129500000	0.0583534391441581
chr9	129500001	130000000	0.0928084452550588
chr9	130000001	130500000	0.0296540805201738
chr9	130500001	131000000	0.038706528892318
chr9	131000001	131500000	0.0759064363758352
chr9	131500001	132000000	0.0375782680895898
chr9	132000001	132500000	0.0744497003707752
chr9	132500001	133000000	-0.0168062951296177
chr9	133000001	133500000	-0.0186231663029203
chr9	133500001	134000000	-0.0793868243338875
chr9	134000001	134500000	NA
chr9	134500001	135000000	-0.0136945206303852
chr9	135000001	135500000	-0.0949053314029693
chr9	135500001	136000000	-0.0652496443095395
chr9	136000001	136500000	0.00686622981666298
chr9	136500001	137000000	0.0488135118179903
chr9	137000001	137500000	NA
chr9	137500001	138000000	0.0992219659572867
chr10	1	500000	NA
chr10	500001	1000000	-0.037165397724778
chr10	1000001	1500000	-0.0702902889572688
chr10	1500001	2000000	-0.0493427881719933
chr10	2000001	2500000	-0.0498301888910636
chr10	2500001	3000000	-0.0893474442653176
chr10	3000001	3500000	-0.000749714907582955
chr10	3500001	4000000	0.118309076839063
chr10	4000001	4500000	-0.0498750883419892
chr10	4500001	5000000	-0.0124872147073661
chr10	5000001	5500000	0.0139811522484522
chr10	5500001	6000000	0.0134799462455689
chr10	6000001	6500000	0.0608615133779289
chr10	6500001	7000000	0.0978404924242403
chr10	7000001	7500000	0.0482334483317894
chr10	7500001	8000000	0.0546756052562778
chr10	8000001	8500000	-0.0773714121464815
chr10	8500001	9000000	-0.0748054113366568
chr10	9000001	9500000	-0.0715527487244416
chr10	9500001	10000000	0.0185817484106623
chr10	10000001	10500000	-0.0997674334324414
chr10	10500001	11000000	0.0178903267828937
chr10	11000001	11500000	0.0905431854694339
chr10	11500001	12000000	0.0840844574246812
chr10	12000001	12500000	0.027555799351218
chr10	12500001	13000000	0.0824440589118862
chr10	13000001	13500000	-0.0269459494051328
chr10	13500001	14000000	-0.0976236932161735
chr10	14000001	14500000	-0.070673027318051
chr10	14500001	15000000	0.120825685483995
chr10	15000001	15500000	0.0131166341984008
chr10	15500001	16000000	0.00438734386891496
chr10	16000001	16500000	-0.0326907238176135
chr10	16500001	17000000	0.0158535537137084
chr10	17000001	17500000	-0.0213122811031771
chr10	17500001	18000000	0.0198448351815695
chr10	18000001	18500000	-0.0466838840776964
chr10	18500001	19000000	0.0190505249229606
chr10	19000001	19500000	-0.0101279648512094
chr10	19500001	20000000	-0.00982156627129221
chr10	20000001	20500000	0.0291966172547341
chr10	20500001	21000000	0.032171176873601
chr10	21000001	21500000	0.0279689745146228
chr10	21500001	22000000	0.0359596024418068
chr10	22000001	22500000	-0.0176859866957309
chr10	22500001	23000000	0.0206372868521709
chr10	23000001	23500000	-0.0623575853077739
chr10	23500001	24000000	0.0698184940416642
chr10	24000001	24500000	-0.0430868149211014
chr10	24500001	25000000	-0.110854594013844
chr10	25000001	25500000	-0.0528773810553025
chr10	25500001	26000000	0.000329830705850645
chr10	26000001	26500000	0.00338944794503665
chr10	26500001	27000000	-0.0589663427675469
chr10	27000001	27500000	0.0108177523186215
chr10	27500001	28000000	-0.0446681637507379
chr10	28000001	28500000	0.00482242280096348
chr10	28500001	29000000	0.0115094307073059
chr10	29000001	29500000	-0.0391201486776628
chr10	29500001	30000000	0.021167225061288
chr10	30000001	30500000	-0.000801730210169743
chr10	30500001	31000000	-0.011328322065099
chr10	31000001	31500000	-0.0229865364248647
chr10	31500001	32000000	-0.0371551037969013
chr10	32000001	32500000	-0.149279977023876
chr10	32500001	33000000	0.0836225083411305
chr10	33000001	33500000	-0.0193171781522933
chr10	33500001	34000000	-0.00284779846977062
chr10	34000001	34500000	-0.0644748918725756
chr10	34500001	35000000	-0.0206138378946222
chr10	35000001	35500000	0.0167116346634085
chr10	35500001	36000000	-0.0406136279533135
chr10	36000001	36500000	-0.124985098662152
chr10	36500001	37000000	0.0555237400220878
chr10	37000001	37500000	-0.186424550047618
chr10	42500001	43000000	0.0937629420299005
chr10	43000001	43500000	-0.00134378572179683
chr10	43500001	44000000	-0.0541687207168735
chr10	44000001	44500000	-0.00123808364344624
chr10	44500001	45000000	0.0124467276365114
chr10	45000001	45500000	-0.0283800494799679
chr10	47000001	47500000	0.0960711080556412
chr10	48000001	48500000	-0.0748930045347782
chr10	48500001	49000000	0.0350432224843789
chr10	49000001	49500000	0.00749425974314899
chr10	49500001	50000000	-3.499519034392e-05
chr10	50000001	50500000	0.00452442253684926
chr10	50500001	51000000	0.0187707548753472
chr10	51000001	51500000	0.0702422078606366
chr10	51500001	52000000	-0.0558738520711327
chr10	52000001	52500000	-0.0480012239902768
chr10	52500001	53000000	-0.000798166511907401
chr10	53000001	53500000	NA
chr10	53500001	54000000	-0.0745044968377372
chr10	54000001	54500000	-0.0589766352280254
chr10	54500001	55000000	0.0603123451306598
chr10	55000001	55500000	0.00518484558749103
chr10	55500001	56000000	0.0395765368218684
chr10	56000001	56500000	-0.093686528080968
chr10	56500001	57000000	-0.158287560871909
chr10	57000001	57500000	0.0365911213981428
chr10	57500001	58000000	-0.0046925635577808
chr10	58000001	58500000	NA
chr10	58500001	59000000	0.0513791540381552
chr10	59000001	59500000	-0.058042783835427
chr10	59500001	60000000	NA
chr10	60000001	60500000	0.00278532600554853
chr10	60500001	61000000	-0.0816685665799359
chr10	61000001	61500000	-0.0565978685727667
chr10	61500001	62000000	-0.000670675049851774
chr10	62000001	62500000	0.047730949122836
chr10	62500001	63000000	NA
chr10	63000001	63500000	0.0361381334393897
chr10	63500001	64000000	-0.0607269885363046
chr10	64000001	64500000	-0.00746479257903959
chr10	64500001	65000000	0.034392529807647
chr10	65000001	65500000	-0.0849513313449726
chr10	65500001	66000000	-0.00186608126493536
chr10	66000001	66500000	-0.117913261657844
chr10	66500001	67000000	-0.00329798482365413
chr10	67000001	67500000	-0.0258358314790926
chr10	67500001	68000000	0.0460220722660421
chr10	68000001	68500000	-0.0908291773654723
chr10	68500001	69000000	-0.0811816376081578
chr10	69000001	69500000	0.0401328646147651
chr10	69500001	70000000	0.00993585802634486
chr10	70000001	70500000	-0.0121754229888011
chr10	70500001	71000000	0.0485299722557423
chr10	71000001	71500000	-0.0149314209848995
chr10	71500001	72000000	0.152586144781475
chr10	72000001	72500000	-0.037160510348077
chr10	72500001	73000000	0.0187073682516213
chr10	73000001	73500000	0.0246869379836747
chr10	73500001	74000000	-0.121169504483531
chr10	74000001	74500000	2.05713620882383e-05
chr10	74500001	75000000	0.0481863027286331
chr10	75000001	75500000	0.0322961039741322
chr10	75500001	76000000	0.0574861866336725
chr10	76000001	76500000	0.071884685674495
chr10	76500001	77000000	0.0285338721036286
chr10	77000001	77500000	0.0149537276697313
chr10	77500001	78000000	0.107748444204659
chr10	78000001	78500000	-0.00384335494724356
chr10	78500001	79000000	-0.0199528529670253
chr10	79000001	79500000	0.0657020052087069
chr10	80000001	80500000	-0.0221381212519096
chr10	80500001	81000000	0.0889553352858871
chr10	81000001	81500000	-0.00515244552113751
chr10	81500001	82000000	-0.0701393043470404
chr10	82000001	82500000	-0.0453317927655152
chr10	82500001	83000000	-0.0852616067744557
chr10	83000001	83500000	0.0552291697948122
chr10	83500001	84000000	0.0655312758100388
chr10	84000001	84500000	-0.0749591946671668
chr10	84500001	85000000	-0.00455493135604288
chr10	85000001	85500000	-0.111269983500417
chr10	85500001	86000000	0.0436384781577075
chr10	86000001	86500000	-0.0317970773882374
chr10	86500001	87000000	-0.0631779156730884
chr10	87500001	88000000	-0.0179346843396602
chr10	88000001	88500000	0.0115259032266325
chr10	88500001	89000000	-0.0106841600970062
chr10	89000001	89500000	0.0774907227142628
chr10	89500001	90000000	-0.0321248870529523
chr10	90000001	90500000	-0.0677122657041038
chr10	90500001	91000000	-0.0949296754402389
chr10	91000001	91500000	-0.0369940665993648
chr10	91500001	92000000	-0.0154172975673858
chr10	92000001	92500000	0.0926190552392978
chr10	92500001	93000000	0.0890408406283841
chr10	93000001	93500000	0.0875544542615017
chr10	93500001	94000000	0.00381149898719006
chr10	94000001	94500000	-0.0817650723940408
chr10	94500001	95000000	0.131249893771802
chr10	95000001	95500000	0.0226422756590915
chr10	95500001	96000000	0.0665746560677908
chr10	96000001	96500000	0.00694399990144658
chr10	96500001	97000000	0.00618494262834572
chr10	97000001	97500000	0.0360989081691393
chr10	97500001	98000000	-0.102917339776854
chr10	98000001	98500000	0.0623360246499793
chr10	98500001	99000000	0.047601354136831
chr10	99000001	99500000	0.0957020217621241
chr10	99500001	100000000	0.0525255057221016
chr10	100000001	100500000	0.018528111722918
chr10	100500001	101000000	-0.0118824695044703
chr10	101000001	101500000	-0.0103539649987021
chr10	101500001	102000000	0.0630869951828274
chr10	102000001	102500000	0.123989126620255
chr10	102500001	103000000	-0.058828710361123
chr10	103000001	103500000	-0.0234605630036412
chr10	103500001	104000000	-0.0214965737007021
chr10	104000001	104500000	0.095280155899863
chr10	104500001	105000000	-0.0232347235185247
chr10	105000001	105500000	-0.0867492322384245
chr10	105500001	106000000	-0.109122975074638
chr10	106000001	106500000	0.00697764017348321
chr10	106500001	107000000	0.0166953462557702
chr10	107000001	107500000	-0.0923145792179393
chr10	107500001	108000000	-0.0420546998296845
chr10	108000001	108500000	-0.0626460520940102
chr10	108500001	109000000	-0.0651583399589925
chr10	109000001	109500000	-0.0703840174978737
chr10	109500001	110000000	-0.0322718393820434
chr10	110000001	110500000	0.0832600226347815
chr10	110500001	111000000	-0.0474073420532516
chr10	111000001	111500000	-0.0288403340657399
chr10	111500001	112000000	-0.0141676315217356
chr10	112000001	112500000	-0.101984338722339
chr10	112500001	113000000	0.0261060235971516
chr10	113000001	113500000	0.000662545386215881
chr10	113500001	114000000	-0.0204324660081632
chr10	114000001	114500000	NA
chr10	114500001	115000000	-0.00405187531921989
chr10	115000001	115500000	0.0203361316267843
chr10	115500001	116000000	0.0495144688547336
chr10	116000001	116500000	0.033624196442321
chr10	116500001	117000000	-0.0122480334558176
chr10	117000001	117500000	0.0338569301079497
chr10	117500001	118000000	0.00343658128830253
chr10	118000001	118500000	0.0166493391305603
chr10	118500001	119000000	-0.0698895201668425
chr10	119000001	119500000	0.072285640829785
chr10	119500001	120000000	0.0230618498356197
chr10	120000001	120500000	-0.0150436976886865
chr10	120500001	121000000	-0.00226183640009207
chr10	121000001	121500000	0.0423892916246547
chr10	121500001	122000000	0.0621463978538416
chr10	122000001	122500000	-0.0159684299365683
chr10	122500001	123000000	-0.10729641145775
chr10	123000001	123500000	0.0169691134338035
chr10	123500001	124000000	-0.0371511744455359
chr10	124000001	124500000	NA
chr10	124500001	125000000	-0.0316957524096457
chr10	125000001	125500000	0.0118505665814946
chr10	125500001	126000000	-0.0361545749773574
chr10	126000001	126500000	-0.0318798617042364
chr10	126500001	127000000	-0.0970741467049732
chr10	127000001	127500000	0.0128046300088495
chr10	127500001	128000000	-0.0566312995509549
chr10	128000001	128500000	-0.0302949231145087
chr10	128500001	129000000	-0.00619776727537986
chr10	129000001	129500000	-0.122621534803205
chr10	129500001	130000000	-0.0790177904032477
chr10	130000001	130500000	-0.0837915707445337
chr10	130500001	131000000	-0.0336224886145481
chr10	131000001	131500000	-0.0925100524691727
chr10	131500001	132000000	NA
chr10	132000001	132500000	-0.000573653719566816
chr10	132500001	133000000	0.0341416843174156
chr10	133000001	133500000	-0.0501494293363547
chr11	500001	1000000	0.0170975505581957
chr11	1000001	1500000	-0.112151529826219
chr11	1500001	2000000	0.00939526647521036
chr11	2000001	2500000	-0.081720578232446
chr11	2500001	3000000	-0.0341953274552185
chr11	3500001	4000000	0.100791002375017
chr11	4000001	4500000	0.0278927330733134
chr11	4500001	5000000	-0.0867591958133936
chr11	5000001	5500000	-0.0570803312411734
chr11	5500001	6000000	-0.0208949895723026
chr11	6000001	6500000	0.0692893943053589
chr11	6500001	7000000	0.0308859547719751
chr11	7000001	7500000	-0.0175758136951717
chr11	7500001	8000000	0.004533782993374
chr11	8000001	8500000	0.0473149478893679
chr11	8500001	9000000	-0.0155520830805499
chr11	9000001	9500000	-0.0393252749641412
chr11	9500001	10000000	0.0466775840913143
chr11	10000001	10500000	0.0415359420326469
chr11	10500001	11000000	0.016456597324866
chr11	11000001	11500000	-0.00203582966705304
chr11	11500001	12000000	0.00357274237830384
chr11	12000001	12500000	0.015323252754847
chr11	12500001	13000000	-0.181628582817512
chr11	13000001	13500000	-0.0117398512509324
chr11	13500001	14000000	0.0528438300837516
chr11	14000001	14500000	0.0870667689539918
chr11	14500001	15000000	-0.00494353129358462
chr11	15000001	15500000	-0.0598917267243612
chr11	15500001	16000000	0.0335737606602663
chr11	16000001	16500000	0.0384772617099318
chr11	16500001	17000000	0.019414130888834
chr11	17000001	17500000	-0.0561194276010578
chr11	17500001	18000000	-0.00236727880547385
chr11	18000001	18500000	-0.0512330838481132
chr11	18500001	19000000	-0.0397470186956574
chr11	19000001	19500000	-0.128061582852711
chr11	19500001	20000000	-0.0727350469316526
chr11	20000001	20500000	0.0770917319657852
chr11	20500001	21000000	-0.103456764641092
chr11	21000001	21500000	-0.063189580564208
chr11	21500001	22000000	-0.0248596384676103
chr11	22000001	22500000	-0.0300368682907569
chr11	22500001	23000000	-0.0723604065021059
chr11	23000001	23500000	-0.0348032057372668
chr11	23500001	24000000	-0.111512264713803
chr11	24000001	24500000	-0.0659817627493791
chr11	24500001	25000000	-0.0806615086598523
chr11	25000001	25500000	-0.0146597965391495
chr11	25500001	26000000	-0.111421531948581
chr11	26000001	26500000	-0.0844062253227784
chr11	26500001	27000000	-0.0411775597767002
chr11	27000001	27500000	-0.0280701444635618
chr11	27500001	28000000	-0.087616799389865
chr11	28000001	28500000	0.0827145407962144
chr11	28500001	29000000	-0.0754306537191762
chr11	29000001	29500000	0.021158740771979
chr11	29500001	30000000	-0.196835732170413
chr11	30000001	30500000	-0.00867778658422706
chr11	30500001	31000000	-0.0770208370804163
chr11	31000001	31500000	-0.225795420613625
chr11	31500001	32000000	-0.0553424625742242
chr11	32000001	32500000	0.0533989533288974
chr11	32500001	33000000	-0.0765861436636854
chr11	33000001	33500000	0.00263818408120944
chr11	33500001	34000000	0.128013114315845
chr11	34000001	34500000	0.0737506855010187
chr11	34500001	35000000	-0.0498858709135526
chr11	35000001	35500000	0.0599631226046826
chr11	35500001	36000000	0.0293753272312546
chr11	36000001	36500000	0.0254410323992063
chr11	36500001	37000000	-0.00176666072923591
chr11	37000001	37500000	-0.0107692209013313
chr11	37500001	38000000	-0.0344326492769821
chr11	38000001	38500000	-0.0764491721159402
chr11	38500001	39000000	-0.015490626480494
chr11	39000001	39500000	0.00950419469045792
chr11	39500001	40000000	-0.0971002759435496
chr11	40000001	40500000	0.000197353520026169
chr11	40500001	41000000	0.0255144398073293
chr11	41000001	41500000	-0.0712139248851165
chr11	41500001	42000000	-0.0828578409380907
chr11	42000001	42500000	0.0415521707032299
chr11	42500001	43000000	-0.0371532619317503
chr11	43000001	43500000	-0.113235258572955
chr11	43500001	44000000	-0.0460219447615363
chr11	44000001	44500000	-0.00790204783032782
chr11	44500001	45000000	0.0113776089703352
chr11	45000001	45500000	-0.00184452164487951
chr11	45500001	46000000	-0.0181283631350051
chr11	46000001	46500000	0.0730972263374324
chr11	46500001	47000000	0.0102497295056845
chr11	47000001	47500000	-0.0204856177022033
chr11	47500001	48000000	-0.0286047380328415
chr11	48000001	48500000	-0.00105675149676011
chr11	50000001	50500000	-0.177150343724489
chr11	56000001	56500000	-0.0681021675755678
chr11	56500001	57000000	-0.0108420261817579
chr11	57000001	57500000	0.075379180866305
chr11	57500001	58000000	0.0144808423900328
chr11	58000001	58500000	-0.10374924631236
chr11	58500001	59000000	0.0330034575672216
chr11	59000001	59500000	0.0727456989917666
chr11	59500001	60000000	0.0502717674492351
chr11	60000001	60500000	0.14691564118286
chr11	60500001	61000000	0.0371798256313378
chr11	61000001	61500000	0.041057450404039
chr11	61500001	62000000	0.00446622312331742
chr11	62000001	62500000	0.0143779988266198
chr11	62500001	63000000	-0.00898636829225766
chr11	63000001	63500000	0.158999612205093
chr11	63500001	64000000	0.118410878524675
chr11	64000001	64500000	0.0891961614496174
chr11	64500001	65000000	0.0786308329153116
chr11	65000001	65500000	0.0536872853264499
chr11	65500001	66000000	0.0627671002292742
chr11	66000001	66500000	0.0761814313040123
chr11	66500001	67000000	1.88499496705311e-05
chr11	67000001	67500000	0.112601002931658
chr11	68000001	68500000	0.0363232313853727
chr11	68500001	69000000	0.0537723155988689
chr11	69000001	69500000	0.041117304917559
chr11	69500001	70000000	-0.0390144409332587
chr11	70000001	70500000	0.0747757698379118
chr11	70500001	71000000	NA
chr11	71000001	71500000	NA
chr11	72000001	72500000	0.0866259541055223
chr11	72500001	73000000	0.109850332430069
chr11	73000001	73500000	0.202303636094
chr11	73500001	74000000	-0.0123037042137084
chr11	74000001	74500000	0.236311894311578
chr11	74500001	75000000	0.0861608384717828
chr11	75000001	75500000	0.117964015503628
chr11	75500001	76000000	0.05711358450166
chr11	76000001	76500000	0.0453793492436337
chr11	76500001	77000000	0.0996784069344352
chr11	77000001	77500000	0.0557920584798299
chr11	77500001	78000000	0.150308694943268
chr11	78000001	78500000	0.0464592310385077
chr11	78500001	79000000	0.130823263795701
chr11	79000001	79500000	-0.0188724145919561
chr11	79500001	80000000	0.0485227637260667
chr11	80000001	80500000	0.0118632151905328
chr11	80500001	81000000	-0.0500819150457762
chr11	81000001	81500000	0.0624140853057001
chr11	81500001	82000000	0.0767531411845669
chr11	82000001	82500000	0.10002615794399
chr11	82500001	83000000	0.111183135861082
chr11	83000001	83500000	0.0617544485989271
chr11	83500001	84000000	-0.0467656689294211
chr11	84000001	84500000	-0.0256469264928805
chr11	84500001	85000000	0.0298333475571688
chr11	85000001	85500000	0.0432135443809996
chr11	85500001	86000000	0.0779993765442728
chr11	86000001	86500000	0.098274002327413
chr11	86500001	87000000	0.111471944575293
chr11	87000001	87500000	0.0534474872566941
chr11	87500001	88000000	NA
chr11	88000001	88500000	NA
chr11	88500001	89000000	0.0658511414645258
chr11	89000001	89500000	0.115360628260087
chr11	90000001	90500000	-0.0866392302144722
chr11	90500001	91000000	0.0486895254784716
chr11	91000001	91500000	-0.0204943589759527
chr11	91500001	92000000	0.0554331077369923
chr11	92000001	92500000	0.0127987881474572
chr11	92500001	93000000	0.0407661674215962
chr11	93000001	93500000	0.0118524902067278
chr11	93500001	94000000	0.000788469603189984
chr11	94000001	94500000	0.0817602540260998
chr11	94500001	95000000	0.0835601938054629
chr11	95000001	95500000	0.141604028916386
chr11	95500001	96000000	0.0373682839487125
chr11	96000001	96500000	0.0596847262297324
chr11	96500001	97000000	NA
chr11	97000001	97500000	-0.00234435880928909
chr11	97500001	98000000	-0.0281454863148977
chr11	98000001	98500000	-0.0227591223446578
chr11	98500001	99000000	-0.0356280621867053
chr11	99000001	99500000	0.0204610137961091
chr11	99500001	100000000	-0.0240417822627204
chr11	100000001	100500000	-0.0372661552372661
chr11	100500001	101000000	0.0040925921643771
chr11	101000001	101500000	0.0132514030453616
chr11	101500001	102000000	0.0527444036693967
chr11	102000001	102500000	0.0109851335321377
chr11	102500001	103000000	0.0678785545899343
chr11	103000001	103500000	0.0668496874707983
chr11	103500001	104000000	0.0545461918127374
chr11	104000001	104500000	0.125931703910887
chr11	104500001	105000000	0.104056932294533
chr11	105000001	105500000	-0.0136860367915809
chr11	105500001	106000000	0.0524365136502794
chr11	106000001	106500000	-0.0612053350039828
chr11	106500001	107000000	-0.0574610022673195
chr11	107000001	107500000	0.0346906081392051
chr11	107500001	108000000	0.00280004823338603
chr11	108000001	108500000	-0.053974075568302
chr11	108500001	109000000	-0.0456150884199321
chr11	109000001	109500000	0.0200196932257514
chr11	109500001	110000000	-0.0754230090580087
chr11	110000001	110500000	0.0363826641478768
chr11	110500001	111000000	0.0111885428663716
chr11	111000001	111500000	-0.0276292754578091
chr11	111500001	112000000	0.0476648008743715
chr11	112000001	112500000	0.0509550770542647
chr11	112500001	113000000	0.0401067076836561
chr11	113000001	113500000	0.0210933810383689
chr11	113500001	114000000	0.0589193907370378
chr11	114000001	114500000	0.0639055298311647
chr11	114500001	115000000	0.0473809040137729
chr11	115000001	115500000	-0.0237500593353452
chr11	115500001	116000000	0.113411795279716
chr11	116000001	116500000	-0.0154788447747478
chr11	116500001	117000000	-0.030363834167793
chr11	117000001	117500000	-0.0109986114833475
chr11	117500001	118000000	0.0174035084831514
chr11	118000001	118500000	0.103140126132658
chr11	118500001	119000000	0.0768411493121937
chr11	119000001	119500000	0.00923461668837168
chr11	119500001	120000000	0.0308953627786294
chr11	120000001	120500000	-0.0208049132576812
chr11	120500001	121000000	0.00904753793031637
chr11	121000001	121500000	0.151287179205124
chr11	121500001	122000000	0.134729593669978
chr11	122000001	122500000	0.0307662458998795
chr11	122500001	123000000	0.0769870863948925
chr11	123000001	123500000	0.0549329667483521
chr11	123500001	124000000	-0.0070408812982001
chr11	124000001	124500000	0.0212853898930981
chr11	124500001	125000000	0.0135805083492715
chr11	125000001	125500000	0.0322192944066604
chr11	125500001	126000000	-0.0837309340780074
chr11	126000001	126500000	0.105864377972355
chr11	126500001	127000000	-0.0273847039349873
chr11	127000001	127500000	-0.0815764335367901
chr11	127500001	128000000	0.064425292778686
chr11	128000001	128500000	0.0831302057539179
chr11	128500001	129000000	0.0777770091396683
chr11	129000001	129500000	0.0640647839093623
chr11	129500001	130000000	-0.00851145021034221
chr11	130000001	130500000	0.0299038563810844
chr11	130500001	131000000	0.0292510942188368
chr11	131000001	131500000	-0.0322543108513041
chr11	131500001	132000000	-0.0693880493876488
chr11	132000001	132500000	0.0101503079593654
chr11	132500001	133000000	-0.0839210173364102
chr11	133000001	133500000	-0.0986678745812219
chr11	133500001	134000000	-0.0134009649183611
chr11	134000001	134500000	-0.0474710014875827
chr11	134500001	135000000	-0.0265211061594208
chr11	135000001	135500000	NA
chr12	1	500000	NA
chr12	500001	1000000	0.132009361192169
chr12	1000001	1500000	0.0988858952323649
chr12	1500001	2000000	0.0917775564851366
chr12	2000001	2500000	0.0697089634784696
chr12	2500001	3000000	0.112414804957056
chr12	3000001	3500000	0.0417470945905614
chr12	3500001	4000000	0.146022646636711
chr12	4000001	4500000	0.19883511805851
chr12	4500001	5000000	0.0931283471812424
chr12	5000001	5500000	0.0993824796178924
chr12	5500001	6000000	0.0762286604534978
chr12	6000001	6500000	0.0175442606328665
chr12	6500001	7000000	NA
chr12	7000001	7500000	NA
chr12	7500001	8000000	-0.0056796330663708
chr12	8500001	9000000	0.0886928353657725
chr12	9000001	9500000	0.0497010034400108
chr12	9500001	10000000	-0.164411812356452
chr12	10000001	10500000	0.0543892286490759
chr12	10500001	11000000	-0.0455974411513852
chr12	11000001	11500000	0.10757909344038
chr12	11500001	12000000	0.0326052617088624
chr12	12000001	12500000	0.00015585535127529
chr12	12500001	13000000	0.0503879762365393
chr12	13000001	13500000	0.0996275935547567
chr12	13500001	14000000	0.0323189546139427
chr12	14000001	14500000	-0.0310035323556706
chr12	14500001	15000000	0.0862445717931603
chr12	15000001	15500000	0.0017226527204376
chr12	15500001	16000000	0.00202838319040696
chr12	16000001	16500000	-0.0712736603109781
chr12	16500001	17000000	0.00952612854866748
chr12	17000001	17500000	-0.0573029551536637
chr12	17500001	18000000	-0.00822735403646695
chr12	18000001	18500000	0.0233413144616471
chr12	18500001	19000000	0.0703552993996273
chr12	19000001	19500000	0.029452721215598
chr12	19500001	20000000	0.141537040311672
chr12	20000001	20500000	0.0521034726269717
chr12	20500001	21000000	0.0280179884070717
chr12	21000001	21500000	-0.0667261438685729
chr12	21500001	22000000	0.0319318592088957
chr12	22000001	22500000	0.0719723213503789
chr12	22500001	23000000	0.0548624194736589
chr12	23000001	23500000	0.0315964421436381
chr12	23500001	24000000	-0.00842172883036084
chr12	24000001	24500000	-0.0182735983086182
chr12	24500001	25000000	0.0346800028718514
chr12	25000001	25500000	-0.0205597966911601
chr12	25500001	26000000	0.0738013500033934
chr12	26000001	26500000	0.0341193152797185
chr12	26500001	27000000	0.0755453384504526
chr12	27000001	27500000	-0.00609321012692561
chr12	27500001	28000000	0.0478644187719858
chr12	28000001	28500000	0.0192284786916627
chr12	28500001	29000000	0.025196294700034
chr12	29000001	29500000	-0.00835273199945446
chr12	29500001	30000000	0.0983562465488365
chr12	30000001	30500000	0.0494457190023547
chr12	30500001	31000000	0.0831397391514221
chr12	31000001	31500000	0.183511510780541
chr12	31500001	32000000	0.087820420513604
chr12	32000001	32500000	-0.0703177462657764
chr12	32500001	33000000	-0.0457325314504806
chr12	38000001	38500000	-0.0118526990182225
chr12	38500001	39000000	0.0464987850754647
chr12	39000001	39500000	-0.0562921408589925
chr12	39500001	40000000	0.0233235420073846
chr12	40000001	40500000	0.125305823647914
chr12	40500001	41000000	0.0410978421067308
chr12	41000001	41500000	0.00681788897796265
chr12	41500001	42000000	0.0774923477123795
chr12	42000001	42500000	0.0489192854704373
chr12	42500001	43000000	0.0795872048234084
chr12	43000001	43500000	0.0456272750994411
chr12	43500001	44000000	-0.0470554243773195
chr12	44000001	44500000	0.09146305598889
chr12	44500001	45000000	0.0763742207844897
chr12	45000001	45500000	0.0191944869168413
chr12	45500001	46000000	0.0696191016766766
chr12	46000001	46500000	0.0755432832033143
chr12	46500001	47000000	0.136843780520669
chr12	47000001	47500000	0.0838378381709871
chr12	47500001	48000000	0.056449956183146
chr12	48000001	48500000	0.0593692232728041
chr12	48500001	49000000	-0.0132322697286515
chr12	49000001	49500000	0.067638123664308
chr12	49500001	50000000	-0.00110722990200025
chr12	50000001	50500000	-0.0438861140926565
chr12	50500001	51000000	0.0754927874621046
chr12	51000001	51500000	0.121745036205435
chr12	51500001	52000000	-0.0185681619699348
chr12	52000001	52500000	0.0273901164812149
chr12	52500001	53000000	-0.0434791513991494
chr12	53000001	53500000	0.019650455845677
chr12	53500001	54000000	0.0663208701293144
chr12	54000001	54500000	0.157692944548588
chr12	54500001	55000000	0.102616100659831
chr12	55000001	55500000	0.0861442823240148
chr12	55500001	56000000	0.0678906300525269
chr12	56000001	56500000	0.0233735748075826
chr12	56500001	57000000	-0.0197613419976898
chr12	57000001	57500000	0.12759222893062
chr12	57500001	58000000	0.0111406654192929
chr12	58000001	58500000	-0.0969188907308423
chr12	58500001	59000000	-0.00992191620434501
chr12	59000001	59500000	-0.0697414267438483
chr12	59500001	60000000	-0.0633557267861565
chr12	60000001	60500000	-0.0690160953655564
chr12	60500001	61000000	0.0195906226920681
chr12	61000001	61500000	0.0565352252891386
chr12	61500001	62000000	0.0799260661984716
chr12	62000001	62500000	-0.00319116746211923
chr12	62500001	63000000	-0.0276326719758238
chr12	63000001	63500000	-0.0928057912757088
chr12	63500001	64000000	0.155215152121363
chr12	64000001	64500000	0.0146630060283334
chr12	64500001	65000000	0.0994328077295731
chr12	65000001	65500000	-0.0060969609425851
chr12	65500001	66000000	0.0909820131237142
chr12	66000001	66500000	0.119147769191663
chr12	66500001	67000000	-0.0143951708247772
chr12	67000001	67500000	-0.0809361369845023
chr12	67500001	68000000	-0.0263145329513048
chr12	68000001	68500000	0.0139401525410084
chr12	68500001	69000000	-0.154750800552474
chr12	69000001	69500000	0.0204388706924393
chr12	69500001	70000000	0.0161250060639128
chr12	70000001	70500000	0.0721623240102884
chr12	70500001	71000000	-0.0310992231799553
chr12	71000001	71500000	-0.0691772648944949
chr12	71500001	72000000	0.0286136445372528
chr12	72000001	72500000	-0.0306254986326224
chr12	72500001	73000000	0.00967275929193267
chr12	73000001	73500000	-0.0990897972959608
chr12	73500001	74000000	-0.00902886786246318
chr12	74000001	74500000	-0.081662659505399
chr12	74500001	75000000	-0.0951764497205261
chr12	75000001	75500000	-0.0166810626887634
chr12	75500001	76000000	-0.00470568985397569
chr12	76000001	76500000	0.0144493312136074
chr12	76500001	77000000	0.0534620755221646
chr12	77000001	77500000	0.0545173741365507
chr12	77500001	78000000	0.038771623727222
chr12	78000001	78500000	0.0233975890815989
chr12	78500001	79000000	-0.0306273618782137
chr12	79000001	79500000	-0.0172778416638298
chr12	79500001	80000000	-0.055578108660831
chr12	80000001	80500000	-0.0429364974362912
chr12	80500001	81000000	-0.0774242768060562
chr12	81000001	81500000	-0.032421750483645
chr12	81500001	82000000	0.0109542501555118
chr12	82000001	82500000	-0.0221333327365824
chr12	82500001	83000000	-0.0226336743231238
chr12	83000001	83500000	-0.00702240394774641
chr12	83500001	84000000	-0.0807357404000697
chr12	84000001	84500000	-0.102807059527392
chr12	84500001	85000000	-0.099185181051468
chr12	85000001	85500000	0.0452506574317643
chr12	85500001	86000000	-0.0962983863840411
chr12	86000001	86500000	-0.153895372793341
chr12	86500001	87000000	-0.105435795253607
chr12	87000001	87500000	-0.0820359383058999
chr12	87500001	88000000	-0.0853309885574481
chr12	88000001	88500000	0.0952923281139903
chr12	88500001	89000000	-0.099002492069502
chr12	89000001	89500000	-0.012598567090535
chr12	89500001	90000000	0.145994425053271
chr12	90000001	90500000	0.0411614432928054
chr12	90500001	91000000	-0.0575813926681283
chr12	91000001	91500000	-0.00944704651346458
chr12	91500001	92000000	0.0257478875360186
chr12	92000001	92500000	0.0922492064005168
chr12	92500001	93000000	0.0990693108691292
chr12	93000001	93500000	0.104795262006576
chr12	93500001	94000000	0.0443023512916716
chr12	94000001	94500000	0.0257453479496314
chr12	94500001	95000000	0.0668597977956981
chr12	95000001	95500000	0.0021319179698053
chr12	95500001	96000000	-0.000821225343870762
chr12	96000001	96500000	0.114305034709332
chr12	96500001	97000000	0.0391158533344646
chr12	97000001	97500000	-0.0586912531568407
chr12	97500001	98000000	0.0310943238596943
chr12	98000001	98500000	0.0311069178021315
chr12	98500001	99000000	0.066412031033811
chr12	99000001	99500000	-0.0118091311616917
chr12	99500001	100000000	-0.0731437957422557
chr12	100000001	100500000	-0.0410458258416911
chr12	100500001	101000000	-0.0325376721774741
chr12	101000001	101500000	-0.00739907404387728
chr12	101500001	102000000	0.0246947796560878
chr12	102000001	102500000	0.04391613727781
chr12	102500001	103000000	-0.030305171971634
chr12	103000001	103500000	-0.0564237111644015
chr12	103500001	104000000	0.00200730939772033
chr12	104000001	104500000	0.071079332181293
chr12	104500001	105000000	0.193410194347092
chr12	105000001	105500000	0.11587016947477
chr12	105500001	106000000	0.0745498399763277
chr12	106000001	106500000	0.0543327623081596
chr12	106500001	107000000	-0.0733038374665689
chr12	107000001	107500000	0.118572100441437
chr12	107500001	108000000	-0.0215179982649253
chr12	108000001	108500000	0.024339456499803
chr12	108500001	109000000	0.0370546118438811
chr12	109000001	109500000	-0.0565147954018543
chr12	109500001	110000000	0.075291368608971
chr12	110000001	110500000	0.037958585154844
chr12	110500001	111000000	0.0526766218072411
chr12	111000001	111500000	0.0404988690635718
chr12	111500001	112000000	-0.0535364404943308
chr12	112000001	112500000	0.0208913326434894
chr12	112500001	113000000	-0.00382069916371176
chr12	113000001	113500000	0.0928060865548963
chr12	113500001	114000000	0.00013236004880314
chr12	114000001	114500000	-0.0436904111063175
chr12	114500001	115000000	-0.044535177086949
chr12	115000001	115500000	0.0327475205499967
chr12	115500001	116000000	0.0470966924033728
chr12	116000001	116500000	0.0117547694478575
chr12	116500001	117000000	0.000509569130415808
chr12	117000001	117500000	-0.0887246015584462
chr12	117500001	118000000	-0.0692421661168271
chr12	118000001	118500000	0.00509232837176872
chr12	118500001	119000000	0.0278443522515505
chr12	119000001	119500000	-0.0749468408985462
chr12	119500001	120000000	0.0441878939412297
chr12	120000001	120500000	0.0430783210474225
chr12	120500001	121000000	0.000899005424862931
chr12	121000001	121500000	-0.0264269266613979
chr12	121500001	122000000	0.0155768478717762
chr12	122000001	122500000	NA
chr12	122500001	123000000	-0.00982390200041891
chr12	123000001	123500000	NA
chr12	123500001	124000000	0.0243360051728093
chr12	124000001	124500000	0.020972012900059
chr12	124500001	125000000	0.0105869923028611
chr12	125000001	125500000	0.0168563455460974
chr12	125500001	126000000	0.0263657579435557
chr12	126000001	126500000	-0.0529502596908514
chr12	126500001	127000000	-0.0197313841617398
chr12	127000001	127500000	0.0424692894222007
chr12	127500001	128000000	-0.00255695755240477
chr12	128000001	128500000	0.00223482251459023
chr12	128500001	129000000	-0.0908783647892814
chr12	129000001	129500000	-0.0979707973039336
chr12	129500001	130000000	-0.0813183257724395
chr12	130000001	130500000	-0.110391852578819
chr12	130500001	131000000	-0.0257414961668172
chr12	131000001	131500000	-0.0392280415322276
chr12	131500001	132000000	-5.71283178479685e-05
chr12	132000001	132500000	NA
chr12	132500001	133000000	0.058786446855741
chr12	133000001	133500000	NA
chr13	19000001	19500000	-0.0217496128920385
chr13	19500001	20000000	-0.0484361330706227
chr13	20000001	20500000	0.00364110563952289
chr13	20500001	21000000	-0.0921754425311152
chr13	21000001	21500000	0.0256616979488117
chr13	21500001	22000000	-0.0289917750776094
chr13	22000001	22500000	-0.0252548777023117
chr13	22500001	23000000	-0.0740601495236649
chr13	23000001	23500000	-0.0945393205689337
chr13	23500001	24000000	-0.00673355697797398
chr13	24000001	24500000	-0.0623361669338243
chr13	24500001	25000000	0.035629004374538
chr13	25000001	25500000	-0.032729407597837
chr13	25500001	26000000	-0.163906152676316
chr13	26000001	26500000	-0.163266808433483
chr13	26500001	27000000	-0.103679217642111
chr13	27000001	27500000	-0.076539495371956
chr13	27500001	28000000	0.0104171337294685
chr13	28000001	28500000	-0.0158615625129068
chr13	28500001	29000000	-0.0232992590000822
chr13	29000001	29500000	-0.0723497699304384
chr13	29500001	30000000	-0.0546629529781967
chr13	30000001	30500000	0.0202941082432395
chr13	30500001	31000000	0.0457288941449071
chr13	31000001	31500000	-0.0384240993719287
chr13	31500001	32000000	-0.0158544033082226
chr13	32000001	32500000	-0.0943130800850418
chr13	32500001	33000000	-0.0587507782187354
chr13	33000001	33500000	-0.105363783874766
chr13	33500001	34000000	-0.0609015658217821
chr13	34000001	34500000	-0.0461042660966992
chr13	34500001	35000000	-0.0677189181821777
chr13	35000001	35500000	0.0181499301310463
chr13	35500001	36000000	-0.0966447246926528
chr13	36000001	36500000	0.00752614706925714
chr13	36500001	37000000	-0.0158907313984913
chr13	37000001	37500000	-0.0721405705805309
chr13	37500001	38000000	-0.05966669877719
chr13	38000001	38500000	0.0299026546891762
chr13	38500001	39000000	-0.0866184310649286
chr13	39000001	39500000	-0.00452088963503046
chr13	39500001	40000000	-0.041589392736485
chr13	40000001	40500000	-0.0546296251974698
chr13	40500001	41000000	0.03681946516116
chr13	41000001	41500000	-0.0042921027119098
chr13	41500001	42000000	-0.0192518255244613
chr13	42000001	42500000	0.0277447172098168
chr13	42500001	43000000	-0.000644525327254813
chr13	43000001	43500000	0.0271630928042876
chr13	43500001	44000000	-0.00720656509898338
chr13	44000001	44500000	-0.054585434713366
chr13	44500001	45000000	-0.0717610017543054
chr13	45000001	45500000	-0.0109370697525758
chr13	45500001	46000000	0.0766364402978059
chr13	46000001	46500000	0.0454031885033035
chr13	46500001	47000000	-0.0265966817493386
chr13	47000001	47500000	-0.160249768181407
chr13	47500001	48000000	-0.0520533873128093
chr13	48000001	48500000	0.0864226030450984
chr13	48500001	49000000	0.131346475070653
chr13	49000001	49500000	0.130566458344398
chr13	49500001	50000000	0.032224665664928
chr13	50000001	50500000	0.081987708801593
chr13	50500001	51000000	0.0884713823314734
chr13	51000001	51500000	-0.0180609958314492
chr13	51500001	52000000	0.0741035384098
chr13	52000001	52500000	-0.000430700681785631
chr13	52500001	53000000	-0.0467662019005323
chr13	53000001	53500000	-0.0161818992136342
chr13	53500001	54000000	-0.0694731357186209
chr13	54000001	54500000	-0.0120484322211724
chr13	54500001	55000000	-0.0113883406071308
chr13	55000001	55500000	-0.0213801999883559
chr13	55500001	56000000	-0.0223063491630337
chr13	56000001	56500000	-0.0164006357670718
chr13	56500001	57000000	0.0232362660964391
chr13	57000001	57500000	-0.0380149720763837
chr13	57500001	58000000	0.0198728728830969
chr13	58000001	58500000	-0.0381585125568277
chr13	58500001	59000000	0.020134935356671
chr13	59000001	59500000	-0.0230720546970669
chr13	59500001	60000000	0.141636262449676
chr13	60000001	60500000	0.0443265915158124
chr13	60500001	61000000	-0.0251564716475784
chr13	61000001	61500000	0.021887692016465
chr13	61500001	62000000	-0.0345367108847189
chr13	62000001	62500000	0.00757745452211313
chr13	62500001	63000000	NA
chr13	63000001	63500000	0.0580256685976673
chr13	63500001	64000000	-0.0735390136967201
chr13	64000001	64500000	0.0718038713490673
chr13	64500001	65000000	-0.0800950949252526
chr13	65000001	65500000	0.00993714343839725
chr13	65500001	66000000	0.0257084902853791
chr13	66000001	66500000	0.0260997932283383
chr13	66500001	67000000	0.0909068504613898
chr13	67000001	67500000	0.166093035214974
chr13	67500001	68000000	0.00630535845117053
chr13	68000001	68500000	0.129272426828951
chr13	68500001	69000000	NA
chr13	69000001	69500000	NA
chr13	69500001	70000000	0.0804623512429528
chr13	70000001	70500000	0.00310762845573791
chr13	70500001	71000000	0.0747082808125902
chr13	71000001	71500000	0.0389011933358281
chr13	71500001	72000000	0.0892728515418854
chr13	72000001	72500000	-0.0707121893223798
chr13	72500001	73000000	0.0573776070018676
chr13	73000001	73500000	0.0403618538503321
chr13	73500001	74000000	0.0376067438927366
chr13	74000001	74500000	0.0687093195324396
chr13	74500001	75000000	0.0606720200357269
chr13	75000001	75500000	0.00253357398857728
chr13	75500001	76000000	0.0591500655222966
chr13	76000001	76500000	0.00811604924445796
chr13	76500001	77000000	0.150441382831113
chr13	77000001	77500000	0.0328472634191921
chr13	77500001	78000000	0.0543785340862061
chr13	78000001	78500000	0.0563616278909097
chr13	78500001	79000000	0.041791722938937
chr13	79000001	79500000	-0.0148806098251769
chr13	79500001	80000000	0.0994760128628742
chr13	80000001	80500000	-0.0104551060742132
chr13	80500001	81000000	0.0637089594443737
chr13	81000001	81500000	-0.0576492984716719
chr13	81500001	82000000	0.0461361092858154
chr13	82000001	82500000	-0.0371482410616344
chr13	82500001	83000000	0.0419949313803706
chr13	83000001	83500000	-0.0236674861889355
chr13	83500001	84000000	-0.00823632247259979
chr13	84000001	84500000	-0.0775643566115589
chr13	84500001	85000000	0.0270858780587596
chr13	85000001	85500000	0.0847703455195947
chr13	85500001	86000000	-0.0436708503034248
chr13	86000001	86500000	NA
chr13	86500001	87000000	0.0821778674356623
chr13	87000001	87500000	0.129121785279896
chr13	87500001	88000000	0.0335542023406487
chr13	88000001	88500000	0.0105086962694011
chr13	88500001	89000000	-0.0136639324094957
chr13	89000001	89500000	-0.0711159225453559
chr13	89500001	90000000	0.0214045921996506
chr13	90000001	90500000	0.0578213811933693
chr13	90500001	91000000	0.160676792153822
chr13	91000001	91500000	0.0240345428157543
chr13	91500001	92000000	-0.0367846481711187
chr13	92000001	92500000	0.00673044918268914
chr13	92500001	93000000	-0.00151542954735846
chr13	93000001	93500000	-0.0407758533039939
chr13	93500001	94000000	-0.0349531899942709
chr13	94000001	94500000	-0.0638758006465913
chr13	94500001	95000000	0.0540336491540753
chr13	95000001	95500000	0.0489757918126261
chr13	95500001	96000000	-0.0198154815334403
chr13	96000001	96500000	0.0763862440831047
chr13	96500001	97000000	0.0579032716680236
chr13	97000001	97500000	0.00883048268232284
chr13	97500001	98000000	0.0626429048764528
chr13	98000001	98500000	-0.0366449836970733
chr13	98500001	99000000	0.0557178395921595
chr13	99000001	99500000	0.00113485135606136
chr13	99500001	100000000	0.0243083794787361
chr13	100000001	100500000	0.0501922308534548
chr13	100500001	101000000	NA
chr13	101000001	101500000	-0.0344544545571768
chr13	101500001	102000000	0.0283414708950796
chr13	102000001	102500000	0.0435699314437651
chr13	102500001	103000000	-0.0193160740132095
chr13	103000001	103500000	0.000349289634079059
chr13	103500001	104000000	-0.00158144834778765
chr13	104000001	104500000	0.0136246383249597
chr13	104500001	105000000	0.0594596925507445
chr13	105000001	105500000	-0.00206117194784055
chr13	105500001	106000000	0.0685697862699962
chr13	106000001	106500000	0.10659167818661
chr13	106500001	107000000	0.0635892846153906
chr13	107000001	107500000	0.10063436889973
chr13	107500001	108000000	-0.0122377181137749
chr13	108000001	108500000	0.0538425933268223
chr13	108500001	109000000	-0.0261185249292505
chr13	109000001	109500000	0.15132113827759
chr13	109500001	110000000	0.10544449081789
chr13	110000001	110500000	0.033019319744054
chr13	110500001	111000000	0.0504959933638708
chr13	111000001	111500000	-0.0206507151544053
chr13	112000001	112500000	-0.0850681474164249
chr13	112500001	113000000	-0.0015754889379219
chr13	113000001	113500000	-0.106310467279992
chr13	113500001	114000000	NA
chr13	114000001	114500000	NA
chr14	20000001	20500000	0.0659184248860888
chr14	20500001	21000000	0.0926305570564794
chr14	21000001	21500000	0.090803300474619
chr14	21500001	22000000	-0.0894079620992426
chr14	22000001	22500000	0.0121906650079895
chr14	22500001	23000000	0.103237243066418
chr14	23000001	23500000	0.0267833395839201
chr14	23500001	24000000	0.048325279580257
chr14	24000001	24500000	0.080199637458395
chr14	24500001	25000000	-0.0072250319801868
chr14	25000001	25500000	-0.0706651050083319
chr14	25500001	26000000	-0.00825674756281079
chr14	26000001	26500000	-0.0195630256591024
chr14	26500001	27000000	0.00289137322695425
chr14	27000001	27500000	-0.0990678143117938
chr14	27500001	28000000	0.177403056320901
chr14	28000001	28500000	-0.0263736824509338
chr14	28500001	29000000	-0.0383169876442069
chr14	29000001	29500000	-0.00352461486909723
chr14	29500001	30000000	0.121121542840786
chr14	30000001	30500000	0.0417311385858173
chr14	30500001	31000000	-0.0312107248652215
chr14	31000001	31500000	0.0126108628857849
chr14	31500001	32000000	0.0357850323802381
chr14	32000001	32500000	-0.0195514230970549
chr14	32500001	33000000	-0.0422428137082735
chr14	33000001	33500000	-0.016120340003903
chr14	33500001	34000000	-0.0407315754977252
chr14	34000001	34500000	0.104868470128737
chr14	34500001	35000000	0.0444908334835928
chr14	35000001	35500000	0.0466979773116127
chr14	35500001	36000000	0.0654455586713332
chr14	36000001	36500000	-0.0162782456112142
chr14	36500001	37000000	0.0151438517797814
chr14	37000001	37500000	-0.0125384160084814
chr14	37500001	38000000	-0.00875862613858343
chr14	38000001	38500000	0.10522830318149
chr14	38500001	39000000	-0.0322231346676748
chr14	39000001	39500000	-0.0139864765019449
chr14	39500001	40000000	-0.0499131534405244
chr14	40000001	40500000	-0.061047507636819
chr14	40500001	41000000	-0.132569143168319
chr14	41000001	41500000	-0.116220099544266
chr14	41500001	42000000	-0.0189953548300909
chr14	42000001	42500000	-0.031556902440421
chr14	42500001	43000000	0.0302049761055194
chr14	43000001	43500000	-0.001005396456695
chr14	43500001	44000000	-0.0941840843789599
chr14	44000001	44500000	-0.0568134067094591
chr14	44500001	45000000	-0.071546550701498
chr14	45000001	45500000	0.0049297144141546
chr14	45500001	46000000	-0.102577557949607
chr14	46000001	46500000	-0.0436644984653191
chr14	46500001	47000000	-0.0929474486753312
chr14	47000001	47500000	-0.0304351661107297
chr14	47500001	48000000	-0.11051443031802
chr14	48000001	48500000	-0.104258230807444
chr14	48500001	49000000	-0.0501751748532542
chr14	49000001	49500000	0.0271398934965772
chr14	49500001	50000000	-0.184057045623064
chr14	50000001	50500000	0.0734112434011641
chr14	50500001	51000000	0.053839055136645
chr14	51000001	51500000	-0.104358150310647
chr14	51500001	52000000	-0.0133313367696694
chr14	52000001	52500000	-0.0149621095002925
chr14	52500001	53000000	-0.0162086682279441
chr14	53000001	53500000	0.0279868234728234
chr14	53500001	54000000	-0.0221628502245366
chr14	54000001	54500000	0.0566979939036554
chr14	54500001	55000000	0.0373206071033861
chr14	55000001	55500000	-0.00887789131357762
chr14	55500001	56000000	-0.0284470191297437
chr14	56000001	56500000	-0.0477017959669939
chr14	56500001	57000000	-0.0326169684066915
chr14	57000001	57500000	-0.0258407353430326
chr14	57500001	58000000	-0.101468250209377
chr14	58000001	58500000	0.00607403990438855
chr14	58500001	59000000	-0.012646925812807
chr14	59000001	59500000	-0.0622287344310828
chr14	59500001	60000000	0.0194534508551203
chr14	60000001	60500000	0.010413326800535
chr14	60500001	61000000	0.0252633040820244
chr14	61000001	61500000	0.106383536303118
chr14	61500001	62000000	0.0436800328748141
chr14	62000001	62500000	-0.0637134856592091
chr14	62500001	63000000	-0.0274095939786147
chr14	63000001	63500000	-0.0498031294911312
chr14	63500001	64000000	-0.0235302613058903
chr14	64000001	64500000	0.0315526610591665
chr14	64500001	65000000	-0.0176942312172406
chr14	65000001	65500000	0.0238894802851353
chr14	65500001	66000000	0.0752034843029756
chr14	66000001	66500000	0.0530033597891753
chr14	66500001	67000000	0.146595737003177
chr14	67000001	67500000	0.0109885368125359
chr14	67500001	68000000	0.00859506177353732
chr14	68000001	68500000	0.127080406505938
chr14	68500001	69000000	0.133946624611609
chr14	69000001	69500000	0.0620265004246178
chr14	69500001	70000000	0.0424820455195601
chr14	70000001	70500000	0.0282589864727016
chr14	70500001	71000000	0.0600335225811138
chr14	71000001	71500000	0.131205644238501
chr14	71500001	72000000	0.112675407438097
chr14	72000001	72500000	-0.0485419555686974
chr14	72500001	73000000	0.0785193329982887
chr14	73000001	73500000	0.0571066343013724
chr14	73500001	74000000	-0.0312585601538942
chr14	74000001	74500000	0.00916716565586388
chr14	74500001	75000000	0.0397173860789904
chr14	75000001	75500000	0.0620359850611861
chr14	75500001	76000000	0.0605249382953252
chr14	76000001	76500000	-0.0907485556823462
chr14	76500001	77000000	0.0348600668962189
chr14	77000001	77500000	0.00574549808818991
chr14	77500001	78000000	-0.019620497297364
chr14	78000001	78500000	0.0713156368841332
chr14	78500001	79000000	-0.0332948557243997
chr14	79000001	79500000	0.0372027661473487
chr14	79500001	80000000	-0.0126336263321598
chr14	80000001	80500000	0.0132672726708624
chr14	80500001	81000000	0.106764824748225
chr14	81000001	81500000	0.0556312415209293
chr14	81500001	82000000	-0.0291949729018899
chr14	82000001	82500000	0.0730949426454835
chr14	82500001	83000000	-0.00455663083481212
chr14	83000001	83500000	0.0492310157581629
chr14	83500001	84000000	-0.0143630446613696
chr14	84000001	84500000	0.0351700605118365
chr14	84500001	85000000	-0.0534521187563937
chr14	85000001	85500000	-0.00330341128457211
chr14	85500001	86000000	0.0592606388973719
chr14	86000001	86500000	0.0628153500739757
chr14	86500001	87000000	0.0319842625933375
chr14	87000001	87500000	-0.0722470248679358
chr14	87500001	88000000	0.0395305254056438
chr14	88000001	88500000	0.0893256496379991
chr14	88500001	89000000	-0.0328035090354031
chr14	89000001	89500000	3.51291393628633e-05
chr14	89500001	90000000	0.115283175695408
chr14	90000001	90500000	-0.00052669241194736
chr14	90500001	91000000	0.0151429230298982
chr14	91000001	91500000	0.11124781803125
chr14	91500001	92000000	-0.017011547008843
chr14	92000001	92500000	0.0507485353365785
chr14	92500001	93000000	0.113217654943676
chr14	93000001	93500000	0.000338106659321172
chr14	93500001	94000000	0.00265943952007799
chr14	94000001	94500000	0.0487600859692839
chr14	94500001	95000000	-0.0516033196511044
chr14	95000001	95500000	0.0697837498019722
chr14	95500001	96000000	-0.107705503535515
chr14	96000001	96500000	-0.0643276353110647
chr14	96500001	97000000	0.00127058801178263
chr14	97000001	97500000	-0.0638822790284045
chr14	97500001	98000000	-0.0601442181923472
chr14	98000001	98500000	-0.0209723939459123
chr14	98500001	99000000	-0.0424070936995588
chr14	99000001	99500000	-0.0482453973280307
chr14	99500001	100000000	-0.0406399690527829
chr14	100000001	100500000	0.045535223531088
chr14	100500001	101000000	0.0347090019457697
chr14	101000001	101500000	-0.0150667398934278
chr14	101500001	102000000	-0.00794676825069411
chr14	102000001	102500000	0.0408554572426851
chr14	102500001	103000000	0.0172862938792927
chr14	103000001	103500000	0.0338907293325005
chr14	103500001	104000000	0.0122349426910607
chr14	104000001	104500000	-0.00787878934118763
chr14	104500001	105000000	-0.0162658657559468
chr14	105000001	105500000	-0.0300314755082806
chr14	106000001	106500000	0.258271749441666
chr15	23500001	24000000	-0.0658785666963985
chr15	24500001	25000000	-0.0544225190127997
chr15	25000001	25500000	-0.0541169812793355
chr15	25500001	26000000	0.0152676771950773
chr15	26000001	26500000	-0.120824748231204
chr15	26500001	27000000	-0.176702105957214
chr15	27000001	27500000	NA
chr15	27500001	28000000	-0.0174564122800934
chr15	29000001	29500000	-0.197853538806943
chr15	29500001	30000000	-0.0696014020199635
chr15	31000001	31500000	-0.0572560112012142
chr15	31500001	32000000	0.0479322757620093
chr15	32500001	33000000	-0.088997878487191
chr15	33000001	33500000	-0.0327460760043972
chr15	33500001	34000000	-0.109368305338189
chr15	34000001	34500000	-0.0334396964143171
chr15	34500001	35000000	-0.0867349776893838
chr15	35000001	35500000	-0.0744963603942728
chr15	35500001	36000000	-0.0383776725912968
chr15	36000001	36500000	-0.17804379961197
chr15	36500001	37000000	0.0281883051728853
chr15	37000001	37500000	-0.103390919855859
chr15	37500001	38000000	-0.0743722637135357
chr15	38000001	38500000	0.130836534148589
chr15	38500001	39000000	-0.0364932723078373
chr15	39000001	39500000	-0.0616192913875966
chr15	39500001	40000000	-0.101274222769452
chr15	40000001	40500000	0.0389570725975429
chr15	40500001	41000000	-0.0816010171230893
chr15	41000001	41500000	-0.0467964132926273
chr15	41500001	42000000	-0.0536171603178913
chr15	42000001	42500000	0.0294384671730083
chr15	42500001	43000000	-0.0484960120441808
chr15	43000001	43500000	-0.0457669105396956
chr15	43500001	44000000	-0.160817564916585
chr15	44000001	44500000	-0.056238283385247
chr15	44500001	45000000	-0.0643482954025681
chr15	45000001	45500000	-0.0533583757944488
chr15	45500001	46000000	-0.0920185749450377
chr15	46000001	46500000	-0.116290656087019
chr15	46500001	47000000	-0.123096434575362
chr15	47000001	47500000	-0.0302046203607057
chr15	47500001	48000000	-0.091674683216262
chr15	48000001	48500000	0.00273839578012766
chr15	48500001	49000000	-0.0383630764105419
chr15	49000001	49500000	0.0370021740360959
chr15	49500001	50000000	0.0635131253629323
chr15	50000001	50500000	0.0706025779122405
chr15	50500001	51000000	-0.0749775979794956
chr15	51000001	51500000	-0.00214811559231393
chr15	51500001	52000000	0.0797771241677802
chr15	52000001	52500000	-0.00607280667712847
chr15	52500001	53000000	0.0124196893248356
chr15	53000001	53500000	-0.106707741634244
chr15	53500001	54000000	-0.12604207276074
chr15	54000001	54500000	-0.0747267379228269
chr15	54500001	55000000	-0.114255597439537
chr15	55000001	55500000	0.0256984771803398
chr15	55500001	56000000	-0.0406670025850787
chr15	56000001	56500000	-0.0389102735993015
chr15	56500001	57000000	-0.0714912080517868
chr15	57000001	57500000	-0.0609066507021195
chr15	57500001	58000000	-0.0839428541944032
chr15	58000001	58500000	-0.0301030099159339
chr15	58500001	59000000	0.0853685976363122
chr15	59000001	59500000	-0.0876069888833906
chr15	59500001	60000000	-0.0982459534204389
chr15	60000001	60500000	-0.0239518451906525
chr15	60500001	61000000	0.0444848804465681
chr15	61000001	61500000	-0.0565846462744257
chr15	61500001	62000000	0.0269617984183637
chr15	62000001	62500000	-0.0202015454863327
chr15	62500001	63000000	0.0226100396657904
chr15	63000001	63500000	0.0595956339865707
chr15	63500001	64000000	0.0324139841147483
chr15	64000001	64500000	-0.0960155298153406
chr15	64500001	65000000	-0.0924507115008881
chr15	65000001	65500000	-0.0221387582432248
chr15	65500001	66000000	0.00440947015406626
chr15	66000001	66500000	0.0574396074951661
chr15	66500001	67000000	-0.0371512466075419
chr15	67000001	67500000	-0.032320718883021
chr15	67500001	68000000	0.0776962344383281
chr15	68000001	68500000	-0.00785957919908279
chr15	68500001	69000000	0.00359757746420954
chr15	69000001	69500000	0.0484109645677596
chr15	69500001	70000000	0.00381476623671113
chr15	70000001	70500000	0.0864412203250301
chr15	70500001	71000000	-0.0427616011826227
chr15	71000001	71500000	-0.0403942971174279
chr15	71500001	72000000	0.0283844084990554
chr15	72000001	72500000	-0.00238839436260322
chr15	72500001	73000000	0.0423597582710135
chr15	73000001	73500000	-0.0261255050525986
chr15	73500001	74000000	-0.0530711415364047
chr15	74000001	74500000	-0.0389998607472458
chr15	74500001	75000000	0.0618605002812677
chr15	75000001	75500000	-0.0478796079082434
chr15	75500001	76000000	0.0509860220458112
chr15	76000001	76500000	-0.0298905616838189
chr15	76500001	77000000	0.00787388059090429
chr15	77000001	77500000	0.143999788076383
chr15	77500001	78000000	0.0607751283147011
chr15	78000001	78500000	-0.0618617682803502
chr15	78500001	79000000	-0.00104491660108644
chr15	79000001	79500000	0.0271491993208792
chr15	79500001	80000000	0.0901744882148074
chr15	80000001	80500000	-0.0236807911606239
chr15	80500001	81000000	0.0247373840126386
chr15	81000001	81500000	0.0576078196647636
chr15	81500001	82000000	-0.0179559053966784
chr15	82500001	83000000	-0.0214066633058488
chr15	83000001	83500000	0.0354897778398461
chr15	83500001	84000000	-0.0012675842636827
chr15	84500001	85000000	-0.0344862006700057
chr15	85000001	85500000	-0.076406498904019
chr15	85500001	86000000	0.00460067464545332
chr15	86000001	86500000	-0.0843037477640701
chr15	86500001	87000000	-0.051991299429385
chr15	87000001	87500000	-0.0534824217782679
chr15	87500001	88000000	-0.0120910366735263
chr15	88000001	88500000	-0.00750316221435995
chr15	88500001	89000000	-0.00543790156452682
chr15	89000001	89500000	0.086183201594266
chr15	89500001	90000000	0.0349151385397136
chr15	90000001	90500000	0.0273114858335667
chr15	90500001	91000000	0.0848214664285728
chr15	91000001	91500000	-0.0242759050479206
chr15	91500001	92000000	0.0447970506617253
chr15	92000001	92500000	0.00137992993700231
chr15	92500001	93000000	0.0415528858979898
chr15	93000001	93500000	0.103783131181337
chr15	93500001	94000000	0.0182799359704493
chr15	94000001	94500000	0.0499145603341206
chr15	94500001	95000000	-0.108579672315228
chr15	95000001	95500000	-0.0109225992709464
chr15	95500001	96000000	-0.0307039578700937
chr15	96000001	96500000	-0.00547307810957612
chr15	96500001	97000000	-0.16019715994254
chr15	97000001	97500000	0.0213336249335249
chr15	97500001	98000000	-0.070446573340424
chr15	98000001	98500000	0.016088627079354
chr15	98500001	99000000	-0.036213258481669
chr15	99000001	99500000	0.0555070834187814
chr15	99500001	100000000	0.0213276309769048
chr15	100000001	100500000	0.0810308790861705
chr15	100500001	101000000	-0.0579031969110429
chr15	101000001	101500000	0.0217855085057453
chr16	1	500000	NA
chr16	500001	1000000	NA
chr16	1000001	1500000	NA
chr16	1500001	2000000	-0.142631888492252
chr16	2000001	2500000	-0.0780620959044926
chr16	2500001	3000000	-0.220106527822236
chr16	3000001	3500000	-0.0823384560382837
chr16	3500001	4000000	-0.0736616308574319
chr16	4000001	4500000	-0.0363008127820576
chr16	4500001	5000000	-0.0706157500111129
chr16	5000001	5500000	0.0254258710738994
chr16	5500001	6000000	-0.102368145748376
chr16	6000001	6500000	-0.145962844422753
chr16	6500001	7000000	-0.041356554225834
chr16	7000001	7500000	-0.116282271455978
chr16	7500001	8000000	-0.0409288157018972
chr16	8000001	8500000	-0.0786277773236571
chr16	8500001	9000000	-0.0167846385949079
chr16	9000001	9500000	0.0547922037806927
chr16	9500001	10000000	-0.0313674261514521
chr16	10000001	10500000	-0.0416205524226992
chr16	10500001	11000000	0.0490473801753653
chr16	11000001	11500000	0.0870486089103324
chr16	11500001	12000000	0.0834543170000035
chr16	12000001	12500000	0.0388535728140679
chr16	12500001	13000000	0.120027737100129
chr16	13000001	13500000	-0.0477006521437315
chr16	13500001	14000000	0.0276115077130379
chr16	14000001	14500000	-0.0535764623555192
chr16	15500001	16000000	0.00695316641305915
chr16	17000001	17500000	0.126695182823745
chr16	17500001	18000000	-0.0218826878472925
chr16	19000001	19500000	-0.0485710385037834
chr16	19500001	20000000	-0.0925351012059953
chr16	20000001	20500000	-0.0464232491587949
chr16	20500001	21000000	0.0258582903745389
chr16	22000001	22500000	-0.115135979959581
chr16	22500001	23000000	0.340302530511839
chr16	23000001	23500000	0.0620025748682368
chr16	23500001	24000000	0.0502067576371064
chr16	24000001	24500000	-0.0549907624473508
chr16	24500001	25000000	0.0675853780524153
chr16	25000001	25500000	-0.0365455041133999
chr16	25500001	26000000	-0.0737747579509521
chr16	26000001	26500000	0.00368675624402823
chr16	26500001	27000000	-0.0676970994868377
chr16	27000001	27500000	-0.0727890990089707
chr16	27500001	28000000	-0.0668744123481377
chr16	28000001	28500000	-0.182358727204464
chr16	29500001	30000000	-0.179638567294179
chr16	30500001	31000000	-0.0442982747249273
chr16	31000001	31500000	0.0337587131220772
chr16	31500001	32000000	0.0687195293574406
chr16	46500001	47000000	-0.0343859419791517
chr16	47000001	47500000	0.111987876929206
chr16	47500001	48000000	-0.0221342886333294
chr16	48000001	48500000	-0.00230151078551397
chr16	48500001	49000000	-0.0774902522900122
chr16	49000001	49500000	-0.0288773456560114
chr16	49500001	50000000	-0.0744685643576701
chr16	50000001	50500000	-0.0604481447570131
chr16	50500001	51000000	0.00888491975651894
chr16	51000001	51500000	-0.156554491053934
chr16	51500001	52000000	-0.0758558929590661
chr16	52000001	52500000	-0.0719804261178602
chr16	52500001	53000000	0.00978052723981755
chr16	53000001	53500000	0.0645368555838285
chr16	53500001	54000000	0.00749613645054461
chr16	54000001	54500000	0.0231340540447936
chr16	54500001	55000000	-0.0336974761710305
chr16	55000001	55500000	-0.0165761633868674
chr16	55500001	56000000	0.150660669180794
chr16	56000001	56500000	0.00513585491824056
chr16	56500001	57000000	-0.0298814925669653
chr16	57000001	57500000	-0.122646778960144
chr16	57500001	58000000	0.0688083810988521
chr16	58000001	58500000	0.0239917900958585
chr16	58500001	59000000	-0.0753267421255425
chr16	59000001	59500000	-0.093210576859491
chr16	59500001	60000000	-0.147173423723225
chr16	60000001	60500000	-0.0470008004574953
chr16	60500001	61000000	-0.0750532834843614
chr16	61000001	61500000	-0.0906922831210466
chr16	61500001	62000000	-0.0554468012068871
chr16	62000001	62500000	-0.123239714674719
chr16	62500001	63000000	-0.0472209950146468
chr16	63000001	63500000	-0.0199406362384413
chr16	63500001	64000000	0.0130130435606524
chr16	64000001	64500000	-0.111313813118637
chr16	64500001	65000000	-0.159658059990416
chr16	65000001	65500000	-0.102790215380148
chr16	65500001	66000000	0.0289717480833911
chr16	66000001	66500000	-0.0269998855431018
chr16	66500001	67000000	-0.0210355746778589
chr16	67000001	67500000	-0.00520607339603754
chr16	67500001	68000000	0.0631338787643218
chr16	68000001	68500000	0.0137299845902111
chr16	68500001	69000000	0.00431327150118248
chr16	69000001	69500000	-0.0174657836888011
chr16	69500001	70000000	-0.0757691602552316
chr16	70500001	71000000	-0.11345181268778
chr16	71000001	71500000	-0.249396660040223
chr16	71500001	72000000	-0.145011676879415
chr16	72000001	72500000	-0.0534726997888412
chr16	72500001	73000000	0.0448947155911253
chr16	73000001	73500000	-0.0706238296861435
chr16	73500001	74000000	-0.123916453475734
chr16	74000001	74500000	0.0130347809567216
chr16	74500001	75000000	-0.111604378779774
chr16	75000001	75500000	-0.146906976064477
chr16	75500001	76000000	-0.0523466611862831
chr16	76000001	76500000	-0.0546646708491674
chr16	76500001	77000000	-0.0597091907108706
chr16	77000001	77500000	-0.117808408503834
chr16	77500001	78000000	-0.0391488078176862
chr16	78000001	78500000	-0.0875759702701193
chr16	78500001	79000000	-0.0548506357715786
chr16	79000001	79500000	-0.011178020811478
chr16	79500001	80000000	-0.0261655548325
chr16	80000001	80500000	0.000195548226062534
chr16	80500001	81000000	-0.0433068633218375
chr16	81000001	81500000	-0.210175149927085
chr16	81500001	82000000	0.00604145980271989
chr16	82000001	82500000	0.0736202818610083
chr16	82500001	83000000	-0.0739759999819414
chr16	83000001	83500000	-0.115953947375707
chr16	83500001	84000000	-0.108536573156921
chr16	84000001	84500000	-0.0517568543599298
chr16	84500001	85000000	0.120554894055834
chr16	85000001	85500000	-0.0431321943330624
chr16	85500001	86000000	-0.024079518380999
chr16	86000001	86500000	-0.109656228242569
chr16	86500001	87000000	-0.0655052678143333
chr16	87000001	87500000	-0.0345891372890528
chr16	87500001	88000000	-0.0350790045120425
chr16	88000001	88500000	NA
chr16	88500001	89000000	-0.064828110735887
chr16	89000001	89500000	-0.044108055494809
chr16	89500001	90000000	-0.113241137399355
chr17	500001	1000000	-0.00140700939412361
chr17	1000001	1500000	-0.00307607802700767
chr17	1500001	2000000	-0.0877044639233662
chr17	2000001	2500000	-0.0749872748615396
chr17	2500001	3000000	0.0305434455695502
chr17	3000001	3500000	-0.0386902417778089
chr17	3500001	4000000	-0.0407606392832031
chr17	4000001	4500000	0.0201595567400459
chr17	4500001	5000000	-0.0121944456673495
chr17	5000001	5500000	0.032524820994281
chr17	5500001	6000000	-0.101077557979217
chr17	6000001	6500000	-0.100602164024575
chr17	6500001	7000000	-0.0174183693267806
chr17	7000001	7500000	0.0395418680088752
chr17	7500001	8000000	0.0369232348464129
chr17	8000001	8500000	0.00820424698349456
chr17	8500001	9000000	0.0232483654175779
chr17	9000001	9500000	-0.0461613983786729
chr17	9500001	10000000	-0.083383386112642
chr17	10000001	10500000	-0.138292977720224
chr17	10500001	11000000	-0.0975033426269094
chr17	11000001	11500000	-0.18271677564928
chr17	11500001	12000000	-0.138203750095947
chr17	12000001	12500000	-0.033481036598729
chr17	12500001	13000000	-0.0985027815792713
chr17	13000001	13500000	-0.0587700587135959
chr17	13500001	14000000	-0.077164871510044
chr17	14000001	14500000	-0.0102421881562541
chr17	14500001	15000000	-0.103747072048445
chr17	15000001	15500000	-0.0505158646910927
chr17	16000001	16500000	0.0116722240777372
chr17	17000001	17500000	0.0159475794064552
chr17	17500001	18000000	-0.107355192392895
chr17	18000001	18500000	-0.295857752331461
chr17	19500001	20000000	-0.0399544929188558
chr17	20000001	20500000	0.00482461912324877
chr17	21000001	21500000	0.0503378007499183
chr17	27500001	28000000	-0.036623229808809
chr17	28000001	28500000	0.0235605000060269
chr17	28500001	29000000	-0.0368074689788692
chr17	29000001	29500000	-0.0651015078063948
chr17	29500001	30000000	-0.00417775476406454
chr17	30000001	30500000	-0.0358938322130726
chr17	30500001	31000000	-0.0700130578734873
chr17	31000001	31500000	0.0296651912433446
chr17	31500001	32000000	-0.00254368349418931
chr17	32000001	32500000	-0.0583463694100774
chr17	32500001	33000000	-0.0316407633796524
chr17	33000001	33500000	-0.0819720785886247
chr17	33500001	34000000	-0.188624336536079
chr17	34000001	34500000	0.100505269821233
chr17	34500001	35000000	0.020249592884891
chr17	35000001	35500000	-0.0600220527120426
chr17	35500001	36000000	-0.0228255995794065
chr17	36500001	37000000	-0.0631472219987187
chr17	37000001	37500000	-0.0330752034762945
chr17	37500001	38000000	-0.15205406056099
chr17	38500001	39000000	-0.0732103133913468
chr17	39000001	39500000	-0.0308734041526434
chr17	39500001	40000000	-0.0236736515033469
chr17	40000001	40500000	-0.0989067933746015
chr17	40500001	41000000	0.0841839063448762
chr17	41000001	41500000	0.0301374587575042
chr17	41500001	42000000	-0.0675265175005385
chr17	42000001	42500000	0.0378162474684761
chr17	42500001	43000000	0.0403926380056179
chr17	43000001	43500000	-0.267902187512946
chr17	43500001	44000000	0.0556692241152249
chr17	44000001	44500000	0.00059503483178211
chr17	44500001	45000000	0.0415063636735281
chr17	45000001	45500000	0.0871532843163228
chr17	45500001	46000000	0.0629840908359122
chr17	47000001	47500000	0.0410891188786934
chr17	47500001	48000000	-0.024218512834463
chr17	48000001	48500000	-0.0159923939085979
chr17	48500001	49000000	0.0212754561749279
chr17	49000001	49500000	0.0882020845365844
chr17	49500001	50000000	0.0651925619535185
chr17	50000001	50500000	-0.0297478320410391
chr17	50500001	51000000	0.0616562034845597
chr17	51000001	51500000	0.145819618257086
chr17	51500001	52000000	-0.113684281905919
chr17	52000001	52500000	-0.0315562200893145
chr17	52500001	53000000	-0.12081681319683
chr17	53000001	53500000	0.0427669346292164
chr17	53500001	54000000	-0.0889799903161663
chr17	54000001	54500000	-0.0824191667511608
chr17	54500001	55000000	-0.0305860314527339
chr17	55000001	55500000	-0.00137538424227595
chr17	55500001	56000000	-0.0218013255279427
chr17	56000001	56500000	0.134031348108313
chr17	56500001	57000000	0.0114016587030106
chr17	57000001	57500000	-0.105213828149596
chr17	57500001	58000000	0.0587870674406653
chr17	58000001	58500000	0.0334310505630025
chr17	58500001	59000000	0.0552644836508724
chr17	59000001	59500000	-0.0579768601502576
chr17	59500001	60000000	0.0657072010169177
chr17	60000001	60500000	-0.0974359946524878
chr17	60500001	61000000	0.0345483104683897
chr17	61000001	61500000	0.118288354036666
chr17	61500001	62000000	0.0299048539390321
chr17	62000001	62500000	0.0643910731083564
chr17	62500001	63000000	0.0339384966210129
chr17	63000001	63500000	0.0347050249824481
chr17	63500001	64000000	0.1250183271036
chr17	64000001	64500000	0.07943259970461
chr17	64500001	65000000	0.0513165402953312
chr17	65000001	65500000	0.0132205022619978
chr17	65500001	66000000	-0.00563415538520425
chr17	66000001	66500000	-0.0660406171655094
chr17	66500001	67000000	-0.0812057836990893
chr17	67000001	67500000	-0.0141788800314613
chr17	67500001	68000000	0.0606173432749851
chr17	68000001	68500000	0.146561270735091
chr17	68500001	69000000	-0.0475992097479723
chr17	69000001	69500000	-0.0573235564678048
chr17	69500001	70000000	-0.0219539993878504
chr17	70000001	70500000	0.07284476765006
chr17	70500001	71000000	-0.0130771178192579
chr17	71000001	71500000	-0.0364417026144653
chr17	71500001	72000000	0.000615480447319301
chr17	72000001	72500000	-0.116607264317071
chr17	72500001	73000000	0.0699651563415965
chr17	73000001	73500000	0.0804657358993102
chr17	73500001	74000000	0.106118035111954
chr17	74000001	74500000	0.0139648512879551
chr17	74500001	75000000	0.120567960778981
chr17	75000001	75500000	0.113241641804562
chr17	75500001	76000000	0.131674595475174
chr17	76000001	76500000	0.0412633252307099
chr17	76500001	77000000	0.104230920584468
chr17	77000001	77500000	0.0624176447000999
chr17	77500001	78000000	0.12081568647777
chr17	78000001	78500000	-0.0247631194197905
chr17	78500001	79000000	-0.0156146457202697
chr17	79000001	79500000	-0.135654776433297
chr17	79500001	80000000	-0.0972443751927767
chr17	80000001	80500000	-0.0724208625867107
chr17	80500001	81000000	-0.0422191280534102
chr17	81000001	81500000	NA
chr17	81500001	82000000	NA
chr17	82000001	82500000	-0.0417132638871176
chr17	82500001	83000000	-0.0132401763961371
chr17	83000001	83500000	NA
chr18	1	500000	NA
chr18	500001	1000000	-0.0394666647096926
chr18	1000001	1500000	-0.0903851403909568
chr18	1500001	2000000	-0.0458138215856648
chr18	2000001	2500000	-0.0966916152677917
chr18	2500001	3000000	0.0358064136610021
chr18	3000001	3500000	-0.0262346179635282
chr18	3500001	4000000	0.0539274394384566
chr18	4000001	4500000	-0.101998052080891
chr18	4500001	5000000	-0.126938639980845
chr18	5000001	5500000	-0.0208240024008812
chr18	5500001	6000000	-0.0669564304873654
chr18	6000001	6500000	-0.045948724400225
chr18	6500001	7000000	0.0160137958410684
chr18	7000001	7500000	0.00365865809788762
chr18	7500001	8000000	-0.0491196322498963
chr18	8000001	8500000	0.0193745198033396
chr18	8500001	9000000	-0.0299420819892865
chr18	9000001	9500000	-0.0382790786542862
chr18	9500001	10000000	0.0477245744144008
chr18	10000001	10500000	-0.0240384258720663
chr18	10500001	11000000	-0.0645992648696705
chr18	11000001	11500000	-0.0842929408205824
chr18	11500001	12000000	-0.0112578390043314
chr18	12000001	12500000	-0.00535005358477021
chr18	12500001	13000000	0.024007505009985
chr18	13000001	13500000	-0.0386445623415753
chr18	13500001	14000000	0.0422307139095133
chr18	22000001	22500000	-0.0625155807181986
chr18	22500001	23000000	0.0292352916790844
chr18	23000001	23500000	0.000500763548462346
chr18	23500001	24000000	-0.0236045046319585
chr18	24000001	24500000	0.0668532550403085
chr18	24500001	25000000	-0.0790558961256493
chr18	25000001	25500000	-0.0237194798712667
chr18	25500001	26000000	-0.026830360247695
chr18	26000001	26500000	-0.0823104093155572
chr18	26500001	27000000	0.0966521620055585
chr18	27000001	27500000	-0.0481734015460624
chr18	27500001	28000000	-0.0538672372082351
chr18	28000001	28500000	-0.120423148271199
chr18	28500001	29000000	0.0411096558223589
chr18	29000001	29500000	0.0176449410916257
chr18	29500001	30000000	-0.0422576065695874
chr18	30000001	30500000	0.00277698346345848
chr18	30500001	31000000	-0.0417006405984656
chr18	31000001	31500000	-0.0340746578065918
chr18	31500001	32000000	-0.0337126706312045
chr18	32000001	32500000	0.0146672413735602
chr18	32500001	33000000	-0.0243454778924913
chr18	33000001	33500000	-0.0235765937465665
chr18	33500001	34000000	-0.00938559762517141
chr18	34000001	34500000	-0.0642099454592368
chr18	34500001	35000000	0.0489707793353608
chr18	35000001	35500000	-0.00965147978735204
chr18	35500001	36000000	0.0964721900958625
chr18	36000001	36500000	-0.00673593443009449
chr18	36500001	37000000	-0.0224225422773036
chr18	37000001	37500000	-0.00221013402365113
chr18	37500001	38000000	0.0496483284254369
chr18	38000001	38500000	-0.0477456093366657
chr18	38500001	39000000	0.0223781187294905
chr18	39000001	39500000	0.0314196614571491
chr18	39500001	40000000	0.0623646327935628
chr18	40000001	40500000	-0.0276014398244815
chr18	40500001	41000000	-0.0608488629874156
chr18	41000001	41500000	-0.047118301705279
chr18	41500001	42000000	0.0163873125304417
chr18	42000001	42500000	0.0247647021270381
chr18	42500001	43000000	-0.108117396847739
chr18	43000001	43500000	-0.104936278160082
chr18	43500001	44000000	-0.0789621689193438
chr18	44000001	44500000	-0.0309699681930941
chr18	44500001	45000000	-0.0181590468122598
chr18	45000001	45500000	0.0829914710222882
chr18	45500001	46000000	0.0355915617717374
chr18	46000001	46500000	0.0168609415643255
chr18	46500001	47000000	NA
chr18	47000001	47500000	NA
chr18	47500001	48000000	-0.0596748367190527
chr18	48000001	48500000	0.00784497457765054
chr18	48500001	49000000	-0.00993993041345981
chr18	49000001	49500000	0.0217864081121255
chr18	49500001	50000000	-0.0831860951772915
chr18	50000001	50500000	-0.056091726122461
chr18	50500001	51000000	-0.00488158954440991
chr18	51000001	51500000	0.020887576027656
chr18	51500001	52000000	-0.00733735997469092
chr18	52000001	52500000	-0.112630348952238
chr18	52500001	53000000	-0.0927064219967035
chr18	53000001	53500000	0.0325311191050356
chr18	53500001	54000000	-0.0746651485524241
chr18	54000001	54500000	0.0107090085955092
chr18	54500001	55000000	NA
chr18	55000001	55500000	-0.0949895215270355
chr18	55500001	56000000	-0.0604015946765755
chr18	56000001	56500000	0.0317803705266555
chr18	56500001	57000000	-0.0541015580213044
chr18	57000001	57500000	0.0168590438200364
chr18	57500001	58000000	-0.0336317487621697
chr18	58000001	58500000	-0.0950340187849611
chr18	58500001	59000000	-0.0411366814650259
chr18	59000001	59500000	-0.0122960416669983
chr18	59500001	60000000	-0.0120838333467867
chr18	60000001	60500000	0.0884002423336724
chr18	60500001	61000000	-0.0838926597490035
chr18	61000001	61500000	-0.0397143435336671
chr18	61500001	62000000	-0.0158108796722979
chr18	62000001	62500000	0.0353666063719053
chr18	62500001	63000000	-0.0335360462364882
chr18	63000001	63500000	0.0327180802871018
chr18	63500001	64000000	-0.0229596601515884
chr18	64000001	64500000	-0.0201815272057428
chr18	64500001	65000000	-0.0084671216066462
chr18	65000001	65500000	-0.106803244845597
chr18	65500001	66000000	-0.0179022250455811
chr18	66000001	66500000	-0.0815875660328726
chr18	66500001	67000000	0.00891542078493954
chr18	67000001	67500000	-0.02480244017271
chr18	67500001	68000000	-0.0303877659052989
chr18	68000001	68500000	0.0258365239201626
chr18	68500001	69000000	-0.0125750181875069
chr18	69000001	69500000	0.0920138465021799
chr18	69500001	70000000	0.0502598530498018
chr18	70000001	70500000	-0.0763383887152699
chr18	70500001	71000000	-0.0305265444409605
chr18	71000001	71500000	-0.0981887461661734
chr18	71500001	72000000	-0.0668063472863525
chr18	72000001	72500000	0.0158194041147
chr18	72500001	73000000	-0.118912166384566
chr18	73000001	73500000	-0.0900873810591952
chr18	73500001	74000000	-0.111714386802538
chr18	74000001	74500000	-0.109194166936708
chr18	74500001	75000000	-0.0194626675849565
chr18	75000001	75500000	-0.0747765966576575
chr18	75500001	76000000	-0.00345771299838669
chr18	76000001	76500000	-0.0122896345975035
chr18	76500001	77000000	0.0194276143451635
chr18	77000001	77500000	0.0330660417883136
chr18	77500001	78000000	-0.0654296622602763
chr18	78000001	78500000	-0.0927078409917516
chr18	78500001	79000000	-0.0417136848626655
chr18	79000001	79500000	-0.0409660685049922
chr18	79500001	80000000	-0.114514416980706
chr19	500001	1000000	NA
chr19	1000001	1500000	NA
chr19	1500001	2000000	-0.0584470372269566
chr19	2000001	2500000	-0.0166591568068426
chr19	2500001	3000000	-0.00923910252306498
chr19	3000001	3500000	-0.0561446371580194
chr19	3500001	4000000	-0.0257777464022728
chr19	4000001	4500000	0.00591581485630077
chr19	4500001	5000000	-0.0804660740760252
chr19	5000001	5500000	-0.0519850651134753
chr19	5500001	6000000	-0.108546487064608
chr19	6000001	6500000	-0.0643625975049922
chr19	6500001	7000000	0.0194998931028592
chr19	7000001	7500000	-0.0102353024751273
chr19	7500001	8000000	-0.0706682056160064
chr19	8000001	8500000	0.032169077672032
chr19	8500001	9000000	-0.122231264882699
chr19	9000001	9500000	-0.0911634270535718
chr19	9500001	10000000	-0.0848088107321999
chr19	10000001	10500000	0.0432749047384526
chr19	10500001	11000000	0.00339797188911048
chr19	11000001	11500000	-0.0149298024358064
chr19	11500001	12000000	-0.0186733562636072
chr19	12000001	12500000	-0.0622484929941527
chr19	12500001	13000000	-0.0644507883644589
chr19	13000001	13500000	0.0139009374929594
chr19	13500001	14000000	-0.0598957368809479
chr19	14000001	14500000	0.0586856275506531
chr19	14500001	15000000	-0.0237443171695644
chr19	15000001	15500000	-0.0582479777549253
chr19	15500001	16000000	-0.0333984425016301
chr19	16000001	16500000	0.0723946197448558
chr19	16500001	17000000	-0.085030335999768
chr19	17000001	17500000	0.00945754455371151
chr19	17500001	18000000	-0.057553668728605
chr19	18000001	18500000	0.101713791960844
chr19	18500001	19000000	0.00872820547350767
chr19	19000001	19500000	0.0940417460525065
chr19	19500001	20000000	0.0549711016795048
chr19	20000001	20500000	-0.0319709761622301
chr19	20500001	21000000	-0.0633557384160394
chr19	21000001	21500000	-0.05233239259085
chr19	21500001	22000000	0.105863399067187
chr19	22000001	22500000	-0.150254580580024
chr19	22500001	23000000	-0.150197177848127
chr19	23000001	23500000	-0.0970384033222173
chr19	23500001	24000000	0.146227154667594
chr19	28500001	29000000	-0.00546854480470379
chr19	29000001	29500000	-0.0450344256672111
chr19	29500001	30000000	-0.0565330524913665
chr19	30000001	30500000	-0.0915885732082653
chr19	30500001	31000000	-0.0393769942584333
chr19	31000001	31500000	-0.0629632416636643
chr19	31500001	32000000	-0.0567092939151025
chr19	32000001	32500000	0.0115480867602731
chr19	32500001	33000000	-0.0509417714223718
chr19	33000001	33500000	-0.0135917651311266
chr19	33500001	34000000	-0.0941568572111715
chr19	34000001	34500000	0.00732885718572129
chr19	34500001	35000000	-0.0408224375570026
chr19	35000001	35500000	0.0891941877100713
chr19	35500001	36000000	-0.0369500191670161
chr19	36000001	36500000	-0.179050151688392
chr19	36500001	37000000	-0.00177964693248037
chr19	37000001	37500000	-0.124532392923275
chr19	37500001	38000000	-0.00234411691203182
chr19	38000001	38500000	-0.0754114165506786
chr19	38500001	39000000	-0.0585090208750799
chr19	39000001	39500000	0.0422709394583486
chr19	39500001	40000000	-0.0206025516337396
chr19	40000001	40500000	0.0557203799310369
chr19	40500001	41000000	0.0330167112693151
chr19	41000001	41500000	0.0175670791757093
chr19	41500001	42000000	0.0449917770485387
chr19	42000001	42500000	0.0890111946447144
chr19	43500001	44000000	-0.00553288764496568
chr19	44000001	44500000	-0.104598822307195
chr19	44500001	45000000	0.0388719196284108
chr19	45000001	45500000	-0.0626754773868946
chr19	45500001	46000000	0.0312886335340495
chr19	46000001	46500000	-0.0612721416903216
chr19	46500001	47000000	-0.0731713053569764
chr19	47000001	47500000	0.0234550069389212
chr19	47500001	48000000	-0.124915285374506
chr19	48000001	48500000	-0.0521186427349706
chr19	48500001	49000000	0.0136466625411204
chr19	49000001	49500000	0.00450547568790111
chr19	49500001	50000000	-0.0527533283532627
chr19	50000001	50500000	-0.123783496652394
chr19	50500001	51000000	-0.0626028570499526
chr19	51000001	51500000	0.147446426432359
chr19	51500001	52000000	0.0548956643147237
chr19	52000001	52500000	0.0376256386822316
chr19	52500001	53000000	-0.0501006143212591
chr19	53000001	53500000	0.150817869810333
chr19	53500001	54000000	0.0726763806645574
chr19	54000001	54500000	0.125841780208462
chr19	54500001	55000000	0.162542468023052
chr19	55000001	55500000	0.063654508142744
chr19	55500001	56000000	-0.0966269169571563
chr19	56000001	56500000	0.0281847543217293
chr19	56500001	57000000	-0.0466165566523188
chr19	57000001	57500000	-0.000753082975773783
chr19	57500001	58000000	-0.0572012638640894
chr19	58000001	58500000	0.0111257591675215
chr20	1	500000	NA
chr20	500001	1000000	-0.0102325982874755
chr20	1000001	1500000	-0.00724070314043934
chr20	1500001	2000000	0.281705678678421
chr20	2000001	2500000	0.0311083636809647
chr20	2500001	3000000	0.0165397733855611
chr20	3000001	3500000	0.0172536089968041
chr20	3500001	4000000	0.0260017382529578
chr20	4000001	4500000	-0.023723756056351
chr20	4500001	5000000	0.0563655912104656
chr20	5000001	5500000	0.0231323263733914
chr20	5500001	6000000	0.0640411926528361
chr20	6000001	6500000	-0.0451933284134304
chr20	6500001	7000000	0.0571497917481586
chr20	7000001	7500000	-0.0121102310658966
chr20	7500001	8000000	0.059353666732947
chr20	8000001	8500000	0.0324794421996768
chr20	8500001	9000000	0.0629809699784226
chr20	9000001	9500000	-0.150231440578459
chr20	9500001	10000000	-0.134080962806207
chr20	10000001	10500000	-0.0653885322065175
chr20	10500001	11000000	-0.0923283642547726
chr20	11000001	11500000	-0.0849158726712577
chr20	11500001	12000000	-0.0357491129249812
chr20	12000001	12500000	0.0320776729786242
chr20	12500001	13000000	-0.114971422456476
chr20	13000001	13500000	-0.00575887749229918
chr20	13500001	14000000	0.043053278936286
chr20	14000001	14500000	-0.0356646436913006
chr20	14500001	15000000	-0.037924464976845
chr20	15000001	15500000	-0.0725466142411557
chr20	15500001	16000000	-0.0628804966569373
chr20	16000001	16500000	-0.0462332056858784
chr20	16500001	17000000	-0.0772137695432797
chr20	17000001	17500000	0.0287132823388645
chr20	17500001	18000000	-0.0830968652661369
chr20	18000001	18500000	-0.107235391602545
chr20	18500001	19000000	-0.132751197745454
chr20	19000001	19500000	-0.0109161095285278
chr20	19500001	20000000	-0.0352820544788038
chr20	20000001	20500000	-0.110259829732129
chr20	20500001	21000000	-0.038141717275576
chr20	21000001	21500000	-0.0246708798805187
chr20	21500001	22000000	-0.0225125995627246
chr20	22000001	22500000	-0.0243873804771761
chr20	22500001	23000000	0.0212424305916791
chr20	23000001	23500000	-0.0109516558757791
chr20	23500001	24000000	0.0924719083020905
chr20	24000001	24500000	-0.0566537533938073
chr20	24500001	25000000	-0.18260950753854
chr20	25000001	25500000	-0.101709536031654
chr20	31500001	32000000	0.0372582280120665
chr20	32000001	32500000	0.0225466961723826
chr20	32500001	33000000	0.0102547447033341
chr20	33000001	33500000	0.0147859975121131
chr20	33500001	34000000	0.025859959977298
chr20	34000001	34500000	0.0141306774645327
chr20	34500001	35000000	-0.0237879743237294
chr20	35000001	35500000	0.0609979990919318
chr20	35500001	36000000	-0.00664770489743562
chr20	36000001	36500000	NA
chr20	36500001	37000000	0.0201809968699251
chr20	37000001	37500000	0.0702991112348959
chr20	37500001	38000000	0.0118107019653876
chr20	38000001	38500000	0.0336079336546115
chr20	38500001	39000000	-0.022091179996877
chr20	39000001	39500000	0.0386420059803416
chr20	39500001	40000000	-0.0102573188410549
chr20	40000001	40500000	-0.0117091574706103
chr20	40500001	41000000	0.0389419665912245
chr20	41000001	41500000	-0.0583142847272185
chr20	41500001	42000000	0.0613305375501958
chr20	42000001	42500000	0.0624245346481102
chr20	42500001	43000000	0.0396119108017174
chr20	43000001	43500000	-0.0792599520783181
chr20	43500001	44000000	0.0807675180936705
chr20	44000001	44500000	-0.0252142351018141
chr20	44500001	45000000	-0.0934284662691196
chr20	45000001	45500000	0.117167451622125
chr20	45500001	46000000	0.0241151356516977
chr20	46000001	46500000	-0.0165221341140743
chr20	46500001	47000000	0.0434868783045404
chr20	47000001	47500000	-0.0125454433792535
chr20	47500001	48000000	0.0641150826307939
chr20	48000001	48500000	-0.0791375475250658
chr20	48500001	49000000	0.208476981503175
chr20	49000001	49500000	0.0669288948077143
chr20	49500001	50000000	0.0591643666931842
chr20	50000001	50500000	0.178379679201599
chr20	50500001	51000000	-0.0813562738657204
chr20	51000001	51500000	0.0456703368424171
chr20	51500001	52000000	0.0220186120404664
chr20	52000001	52500000	-0.00365715667989006
chr20	52500001	53000000	-0.0331850649054949
chr20	53000001	53500000	0.0643911215021301
chr20	53500001	54000000	0.1793547700007
chr20	54000001	54500000	0.0529268167488573
chr20	54500001	55000000	0.0089469960342404
chr20	55000001	55500000	0.000425057632671237
chr20	55500001	56000000	-0.0523939697753014
chr20	56000001	56500000	0.0305323033013703
chr20	56500001	57000000	-0.0992517740424399
chr20	57000001	57500000	0.0669658324563549
chr20	57500001	58000000	0.0726206982200851
chr20	58000001	58500000	0.0591521139334617
chr20	58500001	59000000	0.0653066750665969
chr20	59000001	59500000	0.0677705212033722
chr20	59500001	60000000	-0.0423927197467187
chr20	60000001	60500000	0.140549035611501
chr20	60500001	61000000	-0.0723089596637103
chr20	61000001	61500000	-0.066668772709227
chr20	61500001	62000000	-0.00557508697029449
chr20	62000001	62500000	-0.0139402176921435
chr20	62500001	63000000	0.0702602063700804
chr20	63000001	63500000	0.0134858678565635
chr20	63500001	64000000	0.0905025244244981
chr21	14000001	14500000	0.0183118692106125
chr21	14500001	15000000	0.136805495448348
chr21	15000001	15500000	0.0146003426830446
chr21	15500001	16000000	0.0191321523084623
chr21	16000001	16500000	0.0103517054897647
chr21	16500001	17000000	-0.0308549168681957
chr21	17000001	17500000	-0.0143668315104473
chr21	17500001	18000000	0.00731417571929593
chr21	18000001	18500000	0.0166194667691937
chr21	18500001	19000000	-0.041939601412346
chr21	19000001	19500000	-0.0590806015464905
chr21	19500001	20000000	-0.0199932282616402
chr21	20000001	20500000	0.00868306277397057
chr21	20500001	21000000	-0.0778376364324814
chr21	21000001	21500000	-0.0347674488394443
chr21	21500001	22000000	-0.0541518931608677
chr21	22000001	22500000	-0.217040427950157
chr21	22500001	23000000	-0.0802250577490081
chr21	23000001	23500000	0.0225830291330423
chr21	23500001	24000000	-0.0319221177841373
chr21	24000001	24500000	0.0655787109104678
chr21	24500001	25000000	-0.0406466540662495
chr21	25000001	25500000	0.0418921814657834
chr21	25500001	26000000	0.0234336716822939
chr21	26000001	26500000	0.0336802987194367
chr21	26500001	27000000	-0.0384344477871017
chr21	27000001	27500000	-0.143999832613092
chr21	27500001	28000000	0.0194992442647874
chr21	28000001	28500000	0.0157200110061694
chr21	28500001	29000000	0.0602684490037199
chr21	29000001	29500000	0.0749714309796189
chr21	29500001	30000000	0.00081507170232816
chr21	30000001	30500000	-0.0452551566214204
chr21	30500001	31000000	-0.147297499054049
chr21	31000001	31500000	-0.0120315192140515
chr21	31500001	32000000	NA
chr21	32000001	32500000	0.0353425751552812
chr21	32500001	33000000	0.0671724708478591
chr21	33000001	33500000	0.130997777717438
chr21	33500001	34000000	0.0423375716758205
chr21	34000001	34500000	-0.1962930376631
chr21	34500001	35000000	0.125938436829209
chr21	35000001	35500000	0.169804577827201
chr21	35500001	36000000	0.118954109583828
chr21	36000001	36500000	-0.0600845523496098
chr21	36500001	37000000	-0.10334990904451
chr21	37000001	37500000	0.0740583172209327
chr21	37500001	38000000	0.0224457010041463
chr21	38000001	38500000	0.0368988798239645
chr21	38500001	39000000	NA
chr21	39000001	39500000	-0.0236000396076736
chr21	39500001	40000000	-0.0237444946196999
chr21	40000001	40500000	0.00138980733694268
chr21	40500001	41000000	-0.0319495462928941
chr21	41000001	41500000	-0.0281306696953467
chr21	41500001	42000000	NA
chr21	42000001	42500000	0.0496048248147604
chr21	42500001	43000000	NA
chr21	43500001	44000000	-0.0385889377669365
chr21	44000001	44500000	-0.327723563395743
chr21	44500001	45000000	-0.0045755273233913
chr21	45000001	45500000	-0.100968791846972
chr21	45500001	46000000	-0.00177568638552039
chr21	46000001	46500000	-0.00288701376396525
chr21	46500001	47000000	NA
chr22	17500001	18000000	-0.0338442195653346
chr22	19000001	19500000	0.088845387140411
chr22	19500001	20000000	-0.0321927348199669
chr22	20000001	20500000	0.119631518986171
chr22	20500001	21000000	0.0653391330484399
chr22	21500001	22000000	-0.0477993987693663
chr22	22000001	22500000	0.191165880010003
chr22	22500001	23000000	0.0377486265102951
chr22	23000001	23500000	0.0871675533199329
chr22	23500001	24000000	0.0438647681047027
chr22	24000001	24500000	0.0915664564219421
chr22	24500001	25000000	0.133465430556967
chr22	25000001	25500000	-0.0087956121092525
chr22	25500001	26000000	0.0089252865422102
chr22	26000001	26500000	-0.106070819206489
chr22	26500001	27000000	0.0194971971936735
chr22	27000001	27500000	-0.0785270007271943
chr22	27500001	28000000	-0.144039600570633
chr22	28000001	28500000	-0.0209796461549626
chr22	28500001	29000000	-0.0382997359336667
chr22	29000001	29500000	-0.0205707663116794
chr22	29500001	30000000	-0.0849343953869557
chr22	30000001	30500000	-0.0274445862145245
chr22	30500001	31000000	-0.00527568781109367
chr22	31000001	31500000	-0.0765926850152282
chr22	31500001	32000000	-0.00295148756363352
chr22	32000001	32500000	-0.0306058157693174
chr22	32500001	33000000	-0.13050313566139
chr22	33000001	33500000	-0.0457318100103426
chr22	33500001	34000000	-0.063207689088901
chr22	34000001	34500000	-0.0142326258662267
chr22	34500001	35000000	-0.0877513219837304
chr22	35000001	35500000	-0.0813030168812484
chr22	35500001	36000000	0.00758279886326986
chr22	36000001	36500000	0.0297262954044213
chr22	36500001	37000000	0.123157849306249
chr22	37000001	37500000	0.202582123549325
chr22	37500001	38000000	-0.0681813203625623
chr22	38000001	38500000	-0.0791570900082764
chr22	38500001	39000000	-0.0770709218514491
chr22	39000001	39500000	-0.0926150092032348
chr22	39500001	40000000	0.00714331798161999
chr22	40000001	40500000	0.0241032351209202
chr22	40500001	41000000	0.103445208215995
chr22	41000001	41500000	-0.0392289033658798
chr22	41500001	42000000	-0.0845261420379688
chr22	42000001	42500000	-0.0355129380538027
chr22	42500001	43000000	-0.106673625822369
chr22	43000001	43500000	-0.0464627271267134
chr22	43500001	44000000	-0.0781278241035602
chr22	44000001	44500000	-0.0601965463157744
chr22	44500001	45000000	-0.142250480994057
chr22	45000001	45500000	0.0107957675546741
chr22	45500001	46000000	-0.0593038706912935
chr22	46000001	46500000	-0.0997666250777847
chr22	46500001	47000000	0.00243155050145721
chr22	47000001	47500000	-0.0886437490145808
chr22	47500001	48000000	-0.103443782281449
chr22	48000001	48500000	-0.141555518573759
chr22	48500001	49000000	-0.195013183080491
chr22	49000001	49500000	-0.107660279634012
chr22	49500001	50000000	NA
chr22	50000001	50500000	-0.0600007342751436
chr22	50500001	51000000	NA
chrX	3000001	3500000	-0.0371043050739001
chrX	3500001	4000000	-0.288104003283038
chrX	4000001	4500000	-0.0299621398021136
chrX	4500001	5000000	-0.0350595985062056
chrX	5000001	5500000	-0.0223571031381233
chrX	5500001	6000000	0.0531446881215065
chrX	6000001	6500000	-0.0821269608296269
chrX	6500001	7000000	-0.0411875243975016
chrX	7000001	7500000	-0.00243398806313274
chrX	7500001	8000000	-0.0854304671218971
chrX	8000001	8500000	-0.0162486116206886
chrX	8500001	9000000	-0.011874234546748
chrX	9000001	9500000	0.0546571290762918
chrX	9500001	10000000	0.0571087304618817
chrX	10000001	10500000	0.0275514643379925
chrX	10500001	11000000	-0.0697228227625833
chrX	11000001	11500000	-0.108059401527439
chrX	11500001	12000000	-0.0403126725211709
chrX	12000001	12500000	0.0433159957986655
chrX	12500001	13000000	0.0157182099614404
chrX	13000001	13500000	0.157288851849281
chrX	13500001	14000000	0.0382450436755446
chrX	14000001	14500000	-0.103007285658893
chrX	14500001	15000000	-0.0470149850551975
chrX	15000001	15500000	0.00606022223183932
chrX	15500001	16000000	0.0262593520552366
chrX	16000001	16500000	0.0781623673398821
chrX	16500001	17000000	-0.043543395180343
chrX	17000001	17500000	0.0890929920257996
chrX	17500001	18000000	0.0137064900673876
chrX	18000001	18500000	-0.0711038853708758
chrX	18500001	19000000	-0.128012028260444
chrX	19000001	19500000	-0.0663079370110222
chrX	19500001	20000000	-0.0273213531341736
chrX	20000001	20500000	-0.0364971757112104
chrX	20500001	21000000	0.046450523048611
chrX	21000001	21500000	0.0165787696661644
chrX	21500001	22000000	0.0417647377201694
chrX	22000001	22500000	0.00999293781899929
chrX	22500001	23000000	0.0177532611568214
chrX	23000001	23500000	-0.0125779161306251
chrX	23500001	24000000	0.00902444097046967
chrX	24000001	24500000	-0.0291801599013616
chrX	24500001	25000000	0.0700992315221345
chrX	25000001	25500000	-0.0277964120768595
chrX	25500001	26000000	-0.0366420185227395
chrX	26000001	26500000	-0.0441551060323089
chrX	26500001	27000000	-0.105750662882355
chrX	27000001	27500000	0.00808309639448181
chrX	27500001	28000000	-0.0663352489685484
chrX	28000001	28500000	-0.0746377262307008
chrX	28500001	29000000	-0.0507486390683256
chrX	29000001	29500000	-0.00570902413306852
chrX	29500001	30000000	-0.0831577856619696
chrX	30000001	30500000	-0.0293998425614851
chrX	30500001	31000000	0.0373912051848317
chrX	31000001	31500000	-0.0780640351889277
chrX	31500001	32000000	-0.0478684962698634
chrX	32000001	32500000	2.32363710735688e-05
chrX	32500001	33000000	-0.0358279212684783
chrX	33000001	33500000	-0.0857348891225485
chrX	33500001	34000000	-0.0795027820665967
chrX	34000001	34500000	-0.111760833421366
chrX	34500001	35000000	-0.0947084261507904
chrX	35000001	35500000	-0.0575719157412724
chrX	35500001	36000000	-0.0222217055268568
chrX	36000001	36500000	-0.0613682075024084
chrX	36500001	37000000	-0.00124092793821213
chrX	37500001	38000000	-0.0679169278947757
chrX	38000001	38500000	-0.0513759707497471
chrX	38500001	39000000	-0.00387102255200032
chrX	39000001	39500000	0.00797017704446742
chrX	39500001	40000000	0.00286573052177343
chrX	40000001	40500000	-0.0870073243854639
chrX	40500001	41000000	-0.0339147999895653
chrX	41000001	41500000	-0.0476317937618589
chrX	41500001	42000000	-0.0608596793985495
chrX	42000001	42500000	-0.130921793764921
chrX	42500001	43000000	-0.0564312237091178
chrX	43000001	43500000	0.0655964466624368
chrX	43500001	44000000	-0.0306232110245026
chrX	44000001	44500000	0.0754357650245507
chrX	44500001	45000000	-0.0904014588656215
chrX	45000001	45500000	0.0418051269582874
chrX	45500001	46000000	-0.0788873500747838
chrX	46000001	46500000	-0.00506993150218901
chrX	46500001	47000000	-0.0531212118764499
chrX	47000001	47500000	-0.0411537493417531
chrX	47500001	48000000	-0.045341068152187
chrX	48500001	49000000	0.00202707587507707
chrX	49500001	50000000	NA
chrX	50000001	50500000	NA
chrX	50500001	51000000	-0.000552010641347064
chrX	51000001	51500000	-0.00845541632503135
chrX	51500001	52000000	-0.144758512418391
chrX	52000001	52500000	-0.249511938505133
chrX	53000001	53500000	-0.0629424077413787
chrX	53500001	54000000	-0.0119995464244227
chrX	54000001	54500000	-0.116617219744527
chrX	54500001	55000000	-0.0237045955014877
chrX	55000001	55500000	-0.0937293799760592
chrX	55500001	56000000	-0.0803010781816957
chrX	56000001	56500000	-0.0598827269940138
chrX	56500001	57000000	-0.0797170786828536
chrX	57000001	57500000	-0.133984154933492
chrX	64000001	64500000	-0.0053652056330329
chrX	64500001	65000000	0.057089106652625
chrX	65000001	65500000	-0.0392060773743484
chrX	65500001	66000000	0.137123212151153
chrX	66000001	66500000	-0.0299403247937269
chrX	66500001	67000000	-0.0145318876347391
chrX	67000001	67500000	-0.101901484789619
chrX	67500001	68000000	0.024471562060205
chrX	68000001	68500000	-0.102744601420721
chrX	68500001	69000000	-0.056184077255188
chrX	69000001	69500000	-0.0828206737880779
chrX	69500001	70000000	0.0633502880084488
chrX	70000001	70500000	-0.0350609050268801
chrX	70500001	71000000	-0.0985957563231456
chrX	71000001	71500000	-0.0289282897196237
chrX	71500001	72000000	-0.265548502369286
chrX	72000001	72500000	-0.00830841859750276
chrX	73000001	73500000	-0.0658465382197091
chrX	73500001	74000000	-0.074049777486942
chrX	74000001	74500000	-0.107935904117321
chrX	74500001	75000000	-0.00798676921807273
chrX	75000001	75500000	-0.140925182358623
chrX	75500001	76000000	0.045993788561683
chrX	76000001	76500000	-0.0225104374886364
chrX	76500001	77000000	0.0855615294841216
chrX	77000001	77500000	0.0355549734396928
chrX	77500001	78000000	-0.1566547162948
chrX	78000001	78500000	-0.058812316085117
chrX	78500001	79000000	-0.108075400109896
chrX	79000001	79500000	0.020353698576378
chrX	79500001	80000000	-0.137693749279904
chrX	80000001	80500000	-0.115269409048684
chrX	80500001	81000000	0.0158884873868707
chrX	81000001	81500000	-0.050771329654941
chrX	81500001	82000000	-0.000207195473536153
chrX	82000001	82500000	0.0135673090634726
chrX	82500001	83000000	-0.142546895174785
chrX	83000001	83500000	-0.133203976516367
chrX	83500001	84000000	0.0160132803317951
chrX	84000001	84500000	-0.0750864162285778
chrX	84500001	85000000	-0.0419181414186476
chrX	85000001	85500000	-0.0476980186179425
chrX	85500001	86000000	-0.00192782894116249
chrX	86000001	86500000	0.0308983317034496
chrX	86500001	87000000	-0.0807994075326909
chrX	87000001	87500000	-0.122369266889816
chrX	87500001	88000000	-0.0495237842587956
chrX	88000001	88500000	-0.122715861046138
chrX	88500001	89000000	-0.171330736218423
chrX	91000001	91500000	-0.0553840930496172
chrX	93000001	93500000	0.0301063375027857
chrX	93500001	94000000	-0.0851747987258283
chrX	94000001	94500000	-0.0623562933164466
chrX	94500001	95000000	-0.0806396112131476
chrX	95000001	95500000	-0.0880234960495555
chrX	95500001	96000000	-0.105933859356519
chrX	96000001	96500000	-0.0496540676385709
chrX	96500001	97000000	-0.00269019919252347
chrX	97000001	97500000	-0.10914295848369
chrX	97500001	98000000	-0.0302577914822419
chrX	98000001	98500000	-0.0211104235501219
chrX	98500001	99000000	-0.0250480904980959
chrX	99000001	99500000	-0.0362274110081215
chrX	99500001	100000000	-0.0426193850420572
chrX	100000001	100500000	-0.0699779248676335
chrX	100500001	101000000	-0.00861082473654717
chrX	101000001	101500000	-0.0874913619957449
chrX	101500001	102000000	-0.0355146495842093
chrX	102500001	103000000	0.0402987076388033
chrX	103000001	103500000	-0.00896107197543754
chrX	103500001	104000000	-0.19049762423007
chrX	104000001	104500000	-0.0717593710631383
chrX	104500001	105000000	-0.0221627302888415
chrX	105000001	105500000	0.0464053054012582
chrX	105500001	106000000	-0.0788296831659004
chrX	106000001	106500000	-0.0699637667776777
chrX	106500001	107000000	0.0561783983039264
chrX	107000001	107500000	0.00365420810044442
chrX	107500001	108000000	0.0404279323330776
chrX	108000001	108500000	-0.101122612161723
chrX	108500001	109000000	-0.107598791795787
chrX	109000001	109500000	-0.048180229967613
chrX	109500001	110000000	0.0435860092070486
chrX	110000001	110500000	0.0452661856793801
chrX	110500001	111000000	-0.0393229528336935
chrX	111000001	111500000	-0.124414438422968
chrX	111500001	112000000	-0.0388655780818013
chrX	112000001	112500000	-0.0214497228496883
chrX	112500001	113000000	-0.0415525465470573
chrX	113000001	113500000	0.0395924181166628
chrX	113500001	114000000	-0.126158626198264
chrX	114000001	114500000	NA
chrX	114500001	115000000	-0.00463343378888689
chrX	115000001	115500000	0.0941596247378824
chrX	116000001	116500000	-0.0955876744959933
chrX	116500001	117000000	NA
chrX	117000001	117500000	-0.0604070851554166
chrX	117500001	118000000	0.0195360305596685
chrX	118000001	118500000	0.111105976849565
chrX	118500001	119000000	-0.00282618846261785
chrX	119000001	119500000	0.00959818947971595
chrX	119500001	120000000	-0.040405439334926
chrX	120000001	120500000	-0.278661358134157
chrX	121000001	121500000	-0.013866397699705
chrX	121500001	122000000	-0.0695369832081229
chrX	122000001	122500000	-0.0613447567468675
chrX	122500001	123000000	-0.00708531910680653
chrX	123000001	123500000	-0.0198599593934249
chrX	123500001	124000000	-0.0247713675987095
chrX	124000001	124500000	-0.0055537661570618
chrX	124500001	125000000	0.029351708301286
chrX	125000001	125500000	-0.0312401395557906
chrX	125500001	126000000	-0.0256179620789464
chrX	126000001	126500000	-0.121332939971333
chrX	126500001	127000000	-0.0945247683979595
chrX	127000001	127500000	-0.059537195806679
chrX	127500001	128000000	-0.10191765080759
chrX	128000001	128500000	-0.0472796747627414
chrX	128500001	129000000	-0.092006336743077
chrX	129000001	129500000	-0.0062851209055713
chrX	129500001	130000000	-0.0109014729399147
chrX	130000001	130500000	-0.029903078924527
chrX	130500001	131000000	-0.0667740646753449
chrX	131000001	131500000	-0.0364468866692708
chrX	131500001	132000000	0.00756251456641555
chrX	132000001	132500000	-0.00583761212778714
chrX	132500001	133000000	0.0396626649551753
chrX	133000001	133500000	-0.0524222736532279
chrX	133500001	134000000	-0.01051929950251
chrX	134000001	134500000	-0.0194232196509977
chrX	134500001	135000000	0.00618848396426695
chrX	135000001	135500000	-0.133854123356337
chrX	136000001	136500000	-0.0689022214027075
chrX	136500001	137000000	-0.00482330847899158
chrX	137000001	137500000	-0.0169106064069721
chrX	137500001	138000000	-0.101668804500253
chrX	138000001	138500000	0.0139414331732317
chrX	138500001	139000000	-0.00446515731679999
chrX	139000001	139500000	-0.0261196557493727
chrX	139500001	140000000	-0.11329839762627
chrX	140000001	140500000	-0.048162260690284
chrX	140500001	141000000	-0.0169265301875117
chrX	141000001	141500000	-0.142470169014462
chrX	141500001	142000000	-0.118649561819619
chrX	142000001	142500000	-0.0631012773758013
chrX	142500001	143000000	-0.0522430480912109
chrX	143000001	143500000	-0.0876895932935453
chrX	143500001	144000000	-0.0550917145023601
chrX	144500001	145000000	-0.189194018909132
chrX	145000001	145500000	-0.1213634295595
chrX	145500001	146000000	-0.0365193562283832
chrX	146000001	146500000	-0.0467264213627339
chrX	146500001	147000000	-0.0817258672517995
chrX	147000001	147500000	-0.0796720631295538
chrX	147500001	148000000	-0.0140188284434731
chrX	148000001	148500000	0.0560204991674065
chrX	148500001	149000000	0.020516217163886
chrX	149000001	149500000	-0.0910152438192278
chrX	149500001	150000000	-0.309128777380926
chrX	150000001	150500000	-0.0042557499448546
chrX	150500001	151000000	-0.0624957006749547
chrX	151000001	151500000	-0.0151662674274615
chrX	151500001	152000000	-0.0402632578934937
chrX	152000001	152500000	-0.0527710109047448
chrX	152500001	153000000	-0.109742067545772
chrX	153000001	153500000	-0.182355871088694
chrX	153500001	154000000	-0.0233486357147144
chrX	154500001	155000000	-0.223464578026382
chrX	155000001	155500000	-0.265203152634764
