chr	start	end	log2_TNratio_corrected
chr1	1000001	1500000	NA
chr1	1500001	2000000	-0.254675642054734
chr1	2000001	2500000	-0.238752330231568
chr1	2500001	3000000	NA
chr1	3000001	3500000	-0.260573551118362
chr1	3500001	4000000	-0.14952982542499
chr1	4000001	4500000	-0.168583705590609
chr1	4500001	5000000	-0.0613516586729596
chr1	5000001	5500000	-0.11122023677192
chr1	5500001	6000000	-0.0869105240540572
chr1	6000001	6500000	-0.157291067848775
chr1	6500001	7000000	-0.179311556895208
chr1	7000001	7500000	-0.15555624464062
chr1	7500001	8000000	-0.163212352238486
chr1	8000001	8500000	-0.0959338980598805
chr1	8500001	9000000	-0.0902397229446566
chr1	9000001	9500000	-0.146692564963451
chr1	9500001	10000000	-0.0756987729306882
chr1	10000001	10500000	-0.129199642114519
chr1	10500001	11000000	-0.0496818537429282
chr1	11000001	11500000	-0.0855636398097799
chr1	11500001	12000000	-0.00689246180530967
chr1	12000001	12500000	-0.0425173340948884
chr1	13500001	14000000	-0.135158674946197
chr1	14000001	14500000	-0.0788157687837202
chr1	14500001	15000000	-0.165336161350522
chr1	15000001	15500000	-0.0217896355711449
chr1	15500001	16000000	-0.204946888149273
chr1	16000001	16500000	-0.0691131613384842
chr1	17000001	17500000	-0.118470134546488
chr1	17500001	18000000	-0.0533146054426445
chr1	18000001	18500000	-0.0611326102530981
chr1	18500001	19000000	-0.133983416572678
chr1	19000001	19500000	-0.120827604531906
chr1	19500001	20000000	-0.148963557864247
chr1	20000001	20500000	-0.103643894995602
chr1	20500001	21000000	-0.0546683175105766
chr1	21000001	21500000	0.000630169153979135
chr1	21500001	22000000	-0.0116313486431757
chr1	22000001	22500000	-0.0368140849019289
chr1	22500001	23000000	-0.134270562568116
chr1	23000001	23500000	-0.0948956107133225
chr1	23500001	24000000	-0.06804536765671
chr1	24000001	24500000	-0.0153018520959487
chr1	24500001	25000000	-0.0769423251064285
chr1	25000001	25500000	-0.247932330585043
chr1	25500001	26000000	-0.0397738709332081
chr1	26000001	26500000	-0.0639289252349986
chr1	26500001	27000000	0.00154982276551838
chr1	27000001	27500000	0.183179262480113
chr1	27500001	28000000	0.0224757738542971
chr1	28000001	28500000	-0.0569908132663139
chr1	28500001	29000000	-0.111147964669499
chr1	29000001	29500000	-0.138382549019689
chr1	29500001	30000000	NA
chr1	30000001	30500000	-0.064614412578666
chr1	30500001	31000000	-0.135589436262175
chr1	31000001	31500000	-0.154118606969042
chr1	31500001	32000000	-0.128787890518439
chr1	32000001	32500000	-0.080090876414694
chr1	32500001	33000000	-0.0459846379969575
chr1	33000001	33500000	-0.116970589628614
chr1	33500001	34000000	-0.153010786419518
chr1	34000001	34500000	-0.0611059589208796
chr1	34500001	35000000	-0.106437961243259
chr1	35000001	35500000	-0.0437444848862018
chr1	35500001	36000000	-0.00835135384289147
chr1	36000001	36500000	0.0387931980930759
chr1	36500001	37000000	-0.125399144904007
chr1	37000001	37500000	-0.0681589310227531
chr1	37500001	38000000	-0.105678271666593
chr1	38000001	38500000	-0.105370074293097
chr1	38500001	39000000	-0.0436044785323461
chr1	39000001	39500000	-0.0913296064950497
chr1	39500001	40000000	-0.096134808771399
chr1	40000001	40500000	0.00424417058215826
chr1	40500001	41000000	-0.0388273629215999
chr1	41000001	41500000	-0.000612337368131544
chr1	41500001	42000000	0.168892158005799
chr1	42000001	42500000	-0.0512131003452823
chr1	42500001	43000000	0.0211731760931096
chr1	43000001	43500000	0.00712550710194453
chr1	43500001	44000000	0.0610361487943914
chr1	44000001	44500000	-0.0101476360380203
chr1	44500001	45000000	0.102362733528859
chr1	45000001	45500000	0.121819765819324
chr1	45500001	46000000	0.0035058379887515
chr1	46000001	46500000	0.103747459318486
chr1	46500001	47000000	0.156100017009256
chr1	47000001	47500000	0.16810734579445
chr1	47500001	48000000	-0.028573651632763
chr1	48000001	48500000	0.166338170188646
chr1	48500001	49000000	0.0362917068959234
chr1	49000001	49500000	0.015651153282287
chr1	49500001	50000000	0.0254559258812798
chr1	50000001	50500000	-0.0167754142437126
chr1	50500001	51000000	-0.0423195959790665
chr1	51000001	51500000	0.111857243807995
chr1	51500001	52000000	0.187335784899204
chr1	52000001	52500000	0.0792119159162556
chr1	52500001	53000000	0.139659689129545
chr1	53000001	53500000	0.129945455965463
chr1	53500001	54000000	0.00447067249694827
chr1	54000001	54500000	-0.159925423866851
chr1	54500001	55000000	-0.087393933906931
chr1	55000001	55500000	-0.114772138838517
chr1	55500001	56000000	-0.122112309345272
chr1	56000001	56500000	-0.0696888822432941
chr1	56500001	57000000	-0.0755617535338106
chr1	57000001	57500000	-0.10290763813355
chr1	57500001	58000000	-0.0307464511507182
chr1	58000001	58500000	-0.154460500058993
chr1	58500001	59000000	-0.114699446491538
chr1	59000001	59500000	0.00283148275753436
chr1	59500001	60000000	-0.0181543334449771
chr1	60000001	60500000	-0.104421311544482
chr1	60500001	61000000	-0.0791944038967836
chr1	61000001	61500000	-0.0619281622152944
chr1	61500001	62000000	-0.0820514666048765
chr1	62000001	62500000	-0.123119275281761
chr1	62500001	63000000	-0.166967998706844
chr1	63000001	63500000	-0.128593541658998
chr1	63500001	64000000	-0.122338711078164
chr1	64000001	64500000	-0.0207587328314304
chr1	64500001	65000000	0.0710248850960163
chr1	65000001	65500000	0.0938399088754451
chr1	65500001	66000000	0.138569049304341
chr1	66000001	66500000	0.182188038915184
chr1	66500001	67000000	0.0569299358280002
chr1	67000001	67500000	0.0136147220903122
chr1	67500001	68000000	0.0451549644039128
chr1	68000001	68500000	0.188607076749303
chr1	68500001	69000000	0.0574254456742842
chr1	69000001	69500000	0.0570795239834121
chr1	69500001	70000000	0.074792235665485
chr1	70000001	70500000	0.0549353818799556
chr1	70500001	71000000	0.124885072121317
chr1	71000001	71500000	0.168450175950349
chr1	71500001	72000000	0.0566869507901359
chr1	72000001	72500000	-0.0580575597662287
chr1	72500001	73000000	-0.00389061402569372
chr1	73000001	73500000	-0.00740297682354467
chr1	73500001	74000000	0.110667998930215
chr1	74000001	74500000	0.0197007745885422
chr1	74500001	75000000	-0.0409380287466834
chr1	75000001	75500000	-0.0228734865850156
chr1	75500001	76000000	-0.00845680781254146
chr1	76000001	76500000	0.0793669632193372
chr1	76500001	77000000	0.0233129278697613
chr1	77000001	77500000	0.0367817504053847
chr1	77500001	78000000	0.0675791693557579
chr1	78000001	78500000	0.00167341316143932
chr1	78500001	79000000	-0.0209655963217194
chr1	79000001	79500000	0.0189604586451299
chr1	79500001	80000000	0.0254769282949047
chr1	80000001	80500000	0.000237972432222719
chr1	80500001	81000000	-0.0144478025478348
chr1	81000001	81500000	0.0151251555972752
chr1	81500001	82000000	0.00292209612669458
chr1	82000001	82500000	0.0286630594736784
chr1	82500001	83000000	0.0194175329001142
chr1	83500001	84000000	0.0602529636275115
chr1	84000001	84500000	0.0228810615581401
chr1	84500001	85000000	-0.032461420870201
chr1	85000001	85500000	0.0269855848055237
chr1	85500001	86000000	0.122980102959617
chr1	86000001	86500000	0.0540879612678198
chr1	86500001	87000000	0.0253976299182856
chr1	87000001	87500000	0.114185961472287
chr1	87500001	88000000	-0.0391067967150703
chr1	88000001	88500000	0.117979778373176
chr1	88500001	89000000	0.0249778873656379
chr1	89000001	89500000	0.17056731344015
chr1	89500001	90000000	0.0706041335485776
chr1	90000001	90500000	-0.0212542035386354
chr1	90500001	91000000	-0.130252912209023
chr1	91000001	91500000	0.12218147780793
chr1	91500001	92000000	0.0724175083002823
chr1	92000001	92500000	0.241763315630756
chr1	92500001	93000000	0.098483375022628
chr1	93000001	93500000	0.118480834353175
chr1	93500001	94000000	0.0927896429946702
chr1	94000001	94500000	0.0320265386707896
chr1	94500001	95000000	0.0489083169284976
chr1	95000001	95500000	0.0252940677287401
chr1	95500001	96000000	0.0503947152594491
chr1	96000001	96500000	0.118525480144078
chr1	96500001	97000000	0.0827014445198538
chr1	97000001	97500000	0.0540367722597874
chr1	97500001	98000000	0.0234682007971993
chr1	98000001	98500000	-0.0310696087415733
chr1	98500001	99000000	0.0600467276820654
chr1	99000001	99500000	0.0436239290524281
chr1	99500001	100000000	0.0489950513078293
chr1	100000001	100500000	0.0213067098481874
chr1	100500001	101000000	0.124932075350751
chr1	101000001	101500000	0.132410078107013
chr1	101500001	102000000	0.0192645332404186
chr1	102000001	102500000	-0.000921289148048919
chr1	102500001	103000000	-0.040739170752597
chr1	103000001	103500000	0.0166748317550204
chr1	103500001	104000000	-0.312913915209238
chr1	104000001	104500000	0.079742055552966
chr1	104500001	105000000	0.0871438739109748
chr1	105000001	105500000	0.0324199713251518
chr1	105500001	106000000	0.0107467812130704
chr1	106000001	106500000	0.00127744828801547
chr1	106500001	107000000	-0.0297895357850892
chr1	107000001	107500000	0.0235400573419601
chr1	107500001	108000000	0.0920231937882227
chr1	108500001	109000000	0.120065211968691
chr1	109000001	109500000	0.0365234666703086
chr1	109500001	110000000	0.179669104848895
chr1	110000001	110500000	0.0730780026952547
chr1	110500001	111000000	0.0661726599210359
chr1	111000001	111500000	0.0808578076994524
chr1	111500001	112000000	0.0250166374492031
chr1	112000001	112500000	0.0509454439297551
chr1	112500001	113000000	0.00292919521964285
chr1	113000001	113500000	0.013164515782876
chr1	113500001	114000000	0.110986207517119
chr1	114000001	114500000	0.100798089637398
chr1	114500001	115000000	-0.0102849274228281
chr1	115000001	115500000	0.00973725088931492
chr1	115500001	116000000	0.0549476588038978
chr1	116000001	116500000	0.0412428201804883
chr1	116500001	117000000	0.109477991935199
chr1	117000001	117500000	-0.0719781959821938
chr1	117500001	118000000	-0.0140273326538136
chr1	118000001	118500000	-0.00954148222240075
chr1	118500001	119000000	0.0424794338958839
chr1	119000001	119500000	0.0722041597810893
chr1	119500001	120000000	0.0824010150202569
chr1	145500001	146000000	0.000791873359724624
chr1	147000001	147500000	0.124651573116081
chr1	147500001	148000000	0.146141324692171
chr1	150000001	150500000	0.115464249731948
chr1	150500001	151000000	0.119052864800949
chr1	151000001	151500000	0.0650458770039432
chr1	151500001	152000000	0.0522778319294419
chr1	152000001	152500000	0.166237485153802
chr1	152500001	153000000	0.124911296405281
chr1	153000001	153500000	0.0804331476871761
chr1	153500001	154000000	0.0904241245809397
chr1	154000001	154500000	0.0612971521287176
chr1	154500001	155000000	0.0134068113324157
chr1	155000001	155500000	0.257813935847914
chr1	155500001	156000000	0.172370540658815
chr1	156000001	156500000	0.144008500246509
chr1	156500001	157000000	0.103949469930309
chr1	157000001	157500000	0.09711679912808
chr1	157500001	158000000	0.097158694008391
chr1	158000001	158500000	0.0388498703739387
chr1	158500001	159000000	0.0381910447921046
chr1	159000001	159500000	0.0985306469276574
chr1	159500001	160000000	0.141116770066149
chr1	160000001	160500000	0.102187326639709
chr1	160500001	161000000	0.144925460417782
chr1	161000001	161500000	0.163133920300135
chr1	161500001	162000000	-0.107780458490071
chr1	162000001	162500000	-0.0517302054992268
chr1	162500001	163000000	-0.135815592977673
chr1	163000001	163500000	-0.0555048984864741
chr1	163500001	164000000	-0.151716866951672
chr1	164000001	164500000	-0.0479283696217266
chr1	164500001	165000000	-0.0985841819900889
chr1	165000001	165500000	-0.12094839977524
chr1	165500001	166000000	-0.102463360949836
chr1	166000001	166500000	-0.0742372985607185
chr1	166500001	167000000	-0.126109654273367
chr1	167000001	167500000	-0.109312318450989
chr1	167500001	168000000	-0.00333426949017857
chr1	168000001	168500000	-0.101825659992655
chr1	168500001	169000000	-0.0492024531888858
chr1	169000001	169500000	-0.0982786128584407
chr1	169500001	170000000	-0.00516966439489912
chr1	170000001	170500000	-0.0743698709074131
chr1	170500001	171000000	-0.0870909179678928
chr1	171000001	171500000	-0.00089477045621817
chr1	171500001	172000000	-0.150121018431832
chr1	172000001	172500000	-0.128985307837097
chr1	172500001	173000000	0.00729942382062319
chr1	173000001	173500000	-0.0603630520901889
chr1	173500001	174000000	-0.110987735874605
chr1	174000001	174500000	-0.0339019659306474
chr1	174500001	175000000	-0.0317456063928336
chr1	175000001	175500000	-0.0506811492013319
chr1	175500001	176000000	-0.129269878943433
chr1	176000001	176500000	-0.0926255549644909
chr1	176500001	177000000	-0.0544027759528739
chr1	177000001	177500000	0.0959342078314887
chr1	177500001	178000000	0.0616957258761709
chr1	178000001	178500000	-0.00182109752024348
chr1	178500001	179000000	0.0780915255429649
chr1	179000001	179500000	-0.0228945417085459
chr1	179500001	180000000	-0.00982140548345637
chr1	180000001	180500000	0.101993112290882
chr1	180500001	181000000	0.0762315122919625
chr1	181000001	181500000	0.0628395698717776
chr1	181500001	182000000	0.0494206382389149
chr1	182000001	182500000	0.0988381324109311
chr1	182500001	183000000	0.133528419890416
chr1	183000001	183500000	0.13601111687378
chr1	183500001	184000000	0.261136951978489
chr1	184000001	184500000	0.196564592653033
chr1	184500001	185000000	0.139048800013434
chr1	185000001	185500000	0.231328390990769
chr1	185500001	186000000	0.209359123262447
chr1	186000001	186500000	0.153072042316417
chr1	186500001	187000000	0.14749355338177
chr1	187000001	187500000	0.192082806984946
chr1	187500001	188000000	0.0967650094238317
chr1	188000001	188500000	0.0150381961639678
chr1	188500001	189000000	0.16029250003848
chr1	189000001	189500000	0.157542024185648
chr1	189500001	190000000	0.0981053042507551
chr1	190000001	190500000	NA
chr1	190500001	191000000	0.219808659858866
chr1	191000001	191500000	0.256214135589716
chr1	191500001	192000000	0.0853584857992364
chr1	192000001	192500000	0.109908068090993
chr1	192500001	193000000	0.249734966759523
chr1	193000001	193500000	0.207810538575467
chr1	193500001	194000000	0.102053329203581
chr1	194000001	194500000	0.208522906522491
chr1	194500001	195000000	0.217651436857533
chr1	195000001	195500000	0.197311109599907
chr1	195500001	196000000	0.15003081565805
chr1	196000001	196500000	0.0824842515899496
chr1	196500001	197000000	0.206596768850745
chr1	197000001	197500000	0.0595286761532057
chr1	197500001	198000000	0.154059328576662
chr1	198000001	198500000	0.2351557688422
chr1	198500001	199000000	0.261439701160623
chr1	199000001	199500000	0.0539777139489938
chr1	199500001	200000000	0.159489480523644
chr1	200000001	200500000	0.211921726241195
chr1	200500001	201000000	0.184800288917138
chr1	201000001	201500000	0.220070766892021
chr1	201500001	202000000	0.174672240730197
chr1	202000001	202500000	0.489432445686237
chr1	202500001	203000000	0.166595472306966
chr1	203000001	203500000	0.21048650609747
chr1	203500001	204000000	0.172566493088747
chr1	204000001	204500000	0.19929192484685
chr1	204500001	205000000	0.108851499003878
chr1	205000001	205500000	0.157919156206587
chr1	205500001	206000000	0.187368582333509
chr1	206500001	207000000	0.220406439702445
chr1	207000001	207500000	0.116233308918168
chr1	207500001	208000000	0.0061434343582856
chr1	208000001	208500000	0.110268486598569
chr1	208500001	209000000	0.0583348641995997
chr1	209000001	209500000	0.0718819059534282
chr1	209500001	210000000	0.0934398965503924
chr1	210000001	210500000	0.0455146601066139
chr1	210500001	211000000	0.175535714610751
chr1	211000001	211500000	0.0222354484778287
chr1	211500001	212000000	0.0906625972881213
chr1	212000001	212500000	0.057849287122423
chr1	212500001	213000000	-0.00640831016886197
chr1	213000001	213500000	-0.0159084199412982
chr1	213500001	214000000	-0.013331985557469
chr1	214000001	214500000	0.0250784938721371
chr1	214500001	215000000	-0.0300990509144561
chr1	215000001	215500000	0.0157717820728287
chr1	215500001	216000000	0.033344709300161
chr1	216000001	216500000	0.0150176833637861
chr1	216500001	217000000	-0.00874313686972543
chr1	217000001	217500000	0.00764867594758664
chr1	217500001	218000000	-0.0246137664033317
chr1	218000001	218500000	-0.0139965477385282
chr1	218500001	219000000	0.0274278792417863
chr1	219000001	219500000	0.0462138220884402
chr1	219500001	220000000	0.0942928087398631
chr1	220000001	220500000	-0.0506472938284359
chr1	220500001	221000000	-0.021942706889536
chr1	221000001	221500000	-0.0167836472803203
chr1	221500001	222000000	0.0603415125009288
chr1	222000001	222500000	0.0702096879739402
chr1	222500001	223000000	0.0298329923389411
chr1	223000001	223500000	0.00768575630264115
chr1	224000001	224500000	0.117936396178133
chr1	224500001	225000000	-0.0274656895695906
chr1	225000001	225500000	-0.0147040504268992
chr1	225500001	226000000	0.0134095259261578
chr1	226000001	226500000	0.107548490389309
chr1	226500001	227000000	0.120826817821444
chr1	227000001	227500000	0.0524400075833413
chr1	227500001	228000000	0.0148509774885186
chr1	228000001	228500000	-0.0613730072430421
chr1	228500001	229000000	NA
chr1	229000001	229500000	0.0927594955431146
chr1	229500001	230000000	0.0720084221494888
chr1	230000001	230500000	-0.00417210559181685
chr1	230500001	231000000	-0.00624460649325782
chr1	231000001	231500000	0.122821421128556
chr1	231500001	232000000	0.13427288213598
chr1	232000001	232500000	0.066853250521628
chr1	232500001	233000000	0.0651253027352238
chr1	233000001	233500000	0.121614062139806
chr1	233500001	234000000	-0.0137554794992615
chr1	234000001	234500000	0.083685131300588
chr1	234500001	235000000	0.0363950039828144
chr1	235000001	235500000	0.0733878146280113
chr1	235500001	236000000	0.0787834042537422
chr1	236000001	236500000	0.0501643732417104
chr1	236500001	237000000	-0.022130465837933
chr1	237000001	237500000	0.0756844923502942
chr1	237500001	238000000	-0.00836190877845511
chr1	238000001	238500000	0.0948648189560324
chr1	238500001	239000000	0.00348643088255959
chr1	239000001	239500000	-0.023453404132257
chr1	239500001	240000000	0.130256883170522
chr1	240000001	240500000	-0.0165749211748606
chr1	240500001	241000000	0.10731769175719
chr1	241000001	241500000	-0.0513624242928936
chr1	241500001	242000000	-0.038409443653282
chr1	242000001	242500000	0.0193214149167423
chr1	242500001	243000000	0.071265348824219
chr1	243500001	244000000	0.12168571730813
chr1	244000001	244500000	0.126635346781379
chr1	244500001	245000000	-0.0198915680648003
chr1	245000001	245500000	-0.0857692163359939
chr1	245500001	246000000	-0.133201891749793
chr1	246000001	246500000	-0.0177040003739399
chr1	246500001	247000000	-0.110217452338267
chr1	247000001	247500000	-0.03294813960988
chr1	247500001	248000000	-0.0626334192966431
chr1	248000001	248500000	-0.0256399980016928
chr1	248500001	249000000	NA
chr2	1	500000	NA
chr2	500001	1000000	0.0475180591155992
chr2	1000001	1500000	0.0895398676914177
chr2	1500001	2000000	0.0153550705062505
chr2	2000001	2500000	0.0140629177106188
chr2	2500001	3000000	0.150818377404722
chr2	3000001	3500000	0.145955043313769
chr2	3500001	4000000	0.0483945089420139
chr2	4000001	4500000	0.0683952316729397
chr2	4500001	5000000	0.118373855321306
chr2	5000001	5500000	0.000223894230626957
chr2	5500001	6000000	0.0707163839644332
chr2	6000001	6500000	0.0171479766323249
chr2	6500001	7000000	0.117224396072526
chr2	7000001	7500000	0.12743398932747
chr2	7500001	8000000	0.172763417706785
chr2	8000001	8500000	0.0927782930755884
chr2	8500001	9000000	0.15782625234429
chr2	9000001	9500000	0.136155105336392
chr2	9500001	10000000	0.00471684249714325
chr2	10000001	10500000	0.105712571326871
chr2	10500001	11000000	0.0983975465035443
chr2	11000001	11500000	0.0910686791417821
chr2	11500001	12000000	0.141565900674451
chr2	12000001	12500000	0.121594393197413
chr2	12500001	13000000	0.0535789548525349
chr2	13000001	13500000	0.10299390209598
chr2	13500001	14000000	0.0197970408380007
chr2	14000001	14500000	-0.00375414617127462
chr2	14500001	15000000	0.10351510004863
chr2	15000001	15500000	0.063979114756333
chr2	15500001	16000000	0.000640291025089806
chr2	16000001	16500000	NA
chr2	16500001	17000000	0.103304027940097
chr2	17000001	17500000	0.0933471438030307
chr2	17500001	18000000	0.178844549306324
chr2	18000001	18500000	0.10153168295455
chr2	18500001	19000000	0.044515148323487
chr2	19000001	19500000	0.094051789541568
chr2	19500001	20000000	0.082965997262201
chr2	20000001	20500000	0.0884757580438991
chr2	20500001	21000000	NA
chr2	21000001	21500000	0.177918036992926
chr2	21500001	22000000	0.130245778564417
chr2	22000001	22500000	0.0505665361317028
chr2	22500001	23000000	0.0765625230086695
chr2	23000001	23500000	0.0961954497144218
chr2	23500001	24000000	0.00174794367644188
chr2	24000001	24500000	0.0879821820278099
chr2	24500001	25000000	0.20792634827185
chr2	25000001	25500000	0.0895510552959192
chr2	25500001	26000000	0.0536087260295031
chr2	26000001	26500000	0.128056366481853
chr2	26500001	27000000	0.114253264260412
chr2	27000001	27500000	0.0359803801260572
chr2	27500001	28000000	0.174645219091904
chr2	28000001	28500000	0.232151440235262
chr2	28500001	29000000	0.0548969121170197
chr2	29000001	29500000	0.0144890234580162
chr2	29500001	30000000	-0.0222839395041645
chr2	30000001	30500000	0.177297433184528
chr2	30500001	31000000	0.0815245354318793
chr2	31000001	31500000	NA
chr2	31500001	32000000	NA
chr2	32000001	32500000	-0.0346849679733816
chr2	32500001	33000000	NA
chr2	33000001	33500000	-0.137064676548329
chr2	33500001	34000000	0.0843188066245256
chr2	34000001	34500000	0.00939434243727855
chr2	34500001	35000000	0.0808041904881555
chr2	35000001	35500000	0.162608404132676
chr2	35500001	36000000	0.140171304825612
chr2	36000001	36500000	0.132384127674669
chr2	36500001	37000000	0.0532449069635531
chr2	37000001	37500000	0.178455960372229
chr2	37500001	38000000	0.165599422349701
chr2	38000001	38500000	0.0647484479628961
chr2	38500001	39000000	0.14107395574031
chr2	39000001	39500000	0.0353339615187455
chr2	39500001	40000000	0.0344492935156722
chr2	40000001	40500000	0.120387898808235
chr2	40500001	41000000	-0.0390796297970636
chr2	41000001	41500000	0.044940717046726
chr2	41500001	42000000	0.0304185435790431
chr2	42000001	42500000	0.09150802166896
chr2	42500001	43000000	0.0705669314399585
chr2	43000001	43500000	0.182604244879436
chr2	43500001	44000000	0.0369236783557274
chr2	44000001	44500000	0.0497552309142866
chr2	44500001	45000000	0.0201891415545908
chr2	45000001	45500000	0.205612378684388
chr2	45500001	46000000	0.0366266356014588
chr2	46000001	46500000	0.143819957285336
chr2	46500001	47000000	0.0831146891082809
chr2	47000001	47500000	-0.0582454224816814
chr2	47500001	48000000	0.097945183656142
chr2	48000001	48500000	0.166609810317471
chr2	48500001	49000000	0.0694446716625822
chr2	49000001	49500000	0.00105110399044685
chr2	49500001	50000000	0.0699387857324407
chr2	50000001	50500000	-0.00528102807325287
chr2	50500001	51000000	-0.0195391974410506
chr2	51000001	51500000	-0.0238587195722427
chr2	51500001	52000000	0.0115650684360938
chr2	52000001	52500000	0.0496256333568822
chr2	52500001	53000000	-0.119459910847606
chr2	53000001	53500000	-0.0101131598988456
chr2	53500001	54000000	0.0911234489231079
chr2	54000001	54500000	0.0146838461667552
chr2	54500001	55000000	0.0419021991357554
chr2	55000001	55500000	0.0861546166807538
chr2	55500001	56000000	0.104425419938477
chr2	56000001	56500000	-0.00834051284860542
chr2	56500001	57000000	0.0541526918785495
chr2	57000001	57500000	0.109350777956559
chr2	57500001	58000000	-0.0146405036973175
chr2	58000001	58500000	0.0170440440365917
chr2	58500001	59000000	-0.0477659285752475
chr2	59000001	59500000	0.0716130217757612
chr2	59500001	60000000	0.0406414370561066
chr2	60000001	60500000	0.0575529897544952
chr2	60500001	61000000	0.0840452275809588
chr2	61000001	61500000	0.0557798649636622
chr2	61500001	62000000	0.0441320201508616
chr2	62000001	62500000	0.0121050573941405
chr2	62500001	63000000	0.104218128593404
chr2	63000001	63500000	-0.00472759921879377
chr2	63500001	64000000	0.0107098200871102
chr2	64000001	64500000	0.0549799441904946
chr2	64500001	65000000	0.0598374012293299
chr2	65000001	65500000	0.0407092989530751
chr2	65500001	66000000	0.00473611302847329
chr2	66000001	66500000	0.0671633237949464
chr2	66500001	67000000	-0.00521208157825946
chr2	67000001	67500000	0.066417553668292
chr2	67500001	68000000	0.0160591270677505
chr2	68000001	68500000	0.0599536332216745
chr2	68500001	69000000	-0.00690939422794741
chr2	69000001	69500000	0.127030939299681
chr2	69500001	70000000	0.171683763367191
chr2	70000001	70500000	0.184047871129095
chr2	70500001	71000000	0.0161737206011513
chr2	71000001	71500000	0.0272613115755221
chr2	71500001	72000000	0.115347763463628
chr2	72000001	72500000	0.0597414496960307
chr2	72500001	73000000	0.0330369712592471
chr2	73000001	73500000	0.076371353564141
chr2	73500001	74000000	-0.0879712675305497
chr2	74000001	74500000	0.00860432275516691
chr2	74500001	75000000	0.145972845955788
chr2	75000001	75500000	0.128309927653258
chr2	75500001	76000000	-0.0496258589437146
chr2	76000001	76500000	-0.0221820507463758
chr2	76500001	77000000	0.124373600639216
chr2	77000001	77500000	0.128552757367531
chr2	77500001	78000000	0.0876862881066395
chr2	78000001	78500000	-0.0139298596572433
chr2	78500001	79000000	0.0224053024531187
chr2	79000001	79500000	0.0735260977351592
chr2	79500001	80000000	-0.0294809066984259
chr2	80000001	80500000	0.0320573224552947
chr2	80500001	81000000	0.0292728122865156
chr2	81000001	81500000	0.105210523233766
chr2	81500001	82000000	0.101166977549238
chr2	82000001	82500000	-0.0326914220921346
chr2	82500001	83000000	-0.0292165180552039
chr2	83000001	83500000	-0.111457274122865
chr2	83500001	84000000	-0.0364657721370181
chr2	84000001	84500000	0.07073738834785
chr2	84500001	85000000	0.0194681717616203
chr2	85000001	85500000	-0.0212545059140804
chr2	85500001	86000000	0.0198779665993891
chr2	86000001	86500000	0.0279062865040197
chr2	88000001	88500000	0.0690579066986155
chr2	88500001	89000000	0.0471312471808243
chr2	96500001	97000000	0.114405124353385
chr2	97500001	98000000	-0.0599473090012684
chr2	98000001	98500000	0.125649487942148
chr2	98500001	99000000	0.0920091314237265
chr2	99000001	99500000	-0.0271922065016034
chr2	99500001	100000000	0.179662294931587
chr2	100000001	100500000	0.133784246583081
chr2	100500001	101000000	-0.0354895927837944
chr2	101000001	101500000	0.0833447944334238
chr2	101500001	102000000	0.111645093600124
chr2	102000001	102500000	0.140739520408073
chr2	102500001	103000000	0.121198458543039
chr2	103000001	103500000	0.0708201177168594
chr2	103500001	104000000	0.168370113125354
chr2	104000001	104500000	0.0337612416691847
chr2	104500001	105000000	0.078212644670949
chr2	105000001	105500000	0.0816984511785909
chr2	105500001	106000000	0.18795230812147
chr2	106000001	106500000	0.195457103247701
chr2	106500001	107000000	0.012398909203648
chr2	107000001	107500000	0.0960979792347894
chr2	107500001	108000000	0.0142943483624542
chr2	108000001	108500000	0.0101958693344288
chr2	108500001	109000000	0.0158560194031622
chr2	109000001	109500000	NA
chr2	110500001	111000000	-0.119082722861836
chr2	111000001	111500000	-0.0752600822067792
chr2	112000001	112500000	-0.0612601505150978
chr2	112500001	113000000	0.108587393231899
chr2	113000001	113500000	0.143079015640294
chr2	113500001	114000000	0.0552595280272792
chr2	114000001	114500000	0.0998191794269717
chr2	114500001	115000000	0.0428923851346181
chr2	115000001	115500000	0.107901966503924
chr2	115500001	116000000	-0.0378263825648182
chr2	116000001	116500000	0.0590142735271001
chr2	116500001	117000000	0.0356476322259733
chr2	117000001	117500000	-0.0389308356622608
chr2	117500001	118000000	0.0169920076668778
chr2	118000001	118500000	0.0645184473156325
chr2	118500001	119000000	0.096150876949336
chr2	119000001	119500000	-0.0853017106546546
chr2	119500001	120000000	0.0800886581017984
chr2	120000001	120500000	0.0151540901224186
chr2	120500001	121000000	-0.0414935950839666
chr2	121000001	121500000	0.00308977258429965
chr2	121500001	122000000	0.159035105787669
chr2	122000001	122500000	0.0599112772611516
chr2	122500001	123000000	0.0106516795738487
chr2	123000001	123500000	0.0240925989876658
chr2	123500001	124000000	0.0542597606033111
chr2	124000001	124500000	-0.0362975771974818
chr2	124500001	125000000	0.00326825024780743
chr2	125000001	125500000	0.0459275263480136
chr2	125500001	126000000	-0.0119830006458538
chr2	126000001	126500000	0.0265802118122939
chr2	126500001	127000000	0.145513279739958
chr2	127000001	127500000	0.0237021878693362
chr2	127500001	128000000	0.0170662787113001
chr2	128000001	128500000	0.07555417075185
chr2	128500001	129000000	0.0103132682815392
chr2	129000001	129500000	-0.00667714981311855
chr2	129500001	130000000	-0.0636009392260851
chr2	132500001	133000000	0.00812352881061344
chr2	133000001	133500000	-0.152197092898686
chr2	133500001	134000000	0.0436169594488213
chr2	134000001	134500000	0.00849499844390272
chr2	134500001	135000000	0.0587542781755935
chr2	135000001	135500000	0.0441292803431825
chr2	135500001	136000000	0.13273642783675
chr2	136000001	136500000	0.135019352159335
chr2	136500001	137000000	0.0400725334195169
chr2	137000001	137500000	-0.033160513821754
chr2	137500001	138000000	-0.0563411323637629
chr2	138000001	138500000	-0.0467428089932336
chr2	138500001	139000000	0.0745998235972033
chr2	139000001	139500000	0.0246182420423509
chr2	139500001	140000000	-0.0367205363139879
chr2	140000001	140500000	-0.0142584822184081
chr2	140500001	141000000	0.0900820252857513
chr2	141000001	141500000	0.0122245951239924
chr2	141500001	142000000	0.0389835294775215
chr2	142000001	142500000	-0.0763177625663307
chr2	142500001	143000000	0.0229716327291398
chr2	143000001	143500000	0.0409259483358742
chr2	143500001	144000000	0.0723828301114368
chr2	144000001	144500000	0.0536234821438442
chr2	144500001	145000000	0.0684633746356153
chr2	145000001	145500000	0.142167267089431
chr2	145500001	146000000	0.0620702256185275
chr2	146000001	146500000	0.0442754168337645
chr2	146500001	147000000	0.0144939512103596
chr2	147000001	147500000	0.00285621760939758
chr2	147500001	148000000	-0.0148362650026781
chr2	148000001	148500000	0.0291071138321631
chr2	148500001	149000000	0.030871891259168
chr2	149000001	149500000	-0.151230185700741
chr2	149500001	150000000	0.0576554735607977
chr2	150000001	150500000	-0.054750724658173
chr2	150500001	151000000	0.0196045650222108
chr2	151000001	151500000	0.0393235641327553
chr2	151500001	152000000	0.0532746052615914
chr2	152000001	152500000	0.0280381629130566
chr2	152500001	153000000	0.131313238891016
chr2	153000001	153500000	-0.16904342694199
chr2	153500001	154000000	0.0139586311102314
chr2	154000001	154500000	-0.0748100461430996
chr2	154500001	155000000	-0.0213763544411882
chr2	155000001	155500000	0.0488120832002837
chr2	155500001	156000000	0.0213037827114081
chr2	156000001	156500000	0.0300355188872177
chr2	156500001	157000000	-0.0499548202121891
chr2	157000001	157500000	0.0477368592682107
chr2	157500001	158000000	-0.0456180325544177
chr2	158000001	158500000	-0.0737014395484153
chr2	158500001	159000000	-0.0353799691732888
chr2	159000001	159500000	0.119085171230213
chr2	159500001	160000000	0.167567831389942
chr2	160000001	160500000	-0.184905764144076
chr2	160500001	161000000	-0.102966028068075
chr2	161000001	161500000	-0.139525883125073
chr2	161500001	162000000	-0.121191517248861
chr2	162000001	162500000	-0.0555418685443159
chr2	162500001	163000000	-0.19037536081548
chr2	163000001	163500000	-0.0543204442671713
chr2	163500001	164000000	-0.182722956047692
chr2	164000001	164500000	-0.0741817268296476
chr2	164500001	165000000	-0.135596368775826
chr2	165000001	165500000	-0.0723318402622289
chr2	165500001	166000000	-0.0321722326916637
chr2	166000001	166500000	-0.0190031182845763
chr2	166500001	167000000	-0.103219139309847
chr2	167000001	167500000	-0.0770097072181046
chr2	167500001	168000000	-0.0563317432634193
chr2	168000001	168500000	0.00932675256900427
chr2	168500001	169000000	-0.132550584428188
chr2	169000001	169500000	-0.0631042412940186
chr2	169500001	170000000	-0.0999941254435548
chr2	170000001	170500000	-0.0831301245452143
chr2	170500001	171000000	-0.0132742145566394
chr2	171000001	171500000	-0.101353277065346
chr2	171500001	172000000	0.000400517424799789
chr2	172000001	172500000	-0.00929791073597912
chr2	172500001	173000000	0.0594347302515027
chr2	173000001	173500000	0.0079294586495013
chr2	173500001	174000000	-0.0361145419768088
chr2	174000001	174500000	-0.093729103620245
chr2	174500001	175000000	0.0255376756537736
chr2	175000001	175500000	-0.142191541617576
chr2	175500001	176000000	-0.0778133497574938
chr2	176000001	176500000	-0.133811398288973
chr2	176500001	177000000	-0.0788731016524092
chr2	177000001	177500000	-0.00773223772991197
chr2	177500001	178000000	-0.0576819346891248
chr2	178000001	178500000	-0.0224872164229017
chr2	178500001	179000000	-0.069168957858848
chr2	179000001	179500000	-0.0770806485655917
chr2	179500001	180000000	-0.0925377642903609
chr2	180000001	180500000	-0.143702902844362
chr2	180500001	181000000	-0.0921054498864384
chr2	181000001	181500000	-0.0473977517903598
chr2	181500001	182000000	-0.075536069211821
chr2	182000001	182500000	-0.0649712591972671
chr2	182500001	183000000	-0.0482036289002147
chr2	183000001	183500000	-0.0316865532817131
chr2	183500001	184000000	-0.0704283539222505
chr2	184000001	184500000	-0.127073477567633
chr2	184500001	185000000	-0.153895267344537
chr2	185000001	185500000	-0.11183331416176
chr2	185500001	186000000	-0.0291251780488079
chr2	186000001	186500000	0.0291411792392397
chr2	186500001	187000000	-0.044082140097945
chr2	187000001	187500000	0.0428109935082524
chr2	187500001	188000000	0.027131612587224
chr2	188000001	188500000	-0.0136856437366882
chr2	188500001	189000000	-0.0150009640328363
chr2	189000001	189500000	-0.0386921407994395
chr2	189500001	190000000	-0.0240701250213896
chr2	190000001	190500000	0.0151148766363516
chr2	190500001	191000000	-0.0067469807919185
chr2	191000001	191500000	0.0490386615190702
chr2	191500001	192000000	0.118721625326426
chr2	192000001	192500000	-0.0405093402702221
chr2	192500001	193000000	-0.0194568841794215
chr2	193000001	193500000	NA
chr2	193500001	194000000	-0.0954426105899307
chr2	194000001	194500000	0.0336062858455366
chr2	194500001	195000000	-0.0867591710644631
chr2	195000001	195500000	-0.0795430950835887
chr2	195500001	196000000	-0.0113872749900024
chr2	196000001	196500000	-0.0941692711001643
chr2	196500001	197000000	0.0255503885450408
chr2	197000001	197500000	0.150916650973814
chr2	197500001	198000000	-0.0499150722082056
chr2	198000001	198500000	0.034186335642686
chr2	198500001	199000000	-0.0318235227354156
chr2	199000001	199500000	-0.109527761585162
chr2	199500001	200000000	0.0298924914137343
chr2	200000001	200500000	-0.0832531023411229
chr2	200500001	201000000	0.0879324059658415
chr2	201000001	201500000	0.0522143703211934
chr2	201500001	202000000	0.0206781566431012
chr2	202000001	202500000	0.0522207713520065
chr2	202500001	203000000	-0.0223350606799335
chr2	203000001	203500000	-0.0534203985592659
chr2	203500001	204000000	0.0802322585187327
chr2	204000001	204500000	-0.0217742726527164
chr2	204500001	205000000	-0.0641068677590419
chr2	205000001	205500000	0.0483289588716438
chr2	205500001	206000000	0.0693611613591584
chr2	206000001	206500000	0.084665149011218
chr2	206500001	207000000	0.161124957362079
chr2	207000001	207500000	0.0669742788533658
chr2	207500001	208000000	0.0969669735444952
chr2	208000001	208500000	0.183329700760188
chr2	208500001	209000000	0.120972782407786
chr2	209000001	209500000	-0.0882816699774445
chr2	209500001	210000000	-0.00635745076668529
chr2	210000001	210500000	0.00894934198831133
chr2	210500001	211000000	0.0520881969266671
chr2	211000001	211500000	0.00945017478691348
chr2	211500001	212000000	-0.025919401192252
chr2	212000001	212500000	-0.0353003049068858
chr2	212500001	213000000	0.097484023220255
chr2	213000001	213500000	0.133922991451026
chr2	213500001	214000000	0.0637212974516903
chr2	214000001	214500000	-0.0780586488053519
chr2	214500001	215000000	-0.0127786003198872
chr2	215000001	215500000	-0.0124413984017883
chr2	215500001	216000000	0.102804547080882
chr2	216000001	216500000	0.0218393377888448
chr2	216500001	217000000	0.0667423296467928
chr2	217000001	217500000	0.0965646560223798
chr2	217500001	218000000	0.0119142896054975
chr2	218000001	218500000	0.15249295736496
chr2	218500001	219000000	0.0206179075389575
chr2	219000001	219500000	0.0556348072676254
chr2	219500001	220000000	-0.00415458737848878
chr2	220000001	220500000	-0.0597702760662403
chr2	220500001	221000000	0.0903807275311665
chr2	221000001	221500000	0.0185295661938164
chr2	221500001	222000000	-0.0239642535544141
chr2	222000001	222500000	-0.111933695956407
chr2	222500001	223000000	0.0580151200137194
chr2	223000001	223500000	-0.0715545851451976
chr2	223500001	224000000	-0.0517541578209103
chr2	224000001	224500000	-0.0568081516952014
chr2	224500001	225000000	-0.110540697008723
chr2	225000001	225500000	-0.0411828104187954
chr2	225500001	226000000	-0.0769175038081236
chr2	226000001	226500000	0.0321356128183484
chr2	226500001	227000000	-0.0361735421664767
chr2	227000001	227500000	0.0168203263686945
chr2	227500001	228000000	0.0581869204958948
chr2	228000001	228500000	-0.0086301566486147
chr2	228500001	229000000	0.066223202393706
chr2	229000001	229500000	-0.101636343603684
chr2	229500001	230000000	-0.0448367320643269
chr2	230000001	230500000	0.102639777898509
chr2	230500001	231000000	0.00109534069288756
chr2	231000001	231500000	0.105059042248064
chr2	231500001	232000000	0.0402090426730485
chr2	232000001	232500000	0.0564650951930388
chr2	232500001	233000000	-0.0714340050867349
chr2	233000001	233500000	NA
chr2	233500001	234000000	0.00744923137693264
chr2	234000001	234500000	-0.0573888313439242
chr2	234500001	235000000	-0.0459692143799781
chr2	235000001	235500000	-0.0569403182692816
chr2	235500001	236000000	-0.104299722342796
chr2	236000001	236500000	-0.0486726240924154
chr2	236500001	237000000	-0.0877360321709057
chr2	237000001	237500000	-0.00649496804954873
chr2	237500001	238000000	0.00773148104882419
chr2	238000001	238500000	0.0121858677938977
chr2	238500001	239000000	NA
chr2	239000001	239500000	0.0458041267493584
chr2	239500001	240000000	NA
chr2	240000001	240500000	-0.130597325328249
chr2	240500001	241000000	-0.165071777112889
chr2	241000001	241500000	-0.022829198965577
chr2	241500001	242000000	-0.0711896838877548
chr3	1	500000	NA
chr3	500001	1000000	-0.0101343144897452
chr3	1000001	1500000	-0.0277812500381007
chr3	1500001	2000000	0.112760079966869
chr3	2000001	2500000	0.035858232734635
chr3	2500001	3000000	0.0814459525929588
chr3	3000001	3500000	0.0392983014908009
chr3	3500001	4000000	0.0513176795220221
chr3	4000001	4500000	0.0643571845223237
chr3	4500001	5000000	0.131511780211382
chr3	5000001	5500000	0.129043881623777
chr3	5500001	6000000	0.153047808918595
chr3	6000001	6500000	0.112227922316374
chr3	6500001	7000000	0.0717700658787121
chr3	7000001	7500000	0.0587004333534938
chr3	7500001	8000000	0.169192680169752
chr3	8000001	8500000	0.119234538922934
chr3	8500001	9000000	0.114742941992961
chr3	9000001	9500000	0.0400132262009079
chr3	9500001	10000000	0.0111892827920751
chr3	10000001	10500000	0.0618169411504523
chr3	10500001	11000000	0.0135487900544115
chr3	11000001	11500000	0.0457429585474693
chr3	11500001	12000000	0.0428994777741195
chr3	12000001	12500000	0.112930409309308
chr3	12500001	13000000	0.150451873361558
chr3	13000001	13500000	0.00841152136540396
chr3	13500001	14000000	-0.0167635590681516
chr3	14000001	14500000	-0.000605450312471747
chr3	14500001	15000000	-0.0431423518712334
chr3	15000001	15500000	0.0538811815956265
chr3	15500001	16000000	0.0387918603554806
chr3	16000001	16500000	0.0243545884662665
chr3	16500001	17000000	NA
chr3	17000001	17500000	0.0360253887668062
chr3	17500001	18000000	0.0561048253305445
chr3	18000001	18500000	0.0495550712603364
chr3	18500001	19000000	0.029769543468284
chr3	19000001	19500000	-0.0128065264040408
chr3	19500001	20000000	0.0573945655031493
chr3	20000001	20500000	-0.0453541953993359
chr3	20500001	21000000	0.0213741600402204
chr3	21000001	21500000	0.0561161427898885
chr3	21500001	22000000	0.137854226931683
chr3	22000001	22500000	0.0436506220358881
chr3	22500001	23000000	0.0311871950756793
chr3	23000001	23500000	-0.0273307654095462
chr3	23500001	24000000	-0.0190169743691586
chr3	24000001	24500000	0.0127596769732813
chr3	24500001	25000000	-0.0246852864004878
chr3	25000001	25500000	-0.0201417553810996
chr3	25500001	26000000	0.0184569843847439
chr3	26000001	26500000	-0.0269088601716245
chr3	26500001	27000000	0.0333332740479353
chr3	27000001	27500000	-0.0421058625511413
chr3	27500001	28000000	-0.0268923464344261
chr3	28000001	28500000	0.15798402839726
chr3	28500001	29000000	0.0515968832626383
chr3	29000001	29500000	-0.00757892990275932
chr3	29500001	30000000	-0.0806777939159464
chr3	30000001	30500000	-0.00391441566083037
chr3	30500001	31000000	0.0631140793666798
chr3	31000001	31500000	0.0788135120736979
chr3	31500001	32000000	-0.000522025520817513
chr3	32000001	32500000	0.0895339504215189
chr3	32500001	33000000	-0.0753742353330893
chr3	33000001	33500000	0.0696712726147279
chr3	33500001	34000000	-0.0426405753872865
chr3	34000001	34500000	0.145175696462895
chr3	34500001	35000000	-0.250236311631487
chr3	35000001	35500000	-0.111543952352651
chr3	35500001	36000000	-0.0764631326460613
chr3	36000001	36500000	-0.150273939087126
chr3	36500001	37000000	-0.032617853367517
chr3	37000001	37500000	-0.149241004513747
chr3	37500001	38000000	-0.13823903433163
chr3	38000001	38500000	-0.0679789756275356
chr3	38500001	39000000	-0.192927245894916
chr3	39000001	39500000	-0.0301817052061815
chr3	39500001	40000000	-0.146698282040217
chr3	40000001	40500000	-0.0527441902621957
chr3	40500001	41000000	-0.145788745345453
chr3	41000001	41500000	-0.0599259931636487
chr3	41500001	42000000	-0.166723427960431
chr3	42000001	42500000	-0.0148348598142349
chr3	42500001	43000000	-0.13138435666915
chr3	43000001	43500000	-8.19563774964518e-05
chr3	43500001	44000000	-0.115510895342147
chr3	44000001	44500000	-0.165162614787164
chr3	44500001	45000000	-0.0730120927301661
chr3	45000001	45500000	-0.1316634105365
chr3	45500001	46000000	-0.136480724440393
chr3	46000001	46500000	-0.0364745851641434
chr3	46500001	47000000	-0.0868805276353209
chr3	47000001	47500000	0.0508911950213082
chr3	47500001	48000000	-0.0574603131435983
chr3	48000001	48500000	-0.179596548853615
chr3	48500001	49000000	-0.0651372140741891
chr3	49000001	49500000	-0.0033496029225677
chr3	49500001	50000000	-0.00756999339637347
chr3	50000001	50500000	-0.0756961965449807
chr3	50500001	51000000	-0.0546470007565412
chr3	51000001	51500000	-0.0623069888696637
chr3	51500001	52000000	-0.0617925080364695
chr3	52000001	52500000	0.0226361738310175
chr3	52500001	53000000	-0.0936353956344833
chr3	53000001	53500000	0.179026098794137
chr3	53500001	54000000	-0.0526340506646942
chr3	54000001	54500000	-0.0967480261902143
chr3	54500001	55000000	0.0179349216381792
chr3	55000001	55500000	-0.0508362983883935
chr3	55500001	56000000	-0.0118267288381474
chr3	56000001	56500000	0.108649714395398
chr3	56500001	57000000	-0.0280705881558364
chr3	57000001	57500000	0.0254819395054641
chr3	57500001	58000000	-0.0788747424290622
chr3	58000001	58500000	0.0202651031215465
chr3	58500001	59000000	0.0577850401044941
chr3	59000001	59500000	0.087884433143175
chr3	59500001	60000000	-0.00756109508902616
chr3	60000001	60500000	NA
chr3	60500001	61000000	-0.0408385385224515
chr3	61000001	61500000	-0.0040013531341459
chr3	61500001	62000000	0.0167547001283863
chr3	62000001	62500000	-0.0238048078428783
chr3	62500001	63000000	-0.00153616184734551
chr3	63000001	63500000	0.0313476249591255
chr3	63500001	64000000	0.11463975486686
chr3	64000001	64500000	-0.00993180087638647
chr3	64500001	65000000	-0.022378902654477
chr3	65000001	65500000	-0.0365254395004784
chr3	65500001	66000000	0.0331082860808265
chr3	66000001	66500000	NA
chr3	66500001	67000000	-0.0460705765465821
chr3	67000001	67500000	0.0935020050183436
chr3	67500001	68000000	-0.0195327354767856
chr3	68000001	68500000	-0.021943405638481
chr3	68500001	69000000	-0.0674738832549233
chr3	69000001	69500000	0.0446162307444146
chr3	69500001	70000000	-0.0200232554025393
chr3	70000001	70500000	-0.0597236208211319
chr3	70500001	71000000	0.056386608633029
chr3	71000001	71500000	0.0808189998380318
chr3	71500001	72000000	0.0693141822187995
chr3	72000001	72500000	0.0526652106421713
chr3	72500001	73000000	0.124566686651002
chr3	73000001	73500000	-0.0170821621213886
chr3	73500001	74000000	-0.0682047250187782
chr3	74000001	74500000	0.00156382981637803
chr3	74500001	75000000	0.0337387436664213
chr3	75000001	75500000	0.244508568853671
chr3	76000001	76500000	0.113072701988857
chr3	76500001	77000000	0.0155439241585388
chr3	77000001	77500000	-0.0017058809112729
chr3	77500001	78000000	0.0851962730731203
chr3	78000001	78500000	-0.101818283410574
chr3	78500001	79000000	-0.0378046564571321
chr3	79000001	79500000	0.0153986759577278
chr3	79500001	80000000	-0.125057461813613
chr3	80000001	80500000	-0.0639968894079579
chr3	80500001	81000000	-0.0255270451341009
chr3	81000001	81500000	0.0502781360530224
chr3	81500001	82000000	-0.0440378710302927
chr3	82000001	82500000	-0.0412105766816462
chr3	82500001	83000000	-0.0226534172980789
chr3	83000001	83500000	NA
chr3	83500001	84000000	0.0264312873251705
chr3	84000001	84500000	-0.0267983313623288
chr3	84500001	85000000	0.085721212023081
chr3	85000001	85500000	NA
chr3	85500001	86000000	0.0101885079018249
chr3	86000001	86500000	0.0835420406635209
chr3	86500001	87000000	0.00857621285457932
chr3	87000001	87500000	0.105251320392812
chr3	94500001	95000000	0.09507882970076
chr3	95000001	95500000	0.0232832701786767
chr3	95500001	96000000	0.0321682795806841
chr3	96000001	96500000	0.052084620827294
chr3	96500001	97000000	-0.0936023241003377
chr3	97000001	97500000	-0.022068512676812
chr3	97500001	98000000	-0.00659559033216921
chr3	98000001	98500000	-0.0527917462966341
chr3	98500001	99000000	0.0912570237615708
chr3	99000001	99500000	-0.067948862964642
chr3	99500001	100000000	-0.0496777105651424
chr3	100000001	100500000	-0.0709707580643277
chr3	100500001	101000000	-0.0623496366285056
chr3	101000001	101500000	0.0887964365260119
chr3	101500001	102000000	-0.0200868787741285
chr3	102000001	102500000	0.0330165086234352
chr3	102500001	103000000	0.12958740114712
chr3	103000001	103500000	0.061283217931116
chr3	103500001	104000000	-0.0122025610158218
chr3	104000001	104500000	-0.00511822701524892
chr3	104500001	105000000	0.0317878576782449
chr3	105000001	105500000	0.0356764967662928
chr3	105500001	106000000	-0.0321441946179047
chr3	106000001	106500000	-0.00301490498532248
chr3	106500001	107000000	0.14349068842642
chr3	107000001	107500000	0.0673267962804016
chr3	107500001	108000000	0.127501918245578
chr3	108000001	108500000	0.174751190279009
chr3	108500001	109000000	-0.0273517342706187
chr3	109000001	109500000	0.129499679724463
chr3	109500001	110000000	0.125006982561695
chr3	110000001	110500000	0.0537813378247425
chr3	110500001	111000000	-0.0220983662105636
chr3	111000001	111500000	0.117219204000473
chr3	111500001	112000000	-0.00238699655916736
chr3	112000001	112500000	0.0758338959160127
chr3	112500001	113000000	0.0348752093309308
chr3	113000001	113500000	0.0688068474543846
chr3	113500001	114000000	-0.0486055664771204
chr3	114000001	114500000	0.0249467184517072
chr3	114500001	115000000	0.14407649001095
chr3	115000001	115500000	0.134852002162372
chr3	115500001	116000000	0.132763029618879
chr3	116000001	116500000	0.00468391986765137
chr3	116500001	117000000	0.0442838918735867
chr3	117000001	117500000	0.0259492802245334
chr3	117500001	118000000	0.0947111888941845
chr3	118000001	118500000	0.165810138041483
chr3	118500001	119000000	0.263173795575439
chr3	119000001	119500000	0.0771466226580287
chr3	119500001	120000000	0.0629269372807532
chr3	120000001	120500000	0.130682996464893
chr3	120500001	121000000	0.0311234297663594
chr3	121000001	121500000	0.20023258839385
chr3	121500001	122000000	0.197513025660266
chr3	122000001	122500000	0.157631415908759
chr3	122500001	123000000	0.0861435007587304
chr3	123000001	123500000	0.0944917380438372
chr3	123500001	124000000	0.102385673793816
chr3	124000001	124500000	0.123413373481793
chr3	124500001	125000000	0.0760996394186243
chr3	125000001	125500000	0.137408664335179
chr3	126000001	126500000	-0.0920383726139731
chr3	126500001	127000000	0.056961082036859
chr3	127000001	127500000	-0.0448336551871025
chr3	127500001	128000000	0.0325634717103637
chr3	128000001	128500000	-0.0408557892411034
chr3	128500001	129000000	0.0744484841861332
chr3	129000001	129500000	-0.00684326555464922
chr3	129500001	130000000	0.0379113328190659
chr3	130500001	131000000	-0.0333138150613125
chr3	131000001	131500000	0.0431383029712608
chr3	131500001	132000000	0.100998415015048
chr3	132000001	132500000	0.0508181426759353
chr3	132500001	133000000	0.00473580037622131
chr3	133000001	133500000	0.0413912508387326
chr3	133500001	134000000	0.000740222384741067
chr3	134000001	134500000	0.148172009743583
chr3	134500001	135000000	0.0711802492382136
chr3	135000001	135500000	0.0161698466031851
chr3	135500001	136000000	0.00680032624937133
chr3	136000001	136500000	0.0505244842591385
chr3	136500001	137000000	0.0483995597102907
chr3	137000001	137500000	0.107994221976095
chr3	137500001	138000000	-0.0183172041167442
chr3	138000001	138500000	0.011929064124148
chr3	138500001	139000000	0.0929067277824269
chr3	139000001	139500000	-0.0220537882379005
chr3	139500001	140000000	0.081209220451637
chr3	140000001	140500000	-0.0656287549234718
chr3	140500001	141000000	0.0463494895856263
chr3	141000001	141500000	0.149112011071163
chr3	141500001	142000000	0.150432249199072
chr3	142000001	142500000	0.0159629197453206
chr3	142500001	143000000	-0.0129982569498332
chr3	143000001	143500000	0.105949988530579
chr3	143500001	144000000	0.00338490940596212
chr3	144000001	144500000	-0.0200440907823651
chr3	144500001	145000000	-0.0129533831231132
chr3	145000001	145500000	-0.0715911076439277
chr3	145500001	146000000	-0.0356080516724734
chr3	146000001	146500000	-0.0894668920817603
chr3	146500001	147000000	0.0819177744231362
chr3	147000001	147500000	-0.0665454498100742
chr3	147500001	148000000	0.0393961664168344
chr3	148000001	148500000	0.00190626453034436
chr3	148500001	149000000	0.145168820010222
chr3	149000001	149500000	0.0179962170558887
chr3	149500001	150000000	-0.00888125128851169
chr3	150000001	150500000	0.137807741427702
chr3	150500001	151000000	0.0705497925779371
chr3	151000001	151500000	0.0210175897321613
chr3	151500001	152000000	0.105140713460498
chr3	152000001	152500000	0.0692518029351034
chr3	152500001	153000000	0.0308537870212163
chr3	153000001	153500000	0.091520499014861
chr3	153500001	154000000	0.154816843289729
chr3	154000001	154500000	0.00994902201727729
chr3	154500001	155000000	0.0307969363835828
chr3	155000001	155500000	0.0837739000685624
chr3	155500001	156000000	0.279202276661615
chr3	156000001	156500000	0.15580810930778
chr3	156500001	157000000	0.169790495037062
chr3	157000001	157500000	0.176550463154572
chr3	157500001	158000000	0.165594709708146
chr3	158000001	158500000	0.169202446076283
chr3	158500001	159000000	0.22175802446825
chr3	159000001	159500000	0.132824824745119
chr3	159500001	160000000	0.112697390450548
chr3	160000001	160500000	0.143415489236155
chr3	160500001	161000000	0.217922136686423
chr3	161000001	161500000	0.194865882903013
chr3	161500001	162000000	0.190724514105043
chr3	162000001	162500000	0.206130672038763
chr3	162500001	163000000	0.211300732989348
chr3	163000001	163500000	0.054586180555503
chr3	163500001	164000000	0.205382442502648
chr3	164000001	164500000	0.208310372120739
chr3	164500001	165000000	0.0925264324786705
chr3	165000001	165500000	0.178741098521113
chr3	165500001	166000000	0.236680942888183
chr3	166000001	166500000	0.11707302253834
chr3	166500001	167000000	0.171843576397083
chr3	167000001	167500000	0.21088733367226
chr3	167500001	168000000	0.182060335078473
chr3	168000001	168500000	0.15176362533294
chr3	168500001	169000000	0.148028810264151
chr3	169000001	169500000	0.146777915595351
chr3	169500001	170000000	0.270633379040046
chr3	170000001	170500000	0.133675005703776
chr3	170500001	171000000	0.138975045515524
chr3	171000001	171500000	0.165850854548158
chr3	171500001	172000000	0.291407090532158
chr3	172000001	172500000	0.182129111293545
chr3	172500001	173000000	0.20960448079254
chr3	173000001	173500000	0.171027173658345
chr3	173500001	174000000	0.15308359936502
chr3	174000001	174500000	0.173034252910525
chr3	174500001	175000000	0.159941094310535
chr3	175000001	175500000	0.235303947440965
chr3	175500001	176000000	0.2099935239711
chr3	176000001	176500000	0.0326215523222034
chr3	176500001	177000000	0.0293834575299909
chr3	177000001	177500000	-0.0643457686014718
chr3	177500001	178000000	-0.109731242740026
chr3	178000001	178500000	-0.0260915257295318
chr3	178500001	179000000	-0.0719986132733494
chr3	179000001	179500000	-0.155974488868708
chr3	179500001	180000000	-0.231130092107604
chr3	180000001	180500000	-0.0229730624202899
chr3	180500001	181000000	-0.099068607039143
chr3	181000001	181500000	-0.111451355700474
chr3	181500001	182000000	-0.0882799238675535
chr3	182000001	182500000	-0.099956698833542
chr3	182500001	183000000	-0.0556971420554011
chr3	183000001	183500000	-0.0435751632972283
chr3	183500001	184000000	-0.174322415891885
chr3	184000001	184500000	-0.00758949967108009
chr3	184500001	185000000	-0.0624188098829375
chr3	185000001	185500000	0.00251228767490121
chr3	185500001	186000000	-0.19569543524411
chr3	186000001	186500000	-0.0823318667648812
chr3	186500001	187000000	-0.146230086106124
chr3	187000001	187500000	-0.00724089556991298
chr3	187500001	188000000	0.00337461696986098
chr3	188000001	188500000	0.00787139444524446
chr3	188500001	189000000	-0.071562323831742
chr3	189000001	189500000	-0.133427872198337
chr3	189500001	190000000	-0.168744524403639
chr3	190000001	190500000	-0.114015089296158
chr3	190500001	191000000	-0.0239266694880594
chr3	191000001	191500000	-0.0528689655165889
chr3	191500001	192000000	-0.209147518475122
chr3	192000001	192500000	-0.0874676114261229
chr3	192500001	193000000	-0.0923372630644863
chr3	193000001	193500000	-0.206489795404481
chr3	193500001	194000000	-0.0460609556153381
chr3	194000001	194500000	-0.0539307747986916
chr3	194500001	195000000	0.0190604602235707
chr3	195000001	195500000	-0.0479489441132272
chr3	195500001	196000000	0.252100791148086
chr3	196000001	196500000	-0.0913759467932003
chr3	196500001	197000000	-0.0517491159372444
chr3	197000001	197500000	0.000687591316770431
chr3	197500001	198000000	-0.155801808678401
chr4	1	500000	NA
chr4	500001	1000000	-0.0848313760380263
chr4	1000001	1500000	NA
chr4	1500001	2000000	-0.0514168454257624
chr4	2000001	2500000	-0.0621241792876005
chr4	2500001	3000000	0.0401104993315673
chr4	3000001	3500000	-0.0450159215828215
chr4	3500001	4000000	0.228879553552589
chr4	4500001	5000000	-0.010962084024279
chr4	5000001	5500000	0.0523337940676424
chr4	5500001	6000000	-0.0274670404768014
chr4	6000001	6500000	-0.0138988815019856
chr4	6500001	7000000	0.127798266889965
chr4	7000001	7500000	0.0840683532171792
chr4	7500001	8000000	-0.0266014693527912
chr4	8000001	8500000	-0.0577119510231036
chr4	8500001	9000000	NA
chr4	10000001	10500000	0.124021625543149
chr4	10500001	11000000	0.072013848415179
chr4	11000001	11500000	0.0986640026175261
chr4	11500001	12000000	-0.017578476304929
chr4	12000001	12500000	0.0256023659386232
chr4	12500001	13000000	0.0770996318194805
chr4	13000001	13500000	-0.00663011770013829
chr4	13500001	14000000	0.136852697568484
chr4	14000001	14500000	0.188510312995428
chr4	14500001	15000000	0.17836912026928
chr4	15000001	15500000	0.195551724728718
chr4	15500001	16000000	0.22346226752719
chr4	16000001	16500000	0.23179995235702
chr4	16500001	17000000	0.183440369728532
chr4	17000001	17500000	0.135496295092838
chr4	17500001	18000000	0.0672632895457323
chr4	18000001	18500000	0.173048309666341
chr4	18500001	19000000	0.159189756315467
chr4	19000001	19500000	0.0768145049101289
chr4	19500001	20000000	0.186915619796892
chr4	20000001	20500000	0.15894064229016
chr4	20500001	21000000	0.231493547793141
chr4	21000001	21500000	0.165246507941292
chr4	21500001	22000000	0.104659154517808
chr4	22000001	22500000	0.155179811620513
chr4	22500001	23000000	0.235149108256647
chr4	23000001	23500000	0.183322132220731
chr4	23500001	24000000	0.187525140890821
chr4	24000001	24500000	0.103447819380442
chr4	24500001	25000000	-0.0542091098815325
chr4	25000001	25500000	0.0400194478703116
chr4	25500001	26000000	-0.0210627064689834
chr4	26000001	26500000	0.120533869705309
chr4	26500001	27000000	0.00305908190552913
chr4	27000001	27500000	0.0226836184798098
chr4	27500001	28000000	0.0548141835088687
chr4	28000001	28500000	0.0140545777049422
chr4	28500001	29000000	0.00679700916232569
chr4	29000001	29500000	0.0361124410706484
chr4	29500001	30000000	0.0223452955020976
chr4	30000001	30500000	-0.0471812741931523
chr4	30500001	31000000	0.00949756199672417
chr4	31000001	31500000	0.0482148615013134
chr4	31500001	32000000	NA
chr4	32000001	32500000	0.0165540348716602
chr4	32500001	33000000	NA
chr4	33000001	33500000	-0.0522905749409999
chr4	33500001	34000000	0.0643843107297962
chr4	34000001	34500000	-0.0464657435796876
chr4	34500001	35000000	-0.222598822905029
chr4	35000001	35500000	-0.0293770314579657
chr4	35500001	36000000	0.0312688335761129
chr4	36000001	36500000	-0.0369862431290989
chr4	36500001	37000000	0.0290651479488578
chr4	37000001	37500000	0.106893621566774
chr4	37500001	38000000	0.121496438074718
chr4	38000001	38500000	-0.0196022414796302
chr4	38500001	39000000	0.0198809178270538
chr4	39000001	39500000	0.0392460908303874
chr4	39500001	40000000	0.0563279189490697
chr4	40000001	40500000	0.0464723131790612
chr4	40500001	41000000	-0.0287094685077857
chr4	41000001	41500000	0.0551823560575465
chr4	41500001	42000000	0.0741003063585785
chr4	42000001	42500000	0.0426375685961427
chr4	42500001	43000000	0.111043050735095
chr4	43000001	43500000	-0.0111179337074823
chr4	43500001	44000000	-0.0904344943070601
chr4	44000001	44500000	-0.00832746650055304
chr4	44500001	45000000	-0.0442946319315059
chr4	45000001	45500000	-0.138740672951862
chr4	45500001	46000000	0.00262663812877759
chr4	46000001	46500000	0.10338048575947
chr4	46500001	47000000	0.0801136314487159
chr4	47000001	47500000	-0.127338612901024
chr4	47500001	48000000	0.0322796124506507
chr4	52000001	52500000	0.0516857641995923
chr4	52500001	53000000	0.0630065752402554
chr4	53000001	53500000	0.157074411579579
chr4	53500001	54000000	0.0537698990702744
chr4	54000001	54500000	0.069829579487888
chr4	54500001	55000000	0.0985075144189548
chr4	55000001	55500000	0.0622079832935401
chr4	55500001	56000000	0.0453631453520704
chr4	56000001	56500000	-0.0771783857403651
chr4	56500001	57000000	0.0590419788879328
chr4	57000001	57500000	0.0772287625740632
chr4	57500001	58000000	0.0670442831160271
chr4	58000001	58500000	0.0103476076677486
chr4	58500001	59000000	NA
chr4	59000001	59500000	0.113629494129691
chr4	59500001	60000000	0.126323935968524
chr4	60000001	60500000	-0.0611668542070246
chr4	60500001	61000000	0.00342967377260782
chr4	61000001	61500000	-0.0738307199186944
chr4	61500001	62000000	0.0279073302495763
chr4	62000001	62500000	0.00887600349195353
chr4	62500001	63000000	0.0963492627776291
chr4	63000001	63500000	0.139022107348695
chr4	63500001	64000000	0.0447653997576705
chr4	64000001	64500000	-0.0816069281207661
chr4	64500001	65000000	0.107382078111055
chr4	65000001	65500000	0.0184544719072612
chr4	65500001	66000000	-0.0234787277802417
chr4	66000001	66500000	0.0525950315985719
chr4	66500001	67000000	-0.0445847229774542
chr4	67000001	67500000	-0.0432237729700485
chr4	67500001	68000000	0.0359694377228436
chr4	68000001	68500000	-0.027994969011131
chr4	68500001	69000000	0.0246086479451494
chr4	69000001	69500000	0.195821728930934
chr4	69500001	70000000	-0.0207564612883168
chr4	70000001	70500000	0.0235286019343501
chr4	70500001	71000000	0.00744246931759331
chr4	71000001	71500000	0.0193999772373114
chr4	71500001	72000000	0.0610262538497491
chr4	72000001	72500000	0.0150437379308015
chr4	72500001	73000000	0.0594012185993235
chr4	73000001	73500000	-0.0180310855020374
chr4	73500001	74000000	0.102975080980194
chr4	74000001	74500000	0.0485752834300794
chr4	74500001	75000000	-0.0701371696357202
chr4	75000001	75500000	-0.113314929872314
chr4	75500001	76000000	-0.205262466107811
chr4	76000001	76500000	-0.0572223982138511
chr4	76500001	77000000	-0.200609516028654
chr4	77000001	77500000	-0.148904582900572
chr4	77500001	78000000	-0.169018647503968
chr4	78000001	78500000	-0.0944580390080966
chr4	78500001	79000000	-0.170162784707927
chr4	79000001	79500000	-0.109238390305721
chr4	79500001	80000000	-0.17636893762843
chr4	80000001	80500000	-0.0563268034645765
chr4	80500001	81000000	-0.0709295792916247
chr4	81000001	81500000	-0.191434343722039
chr4	81500001	82000000	-0.0739899360700456
chr4	82000001	82500000	-0.0462133096172793
chr4	82500001	83000000	-0.203873653625742
chr4	83000001	83500000	-0.0338702103241472
chr4	83500001	84000000	-0.0264562724955671
chr4	84000001	84500000	-0.113851603375734
chr4	84500001	85000000	-0.101092598139545
chr4	85000001	85500000	-0.0282248959365493
chr4	85500001	86000000	-0.0713494966064588
chr4	86000001	86500000	-0.150102957816189
chr4	86500001	87000000	-0.0626513642654776
chr4	87000001	87500000	-0.220241262257557
chr4	87500001	88000000	-0.0387460666852693
chr4	88000001	88500000	-0.0163998419986412
chr4	88500001	89000000	-0.0627284769547322
chr4	89000001	89500000	-0.127334842617013
chr4	89500001	90000000	-0.0751749148880974
chr4	90000001	90500000	-0.120925516841007
chr4	90500001	91000000	-0.174965364858141
chr4	91000001	91500000	-0.119082617503073
chr4	91500001	92000000	-0.165654611921973
chr4	92000001	92500000	-0.187483989888884
chr4	92500001	93000000	0.230078228247775
chr4	93000001	93500000	0.196338483770478
chr4	93500001	94000000	-0.0338354413244774
chr4	94000001	94500000	-0.159928760997034
chr4	94500001	95000000	-0.00173174288031593
chr4	95000001	95500000	-0.114703682138996
chr4	95500001	96000000	-0.0544173451992405
chr4	96000001	96500000	-0.23406266801307
chr4	96500001	97000000	-0.112674129143702
chr4	97000001	97500000	-0.115084988501102
chr4	97500001	98000000	-0.093618431282042
chr4	98000001	98500000	-0.23012598586602
chr4	98500001	99000000	-0.0698848637521552
chr4	99000001	99500000	-0.0592274221026914
chr4	99500001	100000000	-0.126781146773646
chr4	100000001	100500000	-0.125884819692313
chr4	100500001	101000000	-0.167276808162407
chr4	101000001	101500000	-0.111241881798461
chr4	101500001	102000000	-0.0970000526846711
chr4	102000001	102500000	-0.0480863056621322
chr4	102500001	103000000	-0.193037572642518
chr4	103000001	103500000	-0.0913940432713223
chr4	103500001	104000000	-0.124742100161893
chr4	104000001	104500000	-0.136212240642812
chr4	104500001	105000000	-0.118697055320034
chr4	105000001	105500000	-0.0826951650220564
chr4	105500001	106000000	-0.138108244120957
chr4	106000001	106500000	-0.0468668391583629
chr4	106500001	107000000	-0.190936960138141
chr4	107000001	107500000	-0.118234958323406
chr4	107500001	108000000	-0.106688592387247
chr4	108000001	108500000	-0.0857038312221229
chr4	108500001	109000000	-0.127333931816654
chr4	109000001	109500000	-0.0514215613245061
chr4	109500001	110000000	-0.115006935168431
chr4	110000001	110500000	-0.109592445789292
chr4	110500001	111000000	-0.197280899295852
chr4	111000001	111500000	-0.0706301413952758
chr4	111500001	112000000	-0.131816472304943
chr4	112000001	112500000	-0.12426720059323
chr4	112500001	113000000	-0.212245098989723
chr4	113000001	113500000	-0.161535992463707
chr4	113500001	114000000	-0.187509057367289
chr4	114000001	114500000	-0.233314500093339
chr4	114500001	115000000	-0.107268989951791
chr4	115000001	115500000	-0.122828358866223
chr4	115500001	116000000	-0.109198316915836
chr4	116000001	116500000	-0.153114697987349
chr4	116500001	117000000	-0.160481942540083
chr4	117000001	117500000	-0.218069969408998
chr4	117500001	118000000	-0.173003552603421
chr4	118000001	118500000	-0.105651536678586
chr4	118500001	119000000	-0.0708614748497505
chr4	119000001	119500000	0.0128499248765054
chr4	119500001	120000000	0.00132495622686323
chr4	120000001	120500000	-0.151416073926056
chr4	120500001	121000000	-0.230894632953037
chr4	121000001	121500000	-0.113680477416796
chr4	121500001	122000000	-0.19003730769597
chr4	122000001	122500000	-0.0594394359954868
chr4	122500001	123000000	-0.0785648965022581
chr4	123000001	123500000	-0.0951210113778832
chr4	123500001	124000000	0.0245990875992754
chr4	124000001	124500000	-0.0415860464379635
chr4	124500001	125000000	-0.138055896333722
chr4	125000001	125500000	-0.0961620445302227
chr4	125500001	126000000	-0.149727053116736
chr4	126000001	126500000	-0.241361747914868
chr4	126500001	127000000	-0.226378110112489
chr4	127000001	127500000	-0.100397112986457
chr4	127500001	128000000	-0.141665583059043
chr4	128000001	128500000	-0.0190899730845407
chr4	128500001	129000000	-0.0828432406175725
chr4	129000001	129500000	-0.0816599631978224
chr4	129500001	130000000	-0.127456530386351
chr4	130000001	130500000	-0.170436343146724
chr4	130500001	131000000	-0.152353958324794
chr4	131000001	131500000	-0.13995170942676
chr4	132000001	132500000	-0.262776024564823
chr4	132500001	133000000	-0.0456885103946108
chr4	133000001	133500000	-0.188508467008493
chr4	133500001	134000000	-0.13049533469891
chr4	134000001	134500000	-0.126782359194172
chr4	134500001	135000000	-0.181472247929821
chr4	135000001	135500000	-0.213711166652543
chr4	135500001	136000000	-0.1308353855248
chr4	136000001	136500000	-0.0846872251682988
chr4	136500001	137000000	-0.125780918739392
chr4	137000001	137500000	-0.194445445406813
chr4	137500001	138000000	-0.146050758675977
chr4	138000001	138500000	-0.148135741936767
chr4	138500001	139000000	-0.106492358893074
chr4	139000001	139500000	-0.00793128515446651
chr4	139500001	140000000	-0.143270162551836
chr4	140000001	140500000	-0.114534068770517
chr4	140500001	141000000	-0.0861619058132743
chr4	141000001	141500000	-0.182900665003591
chr4	141500001	142000000	-0.0554441278649039
chr4	142000001	142500000	-0.0505117569288548
chr4	142500001	143000000	-0.16298708099143
chr4	143000001	143500000	-0.0294090103241215
chr4	143500001	144000000	-0.170537786324385
chr4	144000001	144500000	-0.0929653848228391
chr4	144500001	145000000	-0.10048446877843
chr4	145000001	145500000	-0.194664683129423
chr4	145500001	146000000	-0.0356346179348273
chr4	146000001	146500000	-0.0448438685501178
chr4	146500001	147000000	-0.161073552238577
chr4	147000001	147500000	-0.160620292721406
chr4	147500001	148000000	-0.0886256406200608
chr4	148000001	148500000	-0.132077931852161
chr4	148500001	149000000	-0.236318214177853
chr4	149000001	149500000	-0.166925323214373
chr4	149500001	150000000	-0.148765648322591
chr4	150000001	150500000	-0.0719285892180277
chr4	150500001	151000000	-0.0801029885095858
chr4	151000001	151500000	-0.172200924478004
chr4	151500001	152000000	-0.0515217232227511
chr4	152000001	152500000	-0.0669230325977715
chr4	152500001	153000000	0.0335698118287846
chr4	153000001	153500000	-0.146488596413629
chr4	153500001	154000000	-0.0701757850309544
chr4	154000001	154500000	-0.240151394737307
chr4	154500001	155000000	-0.138605156298377
chr4	155000001	155500000	-0.215077930741107
chr4	155500001	156000000	-0.17171482603082
chr4	156000001	156500000	-0.168847723718107
chr4	156500001	157000000	-0.228456352746697
chr4	157000001	157500000	-0.166684357281315
chr4	157500001	158000000	-0.0230309712159387
chr4	158000001	158500000	-0.177629067217893
chr4	158500001	159000000	-0.091925170178117
chr4	159000001	159500000	-0.0379171446825442
chr4	159500001	160000000	-0.124478474292332
chr4	160000001	160500000	-0.0915167762998747
chr4	160500001	161000000	-0.134308894089434
chr4	161000001	161500000	-0.0874299721553094
chr4	161500001	162000000	-0.23327634618711
chr4	162000001	162500000	-0.142512734164044
chr4	162500001	163000000	-0.228286270412268
chr4	163000001	163500000	-0.14538197114385
chr4	163500001	164000000	-0.098242243562106
chr4	164000001	164500000	-0.182923722272394
chr4	164500001	165000000	-0.184899184671539
chr4	165000001	165500000	-0.213969042163031
chr4	165500001	166000000	-0.174979835739087
chr4	166000001	166500000	-0.0170146930267945
chr4	166500001	167000000	-0.12328691668377
chr4	167000001	167500000	-0.137092173669697
chr4	167500001	168000000	-0.0947777379664609
chr4	168000001	168500000	-0.0928348463022751
chr4	168500001	169000000	-0.10985602633218
chr4	169000001	169500000	-0.162506124272772
chr4	169500001	170000000	-0.171697261609119
chr4	170000001	170500000	-0.0794486821872368
chr4	170500001	171000000	0.0229797465048297
chr4	171000001	171500000	0.04823399141513
chr4	171500001	172000000	-0.0023383064616212
chr4	172000001	172500000	0.0213510344297493
chr4	172500001	173000000	0.00361567795480943
chr4	173000001	173500000	0.154689582944395
chr4	173500001	174000000	0.0759035071445265
chr4	174000001	174500000	0.0775865883072721
chr4	174500001	175000000	0.107676758466414
chr4	175000001	175500000	0.136155629282691
chr4	175500001	176000000	0.0400406355172475
chr4	176000001	176500000	0.0498633402809679
chr4	176500001	177000000	-0.00275934936733445
chr4	177000001	177500000	0.0114699310262294
chr4	177500001	178000000	-0.102194223930085
chr4	178000001	178500000	-0.0315535444705188
chr4	178500001	179000000	0.0912567402942981
chr4	179000001	179500000	0.0187287166634255
chr4	179500001	180000000	-0.0346120245221606
chr4	180000001	180500000	0.0571993519322931
chr4	180500001	181000000	0.0574605751301126
chr4	181000001	181500000	-0.0123872707036615
chr4	181500001	182000000	-0.059510472172135
chr4	182000001	182500000	-0.0579692785679536
chr4	182500001	183000000	0.0775664807931698
chr4	183000001	183500000	0.0715278790815229
chr4	183500001	184000000	-0.00663033019393337
chr4	184000001	184500000	0.0773828603663034
chr4	184500001	185000000	0.206787314269689
chr4	185000001	185500000	0.000774363365200287
chr4	185500001	186000000	0.0033638029699066
chr4	186000001	186500000	0.0299972680485473
chr4	186500001	187000000	0.0431023931934134
chr4	187000001	187500000	0.0410356818746382
chr4	187500001	188000000	-0.0802398282411527
chr4	188000001	188500000	0.0826662585296747
chr4	188500001	189000000	-0.0321272334586659
chr4	189000001	189500000	-0.0719838589014784
chr5	1	500000	NA
chr5	500001	1000000	-0.212184700554932
chr5	1000001	1500000	-0.0414621672872716
chr5	1500001	2000000	0.0242157152039542
chr5	2000001	2500000	-0.0827842923260459
chr5	2500001	3000000	-0.115243265673835
chr5	3000001	3500000	-0.0384681655239727
chr5	3500001	4000000	0.0733809805279157
chr5	4000001	4500000	-0.00833415831601994
chr5	4500001	5000000	0.0950091395011963
chr5	5000001	5500000	-0.0595623908152587
chr5	5500001	6000000	-0.103648004699062
chr5	6000001	6500000	-0.019220954907364
chr5	6500001	7000000	-0.0491109651891853
chr5	7000001	7500000	-0.00301243908639556
chr5	7500001	8000000	0.0598227124274328
chr5	8000001	8500000	0.0316883748294405
chr5	8500001	9000000	0.0954595023319047
chr5	9000001	9500000	0.0948321399440931
chr5	9500001	10000000	0.173733437199822
chr5	10000001	10500000	0.0826405094202201
chr5	10500001	11000000	0.0240267142626239
chr5	11000001	11500000	0.00142264453479538
chr5	11500001	12000000	0.0265170146826243
chr5	12000001	12500000	-0.015343361691824
chr5	12500001	13000000	0.0892788805174915
chr5	13000001	13500000	-0.0336749813834258
chr5	13500001	14000000	0.0665953739595747
chr5	14000001	14500000	0.0168931991048385
chr5	14500001	15000000	-0.00783925448136322
chr5	15000001	15500000	0.0296091617722576
chr5	15500001	16000000	0.00659374304219262
chr5	16000001	16500000	0.0144279274651913
chr5	16500001	17000000	0.0073504335762845
chr5	17000001	17500000	0.092417546703511
chr5	17500001	18000000	NA
chr5	18000001	18500000	0.0270136076785859
chr5	18500001	19000000	0.0506190867389441
chr5	19000001	19500000	0.0886099511816368
chr5	19500001	20000000	0.1108316558525
chr5	20000001	20500000	-0.0789049032775097
chr5	20500001	21000000	0.0568205488022254
chr5	21500001	22000000	0.102652000007041
chr5	22000001	22500000	0.0618224994695381
chr5	22500001	23000000	-0.00655195916518474
chr5	23000001	23500000	0.079101961530545
chr5	23500001	24000000	-0.0255412903315917
chr5	24000001	24500000	-0.00331871071213236
chr5	24500001	25000000	0.0873917706456329
chr5	25000001	25500000	0.0395833828450472
chr5	25500001	26000000	0.03594545787084
chr5	26000001	26500000	-0.0239695365364826
chr5	26500001	27000000	0.0303553110770287
chr5	27000001	27500000	0.0324136258473893
chr5	27500001	28000000	0.110406543264817
chr5	28000001	28500000	0.0610999391242875
chr5	28500001	29000000	-0.0669840659086971
chr5	29000001	29500000	-0.0731914369302269
chr5	29500001	30000000	-0.05662820545658
chr5	30000001	30500000	0.0437352632853179
chr5	30500001	31000000	0.104466134540999
chr5	31000001	31500000	-0.0454703082259308
chr5	31500001	32000000	0.0232855078679423
chr5	32000001	32500000	-0.124769933722883
chr5	32500001	33000000	0.125482341789051
chr5	33000001	33500000	0.00483470862471606
chr5	33500001	34000000	0.0274018187433053
chr5	34500001	35000000	-0.124207909044008
chr5	35000001	35500000	-0.0088728382524499
chr5	35500001	36000000	0.142207140085489
chr5	36000001	36500000	0.055446739496772
chr5	36500001	37000000	0.0525917048428837
chr5	37000001	37500000	0.0686159050062607
chr5	37500001	38000000	0.0897971168433418
chr5	38000001	38500000	0.0571215402815279
chr5	38500001	39000000	0.0454099792684344
chr5	39000001	39500000	0.0589599536827432
chr5	39500001	40000000	0.120088441099819
chr5	40000001	40500000	0.0790289237816399
chr5	40500001	41000000	0.123483927505894
chr5	41000001	41500000	0.0306845151104952
chr5	41500001	42000000	0.0666879823515416
chr5	42000001	42500000	0.0946194425369292
chr5	42500001	43000000	-0.00332762814816191
chr5	43000001	43500000	0.0103491451131741
chr5	43500001	44000000	0.0714419723012395
chr5	44000001	44500000	-0.0850699216326206
chr5	44500001	45000000	0.0484404141822311
chr5	45000001	45500000	0.0564998426318387
chr5	51500001	52000000	0.0722058453736084
chr5	52000001	52500000	0.0094073361854678
chr5	52500001	53000000	-0.0208799102636491
chr5	53000001	53500000	-0.0123790890851886
chr5	53500001	54000000	0.0522398659964845
chr5	54000001	54500000	0.0211874520944149
chr5	54500001	55000000	0.0935340639808915
chr5	55000001	55500000	0.0258999950442045
chr5	55500001	56000000	0.0565343576932909
chr5	56000001	56500000	0.163830269920778
chr5	56500001	57000000	0.131783292355371
chr5	57000001	57500000	0.0491710253258332
chr5	57500001	58000000	0.0988384908101527
chr5	58000001	58500000	0.0333593433579683
chr5	58500001	59000000	0.0645843775289713
chr5	59000001	59500000	0.0591163990331299
chr5	59500001	60000000	0.0102417455111532
chr5	60000001	60500000	0.0510062267681665
chr5	60500001	61000000	0.00907463591067961
chr5	61000001	61500000	0.214557980698343
chr5	61500001	62000000	0.0661948234917822
chr5	62000001	62500000	0.0117776659683209
chr5	62500001	63000000	0.0815436891557881
chr5	63000001	63500000	0.0803392386671889
chr5	63500001	64000000	0.034738439537532
chr5	64000001	64500000	-0.0412901618771929
chr5	64500001	65000000	-0.0870244922734061
chr5	65000001	65500000	-0.122549875122914
chr5	65500001	66000000	-0.14451120908964
chr5	66000001	66500000	-0.196317981429639
chr5	66500001	67000000	-0.177680654619684
chr5	67000001	67500000	-0.261663291116168
chr5	67500001	68000000	-0.00860339718639017
chr5	68000001	68500000	0.0410699770897083
chr5	68500001	69000000	-0.0395351497830762
chr5	69000001	69500000	-0.0152766058653773
chr5	71500001	72000000	-0.143276511513778
chr5	72000001	72500000	-0.0935414478798919
chr5	72500001	73000000	-0.0127267033996461
chr5	73000001	73500000	-0.184058491418564
chr5	73500001	74000000	-0.279190342177012
chr5	74000001	74500000	-0.245300279911259
chr5	74500001	75000000	-0.117866407094638
chr5	75000001	75500000	-0.0577191793238155
chr5	75500001	76000000	-0.182098815482525
chr5	76000001	76500000	-0.0982709215904419
chr5	76500001	77000000	-0.0417129258093824
chr5	77000001	77500000	-0.0774018120634912
chr5	77500001	78000000	-0.0329924849158604
chr5	78000001	78500000	-0.0605457378759105
chr5	78500001	79000000	0.00841164239174639
chr5	79000001	79500000	-0.13752844489634
chr5	79500001	80000000	-0.150367572761349
chr5	80000001	80500000	-0.00728476675098888
chr5	80500001	81000000	-0.113946795803493
chr5	81000001	81500000	0.0124016773336331
chr5	81500001	82000000	0.0805008390580458
chr5	82000001	82500000	-0.119060390974641
chr5	82500001	83000000	-0.0722385699238365
chr5	83000001	83500000	-0.10274157406807
chr5	83500001	84000000	-0.134555427131868
chr5	84000001	84500000	-0.0571029749922292
chr5	84500001	85000000	-0.194360192761483
chr5	85000001	85500000	-0.0929337614069563
chr5	85500001	86000000	-0.262354155986447
chr5	86000001	86500000	-0.186666348764821
chr5	86500001	87000000	-0.141217720538593
chr5	87000001	87500000	-0.0766937878572903
chr5	87500001	88000000	-0.216488963361983
chr5	88000001	88500000	-0.176072420773778
chr5	88500001	89000000	-0.0623007268796491
chr5	89000001	89500000	-0.167800427662989
chr5	89500001	90000000	-0.0685617622185899
chr5	90000001	90500000	-0.189583122694626
chr5	90500001	91000000	-0.12146433136172
chr5	91000001	91500000	-0.0744433604944415
chr5	91500001	92000000	-0.146895517302206
chr5	92000001	92500000	-0.282678907089089
chr5	92500001	93000000	-0.206647147842944
chr5	93000001	93500000	-0.138520307769338
chr5	93500001	94000000	-0.125311317855723
chr5	94000001	94500000	-0.138454615551949
chr5	94500001	95000000	-0.105930915740233
chr5	95000001	95500000	-0.052529751990007
chr5	95500001	96000000	-0.0727664385077247
chr5	96000001	96500000	0.0043193748051177
chr5	96500001	97000000	-0.0628047819442189
chr5	97000001	97500000	-0.161282185731853
chr5	97500001	98000000	-0.086150768086258
chr5	98000001	98500000	-0.0811561397461042
chr5	98500001	99000000	-0.196800297285447
chr5	99000001	99500000	-0.195368995998267
chr5	99500001	100000000	-0.149495872053247
chr5	100000001	100500000	-0.113834201866884
chr5	100500001	101000000	-0.197383782337765
chr5	101000001	101500000	-0.139724908606942
chr5	101500001	102000000	-0.0920716093934286
chr5	102000001	102500000	-0.00808610312518004
chr5	102500001	103000000	-0.087871552490207
chr5	103000001	103500000	-0.051897444823383
chr5	103500001	104000000	-0.0763189604798791
chr5	104000001	104500000	-0.0618521123777767
chr5	104500001	105000000	-0.155195193867851
chr5	105000001	105500000	-0.221417936702189
chr5	105500001	106000000	-0.20601480743283
chr5	106000001	106500000	-0.254032321694687
chr5	106500001	107000000	-0.0778604104741757
chr5	107000001	107500000	-0.112598510461911
chr5	107500001	108000000	-0.171399016792138
chr5	108000001	108500000	-0.213443368697674
chr5	108500001	109000000	-0.201815587317434
chr5	109000001	109500000	-0.0503193537648118
chr5	109500001	110000000	-0.146452026380228
chr5	110000001	110500000	-0.121356904572615
chr5	110500001	111000000	-0.161041982740771
chr5	111000001	111500000	-0.15920561690545
chr5	111500001	112000000	-0.141023540256978
chr5	112000001	112500000	-0.170319060418442
chr5	112500001	113000000	-0.00247537883906364
chr5	113000001	113500000	-0.116736128527224
chr5	113500001	114000000	-0.181826669665352
chr5	114000001	114500000	-0.0978458615240591
chr5	114500001	115000000	-0.224593548902501
chr5	115000001	115500000	-0.104453882161131
chr5	115500001	116000000	-0.115441656132769
chr5	116000001	116500000	-0.0196869716101951
chr5	116500001	117000000	-0.108925315721277
chr5	117000001	117500000	-0.140483395149654
chr5	117500001	118000000	-0.122595829548008
chr5	118000001	118500000	-0.103082428997742
chr5	118500001	119000000	-0.082588719222662
chr5	119000001	119500000	-0.148372100246554
chr5	119500001	120000000	-0.165149918485153
chr5	120000001	120500000	-0.0297446790037747
chr5	120500001	121000000	-0.120475911976815
chr5	121000001	121500000	-0.114454550238816
chr5	121500001	122000000	-0.0775060538538135
chr5	122000001	122500000	-0.145763252657248
chr5	122500001	123000000	-0.191548078531005
chr5	123000001	123500000	-0.0857921109188699
chr5	123500001	124000000	-0.129948221722266
chr5	124000001	124500000	-0.107453583588659
chr5	124500001	125000000	-0.120918214253607
chr5	125000001	125500000	-0.216142319978483
chr5	125500001	126000000	-0.0843969730349869
chr5	126000001	126500000	-0.145625706381752
chr5	126500001	127000000	-0.127057838314618
chr5	127000001	127500000	-0.150667110702083
chr5	127500001	128000000	-0.15315878761921
chr5	128000001	128500000	-0.0558024249730723
chr5	128500001	129000000	-0.127959828568694
chr5	129000001	129500000	-0.229494507854529
chr5	129500001	130000000	-0.0940342047870367
chr5	130000001	130500000	-0.231730013173224
chr5	130500001	131000000	-0.0398344258054417
chr5	131000001	131500000	0.0162469285887066
chr5	131500001	132000000	-0.221690033020289
chr5	132000001	132500000	-0.00681451447104802
chr5	132500001	133000000	-0.0805843894013212
chr5	133000001	133500000	-0.147873927044037
chr5	133500001	134000000	-0.180311124287771
chr5	134000001	134500000	-0.0721888343445525
chr5	134500001	135000000	-0.025305638995659
chr5	135000001	135500000	-0.173041308533783
chr5	135500001	136000000	-0.186479769763767
chr5	136000001	136500000	-0.0446546862441792
chr5	136500001	137000000	-0.122526402589844
chr5	137000001	137500000	-0.0907499806692526
chr5	137500001	138000000	0.00852635728955181
chr5	138000001	138500000	-0.048312471890828
chr5	138500001	139000000	-0.172199244547109
chr5	139000001	139500000	NA
chr5	139500001	140000000	0.0541522746701631
chr5	140000001	140500000	0.131198383173077
chr5	140500001	141000000	-0.13393447033637
chr5	141000001	141500000	-0.155612759288074
chr5	141500001	142000000	-0.0435038079569047
chr5	142000001	142500000	-0.172978972330764
chr5	142500001	143000000	-0.000648058466796254
chr5	143000001	143500000	-0.102207187204
chr5	143500001	144000000	-0.0863148583054068
chr5	144000001	144500000	-0.257874562501133
chr5	144500001	145000000	-0.115436483933162
chr5	145000001	145500000	-0.0968232950289482
chr5	145500001	146000000	-0.117742417879594
chr5	146000001	146500000	-0.139885533556159
chr5	146500001	147000000	-0.0910044958036121
chr5	147000001	147500000	-0.0464063055668949
chr5	147500001	148000000	-0.0787886815961592
chr5	148000001	148500000	0.0332233176084103
chr5	148500001	149000000	0.0521436696358056
chr5	149000001	149500000	-0.0117322912000008
chr5	149500001	150000000	-0.0650432646179503
chr5	150000001	150500000	0.070409373869546
chr5	150500001	151000000	0.0706399668955892
chr5	151000001	151500000	-0.0143544296315782
chr5	151500001	152000000	-0.0500232945946646
chr5	152000001	152500000	-0.0659933827864815
chr5	152500001	153000000	-0.0612247572674468
chr5	153000001	153500000	-0.0669483934781952
chr5	153500001	154000000	-0.0779005998364949
chr5	154000001	154500000	-0.0072410651007863
chr5	154500001	155000000	-0.0610576451099659
chr5	155000001	155500000	-0.0572065012980481
chr5	155500001	156000000	NA
chr5	156000001	156500000	-0.0176805365205179
chr5	156500001	157000000	-0.075383402692504
chr5	157000001	157500000	0.01946705072166
chr5	157500001	158000000	0.010917745364988
chr5	158000001	158500000	0.0347033756264008
chr5	158500001	159000000	-0.0382967003272233
chr5	159000001	159500000	0.00935178181155197
chr5	159500001	160000000	-0.0582003270411609
chr5	160000001	160500000	-0.00666018152325457
chr5	160500001	161000000	-0.00718426787605254
chr5	161000001	161500000	-0.0348583851667239
chr5	161500001	162000000	-0.0186383559639998
chr5	162000001	162500000	-0.0444003685321995
chr5	162500001	163000000	-0.0293783692549149
chr5	163000001	163500000	-0.102104581839078
chr5	163500001	164000000	-0.0575120649404611
chr5	164000001	164500000	0.00951420804182805
chr5	164500001	165000000	-0.195324812685982
chr5	165000001	165500000	-0.0642222842261398
chr5	165500001	166000000	-0.0936430042796359
chr5	166000001	166500000	-0.148207146571148
chr5	166500001	167000000	-0.0274581312201621
chr5	167000001	167500000	-0.0238208280655792
chr5	167500001	168000000	-0.0729887838726444
chr5	168000001	168500000	-0.0448159944795417
chr5	168500001	169000000	-0.105703278940558
chr5	169000001	169500000	-0.160993300787905
chr5	169500001	170000000	0.0447250221596175
chr5	170000001	170500000	-0.00701248366345326
chr5	170500001	171000000	-0.0310032057483848
chr5	171000001	171500000	-0.0742650673682403
chr5	171500001	172000000	-0.0831386944993251
chr5	172000001	172500000	-0.0192544234090334
chr5	172500001	173000000	-0.00906502919495385
chr5	173000001	173500000	-0.185482821139626
chr5	173500001	174000000	0.0396241698050943
chr5	174000001	174500000	0.00856667789781679
chr5	174500001	175000000	-0.054618346865436
chr5	175000001	175500000	-0.123616224230585
chr5	175500001	176000000	-0.0413797481951313
chr5	176500001	177000000	0.0451802798800397
chr5	177000001	177500000	0.0823227834828152
chr5	178000001	178500000	-0.0769021036753213
chr5	178500001	179000000	-0.0901399325890121
chr5	179000001	179500000	-0.197807113498715
chr5	179500001	180000000	-0.146358375297715
chr5	180000001	180500000	-0.0860918789379337
chr5	180500001	181000000	0.00645335022200158
chr6	500001	1000000	0.270983965935206
chr6	1000001	1500000	0.136652098093588
chr6	1500001	2000000	0.278128550735893
chr6	2000001	2500000	0.323738155819718
chr6	2500001	3000000	0.310332599131252
chr6	3000001	3500000	0.280061342674945
chr6	3500001	4000000	0.248070490461165
chr6	4000001	4500000	0.233135593365719
chr6	4500001	5000000	0.0607438118033328
chr6	5000001	5500000	0.0615120493786474
chr6	5500001	6000000	0.155130611500522
chr6	6000001	6500000	0.0958355455753776
chr6	6500001	7000000	0.159917728608435
chr6	7000001	7500000	0.167314558977075
chr6	7500001	8000000	-0.0298792991278674
chr6	8000001	8500000	0.0253742257214234
chr6	8500001	9000000	0.0807671562396039
chr6	9000001	9500000	0.0802084899414211
chr6	9500001	10000000	-0.0997712878214746
chr6	10000001	10500000	-0.072555962845655
chr6	10500001	11000000	0.0600650094801698
chr6	11000001	11500000	0.10095938130097
chr6	11500001	12000000	0.0898549373442047
chr6	12000001	12500000	0.0964562522261356
chr6	12500001	13000000	0.0192569315702833
chr6	13000001	13500000	0.129425672584134
chr6	13500001	14000000	0.00956476333689719
chr6	14000001	14500000	0.11761962242875
chr6	14500001	15000000	0.0667193027526126
chr6	15000001	15500000	0.10726769778586
chr6	15500001	16000000	0.0128155030671863
chr6	16000001	16500000	0.0706073695701328
chr6	16500001	17000000	0.2212323888427
chr6	17000001	17500000	0.120107919839939
chr6	17500001	18000000	0.123354267777729
chr6	18000001	18500000	0.127591314751642
chr6	18500001	19000000	0.133179410147588
chr6	19000001	19500000	0.130950163472102
chr6	19500001	20000000	-0.00358667528892191
chr6	20000001	20500000	0.0254714904210644
chr6	20500001	21000000	0.0108401229877461
chr6	21000001	21500000	0.0256422567713294
chr6	21500001	22000000	-0.0103602498940216
chr6	22000001	22500000	0.0829852753711936
chr6	22500001	23000000	0.053217770167928
chr6	23000001	23500000	0.103924607671882
chr6	23500001	24000000	0.156628643266073
chr6	24000001	24500000	0.0379486545291132
chr6	24500001	25000000	0.137138891312317
chr6	25000001	25500000	-0.00173648575799795
chr6	25500001	26000000	0.0659162976211776
chr6	26000001	26500000	0.0965450406456509
chr6	27000001	27500000	-0.174122449999125
chr6	27500001	28000000	-0.0754418722279121
chr6	28000001	28500000	-0.0957754733849226
chr6	28500001	29000000	-0.118427916690751
chr6	29000001	29500000	-0.0734207002868499
chr6	29500001	30000000	-0.0398983144544504
chr6	30000001	30500000	0.0319184834698447
chr6	30500001	31000000	-0.12399843464315
chr6	31000001	31500000	-0.110968499780749
chr6	31500001	32000000	0.0049874920216898
chr6	32000001	32500000	-0.0327849273782085
chr6	32500001	33000000	-0.00514512589167943
chr6	33000001	33500000	-0.0118168826751464
chr6	33500001	34000000	-0.112011838464653
chr6	34000001	34500000	-0.178232182308369
chr6	34500001	35000000	-0.0469186208828704
chr6	35000001	35500000	-0.102214735539628
chr6	35500001	36000000	-0.0178686839492341
chr6	36000001	36500000	-0.0646288000342289
chr6	36500001	37000000	-0.0826551441601815
chr6	37000001	37500000	-0.0648443777337789
chr6	37500001	38000000	-0.0756516741917085
chr6	38000001	38500000	0.0655083697782386
chr6	38500001	39000000	0.0192579483065984
chr6	39000001	39500000	0.141202602164617
chr6	39500001	40000000	0.0267548608689239
chr6	40000001	40500000	0.0564998991538753
chr6	40500001	41000000	-0.0743504663411884
chr6	41000001	41500000	0.17283471649935
chr6	41500001	42000000	0.0230005524855715
chr6	42000001	42500000	0.116955593120081
chr6	42500001	43000000	0.0130597603666754
chr6	43000001	43500000	0.0514617793006267
chr6	43500001	44000000	0.135811973881759
chr6	44000001	44500000	0.0567153658778092
chr6	44500001	45000000	0.123482293909039
chr6	45000001	45500000	0.102549474561384
chr6	45500001	46000000	-0.0883980673347016
chr6	46000001	46500000	-0.131211094976312
chr6	46500001	47000000	-0.112513591085257
chr6	47000001	47500000	-0.110361338859965
chr6	47500001	48000000	-0.0192597499482235
chr6	48000001	48500000	-0.0683598633652049
chr6	48500001	49000000	-0.189535438267159
chr6	49000001	49500000	-0.150215044915884
chr6	49500001	50000000	-0.0452382592317773
chr6	50000001	50500000	-0.0979843584320218
chr6	50500001	51000000	-0.131788890629509
chr6	51000001	51500000	-0.121113680615162
chr6	51500001	52000000	-0.0584753684898697
chr6	52000001	52500000	-0.00684666973292894
chr6	52500001	53000000	-0.0660666834958072
chr6	53000001	53500000	-0.021526498782942
chr6	53500001	54000000	-0.16412908460993
chr6	54000001	54500000	-0.242422964761882
chr6	54500001	55000000	-0.0036650075295798
chr6	55000001	55500000	0.0595433879087224
chr6	55500001	56000000	0.000955092923395481
chr6	56000001	56500000	-0.0425453569436668
chr6	56500001	57000000	-0.0450995899351238
chr6	57000001	57500000	0.0689209333421392
chr6	63000001	63500000	0.0276667513234128
chr6	63500001	64000000	0.0198729434336396
chr6	64000001	64500000	0.0388696016828733
chr6	64500001	65000000	0.00837337820796946
chr6	65000001	65500000	-0.0777661174953095
chr6	65500001	66000000	-0.0759253452619292
chr6	66000001	66500000	-0.0229647741674153
chr6	66500001	67000000	-0.00981883913899225
chr6	67000001	67500000	NA
chr6	67500001	68000000	-0.0102942891302493
chr6	68000001	68500000	-0.0497592989728657
chr6	68500001	69000000	0.0458732440282808
chr6	69000001	69500000	-0.0296463247700345
chr6	69500001	70000000	0.0461417174748338
chr6	70000001	70500000	0.00279373014800201
chr6	70500001	71000000	0.0279638281939827
chr6	71000001	71500000	0.0489836534668507
chr6	71500001	72000000	0.072412317331212
chr6	72000001	72500000	-0.119050716591278
chr6	72500001	73000000	0.073356187994997
chr6	73000001	73500000	-0.0341998911193456
chr6	73500001	74000000	0.0115819254295716
chr6	74000001	74500000	0.0287999386173756
chr6	74500001	75000000	-0.0727426614210723
chr6	75000001	75500000	-0.052065771779616
chr6	75500001	76000000	0.0418157323467553
chr6	76000001	76500000	0.0555239304174186
chr6	76500001	77000000	0.0454091059383704
chr6	77000001	77500000	0.00902392860545901
chr6	77500001	78000000	0.181150670814996
chr6	78000001	78500000	0.106149322130085
chr6	78500001	79000000	-0.0200812502331594
chr6	79000001	79500000	0.0501265785133364
chr6	79500001	80000000	-0.030792870800143
chr6	80000001	80500000	-0.0251739049345525
chr6	80500001	81000000	-0.0391861736956303
chr6	81000001	81500000	-0.0311457931595338
chr6	81500001	82000000	0.0162948409123719
chr6	82000001	82500000	-0.115425400689845
chr6	82500001	83000000	0.0150198831660028
chr6	83000001	83500000	-0.0458191662719088
chr6	83500001	84000000	0.0378542938680582
chr6	84000001	84500000	0.0513942895078439
chr6	84500001	85000000	-0.026846422226374
chr6	85000001	85500000	0.0216181640786249
chr6	85500001	86000000	-0.0539357622746927
chr6	86000001	86500000	0.0182438483514465
chr6	86500001	87000000	-0.0442269592142466
chr6	87000001	87500000	-0.0596096269188848
chr6	87500001	88000000	0.0786366763122222
chr6	88000001	88500000	0.0879872382109257
chr6	88500001	89000000	0.271134050302603
chr6	89000001	89500000	0.089854926601539
chr6	89500001	90000000	0.0228205952761705
chr6	90000001	90500000	-0.00892847408949527
chr6	90500001	91000000	-0.106332558317028
chr6	91000001	91500000	-0.0259184485036942
chr6	91500001	92000000	-0.0706073409143152
chr6	92000001	92500000	-0.0606047014592203
chr6	92500001	93000000	0.00205293925412363
chr6	93000001	93500000	-0.102496096147838
chr6	93500001	94000000	-0.0386495679613702
chr6	94000001	94500000	0.0313761974922785
chr6	94500001	95000000	-0.0435272386509339
chr6	95000001	95500000	NA
chr6	95500001	96000000	0.0338246712774822
chr6	96000001	96500000	0.000839963314071249
chr6	96500001	97000000	-0.0537296490486447
chr6	97000001	97500000	-0.0281578472201287
chr6	97500001	98000000	0.0209015628548946
chr6	98000001	98500000	-0.0892330244628832
chr6	98500001	99000000	-0.025086521862413
chr6	99000001	99500000	-0.00679914447764773
chr6	99500001	100000000	-0.0894429436435355
chr6	100000001	100500000	-0.0142208987897905
chr6	100500001	101000000	-0.00171337265475954
chr6	101000001	101500000	-0.130782438564797
chr6	101500001	102000000	-0.00962225338473203
chr6	102000001	102500000	-0.04922413354089
chr6	102500001	103000000	-0.12652025946787
chr6	103000001	103500000	-0.0690807033470914
chr6	103500001	104000000	0.000257629823810342
chr6	104000001	104500000	0.0798225075005029
chr6	104500001	105000000	-0.0614179671316101
chr6	105000001	105500000	-0.0197463942373357
chr6	105500001	106000000	0.0688262107586759
chr6	106000001	106500000	0.107080552518127
chr6	106500001	107000000	0.108098849616486
chr6	107000001	107500000	-0.00292187554719167
chr6	107500001	108000000	0.0425020502512551
chr6	108000001	108500000	0.0723316685366167
chr6	108500001	109000000	0.0360710566174733
chr6	109000001	109500000	0.0469262489462708
chr6	109500001	110000000	0.103622436428148
chr6	110000001	110500000	-0.0333218306122479
chr6	110500001	111000000	0.024576582330356
chr6	111000001	111500000	0.00494655793867329
chr6	111500001	112000000	0.0691118031119022
chr6	112000001	112500000	0.0031487066050511
chr6	112500001	113000000	0.042094272077019
chr6	113000001	113500000	-0.0500271524068751
chr6	113500001	114000000	0.0222879747595911
chr6	114000001	114500000	-0.147581605094528
chr6	114500001	115000000	-0.0541796303413987
chr6	115000001	115500000	NA
chr6	115500001	116000000	-0.0563208574037095
chr6	116000001	116500000	-0.00772823467033321
chr6	116500001	117000000	-0.011549848891205
chr6	117000001	117500000	0.0183274036378638
chr6	117500001	118000000	0.0465100646680693
chr6	118000001	118500000	0.0234714040892218
chr6	118500001	119000000	-0.171349122114738
chr6	119000001	119500000	-0.0093622714382512
chr6	119500001	120000000	-0.0284126940654905
chr6	120000001	120500000	0.0229019948469615
chr6	120500001	121000000	-0.0987119725802625
chr6	121000001	121500000	0.0508034368171946
chr6	121500001	122000000	0.108595938573968
chr6	122000001	122500000	0.0375340738982534
chr6	122500001	123000000	-0.0495960536654181
chr6	123000001	123500000	-0.00532058052410994
chr6	123500001	124000000	0.0401663909932462
chr6	124000001	124500000	0.0166378080508981
chr6	124500001	125000000	0.095347196623664
chr6	125000001	125500000	-0.0254004841507047
chr6	125500001	126000000	0.00289319996840575
chr6	126000001	126500000	-0.0441573733934292
chr6	126500001	127000000	0.0653882567148212
chr6	127000001	127500000	0.00229654598916668
chr6	127500001	128000000	0.0668703655901303
chr6	128000001	128500000	0.00910419621297819
chr6	128500001	129000000	-0.0945671221542108
chr6	129000001	129500000	-0.069968135594459
chr6	129500001	130000000	-0.0695808401889761
chr6	130000001	130500000	0.081737194719659
chr6	130500001	131000000	0.0437635048763864
chr6	131000001	131500000	0.00454324933461583
chr6	131500001	132000000	-0.0419596330453689
chr6	132000001	132500000	-0.0177006277441771
chr6	132500001	133000000	0.0569254209627532
chr6	133000001	133500000	0.016125243077087
chr6	133500001	134000000	-0.0845296451641549
chr6	134000001	134500000	0.152120686070046
chr6	134500001	135000000	-0.00238774635382715
chr6	135000001	135500000	0.0103201578454141
chr6	135500001	136000000	-0.0696036805389999
chr6	136000001	136500000	-0.0101781356889338
chr6	136500001	137000000	0.0716899355907115
chr6	137000001	137500000	0.0396095484722571
chr6	137500001	138000000	0.0618839993818233
chr6	138000001	138500000	-0.00212638665837579
chr6	138500001	139000000	-0.00582168479596458
chr6	139000001	139500000	0.123777096358582
chr6	139500001	140000000	0.0425511718349933
chr6	140000001	140500000	-0.011025312075515
chr6	140500001	141000000	0.0822196492447269
chr6	141000001	141500000	-0.133521218330447
chr6	141500001	142000000	-0.0929925876269536
chr6	142000001	142500000	-0.180269594879263
chr6	142500001	143000000	-0.0864518929354569
chr6	143000001	143500000	-0.183584201601124
chr6	143500001	144000000	-0.0517904176930061
chr6	144000001	144500000	-0.102493877642061
chr6	144500001	145000000	-0.140986114553028
chr6	145000001	145500000	-0.127270438014225
chr6	145500001	146000000	-0.0503062180629051
chr6	146000001	146500000	-0.160443104205543
chr6	146500001	147000000	-0.133363297025828
chr6	147000001	147500000	-0.133560257961151
chr6	147500001	148000000	-0.202149965289293
chr6	148000001	148500000	-0.0641103868365136
chr6	148500001	149000000	-0.0619297997344888
chr6	149000001	149500000	-0.116450869919359
chr6	149500001	150000000	-0.0484381842233153
chr6	150000001	150500000	-0.0811278485402621
chr6	150500001	151000000	-0.0974542148195737
chr6	151000001	151500000	-0.159636924693074
chr6	151500001	152000000	-0.105532609907439
chr6	152000001	152500000	-0.0585618718966596
chr6	152500001	153000000	-0.0645745400434728
chr6	153000001	153500000	-0.076736224004152
chr6	153500001	154000000	-0.202602006948351
chr6	154000001	154500000	-0.132507732457452
chr6	154500001	155000000	-0.0103039647181829
chr6	155000001	155500000	-0.141459303290539
chr6	155500001	156000000	-0.242965669449631
chr6	156000001	156500000	-0.0394949592903098
chr6	156500001	157000000	-0.11011109145845
chr6	157000001	157500000	-0.061028244417953
chr6	157500001	158000000	-0.10210602985586
chr6	158000001	158500000	-0.085739173169588
chr6	158500001	159000000	0.114997723947062
chr6	159000001	159500000	0.0465623056503585
chr6	159500001	160000000	0.0153992226085899
chr6	160000001	160500000	-0.0571409270834518
chr6	160500001	161000000	-0.120963478374802
chr6	161000001	161500000	-0.0960909452299664
chr6	161500001	162000000	-0.22462288898719
chr6	162000001	162500000	-0.103615320170533
chr6	162500001	163000000	-0.166509258962498
chr6	163000001	163500000	-0.0361557753567158
chr6	163500001	164000000	-0.137709733774837
chr6	164000001	164500000	-0.129106173707929
chr6	164500001	165000000	-0.159224717927212
chr6	165000001	165500000	-0.125618184814481
chr6	165500001	166000000	-0.228484928513095
chr6	166000001	166500000	-0.195888752962465
chr6	166500001	167000000	-0.158974311696151
chr6	167000001	167500000	-0.248230365226897
chr6	167500001	168000000	NA
chr6	168000001	168500000	-0.248325799454674
chr6	168500001	169000000	-0.287910290990489
chr6	169000001	169500000	-0.200978066097301
chr6	169500001	170000000	-0.157522571765427
chr6	170000001	170500000	-0.030820435131143
chr7	1	500000	NA
chr7	500001	1000000	-0.181417450602926
chr7	1000001	1500000	-0.19753725924226
chr7	1500001	2000000	-0.205046102775451
chr7	2000001	2500000	-0.0948332777134592
chr7	2500001	3000000	-0.0959473892151354
chr7	3000001	3500000	-0.0665510348453823
chr7	3500001	4000000	-0.0851627747101254
chr7	4000001	4500000	-0.0748956066260963
chr7	4500001	5000000	-0.114215902175555
chr7	5000001	5500000	-0.054640691044745
chr7	5500001	6000000	-0.154718905509855
chr7	6000001	6500000	-0.0508974419612447
chr7	7000001	7500000	-0.0915293773817091
chr7	7500001	8000000	0.000706528182210557
chr7	8000001	8500000	0.074697757057289
chr7	8500001	9000000	-0.0498265264395017
chr7	9000001	9500000	-0.237215767481322
chr7	9500001	10000000	-0.149868372323536
chr7	10000001	10500000	-0.131146367942096
chr7	10500001	11000000	-0.127886830535164
chr7	11000001	11500000	-0.1584914779409
chr7	11500001	12000000	-0.22160685609998
chr7	12000001	12500000	-0.161947518279427
chr7	12500001	13000000	-0.142648620294794
chr7	13000001	13500000	-0.160151650984746
chr7	13500001	14000000	-0.176360133540418
chr7	14000001	14500000	-0.0479239312069919
chr7	14500001	15000000	-0.206105489260819
chr7	15000001	15500000	-0.107096773194809
chr7	15500001	16000000	-0.0831356850539703
chr7	16000001	16500000	-0.19227872625636
chr7	16500001	17000000	-0.0709058095937841
chr7	17000001	17500000	-0.135956145348581
chr7	17500001	18000000	-0.0787082237038975
chr7	18000001	18500000	-0.075668475999405
chr7	18500001	19000000	-0.208897459469492
chr7	19000001	19500000	-0.163981098032433
chr7	19500001	20000000	-0.104608069894299
chr7	20000001	20500000	-0.0385607364464978
chr7	20500001	21000000	-0.097166859370353
chr7	21000001	21500000	-0.202362308436594
chr7	21500001	22000000	-0.177308147755061
chr7	22000001	22500000	-0.206119804152362
chr7	22500001	23000000	-0.185231073026163
chr7	23000001	23500000	-0.147416578519589
chr7	23500001	24000000	-0.14466150840681
chr7	24000001	24500000	-0.0930797857937786
chr7	24500001	25000000	-0.0893626425062711
chr7	25000001	25500000	-0.0900335646225198
chr7	25500001	26000000	-0.121150826346574
chr7	26000001	26500000	-0.047584135403421
chr7	26500001	27000000	-0.070837812515097
chr7	27000001	27500000	-0.0659799690989316
chr7	27500001	28000000	-0.14625486822331
chr7	28000001	28500000	-0.10352063188092
chr7	28500001	29000000	-0.0273663635638643
chr7	29000001	29500000	-0.00220390695439129
chr7	29500001	30000000	0.0325068793810419
chr7	30000001	30500000	-0.11016225215961
chr7	30500001	31000000	-0.128418021334095
chr7	31000001	31500000	-0.157442788880886
chr7	31500001	32000000	-0.136633799753432
chr7	32000001	32500000	-0.106140349587203
chr7	32500001	33000000	-0.00529273760910115
chr7	33000001	33500000	-0.175331759338641
chr7	33500001	34000000	-0.0931462176488624
chr7	34000001	34500000	-0.0698391657202644
chr7	34500001	35000000	-0.0867623097861209
chr7	35000001	35500000	0.00898979288556338
chr7	35500001	36000000	0.109685420593474
chr7	36000001	36500000	0.0960808190682684
chr7	36500001	37000000	0.0788633975340266
chr7	37000001	37500000	0.107280638070251
chr7	37500001	38000000	0.0582746025028907
chr7	38000001	38500000	0.0928569139084011
chr7	38500001	39000000	0.0528047746942016
chr7	39000001	39500000	0.056084827999118
chr7	39500001	40000000	0.0539301392884132
chr7	40000001	40500000	0.132385299219728
chr7	40500001	41000000	0.0875395149715902
chr7	41000001	41500000	0.0586838292214341
chr7	41500001	42000000	0.0381348227959486
chr7	42000001	42500000	0.0437552532968226
chr7	42500001	43000000	0.0221336050924588
chr7	43000001	43500000	-0.0394763078509919
chr7	43500001	44000000	0.0841968469765646
chr7	44000001	44500000	0.0329499779465701
chr7	44500001	45000000	0.00285574549889145
chr7	45000001	45500000	0.142546844914282
chr7	45500001	46000000	0.187687860156018
chr7	46000001	46500000	-0.0121357615965992
chr7	46500001	47000000	-0.0166392288037145
chr7	47000001	47500000	-0.0142174513492469
chr7	47500001	48000000	0.0373437473491234
chr7	48000001	48500000	0.0564075232237196
chr7	48500001	49000000	0.0500445966262919
chr7	49000001	49500000	0.0121261919927331
chr7	49500001	50000000	0.0291190058390148
chr7	50000001	50500000	0.176692966198946
chr7	50500001	51000000	0.0799466454945359
chr7	51000001	51500000	-0.0370139237734082
chr7	51500001	52000000	0.0155523865539085
chr7	52000001	52500000	0.0347712948818677
chr7	52500001	53000000	-0.0298154217893473
chr7	53000001	53500000	0.0179568448783791
chr7	53500001	54000000	-0.0264538852790153
chr7	54000001	54500000	0.0414843895489895
chr7	54500001	55000000	-0.0591126958253157
chr7	55000001	55500000	-0.206167388011562
chr7	55500001	56000000	0.0871605358166334
chr7	56000001	56500000	0.0121016097437567
chr7	57000001	57500000	-0.161036152375214
chr7	62500001	63000000	NA
chr7	64000001	64500000	0.00158348191449642
chr7	64500001	65000000	-0.0183402365289331
chr7	66000001	66500000	-0.0125435191597938
chr7	66500001	67000000	0.0777109064465375
chr7	67000001	67500000	0.150713803658388
chr7	67500001	68000000	-0.0165419732759611
chr7	68000001	68500000	-0.0444310056375231
chr7	68500001	69000000	-0.0532602492613398
chr7	69000001	69500000	-0.0412594679776487
chr7	69500001	70000000	0.036105955074044
chr7	70000001	70500000	0.0241891832317439
chr7	70500001	71000000	0.00858328230403266
chr7	71000001	71500000	-0.0252937971045572
chr7	71500001	72000000	-0.0208347276869477
chr7	72000001	72500000	-0.0377147103419471
chr7	73500001	74000000	-0.0294065391851277
chr7	74000001	74500000	-0.0156668209287803
chr7	75500001	76000000	-0.00363981600943621
chr7	76000001	76500000	-0.0814288853621672
chr7	77000001	77500000	-0.0117872968074253
chr7	77500001	78000000	-0.029801710027193
chr7	78000001	78500000	-0.0817670144713175
chr7	78500001	79000000	0.0332118392234428
chr7	79000001	79500000	-0.0618876227869668
chr7	79500001	80000000	-0.0642334197793589
chr7	80000001	80500000	0.0682921261734142
chr7	80500001	81000000	0.100346804991973
chr7	81000001	81500000	-0.0169379418315554
chr7	81500001	82000000	-0.0619621464847994
chr7	82000001	82500000	-0.14450115324223
chr7	82500001	83000000	0.0192330934365811
chr7	83000001	83500000	-0.0383525106885637
chr7	83500001	84000000	0.00121643955879935
chr7	84000001	84500000	-0.0101803924151015
chr7	84500001	85000000	-0.0561279975580794
chr7	85000001	85500000	-0.0188125363195671
chr7	85500001	86000000	-0.0283468323842035
chr7	86000001	86500000	0.0993330329964592
chr7	86500001	87000000	-0.0149586635013268
chr7	87000001	87500000	0.00555206511674598
chr7	87500001	88000000	-0.0261421028300591
chr7	88000001	88500000	0.0595708803638608
chr7	88500001	89000000	-0.0746900183352538
chr7	89000001	89500000	-0.0084664998329314
chr7	89500001	90000000	-0.0224518173389299
chr7	90000001	90500000	-0.0409537046813952
chr7	90500001	91000000	-0.0743548498156859
chr7	91000001	91500000	-0.0146970496774785
chr7	91500001	92000000	0.0267851757916975
chr7	92000001	92500000	-0.00449749809563996
chr7	92500001	93000000	-0.0398509170624001
chr7	93000001	93500000	-0.00627563317858863
chr7	93500001	94000000	-0.0981183982568102
chr7	94000001	94500000	-0.0242944510872633
chr7	94500001	95000000	-0.0583832181092064
chr7	95000001	95500000	-0.0841925994820497
chr7	95500001	96000000	0.0057041148460531
chr7	96000001	96500000	-0.0410419465377271
chr7	96500001	97000000	-0.146136151950286
chr7	97000001	97500000	-0.0358029864750128
chr7	97500001	98000000	0.130876380845095
chr7	98000001	98500000	-0.0985612570203772
chr7	98500001	99000000	-0.027422185320809
chr7	99000001	99500000	-0.0992345190389289
chr7	99500001	100000000	0.0577577189066885
chr7	100000001	100500000	-0.162567366071006
chr7	100500001	101000000	0.0915334405084467
chr7	101000001	101500000	0.0470335709982381
chr7	101500001	102000000	0.0122621190140489
chr7	102000001	102500000	-0.044341544005335
chr7	103000001	103500000	0.134013568448019
chr7	103500001	104000000	0.117582521973141
chr7	104000001	104500000	0.156427716832435
chr7	104500001	105000000	0.241204662797427
chr7	105000001	105500000	0.182696425630887
chr7	105500001	106000000	0.182975876704177
chr7	106000001	106500000	0.124318797778036
chr7	106500001	107000000	0.132749354196363
chr7	107000001	107500000	0.225375633348462
chr7	107500001	108000000	0.260954513808652
chr7	108000001	108500000	0.123161558412899
chr7	108500001	109000000	0.257804290716385
chr7	109000001	109500000	0.286081017096002
chr7	109500001	110000000	0.312741436454081
chr7	110000001	110500000	0.256417031173452
chr7	110500001	111000000	0.317705796319837
chr7	111000001	111500000	0.261607677075982
chr7	111500001	112000000	0.2860460954961
chr7	112000001	112500000	0.0164123103033621
chr7	112500001	113000000	0.0565585675338071
chr7	113000001	113500000	0.0608589008562246
chr7	113500001	114000000	0.0351566092146511
chr7	114000001	114500000	0.0420916805419391
chr7	114500001	115000000	0.0337598195953943
chr7	115000001	115500000	0.0176508960474789
chr7	115500001	116000000	0.073976206677679
chr7	116000001	116500000	0.213930694276869
chr7	116500001	117000000	0.266689237243179
chr7	117000001	117500000	0.255951713829876
chr7	117500001	118000000	0.107326380526748
chr7	118000001	118500000	0.147326798475105
chr7	118500001	119000000	0.107563043665733
chr7	119000001	119500000	0.0428386983918225
chr7	119500001	120000000	0.0186095021795811
chr7	120000001	120500000	0.173219008253006
chr7	120500001	121000000	0.145830224855577
chr7	121000001	121500000	0.0540810674102655
chr7	121500001	122000000	0.0722229172928638
chr7	122000001	122500000	0.126651064667208
chr7	122500001	123000000	-0.00883524477188178
chr7	123000001	123500000	0.0404830195494663
chr7	123500001	124000000	0.159604833597523
chr7	124000001	124500000	0.082210037169314
chr7	124500001	125000000	0.114658339938363
chr7	125000001	125500000	0.0475255206381817
chr7	125500001	126000000	-0.00835836188645886
chr7	126000001	126500000	0.0633120489368312
chr7	126500001	127000000	0.0579673021903849
chr7	127000001	127500000	-0.0278862008790513
chr7	127500001	128000000	0.00584125155328932
chr7	128000001	128500000	0.158582345362282
chr7	128500001	129000000	0.104009351576657
chr7	129000001	129500000	0.127422742150413
chr7	129500001	130000000	0.145998193572831
chr7	130000001	130500000	0.089859458812788
chr7	130500001	131000000	0.0392824844951151
chr7	131000001	131500000	0.0498800304745534
chr7	131500001	132000000	0.00960857013384654
chr7	132000001	132500000	-0.0219042945710001
chr7	132500001	133000000	0.0762816313400449
chr7	133000001	133500000	0.0272938489671441
chr7	133500001	134000000	0.0347715066334663
chr7	134000001	134500000	0.0649284572104231
chr7	134500001	135000000	-0.0336753096570909
chr7	135000001	135500000	0.0978950486274064
chr7	135500001	136000000	-0.00181454187878032
chr7	136000001	136500000	0.101610851186595
chr7	136500001	137000000	0.064232568393329
chr7	137000001	137500000	0.107696445390086
chr7	137500001	138000000	0.093638119797599
chr7	138000001	138500000	0.0806571569751759
chr7	138500001	139000000	0.0788363096706019
chr7	139000001	139500000	0.114250438028946
chr7	139500001	140000000	0.00131091811097828
chr7	140000001	140500000	0.0906751676495978
chr7	140500001	141000000	-0.0864571232872849
chr7	141000001	141500000	-0.0516648903125531
chr7	141500001	142000000	0.0616339708708494
chr7	142000001	142500000	0.0171052384173238
chr7	142500001	143000000	-0.00513410695434019
chr7	143000001	143500000	0.06903702065419
chr7	144000001	144500000	-0.189630216599505
chr7	144500001	145000000	-0.0221246002480739
chr7	145000001	145500000	-0.169343921759564
chr7	145500001	146000000	-0.0890025750233068
chr7	146000001	146500000	-0.0226142469140919
chr7	146500001	147000000	-0.167175644301968
chr7	147000001	147500000	-0.0962610178803791
chr7	147500001	148000000	-0.0277276019500102
chr7	148000001	148500000	-0.0560092365179791
chr7	148500001	149000000	-0.103809205433983
chr7	149000001	149500000	-0.156460921956845
chr7	149500001	150000000	-0.119465700440059
chr7	150500001	151000000	0.106316574974838
chr7	151000001	151500000	-0.13618322187464
chr7	151500001	152000000	-0.10265644268595
chr7	152000001	152500000	0.0480394890235012
chr7	152500001	153000000	-0.173263114308414
chr7	153000001	153500000	-0.0676329840337898
chr7	153500001	154000000	-0.127470152024181
chr7	154000001	154500000	-0.115048795009434
chr7	154500001	155000000	NA
chr7	155000001	155500000	-0.0965156044874152
chr7	155500001	156000000	-0.0580481351903057
chr7	156000001	156500000	-0.104234103392722
chr7	156500001	157000000	-0.0516964779358756
chr7	157000001	157500000	-0.0957031365294019
chr7	157500001	158000000	-0.108167629343464
chr7	158000001	158500000	-0.0691380254477256
chr7	158500001	159000000	-0.0987956366402765
chr7	159000001	159500000	NA
chr8	500001	1000000	-0.0571100916000918
chr8	1000001	1500000	-0.11140863746774
chr8	1500001	2000000	-0.204012030603853
chr8	2500001	3000000	-0.210629587645293
chr8	3000001	3500000	-0.179685355395227
chr8	3500001	4000000	-0.174844680311869
chr8	4000001	4500000	-0.227259794636702
chr8	4500001	5000000	-0.175712130790507
chr8	5000001	5500000	-0.161883211107068
chr8	5500001	6000000	-0.15939887821739
chr8	6000001	6500000	-0.0825564547716678
chr8	6500001	7000000	-0.115643852320292
chr8	8500001	9000000	0.0524196192472201
chr8	9000001	9500000	-0.0161256662246283
chr8	9500001	10000000	-0.0687288614596801
chr8	10000001	10500000	-0.0988305919825199
chr8	10500001	11000000	-0.102706401936546
chr8	11000001	11500000	-0.0568695149844244
chr8	11500001	12000000	-0.210011010516179
chr8	13000001	13500000	0.122355220717602
chr8	13500001	14000000	0.0123242763518587
chr8	14000001	14500000	0.027085768685902
chr8	14500001	15000000	-0.0605945323635428
chr8	15000001	15500000	0.075680038167766
chr8	15500001	16000000	0.0357449581887276
chr8	16000001	16500000	-0.0316102298390902
chr8	16500001	17000000	-0.0611121287910747
chr8	17000001	17500000	0.113809914218671
chr8	17500001	18000000	0.0850839966755873
chr8	18000001	18500000	-0.00663578745651693
chr8	18500001	19000000	-0.0726357179040255
chr8	19000001	19500000	0.0537514282438842
chr8	19500001	20000000	0.100656797391419
chr8	20000001	20500000	0.039615439180535
chr8	20500001	21000000	0.0450046739404812
chr8	21000001	21500000	0.059966879521026
chr8	21500001	22000000	0.129401797821141
chr8	22000001	22500000	0.0131467664065742
chr8	22500001	23000000	0.0206953175761831
chr8	23000001	23500000	0.0722378164232739
chr8	23500001	24000000	-0.090628963769167
chr8	24000001	24500000	-0.166808644684975
chr8	24500001	25000000	-0.0990277779097925
chr8	25000001	25500000	-0.136635224717881
chr8	25500001	26000000	-0.0775222183062556
chr8	26000001	26500000	-0.118666672951621
chr8	26500001	27000000	-0.152126170870302
chr8	27000001	27500000	-0.0832418634987659
chr8	27500001	28000000	-0.101988115628498
chr8	28000001	28500000	-0.200951968165275
chr8	28500001	29000000	-0.0234581467484746
chr8	29000001	29500000	0.0467464722731813
chr8	29500001	30000000	0.112099030563464
chr8	30000001	30500000	0.0450182454183734
chr8	30500001	31000000	0.120517353951896
chr8	31000001	31500000	0.0947831882582591
chr8	31500001	32000000	0.120298624812286
chr8	32000001	32500000	0.0697372969848789
chr8	32500001	33000000	-0.0031935196851014
chr8	33000001	33500000	0.191249427903286
chr8	33500001	34000000	0.130002265802626
chr8	34000001	34500000	0.116061224963043
chr8	34500001	35000000	0.0885507018654347
chr8	35000001	35500000	0.082342550353882
chr8	35500001	36000000	0.115487705712108
chr8	36000001	36500000	0.0877137178206344
chr8	36500001	37000000	0.076599203131552
chr8	37000001	37500000	0.135741915972574
chr8	37500001	38000000	0.191130787072684
chr8	38000001	38500000	0.21653898725993
chr8	38500001	39000000	0.0944880771512443
chr8	39000001	39500000	0.119867761037571
chr8	39500001	40000000	0.0546636630636994
chr8	40000001	40500000	0.154165351634808
chr8	40500001	41000000	0.185700896239819
chr8	41000001	41500000	0.202825697008632
chr8	41500001	42000000	0.0475470408154732
chr8	42000001	42500000	0.292031866821449
chr8	42500001	43000000	0.31226853585349
chr8	47500001	48000000	0.0525421604609702
chr8	48000001	48500000	0.133754511196696
chr8	48500001	49000000	0.00197501565330815
chr8	49000001	49500000	0.0131040116129283
chr8	49500001	50000000	0.0253265873812935
chr8	50000001	50500000	0.0386648712761018
chr8	50500001	51000000	0.0827873860361373
chr8	51000001	51500000	-6.09465574176321e-05
chr8	51500001	52000000	-0.0275121244126111
chr8	52000001	52500000	0.120666082851874
chr8	52500001	53000000	0.0524535537321141
chr8	53000001	53500000	-0.062798584325318
chr8	53500001	54000000	0.0406891512573172
chr8	54000001	54500000	-0.0689107703863062
chr8	54500001	55000000	0.00479413159648532
chr8	55000001	55500000	0.0159701994409916
chr8	55500001	56000000	0.080095555818581
chr8	56000001	56500000	0.0328678846716893
chr8	56500001	57000000	0.139996631140692
chr8	57000001	57500000	-0.07488058165816
chr8	57500001	58000000	0.111159634110636
chr8	58000001	58500000	0.0684546664626678
chr8	58500001	59000000	0.01653255539716
chr8	59000001	59500000	0.0953548718821354
chr8	59500001	60000000	0.100527850803581
chr8	60000001	60500000	0.00388610990787384
chr8	60500001	61000000	0.0525917136983434
chr8	61000001	61500000	-0.0302075307608612
chr8	61500001	62000000	0.00902600674619984
chr8	62000001	62500000	0.0792189690099702
chr8	62500001	63000000	-0.0309411055305186
chr8	63000001	63500000	0.085357830291961
chr8	63500001	64000000	0.104977643842573
chr8	64000001	64500000	0.0213814079809282
chr8	64500001	65000000	0.045388271744395
chr8	65000001	65500000	0.0497700402825721
chr8	65500001	66000000	0.0205887731046476
chr8	66000001	66500000	0.0245919263847742
chr8	66500001	67000000	-0.0555197918646347
chr8	67000001	67500000	0.127194051789059
chr8	67500001	68000000	0.0792004095457427
chr8	68000001	68500000	0.0179041570318956
chr8	68500001	69000000	-0.0701107281196457
chr8	69000001	69500000	0.0821681505593664
chr8	69500001	70000000	-0.00363738283637655
chr8	70000001	70500000	-0.063836542169924
chr8	70500001	71000000	-0.000322687824431794
chr8	71000001	71500000	0.0444206718467754
chr8	71500001	72000000	0.0252090492201887
chr8	72000001	72500000	0.0338818305945392
chr8	72500001	73000000	0.0434588220859678
chr8	73000001	73500000	0.0149996357195908
chr8	73500001	74000000	0.057286720142576
chr8	74000001	74500000	-0.0874643587148967
chr8	74500001	75000000	0.101958624246038
chr8	75000001	75500000	-0.00376524011996326
chr8	75500001	76000000	0.00705649199568007
chr8	76000001	76500000	-0.0803820662425093
chr8	76500001	77000000	-0.0481368197554944
chr8	77000001	77500000	-0.00898198883370483
chr8	77500001	78000000	0.0372817394427204
chr8	78000001	78500000	0.0237034394911967
chr8	78500001	79000000	0.0889624938742967
chr8	79000001	79500000	0.0515900768763822
chr8	79500001	80000000	0.139552738587854
chr8	80000001	80500000	-0.0554207147110519
chr8	80500001	81000000	0.0514269652502671
chr8	81000001	81500000	0.107685399728286
chr8	81500001	82000000	0.0150393986955961
chr8	82000001	82500000	0.0387146319413841
chr8	82500001	83000000	-0.0053058498743009
chr8	83000001	83500000	-0.00789509499956061
chr8	83500001	84000000	-0.0214860101891013
chr8	84000001	84500000	0.0735944405375543
chr8	84500001	85000000	-0.094725110871676
chr8	85000001	85500000	-0.0349571316807991
chr8	86000001	86500000	0.106292920576079
chr8	86500001	87000000	0.0670740581885708
chr8	87000001	87500000	0.102595636836868
chr8	87500001	88000000	0.0511980025583682
chr8	88000001	88500000	0.055707713460358
chr8	88500001	89000000	-0.00190809541687754
chr8	89000001	89500000	0.0674245561150714
chr8	89500001	90000000	0.0458142651084292
chr8	90000001	90500000	-0.0195429037546638
chr8	90500001	91000000	0.0326044120807219
chr8	91000001	91500000	-0.00373162906788707
chr8	91500001	92000000	0.131231590311456
chr8	92000001	92500000	0.0692096116530306
chr8	92500001	93000000	0.0399882650116151
chr8	93000001	93500000	0.0741453939354159
chr8	93500001	94000000	0.0421921656677371
chr8	94000001	94500000	0.0275354062705521
chr8	94500001	95000000	0.0713266285836145
chr8	95000001	95500000	0.0911806819778688
chr8	95500001	96000000	0.147328337511156
chr8	96000001	96500000	0.28039640397766
chr8	96500001	97000000	0.310945485045348
chr8	97000001	97500000	0.286442266776194
chr8	97500001	98000000	0.375350734556883
chr8	98000001	98500000	0.175407908633285
chr8	98500001	99000000	0.281372228010033
chr8	99000001	99500000	0.278417464921807
chr8	99500001	100000000	0.285720290184137
chr8	100000001	100500000	0.292421547761104
chr8	100500001	101000000	0.264898482797347
chr8	101000001	101500000	0.23012334626181
chr8	101500001	102000000	0.29776804649424
chr8	102000001	102500000	0.202796372867781
chr8	102500001	103000000	0.302813229129486
chr8	103000001	103500000	0.23131745967517
chr8	103500001	104000000	0.262549064736484
chr8	104000001	104500000	0.263573387444122
chr8	104500001	105000000	0.209203491306172
chr8	105000001	105500000	0.241197579380942
chr8	105500001	106000000	0.284511063314031
chr8	106000001	106500000	0.254155695627549
chr8	106500001	107000000	0.200760296069603
chr8	107000001	107500000	0.282009530147637
chr8	107500001	108000000	0.274421399728783
chr8	108000001	108500000	0.24432684118314
chr8	108500001	109000000	0.292632006474756
chr8	109000001	109500000	0.297780283719011
chr8	109500001	110000000	0.28973510653046
chr8	110000001	110500000	0.258584081688237
chr8	110500001	111000000	0.156511264156495
chr8	111000001	111500000	0.248760393656566
chr8	111500001	112000000	0.202846014648368
chr8	112000001	112500000	0.251863540868888
chr8	112500001	113000000	NA
chr8	113000001	113500000	0.231683482414215
chr8	113500001	114000000	0.270638166038627
chr8	114000001	114500000	0.235297251667064
chr8	114500001	115000000	0.19252724708352
chr8	115000001	115500000	0.27193418927628
chr8	115500001	116000000	0.310081364816106
chr8	116000001	116500000	0.229870545335054
chr8	116500001	117000000	0.251451173317832
chr8	117000001	117500000	0.161168297119547
chr8	117500001	118000000	0.250689386743876
chr8	118000001	118500000	0.2186337404732
chr8	118500001	119000000	0.242903839871797
chr8	119000001	119500000	0.226317259753026
chr8	119500001	120000000	0.24236297687826
chr8	120000001	120500000	0.215021259431856
chr8	120500001	121000000	0.295691465219523
chr8	121000001	121500000	0.332706430893744
chr8	121500001	122000000	0.2838574610175
chr8	122000001	122500000	0.275714351090379
chr8	122500001	123000000	0.347565640152302
chr8	123000001	123500000	0.271646142397033
chr8	123500001	124000000	0.266539372678513
chr8	124000001	124500000	0.406187190046537
chr8	124500001	125000000	0.353374545589012
chr8	125000001	125500000	0.403583207245956
chr8	125500001	126000000	0.418465037161035
chr8	126000001	126500000	0.26671366377936
chr8	126500001	127000000	0.328513723443056
chr8	127000001	127500000	0.362747181658244
chr8	127500001	128000000	0.273728630955504
chr8	128000001	128500000	0.31186185345144
chr8	128500001	129000000	0.249292798927118
chr8	129000001	129500000	0.321945470993655
chr8	129500001	130000000	0.503082764847932
chr8	130000001	130500000	0.337999496859122
chr8	130500001	131000000	0.346563924166776
chr8	131000001	131500000	0.402520733010972
chr8	131500001	132000000	0.250166910017949
chr8	132000001	132500000	0.236913502855626
chr8	132500001	133000000	0.403899537845256
chr8	133000001	133500000	0.335590074834005
chr8	133500001	134000000	0.359359041921204
chr8	134000001	134500000	0.244008014458671
chr8	134500001	135000000	0.349780326709074
chr8	135000001	135500000	0.359754339210276
chr8	135500001	136000000	0.291131744227659
chr8	136000001	136500000	0.427669582116605
chr8	136500001	137000000	0.292612798476401
chr8	137000001	137500000	0.251525760162258
chr8	137500001	138000000	0.321489934874727
chr8	138000001	138500000	0.371056815321154
chr8	138500001	139000000	0.305813369773428
chr8	139000001	139500000	0.357971157303204
chr8	139500001	140000000	0.225810763597862
chr8	140000001	140500000	0.309750271638249
chr8	140500001	141000000	0.267501783755599
chr8	141000001	141500000	0.335746002839205
chr8	141500001	142000000	0.265841587669548
chr8	142000001	142500000	0.245962263316629
chr8	142500001	143000000	0.239452709865283
chr8	143000001	143500000	0.291653735404013
chr8	143500001	144000000	0.164176636741674
chr8	144000001	144500000	0.346023071558332
chr8	144500001	145000000	0.307213355046261
chr9	500001	1000000	0.00840310005649772
chr9	1000001	1500000	-0.00242603588225263
chr9	1500001	2000000	0.0723897150282233
chr9	2000001	2500000	0.076715505236601
chr9	2500001	3000000	0.0966997737172394
chr9	3000001	3500000	0.0594879000417913
chr9	3500001	4000000	-0.0393075001614315
chr9	4000001	4500000	-0.124840434503113
chr9	4500001	5000000	-0.0691470739306164
chr9	5000001	5500000	-0.14517269974503
chr9	5500001	6000000	-0.126106710310082
chr9	6000001	6500000	-0.134094333967276
chr9	6500001	7000000	-0.143721683641091
chr9	7000001	7500000	-0.132667098534903
chr9	7500001	8000000	-0.101806312007769
chr9	8000001	8500000	-0.143139012516721
chr9	8500001	9000000	-0.085564578903112
chr9	9000001	9500000	-0.100799925231517
chr9	9500001	10000000	-0.181208220991832
chr9	10000001	10500000	-0.0868346909639244
chr9	10500001	11000000	-0.0646998600885463
chr9	11000001	11500000	-0.0791781433345369
chr9	11500001	12000000	-0.239584454500714
chr9	12000001	12500000	-0.183827027551322
chr9	12500001	13000000	-0.189395907668635
chr9	13000001	13500000	-0.118259837965448
chr9	13500001	14000000	-0.202733504831457
chr9	14000001	14500000	-0.0683229997184484
chr9	14500001	15000000	-0.128277630854996
chr9	15000001	15500000	-0.115479453589667
chr9	15500001	16000000	-0.0290750910994995
chr9	16000001	16500000	-0.135152953947877
chr9	16500001	17000000	-0.17619921997025
chr9	17000001	17500000	-0.111636504336384
chr9	17500001	18000000	-0.208006249354809
chr9	18000001	18500000	-0.108521437118548
chr9	18500001	19000000	-0.0238259759685193
chr9	19000001	19500000	-0.0519641954336874
chr9	19500001	20000000	0.0171615825093663
chr9	20000001	20500000	-0.0041321214664539
chr9	20500001	21000000	0.18763890332978
chr9	21000001	21500000	0.0642050127733642
chr9	21500001	22000000	0.0965748655137782
chr9	22000001	22500000	0.0678969319080582
chr9	22500001	23000000	0.155009718786765
chr9	23000001	23500000	-0.0220574394821197
chr9	23500001	24000000	-0.049663496804731
chr9	24000001	24500000	-0.107774237859257
chr9	24500001	25000000	-0.0175740736166939
chr9	25000001	25500000	0.10689370045286
chr9	25500001	26000000	-0.0150148107615241
chr9	26000001	26500000	0.0283080326708084
chr9	26500001	27000000	0.00066049168214322
chr9	27000001	27500000	0.0176584021626783
chr9	27500001	28000000	-0.0782494676249135
chr9	28000001	28500000	-0.00144829752066758
chr9	28500001	29000000	0.123230512291832
chr9	29000001	29500000	0.127022242660906
chr9	29500001	30000000	-0.0183769090274108
chr9	30000001	30500000	-0.0903072474693803
chr9	30500001	31000000	0.0348584067305664
chr9	31000001	31500000	0.011100468649613
chr9	31500001	32000000	-0.0420671875684734
chr9	32000001	32500000	0.0420298047342097
chr9	32500001	33000000	0.0265909485895662
chr9	33000001	33500000	0.0258357678604668
chr9	33500001	34000000	0.162301524913615
chr9	34000001	34500000	0.108092163845457
chr9	34500001	35000000	0.0671574887994203
chr9	35000001	35500000	0.0603707673699103
chr9	35500001	36000000	0.119788470164446
chr9	36000001	36500000	0.020760289240813
chr9	36500001	37000000	0.0904754813440246
chr9	37000001	37500000	0.025015435450116
chr9	37500001	38000000	0.1600452161771
chr9	38000001	38500000	-0.0174396228735788
chr9	68500001	69000000	0.122035308921251
chr9	69000001	69500000	-0.0689039228524287
chr9	69500001	70000000	0.0287080382675661
chr9	70000001	70500000	0.157871784309463
chr9	70500001	71000000	0.0730299280472287
chr9	71000001	71500000	0.00946707647233919
chr9	71500001	72000000	0.0275787051803602
chr9	72000001	72500000	0.00846748831388946
chr9	72500001	73000000	0.0123072755254413
chr9	73000001	73500000	-0.0133893108704146
chr9	73500001	74000000	-0.000434209571443443
chr9	74000001	74500000	0.0343512898103855
chr9	74500001	75000000	-0.0250423112649143
chr9	75000001	75500000	0.106490076602343
chr9	75500001	76000000	0.0606564441782207
chr9	76000001	76500000	0.0501314819287235
chr9	76500001	77000000	0.0827681368011755
chr9	77000001	77500000	0.000879478901478421
chr9	77500001	78000000	0.0335438908239973
chr9	78000001	78500000	0.0436348567078254
chr9	78500001	79000000	0.175828435805725
chr9	79000001	79500000	-0.0566679896230551
chr9	79500001	80000000	0.0648891815396523
chr9	80000001	80500000	0.0319814122822235
chr9	80500001	81000000	0.0495431174397546
chr9	81000001	81500000	0.0611296497105763
chr9	81500001	82000000	0.162271840067293
chr9	82000001	82500000	-0.0165284136039159
chr9	82500001	83000000	0.0599877669810991
chr9	83000001	83500000	-0.0328956137971576
chr9	83500001	84000000	-0.0617465953507453
chr9	84000001	84500000	0.0502922755256016
chr9	84500001	85000000	0.0527873665762044
chr9	85000001	85500000	-0.0474775187004432
chr9	85500001	86000000	0.0504905140197871
chr9	86000001	86500000	0.0425714469202807
chr9	86500001	87000000	0.0990922736882914
chr9	87000001	87500000	0.0335413131476183
chr9	87500001	88000000	0.0203722780360612
chr9	88000001	88500000	0.0214666620357646
chr9	88500001	89000000	0.020863740197173
chr9	89000001	89500000	0.0109272818381206
chr9	89500001	90000000	NA
chr9	90000001	90500000	-0.150454331506525
chr9	90500001	91000000	0.0257540998863147
chr9	91000001	91500000	0.0590366015562435
chr9	91500001	92000000	0.0167849225147642
chr9	92000001	92500000	0.0844085452024152
chr9	92500001	93000000	0.103276605880658
chr9	93000001	93500000	0.0550070367178456
chr9	93500001	94000000	-0.0881044894354248
chr9	94000001	94500000	-0.000845704390190821
chr9	94500001	95000000	-0.0305352012343035
chr9	95000001	95500000	-0.0560009221791915
chr9	95500001	96000000	0.0837274414818681
chr9	96000001	96500000	-0.110595191476658
chr9	96500001	97000000	0.0937370414038475
chr9	97000001	97500000	0.269665381478686
chr9	97500001	98000000	0.0909775775097993
chr9	98000001	98500000	0.0950316518920933
chr9	98500001	99000000	0.0638203166372444
chr9	99000001	99500000	0.0820713841300168
chr9	99500001	100000000	0.123398881900822
chr9	100000001	100500000	0.0469765278598432
chr9	100500001	101000000	-0.0322429910076181
chr9	101000001	101500000	-0.0365191495410093
chr9	101500001	102000000	-0.0423921327570095
chr9	102000001	102500000	-0.002304441742814
chr9	102500001	103000000	-0.0292233387299214
chr9	103000001	103500000	0.185148130705296
chr9	103500001	104000000	0.0866318987888862
chr9	104000001	104500000	0.111315807084349
chr9	104500001	105000000	-0.0467715094496544
chr9	105000001	105500000	0.00473216960151239
chr9	105500001	106000000	0.0506685712889974
chr9	106000001	106500000	0.00173058428104884
chr9	106500001	107000000	0.0153794564084491
chr9	107000001	107500000	0.089368486099302
chr9	107500001	108000000	0.0940263269079459
chr9	108000001	108500000	0.169579448954873
chr9	108500001	109000000	0.0451976338105857
chr9	109000001	109500000	-0.0831326621292594
chr9	109500001	110000000	0.0286070582847546
chr9	110000001	110500000	0.136856782138822
chr9	110500001	111000000	0.00615641759860459
chr9	111000001	111500000	0.0447475742375155
chr9	111500001	112000000	0.112779500228721
chr9	112000001	112500000	0.0430786150527192
chr9	112500001	113000000	-0.00277763126122317
chr9	113000001	113500000	0.150501445658224
chr9	113500001	114000000	0.11622739007174
chr9	114000001	114500000	0.0482037074559593
chr9	114500001	115000000	0.181328282307827
chr9	115000001	115500000	0.0801405657016061
chr9	115500001	116000000	0.00429883539622006
chr9	116000001	116500000	0.0879228587134113
chr9	116500001	117000000	0.0672144133357432
chr9	117000001	117500000	0.106027616317091
chr9	117500001	118000000	0.117178124137895
chr9	118000001	118500000	-0.0124978478885081
chr9	118500001	119000000	0.0271393203757574
chr9	119000001	119500000	0.0738458103672361
chr9	119500001	120000000	0.0865703278114826
chr9	120000001	120500000	0.0838584621903159
chr9	120500001	121000000	0.185079131474031
chr9	121000001	121500000	0.112413362017238
chr9	121500001	122000000	0.037652522646146
chr9	122000001	122500000	0.081474846579234
chr9	122500001	123000000	0.138062649953261
chr9	123000001	123500000	0.0778330410745166
chr9	123500001	124000000	0.108374169471018
chr9	124000001	124500000	0.044107871899458
chr9	124500001	125000000	0.0462802843063658
chr9	125000001	125500000	0.0045513392706261
chr9	125500001	126000000	0.000428200554640726
chr9	126000001	126500000	0.0212225005690851
chr9	126500001	127000000	0.0280978179631493
chr9	127000001	127500000	0.0469622848806229
chr9	127500001	128000000	0.0785346823161924
chr9	128000001	128500000	0.0850352411866743
chr9	128500001	129000000	0.0910096042396398
chr9	129000001	129500000	0.0708135536066607
chr9	129500001	130000000	0.10192501946041
chr9	130000001	130500000	-0.02138039805713
chr9	130500001	131000000	0.220346462892664
chr9	131000001	131500000	0.115785108422319
chr9	131500001	132000000	0.0883088256458137
chr9	132000001	132500000	-0.00471182400776603
chr9	132500001	133000000	0.0589376492859205
chr9	133000001	133500000	-0.0075416482073103
chr9	133500001	134000000	-0.0912987224407147
chr9	134000001	134500000	NA
chr9	134500001	135000000	-0.00492833012528363
chr9	135000001	135500000	-0.0916672870731127
chr9	135500001	136000000	-0.0103712272062604
chr9	136000001	136500000	-0.0257305916011195
chr9	136500001	137000000	0.0735056386826572
chr9	137000001	137500000	NA
chr9	137500001	138000000	0.0905812748308164
chr10	1	500000	NA
chr10	500001	1000000	-0.177668995925913
chr10	1000001	1500000	-0.0706671376026453
chr10	1500001	2000000	-0.146730995901792
chr10	2000001	2500000	-0.131284226315674
chr10	2500001	3000000	-0.116419878206945
chr10	3000001	3500000	-0.0941329174911664
chr10	3500001	4000000	-0.066800676716395
chr10	4000001	4500000	-0.0856883990602234
chr10	4500001	5000000	-0.155207124480499
chr10	5000001	5500000	-0.0257490558140072
chr10	5500001	6000000	-0.120847542493884
chr10	6000001	6500000	-0.0454866076245802
chr10	6500001	7000000	-0.049799694838699
chr10	7000001	7500000	0.0037321436617336
chr10	7500001	8000000	-0.0406895974792541
chr10	8000001	8500000	-0.123544791643102
chr10	8500001	9000000	-0.1352991227118
chr10	9000001	9500000	-0.12756383857936
chr10	9500001	10000000	-0.107830622873845
chr10	10000001	10500000	-0.100095647369294
chr10	10500001	11000000	-0.0628240140062213
chr10	11000001	11500000	-0.0956663026591258
chr10	11500001	12000000	-0.0877176691170211
chr10	12000001	12500000	0.0156690841847398
chr10	12500001	13000000	-0.1445957820789
chr10	13000001	13500000	-0.234334410737084
chr10	13500001	14000000	-0.143973192208396
chr10	14000001	14500000	-0.123887554537132
chr10	14500001	15000000	-0.105628160724255
chr10	15000001	15500000	-0.205864562641877
chr10	15500001	16000000	-0.0238153846595685
chr10	16000001	16500000	-0.153367120850806
chr10	16500001	17000000	-0.238739623663426
chr10	17000001	17500000	-0.186257084328136
chr10	17500001	18000000	-0.0993681269730877
chr10	18000001	18500000	-0.183872646789258
chr10	18500001	19000000	-0.0978918601129236
chr10	19000001	19500000	-0.0930518036181279
chr10	19500001	20000000	-0.046202177363102
chr10	20000001	20500000	-0.0741520170375448
chr10	20500001	21000000	-0.0360030630591495
chr10	21000001	21500000	-0.0975140321594425
chr10	21500001	22000000	-0.116997567360268
chr10	22000001	22500000	-0.059128148996804
chr10	22500001	23000000	-0.0339544013478229
chr10	23000001	23500000	-0.147707742098436
chr10	23500001	24000000	0.0355284350825278
chr10	24000001	24500000	-0.0511462037034054
chr10	24500001	25000000	-0.027152771855033
chr10	25000001	25500000	0.0641493884825711
chr10	25500001	26000000	0.0211687252388501
chr10	26000001	26500000	-0.016558897384469
chr10	26500001	27000000	0.0345881966534791
chr10	27000001	27500000	0.0968537579599293
chr10	27500001	28000000	0.0593815747748696
chr10	28000001	28500000	0.165879251717105
chr10	28500001	29000000	-0.00147150799697757
chr10	29000001	29500000	-0.0143701489572478
chr10	29500001	30000000	0.0842330998115629
chr10	30000001	30500000	-0.0289528634317246
chr10	30500001	31000000	0.0768308680312731
chr10	31000001	31500000	0.0825090315945794
chr10	31500001	32000000	0.075543371467576
chr10	32000001	32500000	-0.00882912216898275
chr10	32500001	33000000	0.0241976644202035
chr10	33000001	33500000	0.0221865423662401
chr10	33500001	34000000	0.045413313024418
chr10	34000001	34500000	0.0185419606214055
chr10	34500001	35000000	0.0675353314759263
chr10	35000001	35500000	0.164441011958793
chr10	35500001	36000000	-0.0818318149814743
chr10	36000001	36500000	-0.0493583479466038
chr10	36500001	37000000	0.0612434026910375
chr10	37000001	37500000	0.0110148335560965
chr10	42500001	43000000	0.0912431560073225
chr10	43000001	43500000	-0.125032991948824
chr10	43500001	44000000	0.0866507166664637
chr10	44000001	44500000	0.0332223323888315
chr10	44500001	45000000	0.0416885861187665
chr10	45000001	45500000	0.0538135385540812
chr10	47000001	47500000	0.0458372980239788
chr10	48000001	48500000	-0.166108830718057
chr10	48500001	49000000	0.0709248452828915
chr10	49000001	49500000	0.110949464487358
chr10	49500001	50000000	0.0300104377349667
chr10	50000001	50500000	0.0237615816298554
chr10	50500001	51000000	0.0729530822730522
chr10	51000001	51500000	0.0823390322234241
chr10	51500001	52000000	-0.0435056981558008
chr10	52000001	52500000	-0.0136941004562662
chr10	52500001	53000000	0.0102874399825042
chr10	53000001	53500000	NA
chr10	53500001	54000000	0.118323312311892
chr10	54000001	54500000	0.174176286424962
chr10	54500001	55000000	0.0321801668336277
chr10	55000001	55500000	-0.0136697475590419
chr10	55500001	56000000	0.0914858347864665
chr10	56000001	56500000	-0.027172752547708
chr10	56500001	57000000	0.0780744235770453
chr10	57000001	57500000	0.0349361892251979
chr10	57500001	58000000	-0.0481199566722892
chr10	58000001	58500000	NA
chr10	58500001	59000000	0.109307248498894
chr10	59000001	59500000	0.273437676134211
chr10	59500001	60000000	NA
chr10	60000001	60500000	0.0697598859496061
chr10	60500001	61000000	0.00932924160944242
chr10	61000001	61500000	-0.00405580062245223
chr10	61500001	62000000	-0.0252910111229303
chr10	62000001	62500000	0.0554989701571257
chr10	62500001	63000000	NA
chr10	63000001	63500000	0.103723721038438
chr10	63500001	64000000	0.132346381765193
chr10	64000001	64500000	0.108892125409755
chr10	64500001	65000000	0.00373623862655336
chr10	65000001	65500000	0.071804984864399
chr10	65500001	66000000	0.0636562687908939
chr10	66000001	66500000	0.0546309522870774
chr10	66500001	67000000	0.0474231333408539
chr10	67000001	67500000	0.0121120948568107
chr10	67500001	68000000	0.0791128688880979
chr10	68000001	68500000	0.0243545677394084
chr10	68500001	69000000	-0.0196185628728569
chr10	69000001	69500000	0.0939003633476996
chr10	69500001	70000000	0.0571470858647757
chr10	70000001	70500000	0.0757949378089096
chr10	70500001	71000000	0.0508504298047516
chr10	71000001	71500000	0.0284351464018915
chr10	71500001	72000000	0.125390001728707
chr10	72000001	72500000	-0.0165480930062578
chr10	72500001	73000000	0.0664421027594688
chr10	73000001	73500000	0.129514676939304
chr10	73500001	74000000	-0.0520758653433316
chr10	74000001	74500000	0.118255875495446
chr10	74500001	75000000	0.0536200053669206
chr10	75000001	75500000	-0.00214019521834942
chr10	75500001	76000000	0.120110929239763
chr10	76000001	76500000	0.10401917339967
chr10	76500001	77000000	0.0670615082988161
chr10	77000001	77500000	0.0682167781622506
chr10	77500001	78000000	0.0403134935430848
chr10	78000001	78500000	-0.00661848840881276
chr10	78500001	79000000	-0.0160392466703356
chr10	79000001	79500000	0.0268496545688482
chr10	80000001	80500000	0.130467057401243
chr10	80500001	81000000	0.0610071014238138
chr10	81000001	81500000	-0.0420319738649248
chr10	81500001	82000000	0.0763754264241126
chr10	82000001	82500000	-0.0588711572727152
chr10	82500001	83000000	0.130594640918637
chr10	83000001	83500000	0.0963237291571078
chr10	83500001	84000000	0.0622375500086053
chr10	84000001	84500000	-0.0133099028623493
chr10	84500001	85000000	0.00330602521517561
chr10	85000001	85500000	0.0559407822517287
chr10	85500001	86000000	0.108018012001183
chr10	86000001	86500000	-0.0125848706483608
chr10	86500001	87000000	0.205834972303719
chr10	87500001	88000000	-0.00611409116857271
chr10	88000001	88500000	0.0364316927429367
chr10	88500001	89000000	0.111783398788298
chr10	89000001	89500000	0.0670628639001508
chr10	89500001	90000000	0.06864654798336
chr10	90000001	90500000	0.0278967294811284
chr10	90500001	91000000	0.10312485021042
chr10	91000001	91500000	-0.00297871966722087
chr10	91500001	92000000	0.0737230319287913
chr10	92000001	92500000	0.134440019693657
chr10	92500001	93000000	0.0728986523445246
chr10	93000001	93500000	-0.0325648772234559
chr10	93500001	94000000	0.130656399912517
chr10	94000001	94500000	0.0477621669709006
chr10	94500001	95000000	0.211605676539445
chr10	95000001	95500000	0.0265445250447267
chr10	95500001	96000000	0.0735559427223779
chr10	96000001	96500000	0.157028757318438
chr10	96500001	97000000	0.102153012950925
chr10	97000001	97500000	0.059631416505522
chr10	97500001	98000000	0.165794389753248
chr10	98000001	98500000	0.0210812126018017
chr10	98500001	99000000	0.099349905443612
chr10	99000001	99500000	0.14525009437943
chr10	99500001	100000000	0.0706706004903809
chr10	100000001	100500000	0.116768693445242
chr10	100500001	101000000	-0.0411971334001413
chr10	101000001	101500000	0.000899697297590287
chr10	101500001	102000000	0.091161587922781
chr10	102000001	102500000	0.162397159637175
chr10	102500001	103000000	0.163190849121916
chr10	103000001	103500000	0.0600143102931885
chr10	103500001	104000000	0.00639648098087246
chr10	104000001	104500000	0.0780569555977759
chr10	104500001	105000000	0.0626943737796307
chr10	105000001	105500000	0.0772512723562619
chr10	105500001	106000000	0.0147570540831453
chr10	106000001	106500000	0.0616533613058493
chr10	106500001	107000000	-0.0259107403342758
chr10	107000001	107500000	0.053085848911942
chr10	107500001	108000000	0.0403645573779671
chr10	108000001	108500000	-0.0182224538131517
chr10	108500001	109000000	0.00279309918695789
chr10	109000001	109500000	0.000291750893279433
chr10	109500001	110000000	-0.0359921656784834
chr10	110000001	110500000	0.12055168434428
chr10	110500001	111000000	0.0976054496405844
chr10	111000001	111500000	0.0993974432508765
chr10	111500001	112000000	0.0569170599114606
chr10	112000001	112500000	0.179550517745872
chr10	112500001	113000000	0.0985311965991704
chr10	113000001	113500000	-0.00653075098866606
chr10	113500001	114000000	-0.0115500130787248
chr10	114000001	114500000	NA
chr10	114500001	115000000	0.214579372174312
chr10	115000001	115500000	0.0207024648911219
chr10	115500001	116000000	-0.00352968148786039
chr10	116000001	116500000	0.0283977652988373
chr10	116500001	117000000	-0.0139354023447456
chr10	117000001	117500000	0.0309986134416559
chr10	117500001	118000000	-0.0425153051558157
chr10	118000001	118500000	-0.00653070684925008
chr10	118500001	119000000	0.0168289021698691
chr10	119000001	119500000	0.0585417469866177
chr10	119500001	120000000	-0.027880483807723
chr10	120000001	120500000	-0.000985013128030426
chr10	120500001	121000000	0.0348146650353449
chr10	121000001	121500000	-0.0156939314091455
chr10	121500001	122000000	0.0235709592645001
chr10	122000001	122500000	0.0675978539531183
chr10	122500001	123000000	0.065649697659466
chr10	123000001	123500000	0.0894719508169649
chr10	123500001	124000000	0.0909312126089735
chr10	124000001	124500000	NA
chr10	124500001	125000000	0.116307267438927
chr10	125000001	125500000	0.0610963793984275
chr10	125500001	126000000	0.187711152350849
chr10	126000001	126500000	0.165537153449869
chr10	126500001	127000000	0.0871482703404442
chr10	127000001	127500000	0.117070079359184
chr10	127500001	128000000	0.180281996601217
chr10	128000001	128500000	0.186301913898499
chr10	128500001	129000000	0.0817703446231572
chr10	129000001	129500000	0.0351327545798642
chr10	129500001	130000000	0.0480855391103108
chr10	130000001	130500000	0.161302929487982
chr10	130500001	131000000	0.0944370294170788
chr10	131000001	131500000	0.133118254007886
chr10	131500001	132000000	NA
chr10	132000001	132500000	0.0908187500468886
chr10	132500001	133000000	0.117395244967997
chr10	133000001	133500000	0.0543392923411305
chr11	500001	1000000	-0.0257107406373483
chr11	1000001	1500000	-0.0708069471650135
chr11	1500001	2000000	-0.0177654681047595
chr11	2000001	2500000	0.0466420678402805
chr11	2500001	3000000	0.0740250776492044
chr11	3500001	4000000	0.0870202482117495
chr11	4000001	4500000	0.113556760123694
chr11	4500001	5000000	-0.000797822721517072
chr11	5000001	5500000	0.0687692272272852
chr11	5500001	6000000	0.0773856806516072
chr11	6000001	6500000	0.1584561020451
chr11	6500001	7000000	0.162465623089205
chr11	7000001	7500000	0.0202339474112861
chr11	7500001	8000000	0.044863655717883
chr11	8000001	8500000	-0.0254349035810188
chr11	8500001	9000000	-0.0410444318036961
chr11	9000001	9500000	-0.1498998970184
chr11	9500001	10000000	-0.0360088578295993
chr11	10000001	10500000	0.010705691134776
chr11	10500001	11000000	0.0295611060464028
chr11	11000001	11500000	-0.0902348240914754
chr11	11500001	12000000	-0.101297423886412
chr11	12000001	12500000	-0.0584484889770927
chr11	12500001	13000000	-0.17334229804816
chr11	13000001	13500000	-0.136814607513075
chr11	13500001	14000000	-0.070764002473157
chr11	14000001	14500000	-0.163548735864485
chr11	14500001	15000000	-0.0692007266705702
chr11	15000001	15500000	-0.135096948719844
chr11	15500001	16000000	-0.147328154133093
chr11	16000001	16500000	-0.0881129243571667
chr11	16500001	17000000	-0.149717617489736
chr11	17000001	17500000	-0.0609915618881601
chr11	17500001	18000000	-0.137168066924445
chr11	18000001	18500000	-0.141938400018529
chr11	18500001	19000000	-0.118198573810393
chr11	19000001	19500000	-0.0120797985316464
chr11	19500001	20000000	-0.0775963163507898
chr11	20000001	20500000	-0.0579186144468332
chr11	20500001	21000000	-0.090285459199851
chr11	21000001	21500000	0.0339659696899587
chr11	21500001	22000000	0.0445106013740435
chr11	22000001	22500000	0.0489024652623964
chr11	22500001	23000000	0.00078664872306488
chr11	23000001	23500000	-0.00745905664671567
chr11	23500001	24000000	0.0636037413697046
chr11	24000001	24500000	0.0634605262352332
chr11	24500001	25000000	0.0454719714466593
chr11	25000001	25500000	0.161700676423557
chr11	25500001	26000000	0.0916555280177888
chr11	26000001	26500000	-0.0234563231774928
chr11	26500001	27000000	0.0115206952162414
chr11	27000001	27500000	-0.0228983759788814
chr11	27500001	28000000	0.0706741770756825
chr11	28000001	28500000	0.00983448935743608
chr11	28500001	29000000	0.106708565814736
chr11	29000001	29500000	0.055647173839743
chr11	29500001	30000000	0.0809494535231616
chr11	30000001	30500000	0.00880194313675082
chr11	30500001	31000000	0.0383954294593797
chr11	31000001	31500000	0.000233322559929333
chr11	31500001	32000000	0.0234220626580347
chr11	32000001	32500000	-0.086164906605918
chr11	32500001	33000000	-0.00230975936816414
chr11	33000001	33500000	-0.0372414526862456
chr11	33500001	34000000	-0.106518512222132
chr11	34000001	34500000	0.0779966448479527
chr11	34500001	35000000	-0.0520639939248777
chr11	35000001	35500000	-0.136680599749067
chr11	35500001	36000000	-0.224680769871668
chr11	36000001	36500000	-0.140353148069649
chr11	36500001	37000000	-0.0449901352815641
chr11	37000001	37500000	-0.144381650164091
chr11	37500001	38000000	-0.0862855345660212
chr11	38000001	38500000	-0.1737809337499
chr11	38500001	39000000	-0.122484076629294
chr11	39000001	39500000	-0.127625439485421
chr11	39500001	40000000	-0.099446990149842
chr11	40000001	40500000	-0.0705065273957682
chr11	40500001	41000000	-0.0795939880588923
chr11	41000001	41500000	-0.146569460686132
chr11	41500001	42000000	-0.155981624059348
chr11	42000001	42500000	-0.0189541815196983
chr11	42500001	43000000	-0.148515470092897
chr11	43000001	43500000	-0.121249689843584
chr11	43500001	44000000	-0.10843515641658
chr11	44000001	44500000	-0.194688620137641
chr11	44500001	45000000	-0.0282660678379503
chr11	45000001	45500000	-0.0782538715522541
chr11	45500001	46000000	-0.0299540203749208
chr11	46000001	46500000	-0.0812602286577788
chr11	46500001	47000000	-0.114067488399279
chr11	47000001	47500000	-0.175423775198956
chr11	47500001	48000000	-0.00786280919950288
chr11	48000001	48500000	-0.0936615424842571
chr11	50000001	50500000	-0.179960166840246
chr11	56000001	56500000	0.0659922066687048
chr11	56500001	57000000	-0.00480211077799166
chr11	57000001	57500000	0.152997006571182
chr11	57500001	58000000	0.0399821928895911
chr11	58000001	58500000	0.0630380406831803
chr11	58500001	59000000	-0.0018600361783241
chr11	59000001	59500000	0.137304083743239
chr11	59500001	60000000	0.193472967034937
chr11	60000001	60500000	0.127703566679098
chr11	60500001	61000000	0.0652856543626325
chr11	61000001	61500000	0.0789615405501734
chr11	61500001	62000000	0.0909898443678774
chr11	62000001	62500000	0.0106666808414968
chr11	62500001	63000000	-0.0348622401895349
chr11	63000001	63500000	0.174694269937658
chr11	63500001	64000000	0.0398052863085894
chr11	64000001	64500000	0.0732185487278409
chr11	64500001	65000000	0.151218113026652
chr11	65000001	65500000	-0.0846756047794307
chr11	65500001	66000000	0.117310830092311
chr11	66000001	66500000	0.0551021417080866
chr11	66500001	67000000	0.0588578742275764
chr11	67000001	67500000	-0.00811099765021668
chr11	68000001	68500000	0.0376182778924327
chr11	68500001	69000000	-0.0162350507995353
chr11	69000001	69500000	-0.0434452446058715
chr11	69500001	70000000	0.062737726814159
chr11	70000001	70500000	-0.0158093683076202
chr11	70500001	71000000	NA
chr11	71000001	71500000	NA
chr11	72000001	72500000	0.109195414792588
chr11	72500001	73000000	0.128509572609277
chr11	73000001	73500000	0.111455966689937
chr11	73500001	74000000	0.0923132762329148
chr11	74000001	74500000	0.10595410888042
chr11	74500001	75000000	-0.00851858771743351
chr11	75000001	75500000	0.0270834462537424
chr11	75500001	76000000	0.070515987320335
chr11	76000001	76500000	0.108449895150829
chr11	76500001	77000000	0.0507005452013979
chr11	77000001	77500000	0.0772059168776116
chr11	77500001	78000000	0.137184358761723
chr11	78000001	78500000	0.120850691705889
chr11	78500001	79000000	0.0792114843181889
chr11	79000001	79500000	0.0682582550826441
chr11	79500001	80000000	0.0627599232625991
chr11	80000001	80500000	0.0120205533019991
chr11	80500001	81000000	-0.0179269824359399
chr11	81000001	81500000	0.0432481909022672
chr11	81500001	82000000	0.0761183888893578
chr11	82000001	82500000	0.102573967160554
chr11	82500001	83000000	0.06356422591821
chr11	83000001	83500000	0.0266959406509188
chr11	83500001	84000000	0.0476462911702958
chr11	84000001	84500000	-0.0312599264723213
chr11	84500001	85000000	-0.00238103782714469
chr11	85000001	85500000	0.117234555002354
chr11	85500001	86000000	0.0460313668159941
chr11	86000001	86500000	0.0560973729604633
chr11	86500001	87000000	-0.0326941616443836
chr11	87000001	87500000	-0.0103397405315178
chr11	87500001	88000000	NA
chr11	88000001	88500000	NA
chr11	88500001	89000000	0.12175770757107
chr11	89000001	89500000	0.103684214569052
chr11	90000001	90500000	0.102069485703451
chr11	90500001	91000000	0.0426276402795131
chr11	91000001	91500000	0.116946608721291
chr11	91500001	92000000	0.0903017823976377
chr11	92000001	92500000	-0.00406970689710918
chr11	92500001	93000000	-0.021153406819762
chr11	93000001	93500000	0.0234500236749454
chr11	93500001	94000000	0.00279512503728
chr11	94000001	94500000	0.204041893770199
chr11	94500001	95000000	0.151441768852211
chr11	95000001	95500000	0.0792813706619865
chr11	95500001	96000000	0.114628688090473
chr11	96000001	96500000	0.0483073327012437
chr11	96500001	97000000	NA
chr11	97000001	97500000	0.03058992791651
chr11	97500001	98000000	0.106726825793868
chr11	98000001	98500000	0.0731006818867975
chr11	98500001	99000000	0.0119273829637311
chr11	99000001	99500000	0.0528682156080209
chr11	99500001	100000000	0.056419073406209
chr11	100000001	100500000	0.0521138280127171
chr11	100500001	101000000	-0.0386659228156432
chr11	101000001	101500000	0.0724584750025616
chr11	101500001	102000000	0.146347188736253
chr11	102000001	102500000	0.0332532188772036
chr11	102500001	103000000	0.0853132721810924
chr11	103000001	103500000	0.0340731476741915
chr11	103500001	104000000	0.0416150946288715
chr11	104000001	104500000	-0.0241408882312076
chr11	104500001	105000000	0.0636860567759129
chr11	105000001	105500000	0.00467795500673582
chr11	105500001	106000000	-0.0168737869437828
chr11	106000001	106500000	0.0358526304471804
chr11	106500001	107000000	-0.0393582735413355
chr11	107000001	107500000	0.0607179669138984
chr11	107500001	108000000	0.128867059839459
chr11	108000001	108500000	0.0600089642992744
chr11	108500001	109000000	-0.0709360900139513
chr11	109000001	109500000	0.08793157015672
chr11	109500001	110000000	-0.00953462376473683
chr11	110000001	110500000	0.19100580661616
chr11	110500001	111000000	0.103180444899974
chr11	111000001	111500000	0.131113500378107
chr11	111500001	112000000	0.0704181856957573
chr11	112000001	112500000	0.14162865124243
chr11	112500001	113000000	0.0464322697027967
chr11	113000001	113500000	0.0379948816136122
chr11	113500001	114000000	-0.091729777174578
chr11	114000001	114500000	0.0520584617836546
chr11	114500001	115000000	0.110868355270263
chr11	115000001	115500000	-0.0574341109945129
chr11	115500001	116000000	0.110111087514023
chr11	116000001	116500000	0.082327599813271
chr11	116500001	117000000	0.130141758805587
chr11	117000001	117500000	0.0904830718968943
chr11	117500001	118000000	0.0484910591736293
chr11	118000001	118500000	0.17418289933061
chr11	118500001	119000000	0.198664964115526
chr11	119000001	119500000	0.149982495373621
chr11	119500001	120000000	0.13793868342274
chr11	120000001	120500000	0.0656313183809074
chr11	120500001	121000000	-0.009790727746679
chr11	121000001	121500000	0.0363267211574501
chr11	121500001	122000000	-0.0114884310120308
chr11	122000001	122500000	-0.0663956310055389
chr11	122500001	123000000	0.011537849437804
chr11	123000001	123500000	0.062845729736013
chr11	123500001	124000000	0.00546317654567936
chr11	124000001	124500000	0.113301044499013
chr11	124500001	125000000	0.0596714365438047
chr11	125000001	125500000	-0.0190355716261482
chr11	125500001	126000000	-0.0253174323003163
chr11	126000001	126500000	0.0116112851760391
chr11	126500001	127000000	0.0606362662337977
chr11	127000001	127500000	0.0417647108371776
chr11	127500001	128000000	-0.0209514163915029
chr11	128000001	128500000	0.0830512751900728
chr11	128500001	129000000	0.0454451686480201
chr11	129000001	129500000	-0.0120665121875229
chr11	129500001	130000000	0.0365905685199116
chr11	130000001	130500000	0.0267891767279394
chr11	130500001	131000000	-0.042488706836245
chr11	131000001	131500000	0.0251789722479201
chr11	131500001	132000000	-0.0289729341881516
chr11	132000001	132500000	-0.00939679358354226
chr11	132500001	133000000	-0.0019702173432894
chr11	133000001	133500000	0.0802124385304791
chr11	133500001	134000000	0.0150467522245479
chr11	134000001	134500000	-0.0720482644979291
chr11	134500001	135000000	0.0794150940454789
chr11	135000001	135500000	NA
chr12	1	500000	NA
chr12	500001	1000000	0.325981902276692
chr12	1000001	1500000	0.233260377265919
chr12	1500001	2000000	-0.0312894191418889
chr12	2000001	2500000	0.00127247191268919
chr12	2500001	3000000	0.0869814966570778
chr12	3000001	3500000	0.042093999929733
chr12	3500001	4000000	0.00767645494436338
chr12	4000001	4500000	0.119193190735667
chr12	4500001	5000000	0.0586558973216966
chr12	5000001	5500000	0.103501146397156
chr12	5500001	6000000	-0.00469064047518489
chr12	6000001	6500000	0.0467207434573254
chr12	6500001	7000000	NA
chr12	7000001	7500000	NA
chr12	7500001	8000000	0.0127381158042767
chr12	8500001	9000000	0.0438387875892369
chr12	9000001	9500000	0.0559568493299577
chr12	9500001	10000000	-0.0539497286744681
chr12	10000001	10500000	0.199097935475052
chr12	10500001	11000000	0.129134006560327
chr12	11000001	11500000	0.252520175224027
chr12	11500001	12000000	0.281121096394294
chr12	12000001	12500000	0.104428626492136
chr12	12500001	13000000	0.0428699925799289
chr12	13000001	13500000	0.183342374987988
chr12	13500001	14000000	0.134080628840917
chr12	14000001	14500000	0.17728146243177
chr12	14500001	15000000	0.158229336544171
chr12	15000001	15500000	0.172611463000491
chr12	15500001	16000000	0.061151632144513
chr12	16000001	16500000	0.183345735297737
chr12	16500001	17000000	0.0955319343438438
chr12	17000001	17500000	0.00830228413674716
chr12	17500001	18000000	0.0498634158973657
chr12	18000001	18500000	-0.0252010818607444
chr12	18500001	19000000	0.0265973065260024
chr12	19000001	19500000	0.000426421799385161
chr12	19500001	20000000	0.128826248446866
chr12	20000001	20500000	-0.00827862935843122
chr12	20500001	21000000	0.0767760581919853
chr12	21000001	21500000	0.0619678756308325
chr12	21500001	22000000	0.0384791686010744
chr12	22000001	22500000	0.0148860933078917
chr12	22500001	23000000	0.104849222821226
chr12	23000001	23500000	0.114197745884595
chr12	23500001	24000000	-0.0436229764109975
chr12	24000001	24500000	-0.053579568957307
chr12	24500001	25000000	0.0246183343250832
chr12	25000001	25500000	0.100238396863851
chr12	25500001	26000000	-0.0121033512050928
chr12	26000001	26500000	0.0782474891733049
chr12	26500001	27000000	0.0208933013836696
chr12	27000001	27500000	0.0414382129538517
chr12	27500001	28000000	-0.000279034334080407
chr12	28000001	28500000	0.0209665121363737
chr12	28500001	29000000	-0.0119316038199841
chr12	29000001	29500000	0.0639495024518809
chr12	29500001	30000000	0.0144210194596477
chr12	30000001	30500000	0.010954324656805
chr12	30500001	31000000	0.147154858380359
chr12	31000001	31500000	0.132580644458435
chr12	31500001	32000000	0.00677551204156676
chr12	32000001	32500000	-0.007456473847233
chr12	32500001	33000000	0.0154655738699055
chr12	38000001	38500000	-0.119963297644649
chr12	38500001	39000000	-0.0166726857496081
chr12	39000001	39500000	-0.149510214423561
chr12	39500001	40000000	-0.188865439841515
chr12	40000001	40500000	-0.00694988000273582
chr12	40500001	41000000	-0.0808672881848473
chr12	41000001	41500000	-0.163531597124852
chr12	41500001	42000000	-0.162530078382462
chr12	42000001	42500000	-0.16686273051038
chr12	42500001	43000000	-0.131308502518752
chr12	43000001	43500000	-0.071569728520876
chr12	43500001	44000000	-0.154039426532
chr12	44000001	44500000	-0.200131497769856
chr12	44500001	45000000	-0.260757552697499
chr12	45000001	45500000	-0.156161149210234
chr12	45500001	46000000	-0.114811046166485
chr12	46000001	46500000	-0.0902859482427784
chr12	46500001	47000000	-0.142004150468082
chr12	47000001	47500000	-0.012916384901826
chr12	47500001	48000000	0.0180035696336575
chr12	48000001	48500000	-0.109099551074392
chr12	48500001	49000000	-0.116237445392895
chr12	49000001	49500000	-0.138381783187641
chr12	49500001	50000000	-0.100009161369543
chr12	50000001	50500000	-0.00742082155911937
chr12	50500001	51000000	0.027109667247809
chr12	51000001	51500000	0.107312712328123
chr12	51500001	52000000	0.160061850327867
chr12	52000001	52500000	0.0551454015291418
chr12	52500001	53000000	-0.0288023402449877
chr12	53000001	53500000	0.0283300741552789
chr12	53500001	54000000	0.0805314884560875
chr12	54000001	54500000	0.213251470264579
chr12	54500001	55000000	0.113094623771238
chr12	55000001	55500000	0.128791369224492
chr12	55500001	56000000	0.0376587140461146
chr12	56000001	56500000	0.177342331724546
chr12	56500001	57000000	0.0995965301989972
chr12	57000001	57500000	0.00273222784956752
chr12	57500001	58000000	0.100535276750807
chr12	58000001	58500000	0.0288189991632165
chr12	58500001	59000000	0.0519105572728362
chr12	59000001	59500000	-0.0519299533899548
chr12	59500001	60000000	0.0797683208992847
chr12	60000001	60500000	-0.0607437451692759
chr12	60500001	61000000	0.0478912627059952
chr12	61000001	61500000	-0.0304968833582639
chr12	61500001	62000000	0.184833982758217
chr12	62000001	62500000	0.0301644503728216
chr12	62500001	63000000	-0.0122102715993666
chr12	63000001	63500000	0.042384502135586
chr12	63500001	64000000	0.174236748691751
chr12	64000001	64500000	0.0440840093494481
chr12	64500001	65000000	0.10433315070628
chr12	65000001	65500000	0.10065274659622
chr12	65500001	66000000	-0.0766231851717175
chr12	66000001	66500000	0.157158767917532
chr12	66500001	67000000	0.0544622462181435
chr12	67000001	67500000	-0.0403630428903271
chr12	67500001	68000000	0.0944688292612391
chr12	68000001	68500000	0.0352329366176975
chr12	68500001	69000000	0.0975638923970708
chr12	69000001	69500000	0.129850823502586
chr12	69500001	70000000	0.0462587922913426
chr12	70000001	70500000	0.099003435258779
chr12	70500001	71000000	0.00354447802709041
chr12	71000001	71500000	-0.0836377167028433
chr12	71500001	72000000	0.0622639379601236
chr12	72000001	72500000	-0.0314810231684837
chr12	72500001	73000000	0.0457591287618915
chr12	73000001	73500000	-0.0232746541697184
chr12	73500001	74000000	-0.121509186276195
chr12	74000001	74500000	0.0687838131781562
chr12	74500001	75000000	0.00311622735781218
chr12	75000001	75500000	-0.0229105059563052
chr12	75500001	76000000	-0.0026920115424745
chr12	76000001	76500000	0.0182679786383956
chr12	76500001	77000000	0.0503270633482528
chr12	77000001	77500000	0.055748780985311
chr12	77500001	78000000	0.0551680204585405
chr12	78000001	78500000	-0.0818849903242316
chr12	78500001	79000000	-0.0957534114383026
chr12	79000001	79500000	0.0163070981888955
chr12	79500001	80000000	-0.0184379792726956
chr12	80000001	80500000	0.0635070674590733
chr12	80500001	81000000	-0.017917013021455
chr12	81000001	81500000	-0.0634077391488279
chr12	81500001	82000000	-0.0354435074476975
chr12	82000001	82500000	0.0160639124287827
chr12	82500001	83000000	0.0706887194515833
chr12	83000001	83500000	-0.00156771498782981
chr12	83500001	84000000	0.10438243746319
chr12	84000001	84500000	-0.11058426844163
chr12	84500001	85000000	-0.03968313719761
chr12	85000001	85500000	0.0226914784402097
chr12	85500001	86000000	-0.0826834706299054
chr12	86000001	86500000	-0.0729063281580628
chr12	86500001	87000000	-0.0358503654751992
chr12	87000001	87500000	0.0237699246409354
chr12	87500001	88000000	0.0488739733871658
chr12	88000001	88500000	0.0212198922662724
chr12	88500001	89000000	-0.00308729750471944
chr12	89000001	89500000	0.0842727171852759
chr12	89500001	90000000	0.118270659809711
chr12	90000001	90500000	0.00262654976109636
chr12	90500001	91000000	-0.0747594602124038
chr12	91000001	91500000	-0.01975838657142
chr12	91500001	92000000	-0.00823452271723114
chr12	92000001	92500000	0.0555067875423803
chr12	92500001	93000000	0.0262062612801016
chr12	93000001	93500000	0.0155178266725914
chr12	93500001	94000000	0.129906971936971
chr12	94000001	94500000	0.158747227620384
chr12	94500001	95000000	0.0921071178668705
chr12	95000001	95500000	0.100770602268337
chr12	95500001	96000000	-0.0316961750707444
chr12	96000001	96500000	0.15235105505567
chr12	96500001	97000000	0.0112597849765675
chr12	97000001	97500000	0.0114862935182415
chr12	97500001	98000000	-0.0285742199959725
chr12	98000001	98500000	0.054884411001739
chr12	98500001	99000000	0.043491108751444
chr12	99000001	99500000	0.091513954556641
chr12	99500001	100000000	-0.0212351745208907
chr12	100000001	100500000	0.0708172511081445
chr12	100500001	101000000	-0.00337502737043338
chr12	101000001	101500000	-0.0230520342496361
chr12	101500001	102000000	-0.0421494327611587
chr12	102000001	102500000	-0.0474407921901657
chr12	102500001	103000000	0.0670557059660058
chr12	103000001	103500000	0.0101954868390515
chr12	103500001	104000000	0.0563123801336047
chr12	104000001	104500000	0.11552072792354
chr12	104500001	105000000	0.085500160564801
chr12	105000001	105500000	0.127016611032417
chr12	105500001	106000000	0.0991519757472175
chr12	106000001	106500000	-0.011538456498571
chr12	106500001	107000000	0.115013047260931
chr12	107000001	107500000	0.0513721815549427
chr12	107500001	108000000	-0.0254357278561838
chr12	108000001	108500000	0.04047057055587
chr12	108500001	109000000	-0.00853213378394185
chr12	109000001	109500000	0.00440781697302647
chr12	109500001	110000000	0.122845572514525
chr12	110000001	110500000	0.0474930131872878
chr12	110500001	111000000	0.0456741487990892
chr12	111000001	111500000	0.0752793280857108
chr12	111500001	112000000	-0.0219233212143402
chr12	112000001	112500000	0.0105032103145455
chr12	112500001	113000000	0.0327747804924281
chr12	113000001	113500000	0.0669218061962732
chr12	113500001	114000000	-0.0132753772238189
chr12	114000001	114500000	-0.00308104170402117
chr12	114500001	115000000	0.0478805294255191
chr12	115000001	115500000	-0.0215527613407334
chr12	115500001	116000000	0.0332869368684434
chr12	116000001	116500000	0.125976105216512
chr12	116500001	117000000	0.0608472196915443
chr12	117000001	117500000	-0.00603204208963745
chr12	117500001	118000000	0.0316415503391614
chr12	118000001	118500000	0.0283116363655036
chr12	118500001	119000000	0.036334140496097
chr12	119000001	119500000	-0.0227907532617892
chr12	119500001	120000000	0.0541388581780974
chr12	120000001	120500000	0.0492640103022117
chr12	120500001	121000000	-0.0120450590975491
chr12	121000001	121500000	0.110436613978705
chr12	121500001	122000000	0.00237511332005935
chr12	122000001	122500000	NA
chr12	122500001	123000000	-0.00126306196850058
chr12	123000001	123500000	NA
chr12	123500001	124000000	-0.0218653989775168
chr12	124000001	124500000	0.0491092964604003
chr12	124500001	125000000	0.0302908515993161
chr12	125000001	125500000	-0.0385439846659623
chr12	125500001	126000000	0.0323302872891187
chr12	126000001	126500000	0.00901544202354096
chr12	126500001	127000000	-0.105928016103846
chr12	127000001	127500000	0.0597962273012879
chr12	127500001	128000000	0.0873292134294233
chr12	128000001	128500000	0.0602980409873963
chr12	128500001	129000000	0.0947382850388192
chr12	129000001	129500000	0.0234482456883118
chr12	129500001	130000000	0.0572816066985811
chr12	130000001	130500000	-0.0827034511826418
chr12	130500001	131000000	0.0936689183421741
chr12	131000001	131500000	0.007767368661067
chr12	131500001	132000000	-0.0109511738793969
chr12	132000001	132500000	NA
chr12	132500001	133000000	-0.0705708593761447
chr12	133000001	133500000	NA
chr13	19000001	19500000	-0.125793964990775
chr13	19500001	20000000	-0.0874500561533364
chr13	20000001	20500000	-0.103283180119375
chr13	20500001	21000000	-0.208585710868711
chr13	21000001	21500000	-0.122849986057262
chr13	21500001	22000000	-0.200039068205484
chr13	22000001	22500000	-0.266699295137533
chr13	22500001	23000000	-0.178079725540384
chr13	23000001	23500000	-0.127564631949303
chr13	23500001	24000000	-0.250045208316518
chr13	24000001	24500000	-0.0214723349590018
chr13	24500001	25000000	-0.0904359781945412
chr13	25000001	25500000	0.00472276694765166
chr13	25500001	26000000	-0.179064166592516
chr13	26000001	26500000	-0.149488860599282
chr13	26500001	27000000	-0.14557733067133
chr13	27000001	27500000	-0.0955087827983176
chr13	27500001	28000000	-0.112703386336302
chr13	28000001	28500000	-0.132131573841454
chr13	28500001	29000000	-0.108298581594442
chr13	29000001	29500000	-0.113028404755733
chr13	29500001	30000000	-0.0880148482066493
chr13	30000001	30500000	0.0345341279750018
chr13	30500001	31000000	-0.055859308220392
chr13	31000001	31500000	-0.0792958738597762
chr13	31500001	32000000	-0.00957109392733607
chr13	32000001	32500000	-0.0619502785603457
chr13	32500001	33000000	-0.0698923312698869
chr13	33000001	33500000	-0.107503638893773
chr13	33500001	34000000	-0.176307613837962
chr13	34000001	34500000	-0.126264507214223
chr13	34500001	35000000	-0.0723067168544468
chr13	35000001	35500000	-0.0444686989137148
chr13	35500001	36000000	-0.176440329126186
chr13	36000001	36500000	-0.0601303507937798
chr13	36500001	37000000	-0.059005389520713
chr13	37000001	37500000	-0.160805667376604
chr13	37500001	38000000	-0.0936430038561743
chr13	38000001	38500000	-0.15800697710315
chr13	38500001	39000000	-0.153259081052955
chr13	39000001	39500000	-0.0528961180303368
chr13	39500001	40000000	-0.0528724123263009
chr13	40000001	40500000	-0.0565731292809386
chr13	40500001	41000000	-0.11905587655593
chr13	41000001	41500000	-0.0712279233820474
chr13	41500001	42000000	-0.100291061354245
chr13	42000001	42500000	-0.134844870147431
chr13	42500001	43000000	-0.107156479163772
chr13	43000001	43500000	-0.118803193757695
chr13	43500001	44000000	-0.124053617794463
chr13	44000001	44500000	-0.0992490164146972
chr13	44500001	45000000	-0.0985016491525541
chr13	45000001	45500000	-0.136370158393213
chr13	45500001	46000000	-0.0750633885739601
chr13	46000001	46500000	-0.0621329105015469
chr13	46500001	47000000	-0.0968271490540215
chr13	47000001	47500000	-0.144360105107536
chr13	47500001	48000000	-0.0685554436418209
chr13	48000001	48500000	0.0209527497307679
chr13	48500001	49000000	-0.0739724683289209
chr13	49000001	49500000	-0.119905782243873
chr13	49500001	50000000	-0.0878554025436784
chr13	50000001	50500000	-0.108680773570821
chr13	50500001	51000000	-0.0375810078944689
chr13	51000001	51500000	-0.0686490191822554
chr13	51500001	52000000	-0.115874673120203
chr13	52000001	52500000	-0.112348587975608
chr13	52500001	53000000	-0.116145799212078
chr13	53000001	53500000	-0.133547627032351
chr13	53500001	54000000	-0.248625980992592
chr13	54000001	54500000	-0.118592798681146
chr13	54500001	55000000	-0.0409671097144955
chr13	55000001	55500000	-0.150508271625855
chr13	55500001	56000000	-0.19015619791192
chr13	56000001	56500000	-0.169634461034298
chr13	56500001	57000000	-0.212153888567638
chr13	57000001	57500000	-0.213202104854349
chr13	57500001	58000000	-0.186921390021784
chr13	58000001	58500000	-0.201600863165844
chr13	58500001	59000000	-0.035454720738015
chr13	59000001	59500000	-0.11253433463243
chr13	59500001	60000000	-0.129643356149373
chr13	60000001	60500000	-0.0791900625600439
chr13	60500001	61000000	-0.0700751398922919
chr13	61000001	61500000	-0.212778713293512
chr13	61500001	62000000	-0.207485606971423
chr13	62000001	62500000	-0.213430166203317
chr13	62500001	63000000	NA
chr13	63000001	63500000	-0.10672692859935
chr13	63500001	64000000	-0.302536288317184
chr13	64000001	64500000	-0.213686373258009
chr13	64500001	65000000	-0.151557959467027
chr13	65000001	65500000	-0.138462910536512
chr13	65500001	66000000	-0.174582687276601
chr13	66000001	66500000	-0.17268610490552
chr13	66500001	67000000	-0.113222997404332
chr13	67000001	67500000	-0.0668690089807255
chr13	67500001	68000000	-0.102617935523258
chr13	68000001	68500000	-0.13325988839242
chr13	68500001	69000000	NA
chr13	69000001	69500000	NA
chr13	69500001	70000000	-0.034957684880289
chr13	70000001	70500000	-0.0107494622575449
chr13	70500001	71000000	0.0448008019465504
chr13	71000001	71500000	0.020193505418509
chr13	71500001	72000000	0.0406914103133093
chr13	72000001	72500000	-0.0113795560316787
chr13	72500001	73000000	0.095747445182431
chr13	73000001	73500000	-0.0164509168782113
chr13	73500001	74000000	-0.0137016397887252
chr13	74000001	74500000	-0.144566442879298
chr13	74500001	75000000	0.0534554318857051
chr13	75000001	75500000	-0.0310664549814442
chr13	75500001	76000000	-0.0141275605693828
chr13	76000001	76500000	0.0380995348963308
chr13	76500001	77000000	-0.0289811541374378
chr13	77000001	77500000	0.105009902389876
chr13	77500001	78000000	-0.0226197165570286
chr13	78000001	78500000	0.013513005279285
chr13	78500001	79000000	0.0208834962959569
chr13	79000001	79500000	0.0461074598261252
chr13	79500001	80000000	-0.0697814487068984
chr13	80000001	80500000	0.130285552572559
chr13	80500001	81000000	0.00027731109913956
chr13	81000001	81500000	0.0112690958268673
chr13	81500001	82000000	-0.0735857364549094
chr13	82000001	82500000	-0.0122765280524142
chr13	82500001	83000000	-0.0520400732712428
chr13	83000001	83500000	0.128313395638425
chr13	83500001	84000000	-0.00561928632348373
chr13	84000001	84500000	-0.0534319759252299
chr13	84500001	85000000	0.0375411466150033
chr13	85000001	85500000	0.0696263624703818
chr13	85500001	86000000	-0.028134960127036
chr13	86000001	86500000	NA
chr13	86500001	87000000	0.0372940297527298
chr13	87000001	87500000	0.132696618801725
chr13	87500001	88000000	0.0318653569949583
chr13	88000001	88500000	-0.0451988525534819
chr13	88500001	89000000	-0.0316084160087993
chr13	89000001	89500000	-0.0356472931009434
chr13	89500001	90000000	-0.0278702652820325
chr13	90000001	90500000	0.0497807219326874
chr13	90500001	91000000	0.0357650389225109
chr13	91000001	91500000	0.0550828481663589
chr13	91500001	92000000	0.0526556110767756
chr13	92000001	92500000	-0.0220865776646494
chr13	92500001	93000000	0.109863377217515
chr13	93000001	93500000	0.0210893428600733
chr13	93500001	94000000	0.00334819081980056
chr13	94000001	94500000	0.0286652407182943
chr13	94500001	95000000	0.089715906050915
chr13	95000001	95500000	0.0441359267353455
chr13	95500001	96000000	0.12833742491925
chr13	96000001	96500000	-0.0154489905523998
chr13	96500001	97000000	0.0330700445828855
chr13	97000001	97500000	0.0592792198143894
chr13	97500001	98000000	-0.0367168691443286
chr13	98000001	98500000	0.0658070320055421
chr13	98500001	99000000	0.027643583733262
chr13	99000001	99500000	0.100593300387866
chr13	99500001	100000000	0.065757461607934
chr13	100000001	100500000	0.0368385344582048
chr13	100500001	101000000	NA
chr13	101000001	101500000	0.143216930272824
chr13	101500001	102000000	0.000705627331891435
chr13	102000001	102500000	-0.0464991031321126
chr13	102500001	103000000	-0.00285248424638773
chr13	103000001	103500000	0.0319739656695092
chr13	103500001	104000000	0.0440245355006523
chr13	104000001	104500000	-0.00498540516414702
chr13	104500001	105000000	0.0657828781650017
chr13	105000001	105500000	0.0643297316462148
chr13	105500001	106000000	-0.0398743212187989
chr13	106000001	106500000	0.0842476372844799
chr13	106500001	107000000	0.0160345400226939
chr13	107000001	107500000	0.117713416529234
chr13	107500001	108000000	0.0601434811489652
chr13	108000001	108500000	0.11740808969974
chr13	108500001	109000000	0.0811032027882451
chr13	109000001	109500000	0.0202161978464752
chr13	109500001	110000000	0.14971021277218
chr13	110000001	110500000	0.0514104149776403
chr13	110500001	111000000	-0.00808545758665786
chr13	111000001	111500000	0.0187889432663062
chr13	112000001	112500000	-0.121955563463672
chr13	112500001	113000000	-0.0417954834664462
chr13	113000001	113500000	-0.0876062760768492
chr13	113500001	114000000	NA
chr13	114000001	114500000	NA
chr14	20000001	20500000	0.0543384520237664
chr14	20500001	21000000	0.175365172549327
chr14	21000001	21500000	0.120343753312897
chr14	21500001	22000000	-0.0761225823333826
chr14	22000001	22500000	0.0937844833422183
chr14	22500001	23000000	0.127641556191041
chr14	23000001	23500000	0.0852170455115125
chr14	23500001	24000000	0.154894439791187
chr14	24000001	24500000	0.0996018564740815
chr14	24500001	25000000	-0.0270680857544124
chr14	25000001	25500000	0.0676426494860689
chr14	25500001	26000000	0.0631898232374193
chr14	26000001	26500000	-0.0395359488378678
chr14	26500001	27000000	-0.00433833217866645
chr14	27000001	27500000	0.0284422622788908
chr14	27500001	28000000	0.109653145090733
chr14	28000001	28500000	0.0985161973522789
chr14	28500001	29000000	0.0623890706753649
chr14	29000001	29500000	0.21606837546711
chr14	29500001	30000000	0.0189872735059086
chr14	30000001	30500000	-0.0173360647749757
chr14	30500001	31000000	0.0554828953295851
chr14	31000001	31500000	-0.0163402520628383
chr14	31500001	32000000	-0.00274557862366571
chr14	32000001	32500000	-0.0359618666203445
chr14	32500001	33000000	0.0492736163969141
chr14	33000001	33500000	0.0211540548313799
chr14	33500001	34000000	-0.0264193346095327
chr14	34000001	34500000	0.0912610457107068
chr14	34500001	35000000	0.0082972864130394
chr14	35000001	35500000	0.286779172154337
chr14	35500001	36000000	0.0551056772104298
chr14	36000001	36500000	-0.0286969841535008
chr14	36500001	37000000	-0.0862111147344111
chr14	37000001	37500000	0.0483651749943721
chr14	37500001	38000000	0.0604853852905334
chr14	38000001	38500000	0.040093642459858
chr14	38500001	39000000	0.0767582061919343
chr14	39000001	39500000	0.0601815343945737
chr14	39500001	40000000	-0.0445581690532799
chr14	40000001	40500000	-0.024758064161395
chr14	40500001	41000000	-0.033745723576626
chr14	41000001	41500000	0.00391219881769924
chr14	41500001	42000000	-0.00811447762430302
chr14	42000001	42500000	-0.0334303512718668
chr14	42500001	43000000	-0.0563682969394641
chr14	43000001	43500000	-0.00567292176853384
chr14	43500001	44000000	-0.0925397431412069
chr14	44000001	44500000	0.0773786560892451
chr14	44500001	45000000	-0.0190256585644702
chr14	45000001	45500000	-0.0767759168297746
chr14	45500001	46000000	0.0261880675607066
chr14	46000001	46500000	0.0683965550418842
chr14	46500001	47000000	0.0807555415728434
chr14	47000001	47500000	0.0102884683342046
chr14	47500001	48000000	0.0196326376451808
chr14	48000001	48500000	0.0559743674274811
chr14	48500001	49000000	0.0608846043894133
chr14	49000001	49500000	-0.0614514557440963
chr14	49500001	50000000	0.0564647331136363
chr14	50000001	50500000	0.0699311883980197
chr14	50500001	51000000	0.14845641367297
chr14	51000001	51500000	0.148731693909758
chr14	51500001	52000000	0.0203730831216464
chr14	52000001	52500000	0.0770193661096341
chr14	52500001	53000000	0.0453682709801329
chr14	53000001	53500000	0.0757060294681362
chr14	53500001	54000000	-0.0140134130857791
chr14	54000001	54500000	0.0640125869954852
chr14	54500001	55000000	0.0890585274116054
chr14	55000001	55500000	0.0397312401732793
chr14	55500001	56000000	-0.0437717616606645
chr14	56000001	56500000	0.0378643047034422
chr14	56500001	57000000	-0.0214509893824145
chr14	57000001	57500000	-0.0992542759220805
chr14	57500001	58000000	0.0276171638518913
chr14	58000001	58500000	0.0706414750718635
chr14	58500001	59000000	0.0472506272795231
chr14	59000001	59500000	0.0355310344377955
chr14	59500001	60000000	0.0448576397662053
chr14	60000001	60500000	0.0560781036620718
chr14	60500001	61000000	-0.0809122631274936
chr14	61000001	61500000	0.019542414650536
chr14	61500001	62000000	-0.157933917623135
chr14	62000001	62500000	-0.205986077702427
chr14	62500001	63000000	-0.0194440364120367
chr14	63000001	63500000	-0.155081106299347
chr14	63500001	64000000	-0.0853672422131433
chr14	64000001	64500000	-0.163868498021521
chr14	64500001	65000000	-0.0917523946971842
chr14	65000001	65500000	-0.0712945891120761
chr14	65500001	66000000	-0.0914085923848988
chr14	66000001	66500000	-0.0377618774954599
chr14	66500001	67000000	-0.104989017837583
chr14	67000001	67500000	-0.153522497565967
chr14	67500001	68000000	-0.0917014311783927
chr14	68000001	68500000	-0.0759115905429052
chr14	68500001	69000000	-0.0626346351674048
chr14	69000001	69500000	-0.0961131773208844
chr14	69500001	70000000	-0.10406096790822
chr14	70000001	70500000	-0.13683973325063
chr14	70500001	71000000	-0.149979949170753
chr14	71000001	71500000	-0.107942260486263
chr14	71500001	72000000	-0.0881501078157253
chr14	72000001	72500000	-0.160243590275244
chr14	72500001	73000000	-0.110464309095991
chr14	73000001	73500000	-0.166975822382119
chr14	73500001	74000000	-0.10114501417471
chr14	74000001	74500000	-0.150693915415139
chr14	74500001	75000000	-0.11800993499963
chr14	75000001	75500000	-0.0435615327007917
chr14	75500001	76000000	-0.121710612016604
chr14	76000001	76500000	-0.154180266026476
chr14	76500001	77000000	-0.0766082540628224
chr14	77000001	77500000	-0.0799015179655931
chr14	77500001	78000000	-0.0656885969272675
chr14	78000001	78500000	-0.0939637946047292
chr14	78500001	79000000	-0.130892964643617
chr14	79000001	79500000	-0.119794752225302
chr14	79500001	80000000	-0.106631373896705
chr14	80000001	80500000	-0.126169044844513
chr14	80500001	81000000	-0.0302295913346373
chr14	81000001	81500000	-0.118793576518651
chr14	81500001	82000000	-0.0333837194590676
chr14	82000001	82500000	-0.0673961208536021
chr14	82500001	83000000	-0.153194413238417
chr14	83000001	83500000	-0.0146379919090715
chr14	83500001	84000000	0.0819820547726331
chr14	84000001	84500000	-0.0252343419507701
chr14	84500001	85000000	0.026124423924816
chr14	85000001	85500000	-0.0282387829865193
chr14	85500001	86000000	0.112026977159937
chr14	86000001	86500000	0.104955753098397
chr14	86500001	87000000	-0.0796149058998351
chr14	87000001	87500000	0.0255845751393744
chr14	87500001	88000000	-0.037529993809939
chr14	88000001	88500000	0.0773007206154815
chr14	88500001	89000000	0.00384253604303366
chr14	89000001	89500000	0.0282643517458685
chr14	89500001	90000000	0.190723291944977
chr14	90000001	90500000	0.271250952026237
chr14	90500001	91000000	0.270359700292033
chr14	91000001	91500000	0.207724503516795
chr14	91500001	92000000	0.270700463181738
chr14	92000001	92500000	0.183414325986473
chr14	92500001	93000000	0.0900997466815302
chr14	93000001	93500000	-0.00395512239051771
chr14	93500001	94000000	-0.0133305134689197
chr14	94000001	94500000	0.11138880761321
chr14	94500001	95000000	-0.0263601060012958
chr14	95000001	95500000	0.0255561532247546
chr14	95500001	96000000	0.00440067955650772
chr14	96000001	96500000	-0.0429625743791281
chr14	96500001	97000000	0.0681582645076036
chr14	97000001	97500000	0.0483289866676767
chr14	97500001	98000000	-0.0403882599475978
chr14	98000001	98500000	-0.0260031838792202
chr14	98500001	99000000	0.0314386184221966
chr14	99000001	99500000	0.00886922247539677
chr14	99500001	100000000	-0.0166028541882724
chr14	100000001	100500000	0.117343642484247
chr14	100500001	101000000	0.112718725514363
chr14	101000001	101500000	-0.0479264029939901
chr14	101500001	102000000	-0.0114323906523078
chr14	102000001	102500000	0.0567899243876276
chr14	102500001	103000000	0.0873971501652353
chr14	103000001	103500000	0.0337254836956621
chr14	103500001	104000000	-0.0502152564261996
chr14	104000001	104500000	-0.0493989800926815
chr14	104500001	105000000	0.115443572425936
chr14	105000001	105500000	0.0166851300168271
chr14	106000001	106500000	0.345547989986093
chr15	23500001	24000000	-0.0467894292902204
chr15	24500001	25000000	-0.00317097131973632
chr15	25000001	25500000	0.00374689909605382
chr15	25500001	26000000	-0.110475396206267
chr15	26000001	26500000	-0.0944377794098674
chr15	26500001	27000000	0.0385721216184428
chr15	27000001	27500000	NA
chr15	27500001	28000000	0.0743166533832917
chr15	29000001	29500000	-0.0814262798288334
chr15	29500001	30000000	-0.00835760166439387
chr15	31000001	31500000	0.0725545737487996
chr15	31500001	32000000	0.188709292169654
chr15	32500001	33000000	0.0738648374488981
chr15	33000001	33500000	-0.0032970323136343
chr15	33500001	34000000	0.0317377067745803
chr15	34000001	34500000	0.138581412830175
chr15	34500001	35000000	0.11128474163115
chr15	35000001	35500000	-0.0112391308449614
chr15	35500001	36000000	0.0578189475265843
chr15	36000001	36500000	-0.0137552315875634
chr15	36500001	37000000	0.0564467998318247
chr15	37000001	37500000	0.00876188040641946
chr15	37500001	38000000	0.120679944677901
chr15	38000001	38500000	0.0675456011812841
chr15	38500001	39000000	0.122709684202255
chr15	39000001	39500000	0.105443887255105
chr15	39500001	40000000	0.0351336097394418
chr15	40000001	40500000	0.0591364905682842
chr15	40500001	41000000	-0.0237435117678745
chr15	41000001	41500000	0.0967952002631961
chr15	41500001	42000000	-0.0953302857504558
chr15	42000001	42500000	0.0261369458078633
chr15	42500001	43000000	0.107815189396851
chr15	43000001	43500000	0.0383271337155012
chr15	43500001	44000000	-0.210109874594039
chr15	44000001	44500000	0.128370560049722
chr15	44500001	45000000	0.0524516833421417
chr15	45000001	45500000	-0.0809191429456049
chr15	45500001	46000000	-0.164967063958826
chr15	46000001	46500000	-0.146631615079594
chr15	46500001	47000000	-0.192669447961014
chr15	47000001	47500000	-0.18035475074671
chr15	47500001	48000000	-0.265541192302562
chr15	48000001	48500000	-0.124270407817831
chr15	48500001	49000000	-0.109958897607554
chr15	49000001	49500000	-0.132211368497672
chr15	49500001	50000000	-0.0532220165993824
chr15	50000001	50500000	-0.091748379736846
chr15	50500001	51000000	-0.0455170981897908
chr15	51000001	51500000	0.0163086049604149
chr15	51500001	52000000	-0.035968681430405
chr15	52000001	52500000	-0.0877975670248433
chr15	52500001	53000000	-0.173665135501367
chr15	53000001	53500000	-0.126680258205821
chr15	53500001	54000000	-0.205319919909483
chr15	54000001	54500000	-0.0880148699562874
chr15	54500001	55000000	-0.0734908506072759
chr15	55000001	55500000	-0.0599867277004932
chr15	55500001	56000000	-0.130384546782403
chr15	56000001	56500000	-0.0522665393445858
chr15	56500001	57000000	-0.103686600186257
chr15	57000001	57500000	-0.1011633870293
chr15	57500001	58000000	-0.211912222548844
chr15	58000001	58500000	-0.173249835367703
chr15	58500001	59000000	-0.118644936729627
chr15	59000001	59500000	-0.14063478204981
chr15	59500001	60000000	0.0403478833677932
chr15	60000001	60500000	0.100940738817144
chr15	60500001	61000000	0.0999042173832641
chr15	61000001	61500000	0.00365812184411365
chr15	61500001	62000000	0.0652076897072148
chr15	62000001	62500000	-0.0116966745424265
chr15	62500001	63000000	0.0735425994037706
chr15	63000001	63500000	0.162840062697663
chr15	63500001	64000000	0.148655395895915
chr15	64000001	64500000	0.111264260810978
chr15	64500001	65000000	0.0432870651682958
chr15	65000001	65500000	0.0875008094942341
chr15	65500001	66000000	-0.0151712054377207
chr15	66000001	66500000	0.0591279995136235
chr15	66500001	67000000	0.0595055329750641
chr15	67000001	67500000	-0.0832012786690832
chr15	67500001	68000000	0.045032426144005
chr15	68000001	68500000	0.121799515357872
chr15	68500001	69000000	0.0974330560225561
chr15	69000001	69500000	0.0866462391578379
chr15	69500001	70000000	0.0890359720459633
chr15	70000001	70500000	0.132997957895736
chr15	70500001	71000000	0.130355560806914
chr15	71000001	71500000	0.0684264100468965
chr15	71500001	72000000	0.0077189712441678
chr15	72000001	72500000	-0.0360921953896217
chr15	72500001	73000000	0.0188687342673243
chr15	73000001	73500000	-0.0674103999224141
chr15	73500001	74000000	0.00778258711541489
chr15	74000001	74500000	-0.0333802215930293
chr15	74500001	75000000	-0.0234986220295429
chr15	75000001	75500000	-0.119253834926695
chr15	75500001	76000000	-0.114469321468645
chr15	76000001	76500000	0.00800756364319423
chr15	76500001	77000000	0.0189353054592337
chr15	77000001	77500000	0.127487194302518
chr15	77500001	78000000	0.0641856051657357
chr15	78000001	78500000	0.0589784015303385
chr15	78500001	79000000	0.00394571691608347
chr15	79000001	79500000	-0.0220354493687129
chr15	79500001	80000000	0.0738021841522954
chr15	80000001	80500000	0.0369154358005582
chr15	80500001	81000000	0.0510707636795572
chr15	81000001	81500000	0.128781571456824
chr15	81500001	82000000	0.119625849790944
chr15	82500001	83000000	0.0171514623891784
chr15	83000001	83500000	0.050204095011456
chr15	83500001	84000000	0.0481357739865963
chr15	84500001	85000000	-0.107181367717478
chr15	85000001	85500000	-0.0095284649087412
chr15	85500001	86000000	0.0208413499836552
chr15	86000001	86500000	0.102647565349505
chr15	86500001	87000000	0.035074525857924
chr15	87000001	87500000	0.0442156315872404
chr15	87500001	88000000	0.0607229550845726
chr15	88000001	88500000	0.0539697263476878
chr15	88500001	89000000	0.0169232459264075
chr15	89000001	89500000	-0.0257375891624788
chr15	89500001	90000000	0.160568318532123
chr15	90000001	90500000	0.198119380252038
chr15	90500001	91000000	0.251583880015795
chr15	91000001	91500000	0.22113957435509
chr15	91500001	92000000	0.26734010747152
chr15	92000001	92500000	0.230892892567961
chr15	92500001	93000000	0.317415788545136
chr15	93000001	93500000	0.301116963845146
chr15	93500001	94000000	0.198703918070127
chr15	94000001	94500000	0.223445520334546
chr15	94500001	95000000	0.321430883073973
chr15	95000001	95500000	0.227941958166509
chr15	95500001	96000000	0.22687063827262
chr15	96000001	96500000	0.163367628434107
chr15	96500001	97000000	0.199937641844063
chr15	97000001	97500000	0.22527245476523
chr15	97500001	98000000	0.0914211298544916
chr15	98000001	98500000	0.333436937285489
chr15	98500001	99000000	0.168183856573056
chr15	99000001	99500000	0.292182954551731
chr15	99500001	100000000	0.247450967821333
chr15	100000001	100500000	0.213345877332378
chr15	100500001	101000000	0.254427112920518
chr15	101000001	101500000	0.210075362026623
chr16	1	500000	NA
chr16	500001	1000000	NA
chr16	1000001	1500000	NA
chr16	1500001	2000000	-0.0661792918758053
chr16	2000001	2500000	-0.228193881796462
chr16	2500001	3000000	-0.334091042602244
chr16	3000001	3500000	0.0166487407560135
chr16	3500001	4000000	-0.226470713696803
chr16	4000001	4500000	-0.0630761261966873
chr16	4500001	5000000	-0.102106061541069
chr16	5000001	5500000	0.0329048212134051
chr16	5500001	6000000	-0.213976545067496
chr16	6000001	6500000	-0.19000468682706
chr16	6500001	7000000	-0.105503668491644
chr16	7000001	7500000	-0.0863196424459082
chr16	7500001	8000000	-0.177937359747079
chr16	8000001	8500000	-0.118337319045955
chr16	8500001	9000000	-0.13156346632255
chr16	9000001	9500000	-0.159063039930989
chr16	9500001	10000000	-0.15093894389931
chr16	10000001	10500000	-0.115450755107971
chr16	10500001	11000000	-0.0888122915839089
chr16	11000001	11500000	-0.0672273738792548
chr16	11500001	12000000	-0.0501448396439253
chr16	12000001	12500000	-0.0998958705783973
chr16	12500001	13000000	-0.0455011090572485
chr16	13000001	13500000	-0.181037674676263
chr16	13500001	14000000	-0.11968787782151
chr16	14000001	14500000	-0.119230997116803
chr16	15500001	16000000	-0.169973746366036
chr16	17000001	17500000	-0.0290671939172861
chr16	17500001	18000000	-0.0191022074229209
chr16	19000001	19500000	-0.081316893051285
chr16	19500001	20000000	-0.0903438582988425
chr16	20000001	20500000	-0.0517086210511683
chr16	20500001	21000000	-0.118920253064607
chr16	22000001	22500000	-0.311528716381994
chr16	22500001	23000000	0.0901641279881753
chr16	23000001	23500000	-0.213948703625824
chr16	23500001	24000000	-0.120750710563583
chr16	24000001	24500000	-0.0764848225881494
chr16	24500001	25000000	-0.085509184691364
chr16	25000001	25500000	-0.0691068922576338
chr16	25500001	26000000	-0.149818116089992
chr16	26000001	26500000	-0.119437237826055
chr16	26500001	27000000	-0.127959203066202
chr16	27000001	27500000	0.043570615731051
chr16	27500001	28000000	-0.088292614075109
chr16	28000001	28500000	-0.257644082493625
chr16	29500001	30000000	-0.0763944171009976
chr16	30500001	31000000	0.164846003281209
chr16	31000001	31500000	0.108720301802913
chr16	31500001	32000000	0.0382510111028352
chr16	46500001	47000000	0.0966221944114853
chr16	47000001	47500000	0.0649675176998631
chr16	47500001	48000000	0.055771551494537
chr16	48000001	48500000	0.129505673406077
chr16	48500001	49000000	0.0688226490383137
chr16	49000001	49500000	0.00781104477782478
chr16	49500001	50000000	-0.00682620120050512
chr16	50000001	50500000	-0.0307285831375655
chr16	50500001	51000000	-0.0930850439206942
chr16	51000001	51500000	-0.14431507643435
chr16	51500001	52000000	-0.219091427054614
chr16	52000001	52500000	-0.250955887857766
chr16	52500001	53000000	-0.181270341499453
chr16	53000001	53500000	-0.131687336384784
chr16	53500001	54000000	-0.151472794922184
chr16	54000001	54500000	-0.10369643557428
chr16	54500001	55000000	-0.121274579798316
chr16	55000001	55500000	-0.077246776034139
chr16	55500001	56000000	-0.0441867411119541
chr16	56000001	56500000	-0.0436989719813606
chr16	56500001	57000000	-0.107451759286428
chr16	57000001	57500000	-0.0191597952849893
chr16	57500001	58000000	-0.0641867368524717
chr16	58000001	58500000	-0.139518292562204
chr16	58500001	59000000	-0.090960659636727
chr16	59000001	59500000	-0.118840755281914
chr16	59500001	60000000	-0.0614090008976962
chr16	60000001	60500000	-0.206552175209954
chr16	60500001	61000000	-0.192374291866436
chr16	61000001	61500000	-0.160617312564806
chr16	61500001	62000000	-0.214421136764787
chr16	62000001	62500000	-0.168050707973596
chr16	62500001	63000000	-0.0919164550569801
chr16	63000001	63500000	-0.0572307904109136
chr16	63500001	64000000	-0.144131294595866
chr16	64000001	64500000	-0.218655419932947
chr16	64500001	65000000	-0.165463979626166
chr16	65000001	65500000	-0.140569110740967
chr16	65500001	66000000	-0.15934130003698
chr16	66000001	66500000	-0.105652732646531
chr16	66500001	67000000	-0.125077851043542
chr16	67000001	67500000	-0.118199514835044
chr16	67500001	68000000	-0.0466808820996785
chr16	68000001	68500000	-0.118342654391136
chr16	68500001	69000000	-0.293857203546527
chr16	69000001	69500000	-0.0967597260670586
chr16	69500001	70000000	-0.274082134034659
chr16	70500001	71000000	-0.138531725094398
chr16	71000001	71500000	-0.262157083291014
chr16	71500001	72000000	-0.0561448787269451
chr16	72000001	72500000	-0.122786241163315
chr16	72500001	73000000	0.00980430627567408
chr16	73000001	73500000	-0.216191908552955
chr16	73500001	74000000	-0.161926575237139
chr16	74000001	74500000	-0.193038050534157
chr16	74500001	75000000	-0.204558124119023
chr16	75000001	75500000	-0.143044595653354
chr16	75500001	76000000	-0.127924656394947
chr16	76000001	76500000	-0.186602821309107
chr16	76500001	77000000	-0.154035804235806
chr16	77000001	77500000	-0.208800711847989
chr16	77500001	78000000	-0.114838855464454
chr16	78000001	78500000	-0.168012565138373
chr16	78500001	79000000	-0.038042762738935
chr16	79000001	79500000	-0.0241629059999904
chr16	79500001	80000000	-0.100574216487316
chr16	80000001	80500000	-0.0701267322024188
chr16	80500001	81000000	-0.0684891710724682
chr16	81000001	81500000	-0.116913894365089
chr16	81500001	82000000	0.00687394551389463
chr16	82000001	82500000	-0.106595338683621
chr16	82500001	83000000	-0.122523458256876
chr16	83000001	83500000	-0.103362487730269
chr16	83500001	84000000	-0.192600579247108
chr16	84000001	84500000	0.00165446803802571
chr16	84500001	85000000	0.0848914449401318
chr16	85000001	85500000	-0.157428133387021
chr16	85500001	86000000	-0.0891829690985474
chr16	86000001	86500000	-0.0614182200961275
chr16	86500001	87000000	-0.143985944706758
chr16	87000001	87500000	-0.0479901252674693
chr16	87500001	88000000	-0.0817311650155202
chr16	88000001	88500000	NA
chr16	88500001	89000000	0.0395891908030227
chr16	89000001	89500000	-0.167209244819667
chr16	89500001	90000000	-0.00880328284596624
chr17	500001	1000000	0.150765767724042
chr17	1000001	1500000	-0.0379339840034613
chr17	1500001	2000000	0.0731837071526909
chr17	2000001	2500000	0.0278115713529744
chr17	2500001	3000000	-0.012965552532107
chr17	3000001	3500000	0.0963509207812183
chr17	3500001	4000000	-0.00914072672788483
chr17	4000001	4500000	0.124316537540437
chr17	4500001	5000000	0.00211469318517464
chr17	5000001	5500000	0.0470818249500434
chr17	5500001	6000000	-0.128050719356928
chr17	6000001	6500000	-0.0405974991277251
chr17	6500001	7000000	-0.0685125703306386
chr17	7000001	7500000	-0.00214943883664973
chr17	7500001	8000000	0.0204265415269579
chr17	8000001	8500000	-0.00907398840320892
chr17	8500001	9000000	-0.0166927120925662
chr17	9000001	9500000	-0.179507156905916
chr17	9500001	10000000	-0.106256442169997
chr17	10000001	10500000	-0.0622492118587308
chr17	10500001	11000000	-0.0640325587065902
chr17	11000001	11500000	-0.185229784369271
chr17	11500001	12000000	-0.0882138226222941
chr17	12000001	12500000	-0.0501199710533637
chr17	12500001	13000000	-0.281140924021979
chr17	13000001	13500000	-0.199259145729585
chr17	13500001	14000000	-0.176094702635998
chr17	14000001	14500000	-0.0591876026535615
chr17	14500001	15000000	-0.107033586130545
chr17	15000001	15500000	-0.13861134132265
chr17	16000001	16500000	0.0321522902991576
chr17	17000001	17500000	-0.104001172495394
chr17	17500001	18000000	-0.023661105933601
chr17	18000001	18500000	-0.236913055661645
chr17	19500001	20000000	-0.159954955773392
chr17	20000001	20500000	-0.054207889186467
chr17	21000001	21500000	0.101787917228159
chr17	27500001	28000000	-0.136432535026852
chr17	28000001	28500000	-0.0840811112497744
chr17	28500001	29000000	-0.0638852892321506
chr17	29000001	29500000	-0.0408129143588007
chr17	29500001	30000000	-0.101733716187284
chr17	30000001	30500000	0.00780132925487097
chr17	30500001	31000000	-0.127563720147544
chr17	31000001	31500000	0.0266109100214105
chr17	31500001	32000000	-0.0622927184866802
chr17	32000001	32500000	-0.116506640675695
chr17	32500001	33000000	-0.0974126091406423
chr17	33000001	33500000	-0.178323046478927
chr17	33500001	34000000	-0.118315320697745
chr17	34000001	34500000	0.0162653499336416
chr17	34500001	35000000	-0.0593155065712084
chr17	35000001	35500000	-0.0867425062398733
chr17	35500001	36000000	-0.0138477128844367
chr17	36500001	37000000	-0.116750831958166
chr17	37000001	37500000	-0.127295883220798
chr17	37500001	38000000	-0.173178608902918
chr17	38500001	39000000	-0.099137765685152
chr17	39000001	39500000	-0.13483370416
chr17	39500001	40000000	-0.104633554064924
chr17	40000001	40500000	-0.0501134662358489
chr17	40500001	41000000	-0.0662550211395161
chr17	41000001	41500000	-0.0482053734250106
chr17	41500001	42000000	-0.189291016581936
chr17	42000001	42500000	-0.0476163902602547
chr17	42500001	43000000	-0.106989456012005
chr17	43000001	43500000	-0.207204706432911
chr17	43500001	44000000	-0.101248455432084
chr17	44000001	44500000	-0.158103080769426
chr17	44500001	45000000	-0.179619084139754
chr17	45000001	45500000	-0.0527770472830812
chr17	45500001	46000000	-0.0513158180435828
chr17	47000001	47500000	-0.0664566379037404
chr17	47500001	48000000	-0.221041130410129
chr17	48000001	48500000	0.0443024173203593
chr17	48500001	49000000	-0.000390654588430413
chr17	49000001	49500000	0.047396140728366
chr17	49500001	50000000	0.0597409777816474
chr17	50000001	50500000	0.0926288351186768
chr17	50500001	51000000	-0.0179881713429813
chr17	51000001	51500000	0.0509318642021227
chr17	51500001	52000000	0.0379794018056184
chr17	52000001	52500000	-0.0128896310002807
chr17	52500001	53000000	0.000116038080602014
chr17	53000001	53500000	-0.0146953442076903
chr17	53500001	54000000	0.0434989310284106
chr17	54000001	54500000	-0.0169547669712904
chr17	54500001	55000000	0.0340863797002287
chr17	55000001	55500000	-0.0329972336214227
chr17	55500001	56000000	0.0731763983482951
chr17	56000001	56500000	0.0842010419541644
chr17	56500001	57000000	0.0894791509605851
chr17	57000001	57500000	-0.028250351201123
chr17	57500001	58000000	-0.0208487331208454
chr17	58000001	58500000	0.0766992764627546
chr17	58500001	59000000	0.0624491157878198
chr17	59000001	59500000	0.0496645214055823
chr17	59500001	60000000	0.178455896357699
chr17	60000001	60500000	-0.0319835037179401
chr17	60500001	61000000	0.00880695161269616
chr17	61000001	61500000	0.103935525013605
chr17	61500001	62000000	0.0411736564695352
chr17	62000001	62500000	0.156946690319557
chr17	62500001	63000000	0.000703180727194802
chr17	63000001	63500000	0.00504458104108337
chr17	63500001	64000000	0.0122053603104426
chr17	64000001	64500000	0.0789420362332211
chr17	64500001	65000000	0.114280008807912
chr17	65000001	65500000	-0.0652655928346566
chr17	65500001	66000000	-0.00521733990232123
chr17	66000001	66500000	0.0244347807217755
chr17	66500001	67000000	0.062706260538486
chr17	67000001	67500000	0.079790432699534
chr17	67500001	68000000	-0.0216634152991451
chr17	68000001	68500000	0.118352116526191
chr17	68500001	69000000	0.00746431152234975
chr17	69000001	69500000	0.0782150049553615
chr17	69500001	70000000	0.0981623045666958
chr17	70000001	70500000	0.0759789117661453
chr17	70500001	71000000	-0.0171421931157221
chr17	71000001	71500000	0.0596060977843558
chr17	71500001	72000000	0.0414110360235957
chr17	72000001	72500000	-0.0313755935470753
chr17	72500001	73000000	0.0131684812990864
chr17	73000001	73500000	0.020380682220124
chr17	73500001	74000000	-0.0279407909476253
chr17	74000001	74500000	0.0408067556256805
chr17	74500001	75000000	0.164362025147817
chr17	75000001	75500000	0.104962765854557
chr17	75500001	76000000	0.170806721500152
chr17	76000001	76500000	0.0642151219737578
chr17	76500001	77000000	0.118097855448456
chr17	77000001	77500000	0.167344555210131
chr17	77500001	78000000	0.0268429821177484
chr17	78000001	78500000	0.0555610633336215
chr17	78500001	79000000	0.0938626796185027
chr17	79000001	79500000	0.111851514502135
chr17	79500001	80000000	0.127345497020208
chr17	80000001	80500000	-0.00570652991953993
chr17	80500001	81000000	0.086451178686081
chr17	81000001	81500000	NA
chr17	81500001	82000000	NA
chr17	82000001	82500000	0.129077053495945
chr17	82500001	83000000	0.0310670874381364
chr17	83000001	83500000	NA
chr18	1	500000	NA
chr18	500001	1000000	0.00193704243434549
chr18	1000001	1500000	0.0226143676202315
chr18	1500001	2000000	0.038903722415881
chr18	2000001	2500000	0.100586010388356
chr18	2500001	3000000	0.139831162070891
chr18	3000001	3500000	0.103571914863387
chr18	3500001	4000000	-0.0149829866882408
chr18	4000001	4500000	0.0467730647633663
chr18	4500001	5000000	-0.0351677551478317
chr18	5000001	5500000	0.0239339330331276
chr18	5500001	6000000	-0.0253975600786212
chr18	6000001	6500000	0.0516371797475509
chr18	6500001	7000000	0.0624969569335321
chr18	7000001	7500000	0.0806876324563845
chr18	7500001	8000000	-0.0601760663602225
chr18	8000001	8500000	-0.0277952132489794
chr18	8500001	9000000	-0.0265993234096939
chr18	9000001	9500000	0.0199459575962357
chr18	9500001	10000000	0.0367489550567541
chr18	10000001	10500000	0.0836636232044283
chr18	10500001	11000000	0.0593953920920017
chr18	11000001	11500000	0.0717316727164849
chr18	11500001	12000000	0.0289131146287389
chr18	12000001	12500000	0.004112368287578
chr18	12500001	13000000	-0.0293920230062178
chr18	13000001	13500000	-0.015606219834189
chr18	13500001	14000000	0.0340266989714621
chr18	22000001	22500000	-0.0377695010980192
chr18	22500001	23000000	-0.0458737622114465
chr18	23000001	23500000	0.0440407220266101
chr18	23500001	24000000	-0.0326694513106425
chr18	24000001	24500000	0.0434058093126547
chr18	24500001	25000000	-0.0643698884777147
chr18	25000001	25500000	0.0453374688503698
chr18	25500001	26000000	-0.0102795580074532
chr18	26000001	26500000	-0.0402473793525307
chr18	26500001	27000000	-0.0278296344674651
chr18	27000001	27500000	-0.0813980797338702
chr18	27500001	28000000	-0.182225938603099
chr18	28000001	28500000	-0.0965924697548618
chr18	28500001	29000000	-0.155174831508691
chr18	29000001	29500000	-0.120289428685109
chr18	29500001	30000000	-0.15496447372304
chr18	30000001	30500000	-0.168027584035754
chr18	30500001	31000000	-0.160382341574839
chr18	31000001	31500000	-0.0964856922385425
chr18	31500001	32000000	-0.0789114493256182
chr18	32000001	32500000	-0.124732745126608
chr18	32500001	33000000	-0.131525069644551
chr18	33000001	33500000	-0.221555952875648
chr18	33500001	34000000	-0.180448766004921
chr18	34000001	34500000	-0.180060510977013
chr18	34500001	35000000	-0.153092673526605
chr18	35000001	35500000	-0.11851085041629
chr18	35500001	36000000	-0.106283136041951
chr18	36000001	36500000	-0.198779060744049
chr18	36500001	37000000	-0.168191791952569
chr18	37000001	37500000	-0.118891158668589
chr18	37500001	38000000	-0.0742108726992592
chr18	38000001	38500000	-0.0769571162116955
chr18	38500001	39000000	-0.0155563984426162
chr18	39000001	39500000	-0.0740619743126448
chr18	39500001	40000000	-0.0731878661826158
chr18	40000001	40500000	-0.0758383806384611
chr18	40500001	41000000	-0.112433768235108
chr18	41000001	41500000	-0.0806461440045851
chr18	41500001	42000000	-0.1310322736394
chr18	42000001	42500000	-0.191276905004001
chr18	42500001	43000000	-0.160719551550419
chr18	43000001	43500000	-0.0943820784562159
chr18	43500001	44000000	-0.195921634701228
chr18	44000001	44500000	-0.102890187045205
chr18	44500001	45000000	-0.00701533350282509
chr18	45000001	45500000	-0.0900514113509692
chr18	45500001	46000000	-0.035841206567482
chr18	46000001	46500000	-0.053788332326448
chr18	46500001	47000000	NA
chr18	47000001	47500000	NA
chr18	47500001	48000000	-0.102109042380486
chr18	48000001	48500000	-0.0281982384759979
chr18	48500001	49000000	-0.0167952897642636
chr18	49000001	49500000	-0.0158301085894644
chr18	49500001	50000000	-0.225209062388205
chr18	50000001	50500000	-0.164603874851087
chr18	50500001	51000000	-0.198503984927064
chr18	51000001	51500000	-0.126804710743184
chr18	51500001	52000000	-0.214853429393716
chr18	52000001	52500000	-0.15580153971186
chr18	52500001	53000000	-0.100523879379096
chr18	53000001	53500000	-0.16836451499691
chr18	53500001	54000000	-0.156696653379135
chr18	54000001	54500000	-0.146208784718583
chr18	54500001	55000000	NA
chr18	55000001	55500000	-0.102526606808519
chr18	55500001	56000000	-0.0606441646672836
chr18	56000001	56500000	-0.0596545918834573
chr18	56500001	57000000	-0.107700703505305
chr18	57000001	57500000	-0.0788272512596814
chr18	57500001	58000000	-0.00910208869664266
chr18	58000001	58500000	-0.286029470694953
chr18	58500001	59000000	-0.125613064125303
chr18	59000001	59500000	-0.0971283412993965
chr18	59500001	60000000	-0.211811420605249
chr18	60000001	60500000	-0.12795639832389
chr18	60500001	61000000	-0.0903132746108951
chr18	61000001	61500000	-0.231201835071644
chr18	61500001	62000000	-0.175871432535729
chr18	62000001	62500000	-0.085071160101145
chr18	62500001	63000000	-0.0984656861342397
chr18	63000001	63500000	-0.0897765616220279
chr18	63500001	64000000	-0.130323034405679
chr18	64000001	64500000	-0.178533312808883
chr18	64500001	65000000	-0.172613372077214
chr18	65000001	65500000	-0.187388979924945
chr18	65500001	66000000	-0.153518719226129
chr18	66000001	66500000	-0.138306049195416
chr18	66500001	67000000	-0.0307268168642538
chr18	67000001	67500000	-0.162107494574117
chr18	67500001	68000000	-0.0957620782884462
chr18	68000001	68500000	-0.176220937003333
chr18	68500001	69000000	-0.123843980005911
chr18	69000001	69500000	-0.119345673229176
chr18	69500001	70000000	-0.0884452525673466
chr18	70000001	70500000	-0.212846084352958
chr18	70500001	71000000	-0.128456333701852
chr18	71000001	71500000	-0.104717328905522
chr18	71500001	72000000	-0.145474766736468
chr18	72000001	72500000	-0.267410647896273
chr18	72500001	73000000	-0.114056872143725
chr18	73000001	73500000	-0.244622534252439
chr18	73500001	74000000	-0.173066256561035
chr18	74000001	74500000	-0.153688487850072
chr18	74500001	75000000	-0.150835058637083
chr18	75000001	75500000	-0.172171730220076
chr18	75500001	76000000	-0.113187056983662
chr18	76000001	76500000	-0.283190913213203
chr18	76500001	77000000	-0.0929029007590768
chr18	77000001	77500000	-0.10028411751922
chr18	77500001	78000000	-0.108739317070379
chr18	78000001	78500000	-0.276547738280667
chr18	78500001	79000000	-0.283146876221416
chr18	79000001	79500000	-0.235552481659633
chr18	79500001	80000000	-0.144710615192463
chr19	500001	1000000	NA
chr19	1000001	1500000	NA
chr19	1500001	2000000	-0.257499610346853
chr19	2000001	2500000	-0.104781451387368
chr19	2500001	3000000	-0.168724183564694
chr19	3000001	3500000	-0.0609747356066444
chr19	3500001	4000000	-0.240507501392359
chr19	4000001	4500000	-0.247759681384105
chr19	4500001	5000000	0.0282331932004904
chr19	5000001	5500000	-0.0913322750411517
chr19	5500001	6000000	-0.122379865281964
chr19	6000001	6500000	-0.129730001705103
chr19	6500001	7000000	-0.026484203960214
chr19	7000001	7500000	0.0705942300837489
chr19	7500001	8000000	0.0844491127728494
chr19	8000001	8500000	0.0758261993773973
chr19	8500001	9000000	0.0774115959938862
chr19	9000001	9500000	0.111088222987638
chr19	9500001	10000000	0.0589375190507844
chr19	10000001	10500000	-0.029498019370274
chr19	10500001	11000000	-0.000788589248559957
chr19	11000001	11500000	0.0656340938331056
chr19	11500001	12000000	0.155008917035912
chr19	12000001	12500000	0.0256670628179368
chr19	12500001	13000000	-0.019448862673715
chr19	13000001	13500000	0.0341551495518763
chr19	13500001	14000000	-0.0311444968497418
chr19	14000001	14500000	-0.0112620430650743
chr19	14500001	15000000	0.140293895134989
chr19	15000001	15500000	0.0822816080454806
chr19	15500001	16000000	0.0646418737844759
chr19	16000001	16500000	0.198755714471101
chr19	16500001	17000000	0.0462064630837263
chr19	17000001	17500000	0.1365793516127
chr19	17500001	18000000	0.160250118809683
chr19	18000001	18500000	0.148417788606667
chr19	18500001	19000000	0.0372007491871354
chr19	19000001	19500000	0.0143280176534354
chr19	19500001	20000000	0.0275008801303811
chr19	20000001	20500000	-0.0566312087726368
chr19	20500001	21000000	-0.0209060068284076
chr19	21000001	21500000	-0.0154664352985536
chr19	21500001	22000000	0.0874369130546516
chr19	22000001	22500000	-0.0608516320031744
chr19	22500001	23000000	-0.102842008524866
chr19	23000001	23500000	-0.0457274294199104
chr19	23500001	24000000	0.0199647564449995
chr19	28500001	29000000	-0.0107975080418686
chr19	29000001	29500000	0.0121229641590187
chr19	29500001	30000000	0.0176414371234873
chr19	30000001	30500000	0.0348414835241504
chr19	30500001	31000000	0.0619193518368281
chr19	31000001	31500000	-0.0805951473288291
chr19	31500001	32000000	-0.0118516864442888
chr19	32000001	32500000	0.0299288108441147
chr19	32500001	33000000	0.0019080658334092
chr19	33000001	33500000	0.0445141714525243
chr19	33500001	34000000	0.00295815040668361
chr19	34000001	34500000	-0.0316092326424883
chr19	34500001	35000000	0.0500460697818199
chr19	35000001	35500000	0.116347761354515
chr19	35500001	36000000	0.0862899996433111
chr19	36000001	36500000	-0.131014408608273
chr19	36500001	37000000	-0.0347147671167771
chr19	37000001	37500000	-0.192978680180946
chr19	37500001	38000000	-0.0469500552919149
chr19	38000001	38500000	0.0105162398996482
chr19	38500001	39000000	0.0623545119817138
chr19	39000001	39500000	0.00827250952208056
chr19	39500001	40000000	-0.0196646122026204
chr19	40000001	40500000	0.0384997179058946
chr19	40500001	41000000	0.0872125875490583
chr19	41000001	41500000	0.0157586191160276
chr19	41500001	42000000	0.0958213376735232
chr19	42000001	42500000	0.0763117375387924
chr19	43500001	44000000	-0.00474916024620795
chr19	44000001	44500000	0.0104240457197722
chr19	44500001	45000000	0.0607100053242992
chr19	45000001	45500000	0.0215203352637792
chr19	45500001	46000000	0.0288744272802028
chr19	46000001	46500000	-0.0043674142589202
chr19	46500001	47000000	0.179633702650492
chr19	47000001	47500000	0.0622944440952071
chr19	47500001	48000000	-0.0471283234683142
chr19	48000001	48500000	0.0528876359465657
chr19	48500001	49000000	-0.00230054860757008
chr19	49000001	49500000	0.176439149932639
chr19	49500001	50000000	0.0745352111115409
chr19	50000001	50500000	0.0218486861138861
chr19	50500001	51000000	0.0289293921520733
chr19	51000001	51500000	0.152552782405369
chr19	51500001	52000000	0.0487917014178098
chr19	52000001	52500000	0.032852803532348
chr19	52500001	53000000	-0.0514597208626852
chr19	53000001	53500000	0.194794379382518
chr19	53500001	54000000	0.152681002824191
chr19	54000001	54500000	0.214510711281088
chr19	54500001	55000000	0.121308319944839
chr19	55000001	55500000	0.135064497936125
chr19	55500001	56000000	0.176752375570217
chr19	56000001	56500000	0.155353331900812
chr19	56500001	57000000	0.125347302898532
chr19	57000001	57500000	0.115490467570183
chr19	57500001	58000000	0.206380512458466
chr19	58000001	58500000	0.0277342971051834
chr20	1	500000	NA
chr20	500001	1000000	-0.112489896206017
chr20	1000001	1500000	-0.0952665750824816
chr20	1500001	2000000	0.152604431345401
chr20	2000001	2500000	0.0242418904681974
chr20	2500001	3000000	-0.00901019750858306
chr20	3000001	3500000	0.117310617011878
chr20	3500001	4000000	0.133431096132522
chr20	4000001	4500000	0.100824249631124
chr20	4500001	5000000	0.174015608244584
chr20	5000001	5500000	0.0834949244959182
chr20	5500001	6000000	0.119777741692718
chr20	6000001	6500000	0.074708430388985
chr20	6500001	7000000	-0.0177370733027426
chr20	7000001	7500000	0.0431993848470569
chr20	7500001	8000000	0.0964334439576544
chr20	8000001	8500000	0.060151747746858
chr20	8500001	9000000	0.0870568886562231
chr20	9000001	9500000	0.0721963176997793
chr20	9500001	10000000	-0.0730412414339547
chr20	10000001	10500000	0.028276025711275
chr20	10500001	11000000	0.0316503808544515
chr20	11000001	11500000	-0.0556477197500116
chr20	11500001	12000000	0.0465324617671486
chr20	12000001	12500000	-0.0261376020529664
chr20	12500001	13000000	0.0498628318860056
chr20	13000001	13500000	0.0356920752991294
chr20	13500001	14000000	0.0185523791464013
chr20	14000001	14500000	-0.0346426652607552
chr20	14500001	15000000	-0.0306803960740162
chr20	15000001	15500000	-0.00789054943611631
chr20	15500001	16000000	-0.0163562615432406
chr20	16000001	16500000	-0.0291687016413969
chr20	16500001	17000000	0.0632468263113768
chr20	17000001	17500000	0.0528473388665974
chr20	17500001	18000000	0.081354806729941
chr20	18000001	18500000	-0.0387461890438858
chr20	18500001	19000000	0.00748320725388277
chr20	19000001	19500000	0.100696572430078
chr20	19500001	20000000	0.0297332837212472
chr20	20000001	20500000	0.0145204294882945
chr20	20500001	21000000	0.10491589943829
chr20	21000001	21500000	-0.00972844480179804
chr20	21500001	22000000	3.15857242266168e-05
chr20	22000001	22500000	0.0116039315301138
chr20	22500001	23000000	0.0272532347021962
chr20	23000001	23500000	0.128665678507322
chr20	23500001	24000000	0.170990021502114
chr20	24000001	24500000	-0.0292955626454108
chr20	24500001	25000000	0.0181971942655775
chr20	25000001	25500000	-0.0285245751150743
chr20	31500001	32000000	0.17001114008362
chr20	32000001	32500000	0.0827307485925862
chr20	32500001	33000000	0.0444165364585616
chr20	33000001	33500000	0.153066475314921
chr20	33500001	34000000	0.0258234064853128
chr20	34000001	34500000	0.125486722148285
chr20	34500001	35000000	0.0520798189511634
chr20	35000001	35500000	0.148409040258988
chr20	35500001	36000000	0.0540831950866244
chr20	36000001	36500000	NA
chr20	36500001	37000000	0.225495259428343
chr20	37000001	37500000	0.0974127626163628
chr20	37500001	38000000	-0.0118938414705234
chr20	38000001	38500000	0.064002695271773
chr20	38500001	39000000	0.020928991875995
chr20	39000001	39500000	0.0658918366695858
chr20	39500001	40000000	-0.0249261502783599
chr20	40000001	40500000	0.0466684261954312
chr20	40500001	41000000	-0.0227810597509165
chr20	41000001	41500000	0.0447516455845832
chr20	41500001	42000000	0.0888775095621871
chr20	42000001	42500000	0.0768232929955686
chr20	42500001	43000000	-0.0101457124968073
chr20	43000001	43500000	0.155811322357083
chr20	43500001	44000000	0.119794127767354
chr20	44000001	44500000	0.00439259803318607
chr20	44500001	45000000	0.103281907998464
chr20	45000001	45500000	0.0733402071198402
chr20	45500001	46000000	0.0886196336171408
chr20	46000001	46500000	0.206023042303401
chr20	46500001	47000000	0.179722593803367
chr20	47000001	47500000	0.0272630372626777
chr20	47500001	48000000	0.00208098343132835
chr20	48000001	48500000	-0.0594108137945807
chr20	48500001	49000000	0.166026024582098
chr20	49000001	49500000	0.0887218288784744
chr20	49500001	50000000	0.052994631421574
chr20	50000001	50500000	0.0573015367865681
chr20	50500001	51000000	0.0429815468805356
chr20	51000001	51500000	0.0180112301670965
chr20	51500001	52000000	0.0228136043920877
chr20	52000001	52500000	0.0137285746642199
chr20	52500001	53000000	-0.0148530816576701
chr20	53000001	53500000	0.0362905383049899
chr20	53500001	54000000	0.194397685462461
chr20	54000001	54500000	-0.0902864668647864
chr20	54500001	55000000	0.0556928632254965
chr20	55000001	55500000	-0.0392765646954771
chr20	55500001	56000000	-0.0130748942707715
chr20	56000001	56500000	0.0375318427160861
chr20	56500001	57000000	-0.0764187032708814
chr20	57000001	57500000	-0.0848112457205492
chr20	57500001	58000000	-0.00871021304955663
chr20	58000001	58500000	0.0588860920244505
chr20	58500001	59000000	0.139964443181743
chr20	59000001	59500000	0.349320282922628
chr20	59500001	60000000	0.247070648340571
chr20	60000001	60500000	0.285149670823791
chr20	60500001	61000000	0.280935861248754
chr20	61000001	61500000	0.275148217755623
chr20	61500001	62000000	0.297226260904445
chr20	62000001	62500000	0.155078673421073
chr20	62500001	63000000	0.282203843455296
chr20	63000001	63500000	0.159364368666072
chr20	63500001	64000000	0.257897452540628
chr21	14000001	14500000	-0.0421329661388314
chr21	14500001	15000000	0.0472320369622964
chr21	15000001	15500000	-0.0261072870541441
chr21	15500001	16000000	-0.0384541407946844
chr21	16000001	16500000	-0.00478637542912477
chr21	16500001	17000000	-0.0426743986288985
chr21	17000001	17500000	-0.0445910779617836
chr21	17500001	18000000	0.0628653099956824
chr21	18000001	18500000	-0.016162098397242
chr21	18500001	19000000	0.017846277684236
chr21	19000001	19500000	0.0282892081171854
chr21	19500001	20000000	0.0318391697188048
chr21	20000001	20500000	-0.0703354638714779
chr21	20500001	21000000	-0.0758689022025332
chr21	21000001	21500000	-0.0672654704604787
chr21	21500001	22000000	-0.00304060016306555
chr21	22000001	22500000	-0.0329906239453669
chr21	22500001	23000000	0.00405021002618751
chr21	23000001	23500000	-0.0647418132697218
chr21	23500001	24000000	0.0174358305907301
chr21	24000001	24500000	-0.118815537514884
chr21	24500001	25000000	-0.142143085682216
chr21	25000001	25500000	-0.116348026482767
chr21	25500001	26000000	-0.00908945463252168
chr21	26000001	26500000	-0.0359254461504546
chr21	26500001	27000000	-0.0819092812065607
chr21	27000001	27500000	-0.0354346760518069
chr21	27500001	28000000	0.177703927274289
chr21	28000001	28500000	0.018327097987332
chr21	28500001	29000000	0.0580568547040861
chr21	29000001	29500000	0.0406383118500536
chr21	29500001	30000000	0.0422788516064241
chr21	30000001	30500000	-0.0920176553814809
chr21	30500001	31000000	0.0518417234967335
chr21	31000001	31500000	-0.0369266548575611
chr21	31500001	32000000	NA
chr21	32000001	32500000	0.0281453072022861
chr21	32500001	33000000	-0.109917527283675
chr21	33000001	33500000	0.0923814612804001
chr21	33500001	34000000	0.0856903084908693
chr21	34000001	34500000	-0.335432736790949
chr21	34500001	35000000	0.014681638678113
chr21	35000001	35500000	0.01841858887355
chr21	35500001	36000000	-0.00567875785845438
chr21	36000001	36500000	-0.0648514658815399
chr21	36500001	37000000	-0.0801574316743554
chr21	37000001	37500000	-0.0754562350060931
chr21	37500001	38000000	-0.0568518993292878
chr21	38000001	38500000	0.0106241122550583
chr21	38500001	39000000	NA
chr21	39000001	39500000	-0.0272530206976882
chr21	39500001	40000000	-0.0264671474614108
chr21	40000001	40500000	-0.122248361230663
chr21	40500001	41000000	-0.0482726898736162
chr21	41000001	41500000	-0.0719631518792511
chr21	41500001	42000000	NA
chr21	42000001	42500000	-0.0262233479145894
chr21	42500001	43000000	NA
chr21	43500001	44000000	-0.0943324582444184
chr21	44000001	44500000	-0.319806168341509
chr21	44500001	45000000	0.00744341532658249
chr21	45000001	45500000	-0.161694604679745
chr21	45500001	46000000	-0.12127239724812
chr21	46000001	46500000	-0.112329010875425
chr21	46500001	47000000	NA
chr22	17500001	18000000	0.0179274020239407
chr22	19000001	19500000	0.055774944317853
chr22	19500001	20000000	0.00860075388119523
chr22	20000001	20500000	0.0421061353958352
chr22	20500001	21000000	0.0869048172938889
chr22	21500001	22000000	-0.0943697530143565
chr22	22000001	22500000	0.160781392549532
chr22	22500001	23000000	0.0690463070257381
chr22	23000001	23500000	0.0259218900392413
chr22	23500001	24000000	0.00838746531193808
chr22	24000001	24500000	0.162476812590342
chr22	24500001	25000000	0.167996849809841
chr22	25000001	25500000	-0.0185201440715491
chr22	25500001	26000000	0.0578971080004979
chr22	26000001	26500000	0.0845001736828668
chr22	26500001	27000000	0.0576273793364823
chr22	27000001	27500000	0.0305947232008192
chr22	27500001	28000000	-0.0971918962738634
chr22	28000001	28500000	0.0283961331627977
chr22	28500001	29000000	0.0349322190636918
chr22	29000001	29500000	-0.044633825081203
chr22	29500001	30000000	0.0629845806679768
chr22	30000001	30500000	0.0776273969697709
chr22	30500001	31000000	0.0214684682015291
chr22	31000001	31500000	-0.0598692103596586
chr22	31500001	32000000	-0.138550137799293
chr22	32000001	32500000	-0.0342682059261131
chr22	32500001	33000000	-0.0701411741985795
chr22	33000001	33500000	-0.0843987583465164
chr22	33500001	34000000	0.0253139511664856
chr22	34000001	34500000	-0.0541732157525296
chr22	34500001	35000000	0.0631046826844745
chr22	35000001	35500000	0.061881632660532
chr22	35500001	36000000	0.0508592090202232
chr22	36000001	36500000	0.00979031072364403
chr22	36500001	37000000	0.0685034011748033
chr22	37000001	37500000	0.132075867143808
chr22	37500001	38000000	-0.0753513033503128
chr22	38000001	38500000	-0.0714650606189911
chr22	38500001	39000000	-0.0239896725969239
chr22	39000001	39500000	-0.140298940630077
chr22	39500001	40000000	-0.211179334524572
chr22	40000001	40500000	-0.102820989180836
chr22	40500001	41000000	-0.142444797638589
chr22	41000001	41500000	-0.00170848821069321
chr22	41500001	42000000	-0.149058750003953
chr22	42000001	42500000	-0.021185814178747
chr22	42500001	43000000	-0.0465749315398086
chr22	43000001	43500000	-0.118789063573415
chr22	43500001	44000000	-0.198912373098851
chr22	44000001	44500000	-0.0662131737761395
chr22	44500001	45000000	-0.214969952611135
chr22	45000001	45500000	-0.045362590713761
chr22	45500001	46000000	-0.106948113651143
chr22	46000001	46500000	-0.186438922616163
chr22	46500001	47000000	-0.108950562538273
chr22	47000001	47500000	-0.163355128172565
chr22	47500001	48000000	-0.0839264214071117
chr22	48000001	48500000	-0.0727190670622007
chr22	48500001	49000000	-0.217058617579525
chr22	49000001	49500000	-0.235153036767013
chr22	49500001	50000000	NA
chr22	50000001	50500000	-0.0522649566334237
chr22	50500001	51000000	NA
chrX	3000001	3500000	-0.0129304174816203
chrX	3500001	4000000	-0.280598528819671
chrX	4000001	4500000	-0.0679427791199746
chrX	4500001	5000000	-0.0981982191261919
chrX	5000001	5500000	-0.0744830627486999
chrX	5500001	6000000	-0.172845239416508
chrX	6000001	6500000	-0.234086744202244
chrX	6500001	7000000	-0.208849384629842
chrX	7000001	7500000	-0.120824469953276
chrX	7500001	8000000	-0.0820721112671673
chrX	8000001	8500000	-0.142406155080219
chrX	8500001	9000000	-0.0734680510258409
chrX	9000001	9500000	-0.0842935139405948
chrX	9500001	10000000	-0.108142438158674
chrX	10000001	10500000	-0.124018514440242
chrX	10500001	11000000	-0.224759197477135
chrX	11000001	11500000	-0.182345185433027
chrX	11500001	12000000	-0.0260396932232204
chrX	12000001	12500000	-0.159118742867949
chrX	12500001	13000000	0.000974091289583119
chrX	13000001	13500000	0.0989035252058594
chrX	13500001	14000000	-0.0113949427015956
chrX	14000001	14500000	-0.201468591461619
chrX	14500001	15000000	-0.0762941745962245
chrX	15000001	15500000	-0.0865014248331026
chrX	15500001	16000000	0.0460893087984096
chrX	16000001	16500000	-0.154986150842329
chrX	16500001	17000000	-0.106277558151071
chrX	17000001	17500000	-0.135623244299986
chrX	17500001	18000000	-0.109531942431109
chrX	18000001	18500000	-0.0953661760871528
chrX	18500001	19000000	-0.0824949633378655
chrX	19000001	19500000	-0.195245017972534
chrX	19500001	20000000	-0.0978393823846769
chrX	20000001	20500000	-0.114523982999224
chrX	20500001	21000000	-0.105944262655094
chrX	21000001	21500000	-0.11345177829996
chrX	21500001	22000000	0.0246057547164697
chrX	22000001	22500000	-0.239883233209234
chrX	22500001	23000000	-0.132452054817632
chrX	23000001	23500000	-0.137198907755802
chrX	23500001	24000000	-0.0606103843629482
chrX	24000001	24500000	-0.0351739409975246
chrX	24500001	25000000	-0.150238318453442
chrX	25000001	25500000	-0.0721070278329393
chrX	25500001	26000000	-0.0753296481422775
chrX	26000001	26500000	-0.0250347209158183
chrX	26500001	27000000	-0.193312910552692
chrX	27000001	27500000	-0.0869793344211218
chrX	27500001	28000000	-0.15898090647734
chrX	28000001	28500000	-0.108230229878312
chrX	28500001	29000000	-0.263626456465532
chrX	29000001	29500000	-0.176871137785445
chrX	29500001	30000000	-0.07845552879972
chrX	30000001	30500000	-0.0681217611631101
chrX	30500001	31000000	-0.13438298158131
chrX	31000001	31500000	-0.0880397744015885
chrX	31500001	32000000	-0.174961889225983
chrX	32000001	32500000	-0.180280209307558
chrX	32500001	33000000	-0.181151771218451
chrX	33000001	33500000	-0.224004531008062
chrX	33500001	34000000	-0.277636527587355
chrX	34000001	34500000	-0.114407991636939
chrX	34500001	35000000	-0.221345195299154
chrX	35000001	35500000	-0.113510222978374
chrX	35500001	36000000	-0.200326616932079
chrX	36000001	36500000	-0.233728056506166
chrX	36500001	37000000	-0.151050916770922
chrX	37500001	38000000	-0.00262413553965811
chrX	38000001	38500000	-0.212825681937685
chrX	38500001	39000000	-0.207667300476829
chrX	39000001	39500000	-0.102335293699581
chrX	39500001	40000000	-0.193465742777089
chrX	40000001	40500000	-0.0977042510577169
chrX	40500001	41000000	-0.113947623207255
chrX	41000001	41500000	-0.0742109328023988
chrX	41500001	42000000	-0.175382137270573
chrX	42000001	42500000	-0.141564623506286
chrX	42500001	43000000	-0.128952909310837
chrX	43000001	43500000	-0.166518196316032
chrX	43500001	44000000	-0.0863925748960643
chrX	44000001	44500000	-0.183830093166274
chrX	44500001	45000000	-0.0804485997715914
chrX	45000001	45500000	-0.1031481884358
chrX	45500001	46000000	-0.123867735190149
chrX	46000001	46500000	-0.140266781095693
chrX	46500001	47000000	-0.0703112131901197
chrX	47000001	47500000	-0.186267172367314
chrX	47500001	48000000	-0.190782119866644
chrX	48500001	49000000	-0.0850922293092932
chrX	49500001	50000000	NA
chrX	50000001	50500000	NA
chrX	50500001	51000000	-0.0181846696794958
chrX	51000001	51500000	-0.0353320563073252
chrX	51500001	52000000	-0.147826484666608
chrX	52000001	52500000	-0.220380278411663
chrX	53000001	53500000	-0.141769712894095
chrX	53500001	54000000	-0.228619336355942
chrX	54000001	54500000	-0.198301267468751
chrX	54500001	55000000	-0.154829441316803
chrX	55000001	55500000	-0.281180122863302
chrX	55500001	56000000	-0.136824113295203
chrX	56000001	56500000	-0.0513576538578703
chrX	56500001	57000000	0.0183169073156836
chrX	57000001	57500000	-0.154330784785971
chrX	64000001	64500000	-0.152281481489823
chrX	64500001	65000000	-0.140713856871203
chrX	65000001	65500000	-0.148229135889139
chrX	65500001	66000000	0.0520770073994982
chrX	66000001	66500000	-0.157564477324017
chrX	66500001	67000000	0.00164745341746288
chrX	67000001	67500000	-0.0480982713234502
chrX	67500001	68000000	-0.107614726600639
chrX	68000001	68500000	-0.162376505268622
chrX	68500001	69000000	-0.0722883252022845
chrX	69000001	69500000	-0.034225446069812
chrX	69500001	70000000	-0.169472490957191
chrX	70000001	70500000	-0.0200451265050395
chrX	70500001	71000000	-0.0366462668518338
chrX	71000001	71500000	-0.122018271554659
chrX	71500001	72000000	-0.329267322805644
chrX	72000001	72500000	0.00448225580555676
chrX	73000001	73500000	-0.0720664605704728
chrX	73500001	74000000	-0.167244862983541
chrX	74000001	74500000	-0.0968162727482386
chrX	74500001	75000000	-0.0573502495652341
chrX	75000001	75500000	-0.105040535660727
chrX	75500001	76000000	-0.0690576080532376
chrX	76000001	76500000	-0.229909138599353
chrX	76500001	77000000	0.038536204409698
chrX	77000001	77500000	-0.123585041247823
chrX	77500001	78000000	-0.148733261841337
chrX	78000001	78500000	-0.164481422507131
chrX	78500001	79000000	-0.0626181574583202
chrX	79000001	79500000	-0.0863758228336932
chrX	79500001	80000000	-0.0667726852551097
chrX	80000001	80500000	-0.127211197704451
chrX	80500001	81000000	-0.190347732541055
chrX	81000001	81500000	-0.186420806319263
chrX	81500001	82000000	-0.145296996187344
chrX	82000001	82500000	-0.0484358927303913
chrX	82500001	83000000	-0.176740621246982
chrX	83000001	83500000	-0.16083434804464
chrX	83500001	84000000	-0.210282793754332
chrX	84000001	84500000	-0.187766233532373
chrX	84500001	85000000	-0.0715020135783673
chrX	85000001	85500000	-0.0811183767996265
chrX	85500001	86000000	-0.0951350238268456
chrX	86000001	86500000	-0.161867529173378
chrX	86500001	87000000	-0.152628188911699
chrX	87000001	87500000	-0.113109978539159
chrX	87500001	88000000	-0.17873983013685
chrX	88000001	88500000	-0.145819372429654
chrX	88500001	89000000	-0.117601951243813
chrX	91000001	91500000	-0.183343018941374
chrX	93000001	93500000	-0.100710137720554
chrX	93500001	94000000	-0.066151945666089
chrX	94000001	94500000	-0.12263942991598
chrX	94500001	95000000	-0.0270478575936187
chrX	95000001	95500000	-0.0524421994042374
chrX	95500001	96000000	-0.145769338038927
chrX	96000001	96500000	-0.0941257521918794
chrX	96500001	97000000	-0.0846534192294009
chrX	97000001	97500000	-0.132823325754245
chrX	97500001	98000000	-0.179082369328475
chrX	98000001	98500000	-0.121945642339416
chrX	98500001	99000000	-0.160188608026396
chrX	99000001	99500000	-0.170786675397597
chrX	99500001	100000000	-0.06099841831295
chrX	100000001	100500000	-0.191532875615259
chrX	100500001	101000000	-0.134954788594715
chrX	101000001	101500000	-0.0905860403520938
chrX	101500001	102000000	-0.153578824015381
chrX	102500001	103000000	-0.124210691264453
chrX	103000001	103500000	-0.18153717532094
chrX	103500001	104000000	-0.100252891415987
chrX	104000001	104500000	-0.126968179551793
chrX	104500001	105000000	0.0306648553586047
chrX	105000001	105500000	-0.0521249489988559
chrX	105500001	106000000	-0.0195204208723446
chrX	106000001	106500000	-0.0885831311134563
chrX	106500001	107000000	-0.138131042513561
chrX	107000001	107500000	-0.160685139398478
chrX	107500001	108000000	-0.0231295477716745
chrX	108000001	108500000	-0.181043891368325
chrX	108500001	109000000	-0.156276234355225
chrX	109000001	109500000	-0.0322728865205425
chrX	109500001	110000000	0.00201595201792365
chrX	110000001	110500000	-0.14019043615759
chrX	110500001	111000000	-0.0908666580032062
chrX	111000001	111500000	-0.136035220165244
chrX	111500001	112000000	-0.134228859109728
chrX	112000001	112500000	-0.16646818281576
chrX	112500001	113000000	-0.0719237310229953
chrX	113000001	113500000	-0.0751771137470397
chrX	113500001	114000000	-0.0932581444884922
chrX	114000001	114500000	NA
chrX	114500001	115000000	-0.131769297483114
chrX	115000001	115500000	-0.125062058430441
chrX	116000001	116500000	0.0229972802143949
chrX	116500001	117000000	NA
chrX	117000001	117500000	-0.0753159552881989
chrX	117500001	118000000	0.00343991822602191
chrX	118000001	118500000	-0.112085200798751
chrX	118500001	119000000	-0.184888700491951
chrX	119000001	119500000	-0.13156996403855
chrX	119500001	120000000	-0.12128152747276
chrX	120000001	120500000	-0.355745596359876
chrX	121000001	121500000	-0.176687125812614
chrX	121500001	122000000	-0.144410842575135
chrX	122000001	122500000	-0.0673754276238883
chrX	122500001	123000000	-0.125582663745876
chrX	123000001	123500000	-0.0886234312543907
chrX	123500001	124000000	-0.108882501168884
chrX	124000001	124500000	-0.0838408390324615
chrX	124500001	125000000	-0.0919941868677231
chrX	125000001	125500000	-0.145494592827813
chrX	125500001	126000000	-0.00294995943953869
chrX	126000001	126500000	-0.0424344124347816
chrX	126500001	127000000	-0.0553934130322845
chrX	127000001	127500000	-0.161362679665898
chrX	127500001	128000000	-0.117349640502143
chrX	128000001	128500000	-0.0990018514172864
chrX	128500001	129000000	-0.209837397862751
chrX	129000001	129500000	-0.295506474592948
chrX	129500001	130000000	0.0297664338404737
chrX	130000001	130500000	-0.0766036363256471
chrX	130500001	131000000	-0.0408397847455229
chrX	131000001	131500000	-0.139207434173748
chrX	131500001	132000000	-0.124433196857257
chrX	132000001	132500000	-0.0705492833232596
chrX	132500001	133000000	-0.0941872450983399
chrX	133000001	133500000	-0.144746975832531
chrX	133500001	134000000	-0.160089519602589
chrX	134000001	134500000	-0.0790084636610867
chrX	134500001	135000000	-0.132497959889566
chrX	135000001	135500000	-0.256974960393637
chrX	136000001	136500000	-0.146719209491025
chrX	136500001	137000000	-0.0797144460047715
chrX	137000001	137500000	-0.11177638133875
chrX	137500001	138000000	-0.0751383787705448
chrX	138000001	138500000	-0.0866288243703628
chrX	138500001	139000000	-0.0400335943345925
chrX	139000001	139500000	-0.153308469926171
chrX	139500001	140000000	-0.168235929374039
chrX	140000001	140500000	-0.18248952817835
chrX	140500001	141000000	-0.157449458592928
chrX	141000001	141500000	-0.297300062358378
chrX	141500001	142000000	-0.230115993037851
chrX	142000001	142500000	-0.159393916498981
chrX	142500001	143000000	-0.141725366178864
chrX	143000001	143500000	-0.134885692383324
chrX	143500001	144000000	-0.195388067976867
chrX	144500001	145000000	-0.0382443955075704
chrX	145000001	145500000	-0.169037266676263
chrX	145500001	146000000	-0.116105916574716
chrX	146000001	146500000	-0.147655753227974
chrX	146500001	147000000	-0.00532515034813774
chrX	147000001	147500000	-0.142802483883473
chrX	147500001	148000000	-0.0540157700037404
chrX	148000001	148500000	-0.109831371229705
chrX	148500001	149000000	-0.0812353694591697
chrX	149000001	149500000	-0.100949334900865
chrX	149500001	150000000	-0.411266049247389
chrX	150000001	150500000	-0.0423126907433732
chrX	150500001	151000000	-0.249682019951542
chrX	151000001	151500000	-0.167662723500539
chrX	151500001	152000000	-0.150298693227955
chrX	152000001	152500000	-0.0862326613204874
chrX	152500001	153000000	-0.147542637289086
chrX	153000001	153500000	-0.208576564196046
chrX	153500001	154000000	-0.15442747063916
chrX	154500001	155000000	-0.354674415533751
chrX	155000001	155500000	-0.33289572690568
