chr	start	end	log2_TNratio_corrected
chr1	1000001	1500000	NA
chr1	1500001	2000000	0.00690249361498926
chr1	2000001	2500000	0.0346191348696647
chr1	2500001	3000000	NA
chr1	3000001	3500000	-0.0629072415741053
chr1	3500001	4000000	-0.0131774153887729
chr1	4000001	4500000	0.108550046373474
chr1	4500001	5000000	0.0380837229159994
chr1	5000001	5500000	0.0892486921884371
chr1	5500001	6000000	-0.00992006208892518
chr1	6000001	6500000	-0.0641571210110131
chr1	6500001	7000000	0.0334673127080062
chr1	7000001	7500000	-0.0329089218303058
chr1	7500001	8000000	-0.031518998042846
chr1	8000001	8500000	0.0567322318631946
chr1	8500001	9000000	-0.00628975240113518
chr1	9000001	9500000	0.0069602817722185
chr1	9500001	10000000	0.069475816797857
chr1	10000001	10500000	-0.024265134188093
chr1	10500001	11000000	0.0289105907590141
chr1	11000001	11500000	0.0823907750392438
chr1	11500001	12000000	0.00531800838226406
chr1	12000001	12500000	0.0884141880623364
chr1	13500001	14000000	0.0380922006362925
chr1	14000001	14500000	-0.0126626483821808
chr1	14500001	15000000	0.0333350543378707
chr1	15000001	15500000	0.0279399337414281
chr1	15500001	16000000	0.0362958772762142
chr1	16000001	16500000	0.00806378011578787
chr1	17000001	17500000	0.167178418833794
chr1	17500001	18000000	-0.0413306988858809
chr1	18000001	18500000	0.0643197371608075
chr1	18500001	19000000	0.0785613137508124
chr1	19000001	19500000	0.0850303569057834
chr1	19500001	20000000	-0.0452479986234973
chr1	20000001	20500000	0.0381786777223208
chr1	20500001	21000000	-0.0507043513547844
chr1	21000001	21500000	0.00833254197278489
chr1	21500001	22000000	-0.0315918528423381
chr1	22000001	22500000	-0.0129125066914137
chr1	22500001	23000000	-0.178193427250376
chr1	23000001	23500000	-0.0707576410614413
chr1	23500001	24000000	-0.0113402862627686
chr1	24000001	24500000	-0.035364052992843
chr1	24500001	25000000	-0.10688854433893
chr1	25000001	25500000	-0.283387506496879
chr1	25500001	26000000	-0.0358481273161917
chr1	26000001	26500000	-0.0730322100233987
chr1	26500001	27000000	0.0263968505943761
chr1	27000001	27500000	0.0133184592798491
chr1	27500001	28000000	0.0158967772098249
chr1	28000001	28500000	0.0208755484854062
chr1	28500001	29000000	-0.0762955045696527
chr1	29000001	29500000	-0.0178939863252072
chr1	29500001	30000000	NA
chr1	30000001	30500000	-0.0767950360209135
chr1	30500001	31000000	-0.0710831288742913
chr1	31000001	31500000	-0.0548050402664016
chr1	31500001	32000000	-0.0670825958127468
chr1	32000001	32500000	-0.0289344373397081
chr1	32500001	33000000	0.016056394762547
chr1	33000001	33500000	-0.00443094092448096
chr1	33500001	34000000	-0.0723566506156605
chr1	34000001	34500000	-0.0810718077004454
chr1	34500001	35000000	-0.097032492490047
chr1	35000001	35500000	0.00576822357436724
chr1	35500001	36000000	0.0347359833813442
chr1	36000001	36500000	-0.0469258508975693
chr1	36500001	37000000	-0.0441927808795637
chr1	37000001	37500000	-0.0432459281102867
chr1	37500001	38000000	-0.00881870382015162
chr1	38000001	38500000	-0.0578041734573552
chr1	38500001	39000000	-0.056685477429567
chr1	39000001	39500000	-0.0861114284630877
chr1	39500001	40000000	-0.0296383577403643
chr1	40000001	40500000	0.0187293717283907
chr1	40500001	41000000	-0.0193068857129886
chr1	41000001	41500000	0.0255396452626376
chr1	41500001	42000000	0.0216414165345169
chr1	42000001	42500000	-0.0636851967927079
chr1	42500001	43000000	0.0744616813814854
chr1	43000001	43500000	-0.0591805348454907
chr1	43500001	44000000	0.0549664080359014
chr1	44000001	44500000	0.0169761386504455
chr1	44500001	45000000	-0.0118815980236983
chr1	45000001	45500000	0.147364612869821
chr1	45500001	46000000	0.0301793685804107
chr1	46000001	46500000	-0.0113071007661257
chr1	46500001	47000000	-0.0951012141129143
chr1	47000001	47500000	-0.0858463476874773
chr1	47500001	48000000	-0.0122487259751912
chr1	48000001	48500000	-0.0402733993711475
chr1	48500001	49000000	0.0476640892617182
chr1	49000001	49500000	-0.0580535326969717
chr1	49500001	50000000	-0.00456725902760939
chr1	50000001	50500000	-0.0591185448792428
chr1	50500001	51000000	-0.0434315694412331
chr1	51000001	51500000	-0.00605740671046248
chr1	51500001	52000000	0.0405285565974562
chr1	52000001	52500000	-0.0762480659911542
chr1	52500001	53000000	-0.0440209460454407
chr1	53000001	53500000	-0.0146473022089513
chr1	53500001	54000000	-0.0430452582065352
chr1	54000001	54500000	-0.0889307857183946
chr1	54500001	55000000	-0.00213195254851863
chr1	55000001	55500000	0.00405894407022179
chr1	55500001	56000000	-0.0626440860337606
chr1	56000001	56500000	0.119358656897484
chr1	56500001	57000000	-0.0595140136692381
chr1	57000001	57500000	-0.0464081076831147
chr1	57500001	58000000	0.03464934248157
chr1	58000001	58500000	0.0872221604497117
chr1	58500001	59000000	-0.0143759119011034
chr1	59000001	59500000	-0.0217034096640995
chr1	59500001	60000000	0.0292289706296251
chr1	60000001	60500000	-0.0778937966876791
chr1	60500001	61000000	-0.026465372994183
chr1	61000001	61500000	-0.0993272600650626
chr1	61500001	62000000	-0.00597194541735082
chr1	62000001	62500000	-0.0788229925699429
chr1	62500001	63000000	-0.0401728659855049
chr1	63000001	63500000	0.0286355455841084
chr1	63500001	64000000	0.0617584830180138
chr1	64000001	64500000	0.0424073520029921
chr1	64500001	65000000	0.00875425616106085
chr1	65000001	65500000	0.00202290110668252
chr1	65500001	66000000	-0.0484203004998546
chr1	66000001	66500000	0.0127856958513724
chr1	66500001	67000000	0.00277764942622902
chr1	67000001	67500000	-0.0401631882046562
chr1	67500001	68000000	0.0434804716221352
chr1	68000001	68500000	-0.070144025378415
chr1	68500001	69000000	0.0484605080086787
chr1	69000001	69500000	-0.0569258155292471
chr1	69500001	70000000	-0.0489716043576602
chr1	70000001	70500000	-0.0569629210103142
chr1	70500001	71000000	-0.0357525664825666
chr1	71000001	71500000	-0.033399633157001
chr1	71500001	72000000	-0.00625742211039235
chr1	72000001	72500000	-0.116683811420693
chr1	72500001	73000000	0.00849151317928366
chr1	73000001	73500000	-0.0549603213722764
chr1	73500001	74000000	-0.0475643460203304
chr1	74000001	74500000	0.00434722311466281
chr1	74500001	75000000	-0.0449370177810991
chr1	75000001	75500000	-0.0360333360662595
chr1	75500001	76000000	-0.043907314540666
chr1	76000001	76500000	0.0213289201923783
chr1	76500001	77000000	-0.0614746212690725
chr1	77000001	77500000	0.0199218933758332
chr1	77500001	78000000	-0.076745042476076
chr1	78000001	78500000	-0.0923173930248494
chr1	78500001	79000000	-0.0502455729867679
chr1	79000001	79500000	0.0032963900054768
chr1	79500001	80000000	-0.0917918370564976
chr1	80000001	80500000	-0.0499909390874066
chr1	80500001	81000000	-0.0296618399034588
chr1	81000001	81500000	-0.0235337369244712
chr1	81500001	82000000	-0.0256962109991346
chr1	82000001	82500000	-0.0079150556957229
chr1	82500001	83000000	-0.0490093098063286
chr1	83500001	84000000	0.0231879300286286
chr1	84000001	84500000	-0.10893829897033
chr1	84500001	85000000	-0.0539503068358818
chr1	85000001	85500000	-0.0426801731372598
chr1	85500001	86000000	0.0271285811749518
chr1	86000001	86500000	-0.00628443286420415
chr1	86500001	87000000	-0.021428757484165
chr1	87000001	87500000	0.0199359047280231
chr1	87500001	88000000	-0.0293545898870027
chr1	88000001	88500000	-0.0687798571292923
chr1	88500001	89000000	-0.00165813875533848
chr1	89000001	89500000	-0.0238006869614495
chr1	89500001	90000000	-0.0418935579329885
chr1	90000001	90500000	-0.006708188130892
chr1	90500001	91000000	-0.106609407728266
chr1	91000001	91500000	-0.0111074381511187
chr1	91500001	92000000	-0.0840711375478051
chr1	92000001	92500000	-0.00993746929950507
chr1	92500001	93000000	-0.0276138982374645
chr1	93000001	93500000	-0.0365680250725832
chr1	93500001	94000000	0.0284884338819539
chr1	94000001	94500000	0.00403100289778671
chr1	94500001	95000000	-0.0284069254463802
chr1	95000001	95500000	-0.0253069192482504
chr1	95500001	96000000	-0.0552825980382655
chr1	96000001	96500000	-0.0429059708235407
chr1	96500001	97000000	-0.0748593936769246
chr1	97000001	97500000	-0.00582525787189469
chr1	97500001	98000000	-0.00169576796903125
chr1	98000001	98500000	-0.0100093221414508
chr1	98500001	99000000	-0.0149147614026137
chr1	99000001	99500000	-0.139521896160485
chr1	99500001	100000000	-0.100130959822112
chr1	100000001	100500000	-0.102524261709451
chr1	100500001	101000000	-0.0352474088171213
chr1	101000001	101500000	-0.061569828664576
chr1	101500001	102000000	-0.0290590687480999
chr1	102000001	102500000	-0.0596422525580559
chr1	102500001	103000000	-0.0265066848829882
chr1	103000001	103500000	-0.196157529021509
chr1	103500001	104000000	-0.313749857645116
chr1	104000001	104500000	-0.0547728141708547
chr1	104500001	105000000	-0.0649270296892196
chr1	105000001	105500000	-0.0410514904582168
chr1	105500001	106000000	-0.155735277645084
chr1	106000001	106500000	-0.130680667553514
chr1	106500001	107000000	-0.0526687548283723
chr1	107000001	107500000	-0.134553638925346
chr1	107500001	108000000	-0.00359291000547321
chr1	108500001	109000000	0.00234161686749702
chr1	109000001	109500000	0.0423230325210244
chr1	109500001	110000000	0.00796509709710941
chr1	110000001	110500000	0.0359799140170706
chr1	110500001	111000000	-0.0124272384103549
chr1	111000001	111500000	0.00233028119336198
chr1	111500001	112000000	0.0436255754840803
chr1	112000001	112500000	-0.0597713941225792
chr1	112500001	113000000	-0.0845040890887065
chr1	113000001	113500000	-0.0834522036412969
chr1	113500001	114000000	0.0606690834385133
chr1	114000001	114500000	0.00413111969636575
chr1	114500001	115000000	-0.0704586948885324
chr1	115000001	115500000	-0.0727423373881601
chr1	115500001	116000000	-0.0631193884733766
chr1	116000001	116500000	-0.0324151481199365
chr1	116500001	117000000	0.0791953934447834
chr1	117000001	117500000	-0.0113112779048806
chr1	117500001	118000000	0.0539920309299677
chr1	118000001	118500000	-0.0216216979057007
chr1	118500001	119000000	-0.0378554137363519
chr1	119000001	119500000	0.127619275186538
chr1	119500001	120000000	0.037231029217685
chr1	145500001	146000000	-0.0719184980995127
chr1	147000001	147500000	-0.0230750117311689
chr1	147500001	148000000	0.112325254082038
chr1	150000001	150500000	0.150608827077747
chr1	150500001	151000000	0.0803262325682592
chr1	151000001	151500000	0.062057863710204
chr1	151500001	152000000	0.0475072502211571
chr1	152000001	152500000	0.0385286969115174
chr1	152500001	153000000	0.0777315187856628
chr1	153000001	153500000	0.106332683295617
chr1	153500001	154000000	0.154507472126883
chr1	154000001	154500000	0.131918817579185
chr1	154500001	155000000	0.0328150030951936
chr1	155000001	155500000	0.136244480111146
chr1	155500001	156000000	-0.0215570310365956
chr1	156000001	156500000	0.0964245138080548
chr1	156500001	157000000	0.0185021261886817
chr1	157000001	157500000	0.0829793791912742
chr1	157500001	158000000	0.0129005612211349
chr1	158000001	158500000	0.00373564689934196
chr1	158500001	159000000	0.0930021100891503
chr1	159000001	159500000	0.0180032584391487
chr1	159500001	160000000	0.187837184555266
chr1	160000001	160500000	0.014011746876267
chr1	160500001	161000000	0.0840007883613259
chr1	161000001	161500000	0.181836999249174
chr1	161500001	162000000	0.166851626878474
chr1	162000001	162500000	0.134742950292807
chr1	162500001	163000000	0.0912135522343644
chr1	163000001	163500000	0.075114825355261
chr1	163500001	164000000	0.105094881958129
chr1	164000001	164500000	0.0176176284650653
chr1	164500001	165000000	0.00899915243930101
chr1	165000001	165500000	0.053095320143043
chr1	165500001	166000000	0.0878806197798401
chr1	166000001	166500000	0.0772561196696642
chr1	166500001	167000000	0.0593143393089328
chr1	167000001	167500000	0.0614160416495684
chr1	167500001	168000000	0.046830191094542
chr1	168000001	168500000	-0.0330606992023817
chr1	168500001	169000000	-0.0716736426665133
chr1	169000001	169500000	-0.0619490165976443
chr1	169500001	170000000	0.0188364539426658
chr1	170000001	170500000	-0.0616814393583744
chr1	170500001	171000000	-0.0123301605528431
chr1	171000001	171500000	-0.0416168796868865
chr1	171500001	172000000	0.0437646000113198
chr1	172000001	172500000	-0.0523316641836555
chr1	172500001	173000000	-0.028236781369211
chr1	173000001	173500000	-0.0768670158760927
chr1	173500001	174000000	-0.0819357410265763
chr1	174000001	174500000	-0.0966462995463325
chr1	174500001	175000000	0.0374677786698099
chr1	175000001	175500000	-0.040636066006713
chr1	175500001	176000000	-0.0450028322193519
chr1	176000001	176500000	0.000247331128602035
chr1	176500001	177000000	0.0348248165828103
chr1	177000001	177500000	-0.00618399585735023
chr1	177500001	178000000	-0.00650761482192867
chr1	178000001	178500000	-0.0814691405094754
chr1	178500001	179000000	-0.0910638299863803
chr1	179000001	179500000	-0.00401180613429271
chr1	179500001	180000000	-0.118851747907137
chr1	180000001	180500000	-0.0314644262409056
chr1	180500001	181000000	-0.00313362054899156
chr1	181000001	181500000	0.0663122072396811
chr1	181500001	182000000	-0.0329349709767991
chr1	182000001	182500000	-0.0933979773559133
chr1	182500001	183000000	-0.0353909048062543
chr1	183000001	183500000	-0.127696810919224
chr1	183500001	184000000	-0.00670654454257603
chr1	184000001	184500000	0.0138723713762987
chr1	184500001	185000000	0.0390804877108354
chr1	185000001	185500000	0.0813425511392786
chr1	185500001	186000000	0.0449874997442775
chr1	186000001	186500000	-0.0292662986955272
chr1	186500001	187000000	-0.110707159655524
chr1	187000001	187500000	-0.0612354677379343
chr1	187500001	188000000	-0.0232874272616254
chr1	188000001	188500000	-0.0828049614165255
chr1	188500001	189000000	-0.0842264286673248
chr1	189000001	189500000	0.0166886206142676
chr1	189500001	190000000	-0.0622654357807489
chr1	190000001	190500000	NA
chr1	190500001	191000000	0.0406510642808337
chr1	191000001	191500000	-0.0423355028054659
chr1	191500001	192000000	-0.012137690982462
chr1	192000001	192500000	-0.0651002318735137
chr1	192500001	193000000	0.0340508367117422
chr1	193000001	193500000	-0.0982982519910965
chr1	193500001	194000000	0.00178315890079469
chr1	194000001	194500000	-0.0469658011539966
chr1	194500001	195000000	-0.0165332719310052
chr1	195000001	195500000	-0.0903484071144083
chr1	195500001	196000000	-0.0629829323652341
chr1	196000001	196500000	-0.112942006228805
chr1	196500001	197000000	-0.0202046643896594
chr1	197000001	197500000	-0.0399993629074107
chr1	197500001	198000000	0.00272765950083021
chr1	198000001	198500000	-0.0783623006776869
chr1	198500001	199000000	0.0416649127488341
chr1	199000001	199500000	-0.0523590190723436
chr1	199500001	200000000	-0.0419969173891042
chr1	200000001	200500000	-0.0335810875646595
chr1	200500001	201000000	-0.0516343145696306
chr1	201000001	201500000	-0.057302831038126
chr1	201500001	202000000	0.026819665117213
chr1	202000001	202500000	0.060897642440297
chr1	202500001	203000000	0.0221768736516444
chr1	203000001	203500000	0.0740535125389747
chr1	203500001	204000000	0.0658307817267915
chr1	204000001	204500000	0.0583047863823156
chr1	204500001	205000000	-0.000328242354611229
chr1	205000001	205500000	-0.0760368813285192
chr1	205500001	206000000	-0.0293991673977892
chr1	206500001	207000000	-0.0446430997706899
chr1	207000001	207500000	0.0275077400765289
chr1	207500001	208000000	-0.240161651666151
chr1	208000001	208500000	-0.0116929581883639
chr1	208500001	209000000	0.0368711070598726
chr1	209000001	209500000	-0.0882563898991311
chr1	209500001	210000000	-0.0244350437247485
chr1	210000001	210500000	-0.063519942705163
chr1	210500001	211000000	-0.0856250632958064
chr1	211000001	211500000	-0.00663739412512878
chr1	211500001	212000000	-0.0703402594825966
chr1	212000001	212500000	0.0150275216262426
chr1	212500001	213000000	-0.022357842635818
chr1	213000001	213500000	-0.0586367499779774
chr1	213500001	214000000	-0.0598432936833868
chr1	214000001	214500000	-0.146459553928049
chr1	214500001	215000000	-0.101143902476359
chr1	215000001	215500000	-0.0702320722901307
chr1	215500001	216000000	-0.165237172072343
chr1	216000001	216500000	0.0258730401428457
chr1	216500001	217000000	-0.025452923067473
chr1	217000001	217500000	-0.108984565257512
chr1	217500001	218000000	-0.0992186155812696
chr1	218000001	218500000	-0.0794095476096105
chr1	218500001	219000000	-0.0676902009174491
chr1	219000001	219500000	-0.0563391625157824
chr1	219500001	220000000	-0.121577255738121
chr1	220000001	220500000	-0.116357172367021
chr1	220500001	221000000	-0.0697043351825129
chr1	221000001	221500000	-0.0305071578536524
chr1	221500001	222000000	-0.0520562139374605
chr1	222000001	222500000	-0.100267254695587
chr1	222500001	223000000	-0.116429721290897
chr1	223000001	223500000	-0.108157806787975
chr1	224000001	224500000	-0.0669400090976881
chr1	224500001	225000000	-0.0210196696962753
chr1	225000001	225500000	-0.0449728208830732
chr1	225500001	226000000	-0.128122235675918
chr1	226000001	226500000	-0.0728138360043091
chr1	226500001	227000000	-0.0891919435077928
chr1	227000001	227500000	-0.0861936401593799
chr1	227500001	228000000	-0.069428117276186
chr1	228000001	228500000	-0.138259950924046
chr1	228500001	229000000	NA
chr1	229000001	229500000	-0.127678251291921
chr1	229500001	230000000	-0.0261089039493691
chr1	230000001	230500000	-0.105192574903298
chr1	230500001	231000000	-0.107297804601925
chr1	231000001	231500000	-0.029424228630776
chr1	231500001	232000000	0.0149732631257795
chr1	232000001	232500000	-0.0307648670793755
chr1	232500001	233000000	-0.0572922276333413
chr1	233000001	233500000	-0.0601594280224163
chr1	233500001	234000000	-0.135456963716932
chr1	234000001	234500000	-0.0221991381935434
chr1	234500001	235000000	-0.047312539193614
chr1	235000001	235500000	-0.0433899519293379
chr1	235500001	236000000	-0.0709124966442192
chr1	236000001	236500000	-0.00550037066480289
chr1	236500001	237000000	-0.125870209137909
chr1	237000001	237500000	-0.0935926424945486
chr1	237500001	238000000	-0.0983264224288318
chr1	238000001	238500000	-0.112837881552465
chr1	238500001	239000000	-0.162735051262682
chr1	239000001	239500000	-0.0834201733038714
chr1	239500001	240000000	-0.0729843146908459
chr1	240000001	240500000	-0.128891927754723
chr1	240500001	241000000	-0.111887172709309
chr1	241000001	241500000	-0.0175298566928243
chr1	241500001	242000000	-0.135154195841181
chr1	242000001	242500000	0.0232207543510172
chr1	242500001	243000000	-0.0511310581366747
chr1	243500001	244000000	-0.135768051506716
chr1	244000001	244500000	-0.0422575719515081
chr1	244500001	245000000	-0.0688731289885868
chr1	245000001	245500000	-0.0498416141102267
chr1	245500001	246000000	-0.0157336774834608
chr1	246000001	246500000	-0.0561569853662858
chr1	246500001	247000000	-0.129584492114879
chr1	247000001	247500000	-0.0797759229764947
chr1	247500001	248000000	-0.0465642521730187
chr1	248000001	248500000	-0.108989997252608
chr1	248500001	249000000	NA
chr2	1	500000	NA
chr2	500001	1000000	-0.117019191963737
chr2	1000001	1500000	-0.10458992937512
chr2	1500001	2000000	-0.0784766824192969
chr2	2000001	2500000	-0.0562033692949904
chr2	2500001	3000000	-0.0385991191828103
chr2	3000001	3500000	0.0426287224807436
chr2	3500001	4000000	-0.0439614586547418
chr2	4000001	4500000	-0.0649094934990274
chr2	4500001	5000000	0.0175554639372554
chr2	5000001	5500000	0.00527445416316991
chr2	5500001	6000000	-0.0224705478112051
chr2	6000001	6500000	-0.0184118708443647
chr2	6500001	7000000	0.0841886692930294
chr2	7000001	7500000	0.0441138191204493
chr2	7500001	8000000	0.0149422599052746
chr2	8000001	8500000	0.0725104121105179
chr2	8500001	9000000	0.0531718124743775
chr2	9000001	9500000	-0.00144104447951939
chr2	9500001	10000000	0.035511372719352
chr2	10000001	10500000	0.0596236349161991
chr2	10500001	11000000	-0.0218677394759683
chr2	11000001	11500000	-0.0251949630912741
chr2	11500001	12000000	-0.0224695141146506
chr2	12000001	12500000	0.0383538199603917
chr2	12500001	13000000	0.0138158916140397
chr2	13000001	13500000	0.0111872179977901
chr2	13500001	14000000	-0.0119701800776546
chr2	14000001	14500000	-0.00792531304208916
chr2	14500001	15000000	-0.0118011130652604
chr2	15000001	15500000	-0.042817944736454
chr2	15500001	16000000	-0.0771124313736525
chr2	16000001	16500000	NA
chr2	16500001	17000000	0.0312206900343629
chr2	17000001	17500000	-0.0160669900727767
chr2	17500001	18000000	0.0198069181808918
chr2	18000001	18500000	0.0808388716486087
chr2	18500001	19000000	-0.0364994830927299
chr2	19000001	19500000	0.0888396452717626
chr2	19500001	20000000	0.0373329932979232
chr2	20000001	20500000	-0.0174420557921476
chr2	20500001	21000000	NA
chr2	21000001	21500000	-0.0550888588290325
chr2	21500001	22000000	0.00240818930396402
chr2	22000001	22500000	-0.0543708381554915
chr2	22500001	23000000	-0.0302243986063487
chr2	23000001	23500000	-0.0824854497174954
chr2	23500001	24000000	0.0253524867025354
chr2	24000001	24500000	0.0532743880321466
chr2	24500001	25000000	0.0150381113860346
chr2	25000001	25500000	-0.0112289567873799
chr2	25500001	26000000	0.044089298137784
chr2	26000001	26500000	0.0149555570829045
chr2	26500001	27000000	0.109711702347963
chr2	27000001	27500000	0.133774574231858
chr2	27500001	28000000	0.0184582661602272
chr2	28000001	28500000	0.0801467037540312
chr2	28500001	29000000	-0.00141354700553246
chr2	29000001	29500000	0.0699254414541524
chr2	29500001	30000000	-0.000147278923312691
chr2	30000001	30500000	0.01795793857738
chr2	30500001	31000000	0.108297055655678
chr2	31000001	31500000	NA
chr2	31500001	32000000	NA
chr2	32000001	32500000	-0.00908028857769902
chr2	32500001	33000000	NA
chr2	33000001	33500000	0.0423108390395967
chr2	33500001	34000000	0.134190231486655
chr2	34000001	34500000	0.0912735055119203
chr2	34500001	35000000	0.0974323711469039
chr2	35000001	35500000	-0.0359553047282198
chr2	35500001	36000000	0.0920701843190827
chr2	36000001	36500000	0.062304045666516
chr2	36500001	37000000	0.0182920110499691
chr2	37000001	37500000	0.0655779806968835
chr2	37500001	38000000	0.165268903911296
chr2	38000001	38500000	0.036392102767215
chr2	38500001	39000000	0.160354544529389
chr2	39000001	39500000	0.0662138070449449
chr2	39500001	40000000	0.0934634437975969
chr2	40000001	40500000	0.150038820014597
chr2	40500001	41000000	0.0188802437863392
chr2	41000001	41500000	0.132127042658248
chr2	41500001	42000000	0.065279097913123
chr2	42000001	42500000	0.110104196669709
chr2	42500001	43000000	0.128001747594412
chr2	43000001	43500000	0.158181821835179
chr2	43500001	44000000	-0.0245666219630406
chr2	44000001	44500000	0.00689101270697434
chr2	44500001	45000000	0.112607576431644
chr2	45000001	45500000	0.0222308868939692
chr2	45500001	46000000	0.134079435086186
chr2	46000001	46500000	0.115245463873999
chr2	46500001	47000000	0.0856533634777846
chr2	47000001	47500000	0.0687577908313786
chr2	47500001	48000000	0.114301928051545
chr2	48000001	48500000	0.102960887321034
chr2	48500001	49000000	0.0385209926561491
chr2	49000001	49500000	0.0816762125893642
chr2	49500001	50000000	0.0757943707207281
chr2	50000001	50500000	0.0811032506347676
chr2	50500001	51000000	0.0380176330826889
chr2	51000001	51500000	0.0172591702402089
chr2	51500001	52000000	0.0603732772159284
chr2	52000001	52500000	0.101794949814837
chr2	52500001	53000000	0.0992725038501603
chr2	53000001	53500000	0.197106504526893
chr2	53500001	54000000	0.1834058669034
chr2	54000001	54500000	0.122153464353576
chr2	54500001	55000000	0.230109374072469
chr2	55000001	55500000	0.209747463564856
chr2	55500001	56000000	-0.0407812081429167
chr2	56000001	56500000	0.0269953423006732
chr2	56500001	57000000	0.0844700611156393
chr2	57000001	57500000	0.0158018895012262
chr2	57500001	58000000	0.121837346794777
chr2	58000001	58500000	0.115454479820394
chr2	58500001	59000000	0.0453273964963686
chr2	59000001	59500000	0.109579234278491
chr2	59500001	60000000	0.0840998579308634
chr2	60000001	60500000	0.132315962282071
chr2	60500001	61000000	0.074366800571081
chr2	61000001	61500000	0.0265119224964152
chr2	61500001	62000000	0.0434019438901799
chr2	62000001	62500000	0.0372617647804732
chr2	62500001	63000000	0.0338749328875479
chr2	63000001	63500000	0.0229171884139507
chr2	63500001	64000000	0.0569911545334119
chr2	64000001	64500000	0.143968806412263
chr2	64500001	65000000	0.0723069469413399
chr2	65000001	65500000	0.0622943623350029
chr2	65500001	66000000	0.0745417261747182
chr2	66000001	66500000	0.0459303460361922
chr2	66500001	67000000	0.0946602688072024
chr2	67000001	67500000	0.00202515126855414
chr2	67500001	68000000	0.0472654354667376
chr2	68000001	68500000	-0.0681478904459619
chr2	68500001	69000000	0.151373315368992
chr2	69000001	69500000	0.128262894523385
chr2	69500001	70000000	0.110649539638655
chr2	70000001	70500000	0.152135985083463
chr2	70500001	71000000	0.0600163820412679
chr2	71000001	71500000	0.034774362716379
chr2	71500001	72000000	0.061890481586293
chr2	72000001	72500000	0.0225473233112358
chr2	72500001	73000000	0.0464475653168407
chr2	73000001	73500000	0.0949191848182246
chr2	73500001	74000000	-0.0391881537428332
chr2	74000001	74500000	0.117551172395425
chr2	74500001	75000000	0.0463110714429537
chr2	75000001	75500000	0.0343725847759717
chr2	75500001	76000000	-0.0100914312643446
chr2	76000001	76500000	0.125926572465642
chr2	76500001	77000000	0.127003958909783
chr2	77000001	77500000	0.0691069232311488
chr2	77500001	78000000	0.0613957266219754
chr2	78000001	78500000	-0.00303666138123692
chr2	78500001	79000000	0.121843347727626
chr2	79000001	79500000	0.0967892313947928
chr2	79500001	80000000	0.0704462592415523
chr2	80000001	80500000	0.0794009268811919
chr2	80500001	81000000	0.0783454030237041
chr2	81000001	81500000	0.091849418695428
chr2	81500001	82000000	0.140182489150024
chr2	82000001	82500000	-0.00609914379397965
chr2	82500001	83000000	0.0474759571058256
chr2	83000001	83500000	0.112776731205984
chr2	83500001	84000000	0.0595378371444843
chr2	84000001	84500000	0.116921047663655
chr2	84500001	85000000	0.0639941518978524
chr2	85000001	85500000	0.0900869039609046
chr2	85500001	86000000	0.163254365213943
chr2	86000001	86500000	0.122692608418113
chr2	88000001	88500000	0.134806917209013
chr2	88500001	89000000	0.109921977538786
chr2	96500001	97000000	0.0544132125617107
chr2	97500001	98000000	-0.0839522697363314
chr2	98000001	98500000	-0.0560865051635457
chr2	98500001	99000000	-0.0757763037404724
chr2	99000001	99500000	-0.0575399065469594
chr2	99500001	100000000	-0.054243577959652
chr2	100000001	100500000	-0.0513378400544348
chr2	100500001	101000000	-0.000738828508965145
chr2	101000001	101500000	-0.0284852147479246
chr2	101500001	102000000	-0.0819436143504132
chr2	102000001	102500000	-0.0772684996636019
chr2	102500001	103000000	-0.064633375863011
chr2	103000001	103500000	-0.0999786316843412
chr2	103500001	104000000	-0.0516110948175169
chr2	104000001	104500000	-0.0969883719692597
chr2	104500001	105000000	-0.112206483928573
chr2	105000001	105500000	-0.058567704585489
chr2	105500001	106000000	0.010149765004012
chr2	106000001	106500000	-0.0717344245768562
chr2	106500001	107000000	-0.0620697682193704
chr2	107000001	107500000	-0.0891699822629241
chr2	107500001	108000000	0.00297138255033405
chr2	108000001	108500000	-0.02613063466916
chr2	108500001	109000000	0.050597005146997
chr2	109000001	109500000	NA
chr2	110500001	111000000	-0.235015157299356
chr2	111000001	111500000	-0.091786126381679
chr2	112000001	112500000	-0.0927667877327886
chr2	112500001	113000000	0.104333506640094
chr2	113000001	113500000	0.0450612682843995
chr2	113500001	114000000	0.0900952831261479
chr2	114000001	114500000	0.00310441883112374
chr2	114500001	115000000	-0.023010053152897
chr2	115000001	115500000	0.0143635520665156
chr2	115500001	116000000	-0.0141811877911625
chr2	116000001	116500000	0.0282066642004801
chr2	116500001	117000000	-0.0403558068249744
chr2	117000001	117500000	-0.0288613934385569
chr2	117500001	118000000	-0.0377787890329756
chr2	118000001	118500000	-0.00289352452796897
chr2	118500001	119000000	-0.059391634873528
chr2	119000001	119500000	-0.0900315470743544
chr2	119500001	120000000	-0.00694820995110905
chr2	120000001	120500000	0.00506868409020334
chr2	120500001	121000000	-0.0863446975941862
chr2	121000001	121500000	0.0172203327460898
chr2	121500001	122000000	0.0101260772144364
chr2	122000001	122500000	0.050382160081522
chr2	122500001	123000000	0.0330697440643994
chr2	123000001	123500000	0.00522430600072645
chr2	123500001	124000000	-0.0213485361948673
chr2	124000001	124500000	0.0252606636665903
chr2	124500001	125000000	-0.0153476821693611
chr2	125000001	125500000	0.0148279899473374
chr2	125500001	126000000	-0.097272305956056
chr2	126000001	126500000	-0.0275972442142781
chr2	126500001	127000000	0.0169785641607601
chr2	127000001	127500000	-0.0678791054459761
chr2	127500001	128000000	-0.0457682469204242
chr2	128000001	128500000	0.0206647898653693
chr2	128500001	129000000	0.0111448719394445
chr2	129000001	129500000	-0.104539414193571
chr2	129500001	130000000	-0.0468796488966185
chr2	132500001	133000000	0.0254413258808636
chr2	133000001	133500000	-0.00715477387625447
chr2	133500001	134000000	-0.0409018513518197
chr2	134000001	134500000	0.0697017711294201
chr2	134500001	135000000	-0.0565051777586169
chr2	135000001	135500000	-0.024832829960735
chr2	135500001	136000000	0.00816191132909468
chr2	136000001	136500000	-0.0110621012986111
chr2	136500001	137000000	-0.0400658115925981
chr2	137000001	137500000	-0.019318611316837
chr2	137500001	138000000	-0.150593602990541
chr2	138000001	138500000	-0.0644894428816718
chr2	138500001	139000000	-0.0844634679285914
chr2	139000001	139500000	-0.0153143428870249
chr2	139500001	140000000	-0.0641204649197963
chr2	140000001	140500000	-0.146257179776973
chr2	140500001	141000000	-0.120584500281998
chr2	141000001	141500000	-0.00282805742733337
chr2	141500001	142000000	0.00663834089141235
chr2	142000001	142500000	-0.0409134414723168
chr2	142500001	143000000	-0.0150520833019178
chr2	143000001	143500000	-0.00047595264299137
chr2	143500001	144000000	-0.00756106573314923
chr2	144000001	144500000	0.0639714644290258
chr2	144500001	145000000	-0.00859467962923192
chr2	145000001	145500000	-0.000408671723580712
chr2	145500001	146000000	0.00748480757847828
chr2	146000001	146500000	-0.0842446056773753
chr2	146500001	147000000	0.0144808394322531
chr2	147000001	147500000	-0.0663871791767982
chr2	147500001	148000000	0.0118020064458218
chr2	148000001	148500000	-0.00668416787328511
chr2	148500001	149000000	0.029149573725659
chr2	149000001	149500000	-0.0113950126299258
chr2	149500001	150000000	-0.0196874956168767
chr2	150000001	150500000	-0.00206808766621209
chr2	150500001	151000000	0.0085963961655163
chr2	151000001	151500000	0.00120712348555737
chr2	151500001	152000000	0.0906400679441893
chr2	152000001	152500000	0.093520546538193
chr2	152500001	153000000	0.0938750830089417
chr2	153000001	153500000	-0.0909209365398312
chr2	153500001	154000000	-0.00588324813449993
chr2	154000001	154500000	0.0983131511833883
chr2	154500001	155000000	0.0532048357974081
chr2	155000001	155500000	0.0207198663754296
chr2	155500001	156000000	0.0173090896354998
chr2	156000001	156500000	-0.0394589228121172
chr2	156500001	157000000	-0.0277842430115447
chr2	157000001	157500000	0.0490248967971234
chr2	157500001	158000000	0.0171879379510836
chr2	158000001	158500000	0.118305148867282
chr2	158500001	159000000	-0.00278296373108649
chr2	159000001	159500000	0.0596497585142905
chr2	159500001	160000000	0.152131984897975
chr2	160000001	160500000	0.0190885761016872
chr2	160500001	161000000	0.000538890425397481
chr2	161000001	161500000	0.0460023152137942
chr2	161500001	162000000	0.0902773699598311
chr2	162000001	162500000	0.16554757619064
chr2	162500001	163000000	0.0514661484042684
chr2	163000001	163500000	0.00470430510558215
chr2	163500001	164000000	0.0362566955869425
chr2	164000001	164500000	0.166139408559142
chr2	164500001	165000000	0.0750519779917446
chr2	165000001	165500000	0.162234176729857
chr2	165500001	166000000	0.162698804760802
chr2	166000001	166500000	0.103495146384916
chr2	166500001	167000000	0.155668101697756
chr2	167000001	167500000	0.133672161373249
chr2	167500001	168000000	0.199245274568131
chr2	168000001	168500000	0.24228487410138
chr2	168500001	169000000	0.116910293045584
chr2	169000001	169500000	0.184662917892823
chr2	169500001	170000000	0.182555381031616
chr2	170000001	170500000	0.122046869537472
chr2	170500001	171000000	0.0947666913335842
chr2	171000001	171500000	0.0952661603851492
chr2	171500001	172000000	0.148356251319213
chr2	172000001	172500000	0.194868508087374
chr2	172500001	173000000	0.150895117264982
chr2	173000001	173500000	0.107592011080735
chr2	173500001	174000000	0.173463318156507
chr2	174000001	174500000	0.139971927721072
chr2	174500001	175000000	0.133098454041949
chr2	175000001	175500000	0.0788191297641939
chr2	175500001	176000000	0.10419095835689
chr2	176000001	176500000	0.0613602956852436
chr2	176500001	177000000	0.0822104824112085
chr2	177000001	177500000	0.134568706633013
chr2	177500001	178000000	0.0416521295752936
chr2	178000001	178500000	0.0702276324693892
chr2	178500001	179000000	0.15565149640249
chr2	179000001	179500000	0.1596142435755
chr2	179500001	180000000	0.0874975299090534
chr2	180000001	180500000	0.0825399151373145
chr2	180500001	181000000	0.103115597105821
chr2	181000001	181500000	0.104623689153183
chr2	181500001	182000000	0.160102071375043
chr2	182000001	182500000	0.083903034568791
chr2	182500001	183000000	0.190248370650756
chr2	183000001	183500000	0.0906744878098995
chr2	183500001	184000000	0.241885376404771
chr2	184000001	184500000	0.17959844286565
chr2	184500001	185000000	0.161714363252258
chr2	185000001	185500000	0.185264829607036
chr2	185500001	186000000	0.203129690457606
chr2	186000001	186500000	0.148266568222466
chr2	186500001	187000000	0.151655770435193
chr2	187000001	187500000	0.148804727462182
chr2	187500001	188000000	0.228606332263932
chr2	188000001	188500000	0.133514074678372
chr2	188500001	189000000	0.135433227127206
chr2	189000001	189500000	0.110369197805462
chr2	189500001	190000000	0.141650209386144
chr2	190000001	190500000	0.0932765580062767
chr2	190500001	191000000	0.221772430946971
chr2	191000001	191500000	0.123666480110629
chr2	191500001	192000000	0.16078753996097
chr2	192000001	192500000	0.0781656723178406
chr2	192500001	193000000	0.148050656494475
chr2	193000001	193500000	NA
chr2	193500001	194000000	0.037878543588382
chr2	194000001	194500000	0.0873157983831374
chr2	194500001	195000000	0.102048500565198
chr2	195000001	195500000	0.0441719113653228
chr2	195500001	196000000	0.107829563471398
chr2	196000001	196500000	0.0120595876022548
chr2	196500001	197000000	0.115630956664966
chr2	197000001	197500000	0.152035383935024
chr2	197500001	198000000	0.175629945495379
chr2	198000001	198500000	0.122236276241892
chr2	198500001	199000000	0.117589749205644
chr2	199000001	199500000	0.066940511955817
chr2	199500001	200000000	-0.00825397142694462
chr2	200000001	200500000	0.0229929622632144
chr2	200500001	201000000	0.121634453553426
chr2	201000001	201500000	0.204388227226461
chr2	201500001	202000000	0.11906010088782
chr2	202000001	202500000	0.19330701832001
chr2	202500001	203000000	0.240882001198681
chr2	203000001	203500000	0.158483331363125
chr2	203500001	204000000	0.168019734891669
chr2	204000001	204500000	0.0122969405388898
chr2	204500001	205000000	-0.0590800520410247
chr2	205000001	205500000	-0.00815561925050132
chr2	205500001	206000000	0.00664199282559113
chr2	206000001	206500000	-0.042659532777793
chr2	206500001	207000000	0.00302888969863082
chr2	207000001	207500000	0.134344334381491
chr2	207500001	208000000	0.0264591599400537
chr2	208000001	208500000	0.141629609536791
chr2	208500001	209000000	0.0850836430580932
chr2	209000001	209500000	0.0036109714514072
chr2	209500001	210000000	0.0485684376390983
chr2	210000001	210500000	0.0335993996255359
chr2	210500001	211000000	0.141228954417678
chr2	211000001	211500000	0.144859192183357
chr2	211500001	212000000	0.0397015316256569
chr2	212000001	212500000	-0.0674802952213186
chr2	212500001	213000000	0.0453510290944471
chr2	213000001	213500000	0.0729875754556286
chr2	213500001	214000000	0.123030655301757
chr2	214000001	214500000	0.00597171508242279
chr2	214500001	215000000	0.0912328835772134
chr2	215000001	215500000	0.0142651536324495
chr2	215500001	216000000	0.012071605653142
chr2	216000001	216500000	0.0707426291139816
chr2	216500001	217000000	0.022194352324956
chr2	217000001	217500000	0.124885502130355
chr2	217500001	218000000	0.032871344414286
chr2	218000001	218500000	0.163291417162697
chr2	218500001	219000000	0.0565540773481317
chr2	219000001	219500000	0.0325621871639848
chr2	219500001	220000000	0.00659931345332336
chr2	220000001	220500000	0.0653724508188653
chr2	220500001	221000000	-0.0358410996786728
chr2	221000001	221500000	0.12117409727672
chr2	221500001	222000000	0.024514943800749
chr2	222000001	222500000	0.0659264745471566
chr2	222500001	223000000	0.00264168171429082
chr2	223000001	223500000	0.0996126759428304
chr2	223500001	224000000	0.0692829065356441
chr2	224000001	224500000	0.112497608736921
chr2	224500001	225000000	0.0670530527255395
chr2	225000001	225500000	0.0416255035243502
chr2	225500001	226000000	0.00407508649645357
chr2	226000001	226500000	0.0890756744789372
chr2	226500001	227000000	-0.137574317006462
chr2	227000001	227500000	-0.00174100230797562
chr2	227500001	228000000	-0.0335170475891551
chr2	228000001	228500000	-0.0389113949313906
chr2	228500001	229000000	0.0324261808024195
chr2	229000001	229500000	-0.0183944989518729
chr2	229500001	230000000	-0.00473889186135094
chr2	230000001	230500000	0.0902475097841861
chr2	230500001	231000000	0.00304328283275389
chr2	231000001	231500000	-0.0837110322483442
chr2	231500001	232000000	-0.0656033355468075
chr2	232000001	232500000	0.000284054027572825
chr2	232500001	233000000	0.0415826176230389
chr2	233000001	233500000	NA
chr2	233500001	234000000	0.0223909912114855
chr2	234000001	234500000	-0.0133590996251171
chr2	234500001	235000000	-0.0999898055661363
chr2	235000001	235500000	-0.0256096270528594
chr2	235500001	236000000	-0.117141637043354
chr2	236000001	236500000	-0.105770308301911
chr2	236500001	237000000	0.0447921276068574
chr2	237000001	237500000	-0.120098170269927
chr2	237500001	238000000	-0.0147840957843161
chr2	238000001	238500000	-0.114497698600789
chr2	238500001	239000000	NA
chr2	239000001	239500000	0.073084029010977
chr2	239500001	240000000	NA
chr2	240000001	240500000	-0.128470220286661
chr2	240500001	241000000	-0.0339412012557928
chr2	241000001	241500000	-0.0323731005558385
chr2	241500001	242000000	-0.0148311218443839
chr3	1	500000	NA
chr3	500001	1000000	0.20044353017895
chr3	1000001	1500000	0.18883403348344
chr3	1500001	2000000	0.205004358772122
chr3	2000001	2500000	0.194560192697704
chr3	2500001	3000000	0.0902819670532136
chr3	3000001	3500000	0.0707989859109015
chr3	3500001	4000000	0.0772842492593252
chr3	4000001	4500000	0.161290646988907
chr3	4500001	5000000	0.177279818113829
chr3	5000001	5500000	0.194200791288521
chr3	5500001	6000000	0.246389175871769
chr3	6000001	6500000	0.184059687842223
chr3	6500001	7000000	0.246761229375273
chr3	7000001	7500000	0.17648824429865
chr3	7500001	8000000	0.17225005399741
chr3	8000001	8500000	0.143882062583177
chr3	8500001	9000000	0.0414263402683501
chr3	9000001	9500000	0.0411426000775588
chr3	9500001	10000000	0.0875052149370348
chr3	10000001	10500000	0.0910543472966467
chr3	10500001	11000000	0.000950630555842019
chr3	11000001	11500000	0.167515257316629
chr3	11500001	12000000	0.0582802508872914
chr3	12000001	12500000	0.144595584465782
chr3	12500001	13000000	0.137070132949989
chr3	13000001	13500000	0.0779041603497985
chr3	13500001	14000000	0.102232486732895
chr3	14000001	14500000	0.123639736930413
chr3	14500001	15000000	0.0746222993182917
chr3	15000001	15500000	0.174934860075656
chr3	15500001	16000000	0.0679957946056526
chr3	16000001	16500000	-0.061924004475574
chr3	16500001	17000000	NA
chr3	17000001	17500000	0.079014812311115
chr3	17500001	18000000	0.0526885876115407
chr3	18000001	18500000	-0.0846063579372427
chr3	18500001	19000000	0.0495888298637784
chr3	19000001	19500000	0.0179232089767248
chr3	19500001	20000000	0.0257849015987193
chr3	20000001	20500000	0.000647975645047601
chr3	20500001	21000000	0.0770349005576304
chr3	21000001	21500000	0.0246589162270988
chr3	21500001	22000000	0.0634901049827042
chr3	22000001	22500000	0.039744260035171
chr3	22500001	23000000	0.0580799570234884
chr3	23000001	23500000	0.0820414510970005
chr3	23500001	24000000	0.0929849000227409
chr3	24000001	24500000	-0.0204910957817899
chr3	24500001	25000000	-0.0371341864571794
chr3	25000001	25500000	0.0251732442561333
chr3	25500001	26000000	0.0303006036807257
chr3	26000001	26500000	0.045132288191053
chr3	26500001	27000000	0.0498447112351906
chr3	27000001	27500000	0.00223015947373452
chr3	27500001	28000000	0.0761798699379203
chr3	28000001	28500000	0.0121544974085578
chr3	28500001	29000000	0.0989573126438887
chr3	29000001	29500000	-0.0267061734442483
chr3	29500001	30000000	0.0740880073388904
chr3	30000001	30500000	0.0496139862889124
chr3	30500001	31000000	0.0653465725384743
chr3	31000001	31500000	0.107150701641942
chr3	31500001	32000000	0.0576560796343202
chr3	32000001	32500000	0.0482001543687733
chr3	32500001	33000000	0.124540422150262
chr3	33000001	33500000	0.062600483743943
chr3	33500001	34000000	0.0422016344713961
chr3	34000001	34500000	0.0971116439726311
chr3	34500001	35000000	0.0451361567879463
chr3	35000001	35500000	0.077615663936296
chr3	35500001	36000000	0.0631093935807408
chr3	36000001	36500000	0.0304384007586007
chr3	36500001	37000000	0.0594681350144275
chr3	37000001	37500000	-0.00484651482074905
chr3	37500001	38000000	0.0938395754605887
chr3	38000001	38500000	0.0694002211514093
chr3	38500001	39000000	0.097117349803952
chr3	39000001	39500000	0.0982711205811299
chr3	39500001	40000000	0.0491893022349345
chr3	40000001	40500000	0.0741606384460251
chr3	40500001	41000000	0.0349953850946614
chr3	41000001	41500000	0.079218079719118
chr3	41500001	42000000	0.0686728019111217
chr3	42000001	42500000	0.0889372173292481
chr3	42500001	43000000	0.0831876965788802
chr3	43000001	43500000	0.11913857838882
chr3	43500001	44000000	0.0437319154800954
chr3	44000001	44500000	0.0645501028893274
chr3	44500001	45000000	0.0850361263253828
chr3	45000001	45500000	-0.00295180490233886
chr3	45500001	46000000	0.0345688055535958
chr3	46000001	46500000	0.192789368222106
chr3	46500001	47000000	-0.0193922163936786
chr3	47000001	47500000	0.106003259693373
chr3	47500001	48000000	-0.0608053147170145
chr3	48000001	48500000	-0.104800267113706
chr3	48500001	49000000	-0.00469823527177873
chr3	49000001	49500000	-0.0375895010890509
chr3	49500001	50000000	-0.0479468399333119
chr3	50000001	50500000	0.0598022342076844
chr3	50500001	51000000	-0.106303102251438
chr3	51000001	51500000	-0.0570868558282567
chr3	51500001	52000000	-0.0826025101536639
chr3	52000001	52500000	-0.115147261047359
chr3	52500001	53000000	-0.0723083492816607
chr3	53000001	53500000	-0.0985480479846806
chr3	53500001	54000000	-0.064654277117222
chr3	54000001	54500000	-0.0282995060835212
chr3	54500001	55000000	-0.132065039875011
chr3	55000001	55500000	-0.124527639306365
chr3	55500001	56000000	-0.0666534456994754
chr3	56000001	56500000	0.0622858605800168
chr3	56500001	57000000	0.0529173635137313
chr3	57000001	57500000	0.00954106048263787
chr3	57500001	58000000	0.0188963941138816
chr3	58000001	58500000	0.0703220660130985
chr3	58500001	59000000	0.0140652864980421
chr3	59000001	59500000	0.0249225942540575
chr3	59500001	60000000	0.0933659420151953
chr3	60000001	60500000	NA
chr3	60500001	61000000	0.066382779340839
chr3	61000001	61500000	0.0493196082063116
chr3	61500001	62000000	0.0061995674559875
chr3	62000001	62500000	-0.0142210009907717
chr3	62500001	63000000	0.0872753662282293
chr3	63000001	63500000	-0.0607917561454731
chr3	63500001	64000000	0.101956903596104
chr3	64000001	64500000	0.0196051094862115
chr3	64500001	65000000	0.0348096648422969
chr3	65000001	65500000	0.0223387806534218
chr3	65500001	66000000	0.0360160714594524
chr3	66000001	66500000	NA
chr3	66500001	67000000	-0.019466472996473
chr3	67000001	67500000	0.116211550223912
chr3	67500001	68000000	0.0694104054268466
chr3	68000001	68500000	0.0641078976469382
chr3	68500001	69000000	0.073047604275391
chr3	69000001	69500000	0.0847786826157443
chr3	69500001	70000000	0.0166225308763419
chr3	70000001	70500000	-0.00981282195839665
chr3	70500001	71000000	0.0559532361334696
chr3	71000001	71500000	0.108257815742335
chr3	71500001	72000000	0.151276287195035
chr3	72000001	72500000	0.060686118751724
chr3	72500001	73000000	0.142790739693667
chr3	73000001	73500000	-0.0163703161812998
chr3	73500001	74000000	0.0197183310356064
chr3	74000001	74500000	0.0670055043104372
chr3	74500001	75000000	0.000877660256843722
chr3	75000001	75500000	0.117990810807318
chr3	76000001	76500000	0.0629782098060012
chr3	76500001	77000000	0.0476497324004564
chr3	77000001	77500000	-0.018141776781205
chr3	77500001	78000000	0.0611651521233095
chr3	78000001	78500000	0.0624380835961538
chr3	78500001	79000000	0.0677553284704435
chr3	79000001	79500000	0.0964371594553914
chr3	79500001	80000000	0.0362989463753652
chr3	80000001	80500000	-0.0317556175441055
chr3	80500001	81000000	0.107772395252704
chr3	81000001	81500000	0.133077254964116
chr3	81500001	82000000	0.034950627408702
chr3	82000001	82500000	0.0688320668711294
chr3	82500001	83000000	0.14303528774183
chr3	83000001	83500000	NA
chr3	83500001	84000000	0.115962266336649
chr3	84000001	84500000	0.0182204799271773
chr3	84500001	85000000	0.0996183774218432
chr3	85000001	85500000	NA
chr3	85500001	86000000	0.0837623365717041
chr3	86000001	86500000	0.0172064939222591
chr3	86500001	87000000	0.0648064725209251
chr3	87000001	87500000	0.0982974438840811
chr3	94500001	95000000	-0.0721408194159783
chr3	95000001	95500000	-0.104638153532789
chr3	95500001	96000000	0.0328719414811028
chr3	96000001	96500000	0.0306577521056643
chr3	96500001	97000000	-0.014083691850427
chr3	97000001	97500000	-0.115884052615117
chr3	97500001	98000000	-0.0267665889445506
chr3	98000001	98500000	0.0826286730689005
chr3	98500001	99000000	-0.0436738369913258
chr3	99000001	99500000	-0.0543690141378131
chr3	99500001	100000000	-0.15825924178736
chr3	100000001	100500000	-0.110939133762119
chr3	100500001	101000000	-0.183959540783682
chr3	101000001	101500000	-0.060640316480131
chr3	101500001	102000000	0.0531957430862786
chr3	102000001	102500000	-0.0239226256771316
chr3	102500001	103000000	-0.0307086202177351
chr3	103000001	103500000	0.00114582843562352
chr3	103500001	104000000	-0.0803236860287825
chr3	104000001	104500000	-0.0394825540695337
chr3	104500001	105000000	-0.0413427390082179
chr3	105000001	105500000	-0.0301620277785164
chr3	105500001	106000000	-0.0455644009231339
chr3	106000001	106500000	-0.0264070864742037
chr3	106500001	107000000	-0.0396606565182259
chr3	107000001	107500000	0.00685309252641782
chr3	107500001	108000000	-0.0170696945727366
chr3	108000001	108500000	0.052571819603585
chr3	108500001	109000000	0.0332018632277912
chr3	109000001	109500000	-0.00670442367007604
chr3	109500001	110000000	0.0322268028469855
chr3	110000001	110500000	-0.0744998037833282
chr3	110500001	111000000	-0.0378042857047906
chr3	111000001	111500000	-0.0662197657679686
chr3	111500001	112000000	0.00107460447803496
chr3	112000001	112500000	0.0406801023861246
chr3	112500001	113000000	0.196843712739575
chr3	113000001	113500000	0.20641927382234
chr3	113500001	114000000	0.230137288327166
chr3	114000001	114500000	0.216526386542416
chr3	114500001	115000000	0.183636677738848
chr3	115000001	115500000	0.000883229569278429
chr3	115500001	116000000	0.0360392017073232
chr3	116000001	116500000	-0.0039635636746277
chr3	116500001	117000000	0.0030383474972159
chr3	117000001	117500000	0.0374242882001934
chr3	117500001	118000000	-0.136328898893348
chr3	118000001	118500000	-0.019214383490879
chr3	118500001	119000000	0.0169721358035302
chr3	119000001	119500000	-0.00469280380571385
chr3	119500001	120000000	0.0676605511318479
chr3	120000001	120500000	0.00592834870546646
chr3	120500001	121000000	0.104078775277581
chr3	121000001	121500000	0.114930544631052
chr3	121500001	122000000	0.161090679126493
chr3	122000001	122500000	0.103906600031511
chr3	122500001	123000000	0.108810836120513
chr3	123000001	123500000	0.00974793229888565
chr3	123500001	124000000	0.0662398030214246
chr3	124000001	124500000	0.0767758075272397
chr3	124500001	125000000	-0.0290650240283496
chr3	125000001	125500000	0.0632417769284926
chr3	126000001	126500000	-0.0125675606959789
chr3	126500001	127000000	0.00978568557009157
chr3	127000001	127500000	-0.0268449885853511
chr3	127500001	128000000	0.0375549630337142
chr3	128000001	128500000	0.0803700118801699
chr3	128500001	129000000	0.136336221227902
chr3	129000001	129500000	0.132997831784643
chr3	129500001	130000000	0.084410749919152
chr3	130500001	131000000	-0.00265095687667062
chr3	131000001	131500000	0.0779998930450712
chr3	131500001	132000000	-0.0374190533004728
chr3	132000001	132500000	0.105264712860306
chr3	132500001	133000000	0.135688915870853
chr3	133000001	133500000	0.0394449499587009
chr3	133500001	134000000	0.0730736890253152
chr3	134000001	134500000	0.0791805094479994
chr3	134500001	135000000	0.172822579267076
chr3	135000001	135500000	0.093040777084934
chr3	135500001	136000000	0.046210261116848
chr3	136000001	136500000	0.0365578182896022
chr3	136500001	137000000	0.0188759411983772
chr3	137000001	137500000	0.102459375447792
chr3	137500001	138000000	0.148069046023591
chr3	138000001	138500000	0.0407895012608385
chr3	138500001	139000000	0.060423317824423
chr3	139000001	139500000	0.071009436611236
chr3	139500001	140000000	0.127761626318261
chr3	140000001	140500000	0.192918244051995
chr3	140500001	141000000	0.184280080774376
chr3	141000001	141500000	0.228204126229275
chr3	141500001	142000000	0.299330507472064
chr3	142000001	142500000	0.263611825012029
chr3	142500001	143000000	0.182649375797563
chr3	143000001	143500000	0.186667604872353
chr3	143500001	144000000	0.270958909330991
chr3	144000001	144500000	0.22483043569597
chr3	144500001	145000000	0.204349995906574
chr3	145000001	145500000	0.291788540851663
chr3	145500001	146000000	0.196141825496034
chr3	146000001	146500000	0.203683311824885
chr3	146500001	147000000	0.160469704985108
chr3	147000001	147500000	0.241585762825195
chr3	147500001	148000000	0.203253679969089
chr3	148000001	148500000	0.218479197305619
chr3	148500001	149000000	0.336788507046611
chr3	149000001	149500000	0.230397937307049
chr3	149500001	150000000	0.254792572233575
chr3	150000001	150500000	0.242749702509895
chr3	150500001	151000000	0.242391518449314
chr3	151000001	151500000	0.253125017136663
chr3	151500001	152000000	0.198278279316687
chr3	152000001	152500000	0.133126503529734
chr3	152500001	153000000	0.0999188247594972
chr3	153000001	153500000	0.191757748149813
chr3	153500001	154000000	0.169672783112695
chr3	154000001	154500000	0.0657588475862439
chr3	154500001	155000000	0.224277556452182
chr3	155000001	155500000	0.187296047100788
chr3	155500001	156000000	0.231776833528194
chr3	156000001	156500000	0.240173961396292
chr3	156500001	157000000	0.188365505244487
chr3	157000001	157500000	0.229978419464082
chr3	157500001	158000000	0.16833841398753
chr3	158000001	158500000	0.301784251876311
chr3	158500001	159000000	0.225855024696268
chr3	159000001	159500000	0.242679766926586
chr3	159500001	160000000	0.17405722784073
chr3	160000001	160500000	0.238874245784707
chr3	160500001	161000000	0.300052756442928
chr3	161000001	161500000	0.1779829931713
chr3	161500001	162000000	0.253130656045318
chr3	162000001	162500000	0.203172081554047
chr3	162500001	163000000	0.208016944168882
chr3	163000001	163500000	0.241525267424475
chr3	163500001	164000000	0.171563986701312
chr3	164000001	164500000	0.292711138846594
chr3	164500001	165000000	0.198781473201329
chr3	165000001	165500000	0.307142196400781
chr3	165500001	166000000	0.216954803558498
chr3	166000001	166500000	0.155425638470712
chr3	166500001	167000000	0.264935703895077
chr3	167000001	167500000	0.241741410843036
chr3	167500001	168000000	0.289269307774459
chr3	168000001	168500000	0.216162407929166
chr3	168500001	169000000	0.235464381691828
chr3	169000001	169500000	0.208702971972846
chr3	169500001	170000000	0.248076748725985
chr3	170000001	170500000	0.217141858384714
chr3	170500001	171000000	0.225723655291816
chr3	171000001	171500000	0.124722056932645
chr3	171500001	172000000	0.175501939481576
chr3	172000001	172500000	0.0910097287245976
chr3	172500001	173000000	0.132040367539131
chr3	173000001	173500000	0.14448405380211
chr3	173500001	174000000	0.0772512279355198
chr3	174000001	174500000	0.137810469774526
chr3	174500001	175000000	0.134691420537034
chr3	175000001	175500000	0.075609623584004
chr3	175500001	176000000	0.154755828380635
chr3	176000001	176500000	0.17380868658589
chr3	176500001	177000000	0.110366305243666
chr3	177000001	177500000	0.153140391974081
chr3	177500001	178000000	0.171703147514013
chr3	178000001	178500000	0.128352345622426
chr3	178500001	179000000	0.0911603541395522
chr3	179000001	179500000	0.154693256760241
chr3	179500001	180000000	0.0789232558289552
chr3	180000001	180500000	0.0752819890712258
chr3	180500001	181000000	0.0264826622428827
chr3	181000001	181500000	0.0795086781284945
chr3	181500001	182000000	0.0428603388011378
chr3	182000001	182500000	0.0253505810620284
chr3	182500001	183000000	0.115939739436064
chr3	183000001	183500000	0.179545479339237
chr3	183500001	184000000	0.117926100969003
chr3	184000001	184500000	0.155397761816457
chr3	184500001	185000000	0.176029094576056
chr3	185000001	185500000	0.190601922630766
chr3	185500001	186000000	0.112866532801511
chr3	186000001	186500000	0.171058161597126
chr3	186500001	187000000	0.166134646467945
chr3	187000001	187500000	0.156285428885649
chr3	187500001	188000000	0.151458337926886
chr3	188000001	188500000	0.283161455810037
chr3	188500001	189000000	0.144471725278757
chr3	189000001	189500000	0.185105558773878
chr3	189500001	190000000	0.114531272585705
chr3	190000001	190500000	0.1903455917859
chr3	190500001	191000000	0.0827067178944966
chr3	191000001	191500000	0.140893825979007
chr3	191500001	192000000	0.115599721704599
chr3	192000001	192500000	0.141124920596552
chr3	192500001	193000000	0.120090305455728
chr3	193000001	193500000	0.0538573077835813
chr3	193500001	194000000	0.149602726435378
chr3	194000001	194500000	0.0813326020849342
chr3	194500001	195000000	0.163919095716792
chr3	195000001	195500000	0.109506472106798
chr3	195500001	196000000	0.337303306110185
chr3	196000001	196500000	0.124719388287166
chr3	196500001	197000000	0.157087559925868
chr3	197000001	197500000	0.151360803083589
chr3	197500001	198000000	0.0032983901444163
chr4	1	500000	NA
chr4	500001	1000000	0.0177597174036605
chr4	1000001	1500000	NA
chr4	1500001	2000000	-0.027646142179277
chr4	2000001	2500000	0.0560663792119372
chr4	2500001	3000000	0.00489726877515392
chr4	3000001	3500000	-0.0607735710680756
chr4	3500001	4000000	0.173530937565069
chr4	4500001	5000000	0.0169640119362526
chr4	5000001	5500000	-0.0320686818784904
chr4	5500001	6000000	0.0448466531447211
chr4	6000001	6500000	-0.0622861571762184
chr4	6500001	7000000	0.0618115605167623
chr4	7000001	7500000	-0.0871449030868378
chr4	7500001	8000000	-0.020805132019297
chr4	8000001	8500000	-0.0387560464812211
chr4	8500001	9000000	NA
chr4	10000001	10500000	0.0553707447898694
chr4	10500001	11000000	-0.0112542083536356
chr4	11000001	11500000	0.0315416049689518
chr4	11500001	12000000	0.038707344906652
chr4	12000001	12500000	-0.0104270561528044
chr4	12500001	13000000	0.0805646290563006
chr4	13000001	13500000	0.0140862159827902
chr4	13500001	14000000	0.0626276710666638
chr4	14000001	14500000	0.0511251877085866
chr4	14500001	15000000	0.0675663128756149
chr4	15000001	15500000	-0.015516782616428
chr4	15500001	16000000	0.121297359535671
chr4	16000001	16500000	-0.0309805832197885
chr4	16500001	17000000	-0.074738483409817
chr4	17000001	17500000	0.0545418823485239
chr4	17500001	18000000	0.0141590191631107
chr4	18000001	18500000	0.0687489419970241
chr4	18500001	19000000	0.0832626440537099
chr4	19000001	19500000	-0.052611839320714
chr4	19500001	20000000	-0.0129211634377556
chr4	20000001	20500000	-0.0504247665628927
chr4	20500001	21000000	0.0353828672357962
chr4	21000001	21500000	0.0026300580680525
chr4	21500001	22000000	-0.0199810396647979
chr4	22000001	22500000	-0.0539057810551211
chr4	22500001	23000000	0.00389605511349322
chr4	23000001	23500000	0.0259175662017273
chr4	23500001	24000000	-0.0138607469532012
chr4	24000001	24500000	0.023534144661638
chr4	24500001	25000000	0.0225416081480113
chr4	25000001	25500000	-0.036757795260216
chr4	25500001	26000000	-0.0101522081280848
chr4	26000001	26500000	0.0475356964403079
chr4	26500001	27000000	0.0450019787204638
chr4	27000001	27500000	0.0277619485615334
chr4	27500001	28000000	-0.0160297509346589
chr4	28000001	28500000	-0.0533192579509328
chr4	28500001	29000000	0.041387593223068
chr4	29000001	29500000	-0.0273251942974118
chr4	29500001	30000000	-0.0511344738648045
chr4	30000001	30500000	-0.103762976198385
chr4	30500001	31000000	-0.0183390563969428
chr4	31000001	31500000	-0.0441826146180546
chr4	31500001	32000000	NA
chr4	32000001	32500000	0.0176077199270203
chr4	32500001	33000000	NA
chr4	33000001	33500000	-0.00878721376328284
chr4	33500001	34000000	0.0405297579757154
chr4	34000001	34500000	-0.0678813454117272
chr4	34500001	35000000	0.0128290026576303
chr4	35000001	35500000	0.00156237888252587
chr4	35500001	36000000	-0.0325709622601925
chr4	36000001	36500000	0.0394168204059938
chr4	36500001	37000000	0.0237637709618406
chr4	37000001	37500000	0.00214585396522649
chr4	37500001	38000000	0.115943500655485
chr4	38000001	38500000	0.0270752022545532
chr4	38500001	39000000	0.0253103288274276
chr4	39000001	39500000	0.00805514609509739
chr4	39500001	40000000	0.0178977858569642
chr4	40000001	40500000	0.101737009329757
chr4	40500001	41000000	0.038258720623498
chr4	41000001	41500000	0.0377278132441679
chr4	41500001	42000000	-0.0346806828051602
chr4	42000001	42500000	0.0435823079759342
chr4	42500001	43000000	-0.0288227630558413
chr4	43000001	43500000	0.00509356353837464
chr4	43500001	44000000	0.0844639570824594
chr4	44000001	44500000	0.029134209866302
chr4	44500001	45000000	-0.0120399126997242
chr4	45000001	45500000	-0.0534969379925356
chr4	45500001	46000000	0.0254587016982057
chr4	46000001	46500000	0.0022618650916703
chr4	46500001	47000000	0.00580900870064004
chr4	47000001	47500000	0.02301697212661
chr4	47500001	48000000	0.0765861459570709
chr4	52000001	52500000	0.0784052180985324
chr4	52500001	53000000	0.12201598674294
chr4	53000001	53500000	0.125366106319875
chr4	53500001	54000000	0.0932363871245131
chr4	54000001	54500000	0.0150492193380661
chr4	54500001	55000000	0.0791639109992036
chr4	55000001	55500000	0.0213261596733045
chr4	55500001	56000000	0.0489326864346574
chr4	56000001	56500000	0.0389557367785966
chr4	56500001	57000000	0.0603345519905339
chr4	57000001	57500000	-0.0590179047346939
chr4	57500001	58000000	0.0153603640955417
chr4	58000001	58500000	-0.0174986324083201
chr4	58500001	59000000	NA
chr4	59000001	59500000	0.0235962154340842
chr4	59500001	60000000	0.0373441896092221
chr4	60000001	60500000	-0.0368050467817672
chr4	60500001	61000000	-0.0396335347752933
chr4	61000001	61500000	0.0720161801648026
chr4	61500001	62000000	-0.0190046139462624
chr4	62000001	62500000	0.0743134904456002
chr4	62500001	63000000	-0.0028005993756553
chr4	63000001	63500000	-0.0101160064635969
chr4	63500001	64000000	0.0459630293399254
chr4	64000001	64500000	0.0172627671857634
chr4	64500001	65000000	0.0532553522276225
chr4	65000001	65500000	-0.0224423810798775
chr4	65500001	66000000	-0.00939387305631149
chr4	66000001	66500000	-0.159295901331656
chr4	66500001	67000000	-0.0498432027152898
chr4	67000001	67500000	0.028150042714141
chr4	67500001	68000000	-0.0312765808461708
chr4	68000001	68500000	-0.0483008387050519
chr4	68500001	69000000	-0.173628350241187
chr4	69000001	69500000	-0.102065072908062
chr4	69500001	70000000	-0.04831305364866
chr4	70000001	70500000	0.094032048989801
chr4	70500001	71000000	0.0303292728751856
chr4	71000001	71500000	0.000340682845217575
chr4	71500001	72000000	-0.0627791977232779
chr4	72000001	72500000	0.00724177804747656
chr4	72500001	73000000	-0.0244147069146281
chr4	73000001	73500000	-0.0187753049266127
chr4	73500001	74000000	0.132499901094218
chr4	74000001	74500000	0.133823963693525
chr4	74500001	75000000	0.137062923977268
chr4	75000001	75500000	0.119886698480279
chr4	75500001	76000000	0.0792546095861288
chr4	76000001	76500000	0.0584605620898138
chr4	76500001	77000000	0.0510409398286042
chr4	77000001	77500000	0.0594709643090692
chr4	77500001	78000000	0.0932870007088832
chr4	78000001	78500000	0.148836990921134
chr4	78500001	79000000	0.165052113018943
chr4	79000001	79500000	0.153508955345323
chr4	79500001	80000000	0.194566207087308
chr4	80000001	80500000	0.0917153224458555
chr4	80500001	81000000	0.100614844894474
chr4	81000001	81500000	0.105279702008369
chr4	81500001	82000000	0.132284809868182
chr4	82000001	82500000	-0.111144999880643
chr4	82500001	83000000	-0.0924300156556031
chr4	83000001	83500000	0.0436777528821431
chr4	83500001	84000000	-0.0809761884845254
chr4	84000001	84500000	-0.0843208253640171
chr4	84500001	85000000	-0.041703710741529
chr4	85000001	85500000	-0.0472275180154651
chr4	85500001	86000000	-0.002063666951846
chr4	86000001	86500000	-0.103888738094462
chr4	86500001	87000000	-0.0599065503611903
chr4	87000001	87500000	-0.0287984098504314
chr4	87500001	88000000	0.0107862634229145
chr4	88000001	88500000	-0.0289250414652413
chr4	88500001	89000000	-0.0698550216627669
chr4	89000001	89500000	-0.0617580353904681
chr4	89500001	90000000	-0.0345009642726986
chr4	90000001	90500000	-0.165465476773013
chr4	90500001	91000000	0.00786915800993839
chr4	91000001	91500000	-0.055952763599737
chr4	91500001	92000000	-0.0634916936834061
chr4	92000001	92500000	-0.145229302663325
chr4	92500001	93000000	-0.125695982071475
chr4	93000001	93500000	-0.0927835094385308
chr4	93500001	94000000	-0.115186072018007
chr4	94000001	94500000	-0.15504765047654
chr4	94500001	95000000	-0.155079106340607
chr4	95000001	95500000	-0.134072033299142
chr4	95500001	96000000	0.00900063386513076
chr4	96000001	96500000	-0.103188752586712
chr4	96500001	97000000	-0.108911719951049
chr4	97000001	97500000	-0.113347100893195
chr4	97500001	98000000	-0.0903329628650754
chr4	98000001	98500000	-0.0945929606610306
chr4	98500001	99000000	-0.00314018429465285
chr4	99000001	99500000	-0.0821415899248411
chr4	99500001	100000000	-0.206662701300226
chr4	100000001	100500000	-0.0581556350897767
chr4	100500001	101000000	-0.162106124594443
chr4	101000001	101500000	-0.0797777344383246
chr4	101500001	102000000	-0.0809463377338023
chr4	102000001	102500000	-0.109703656558944
chr4	102500001	103000000	-0.114208663101236
chr4	103000001	103500000	-0.0937110955135096
chr4	103500001	104000000	-0.0906058231069907
chr4	104000001	104500000	-0.0816166381998336
chr4	104500001	105000000	-0.0987159520076724
chr4	105000001	105500000	-0.087108895948811
chr4	105500001	106000000	-0.0570408261781147
chr4	106000001	106500000	-0.0130452146952009
chr4	106500001	107000000	-0.177364146029966
chr4	107000001	107500000	-0.169769870344597
chr4	107500001	108000000	-0.0941835470304049
chr4	108000001	108500000	-0.0597332834975193
chr4	108500001	109000000	-0.154679135561552
chr4	109000001	109500000	-0.0974307349050993
chr4	109500001	110000000	-0.0882475534001659
chr4	110000001	110500000	-0.0192053874273364
chr4	110500001	111000000	-0.129315392892101
chr4	111000001	111500000	-0.0571323837710647
chr4	111500001	112000000	-0.100430840031152
chr4	112000001	112500000	-0.0677671048075447
chr4	112500001	113000000	-0.1548189008965
chr4	113000001	113500000	0.0659872636804202
chr4	113500001	114000000	0.0275357104199259
chr4	114000001	114500000	-0.00729765337464558
chr4	114500001	115000000	-0.0469073818076544
chr4	115000001	115500000	-0.149699892331735
chr4	115500001	116000000	-0.176529400352775
chr4	116000001	116500000	-0.110332096928311
chr4	116500001	117000000	-0.0535092001406925
chr4	117000001	117500000	-0.127498917517525
chr4	117500001	118000000	-0.123927189354263
chr4	118000001	118500000	-0.0189244462644832
chr4	118500001	119000000	-0.0734116628774903
chr4	119000001	119500000	0.0067683121957524
chr4	119500001	120000000	-0.106782753541416
chr4	120000001	120500000	-0.0809700607602161
chr4	120500001	121000000	-0.0638018468517557
chr4	121000001	121500000	-0.00816378991380064
chr4	121500001	122000000	-0.0830581033735633
chr4	122000001	122500000	-0.0179939754861353
chr4	122500001	123000000	-0.096278628145745
chr4	123000001	123500000	-0.094060420100446
chr4	123500001	124000000	-0.118472008382408
chr4	124000001	124500000	-0.147431065669932
chr4	124500001	125000000	-0.048615200959379
chr4	125000001	125500000	-0.12449575308517
chr4	125500001	126000000	-0.0637447718305961
chr4	126000001	126500000	-0.119188774754572
chr4	126500001	127000000	-0.163465916058693
chr4	127000001	127500000	-0.0521762740635506
chr4	127500001	128000000	-0.0836859257776183
chr4	128000001	128500000	-0.0688615387824967
chr4	128500001	129000000	-0.0655594630990856
chr4	129000001	129500000	-0.00666956130092889
chr4	129500001	130000000	-0.0705727162594945
chr4	130000001	130500000	-0.134421750261213
chr4	130500001	131000000	-0.0853812559218629
chr4	131000001	131500000	-0.103509542104882
chr4	132000001	132500000	-0.104390209852243
chr4	132500001	133000000	-0.126141846419045
chr4	133000001	133500000	-0.167060691666161
chr4	133500001	134000000	-0.184823041926387
chr4	134000001	134500000	-0.0814980948460242
chr4	134500001	135000000	-0.147352232901375
chr4	135000001	135500000	-0.0898187137498124
chr4	135500001	136000000	-0.123864889639475
chr4	136000001	136500000	-0.105572616458257
chr4	136500001	137000000	-0.108178322050433
chr4	137000001	137500000	-0.0827625734265064
chr4	137500001	138000000	-0.00366500904676086
chr4	138000001	138500000	-0.039205232697136
chr4	138500001	139000000	-0.0908394147051803
chr4	139000001	139500000	0.0122636916260731
chr4	139500001	140000000	-0.106499372614871
chr4	140000001	140500000	-0.0980417855681503
chr4	140500001	141000000	-0.0721669402005082
chr4	141000001	141500000	-0.125006286329494
chr4	141500001	142000000	-0.0509140069956473
chr4	142000001	142500000	-0.0909898692049482
chr4	142500001	143000000	-0.0534694026192819
chr4	143000001	143500000	-0.0372438348573909
chr4	143500001	144000000	0.0712338461846767
chr4	144000001	144500000	0.027220950910523
chr4	144500001	145000000	-0.0937932313695114
chr4	145000001	145500000	-0.11665177794365
chr4	145500001	146000000	-0.177046152191608
chr4	146000001	146500000	-0.140412217284273
chr4	146500001	147000000	-0.107544740557667
chr4	147000001	147500000	-0.118057026958833
chr4	147500001	148000000	-0.14609151629479
chr4	148000001	148500000	-0.171959802259495
chr4	148500001	149000000	-0.0778253478994285
chr4	149000001	149500000	-0.233911634011146
chr4	149500001	150000000	-0.109742760431898
chr4	150000001	150500000	-0.166525528985756
chr4	150500001	151000000	-0.0731194980003616
chr4	151000001	151500000	-0.222229002404368
chr4	151500001	152000000	-0.146082951641218
chr4	152000001	152500000	-0.0330639910273814
chr4	152500001	153000000	-0.109267536665802
chr4	153000001	153500000	-0.171516178880578
chr4	153500001	154000000	-0.0849808007511847
chr4	154000001	154500000	-0.180628503096165
chr4	154500001	155000000	-0.0447172758597997
chr4	155000001	155500000	-0.103116181886401
chr4	155500001	156000000	-0.11598892307419
chr4	156000001	156500000	-0.110459853620544
chr4	156500001	157000000	-0.136157660764981
chr4	157000001	157500000	-0.12198121825145
chr4	157500001	158000000	-0.137908239511786
chr4	158000001	158500000	-0.132839703760862
chr4	158500001	159000000	-0.0932014980374448
chr4	159000001	159500000	-0.118321270483801
chr4	159500001	160000000	-0.0884087921505239
chr4	160000001	160500000	-0.203257011479604
chr4	160500001	161000000	-0.206192123089992
chr4	161000001	161500000	-0.139714119012357
chr4	161500001	162000000	-0.0853464929170168
chr4	162000001	162500000	-0.15614747239581
chr4	162500001	163000000	-0.111839164768457
chr4	163000001	163500000	-0.13342195637608
chr4	163500001	164000000	-0.0711083344311001
chr4	164000001	164500000	-0.124879897236437
chr4	164500001	165000000	-0.179185654026223
chr4	165000001	165500000	-0.0626292143691097
chr4	165500001	166000000	-0.100280210449444
chr4	166000001	166500000	-0.157055810176915
chr4	166500001	167000000	-0.0837229676037807
chr4	167000001	167500000	-0.121968054969156
chr4	167500001	168000000	-0.0230392743373747
chr4	168000001	168500000	-0.0884153354343418
chr4	168500001	169000000	-0.0986407360068801
chr4	169000001	169500000	-0.0650340884123745
chr4	169500001	170000000	-0.130641722867367
chr4	170000001	170500000	-0.0741174345320623
chr4	170500001	171000000	-0.0458695481567528
chr4	171000001	171500000	-0.0332384314038921
chr4	171500001	172000000	-0.0475888708868698
chr4	172000001	172500000	-0.0336714718050423
chr4	172500001	173000000	-0.0696275967406887
chr4	173000001	173500000	-0.0802507129825694
chr4	173500001	174000000	-0.0672676951862755
chr4	174000001	174500000	-0.142641307250598
chr4	174500001	175000000	-0.11326611433606
chr4	175000001	175500000	-0.124824341634413
chr4	175500001	176000000	-0.104655139879528
chr4	176000001	176500000	-0.0828114294618685
chr4	176500001	177000000	-0.063775096513598
chr4	177000001	177500000	-0.222635084632938
chr4	177500001	178000000	-0.0658082411293826
chr4	178000001	178500000	-0.086042517370452
chr4	178500001	179000000	-0.14298424311289
chr4	179000001	179500000	-0.0982673349037872
chr4	179500001	180000000	-0.128680387720293
chr4	180000001	180500000	-0.0881904133379904
chr4	180500001	181000000	-0.160225360741309
chr4	181000001	181500000	-0.086533390623643
chr4	181500001	182000000	-0.100199340202225
chr4	182000001	182500000	-0.157520538350273
chr4	182500001	183000000	-0.0426584479931095
chr4	183000001	183500000	-0.157613909527715
chr4	183500001	184000000	-0.0296641131670091
chr4	184000001	184500000	-0.0322524175893432
chr4	184500001	185000000	-0.0331555490684649
chr4	185000001	185500000	-0.133137896739511
chr4	185500001	186000000	-0.0446757541108132
chr4	186000001	186500000	-0.0462435256549364
chr4	186500001	187000000	-0.102553419379981
chr4	187000001	187500000	-0.119418765153592
chr4	187500001	188000000	-0.0923076748619407
chr4	188000001	188500000	-0.155537492435689
chr4	188500001	189000000	-0.126540953445556
chr4	189000001	189500000	-0.0853425482110293
chr5	1	500000	NA
chr5	500001	1000000	0.0312231298775655
chr5	1000001	1500000	-0.101459536610769
chr5	1500001	2000000	-0.110472767935591
chr5	2000001	2500000	-0.136523637240159
chr5	2500001	3000000	-0.0496245848188831
chr5	3000001	3500000	0.0523460632776377
chr5	3500001	4000000	-0.0137169519332026
chr5	4000001	4500000	0.0130643682366757
chr5	4500001	5000000	-5.65273011155169e-05
chr5	5000001	5500000	-0.0473901262842121
chr5	5500001	6000000	0.00273452795663342
chr5	6000001	6500000	-0.0888918412709579
chr5	6500001	7000000	-0.145584738619654
chr5	7000001	7500000	-0.0976860171082834
chr5	7500001	8000000	-0.0324213047367148
chr5	8000001	8500000	-0.101679312216723
chr5	8500001	9000000	-0.084994200976582
chr5	9000001	9500000	-0.0179963966950887
chr5	9500001	10000000	-0.132521194739542
chr5	10000001	10500000	0.03645918354863
chr5	10500001	11000000	0.03694638848422
chr5	11000001	11500000	-0.085112059378511
chr5	11500001	12000000	-0.059707961612388
chr5	12000001	12500000	-0.121443000044019
chr5	12500001	13000000	-0.0636544454336075
chr5	13000001	13500000	0.0195208711944448
chr5	13500001	14000000	0.113641048416361
chr5	14000001	14500000	0.0227452749216559
chr5	14500001	15000000	0.138120097071014
chr5	15000001	15500000	0.0920820881189027
chr5	15500001	16000000	0.0922367488268561
chr5	16000001	16500000	0.0986910501048403
chr5	16500001	17000000	0.0537640692607895
chr5	17000001	17500000	0.186074567601666
chr5	17500001	18000000	NA
chr5	18000001	18500000	0.122188862752869
chr5	18500001	19000000	0.112436982405176
chr5	19000001	19500000	0.135464366296662
chr5	19500001	20000000	0.156250361266365
chr5	20000001	20500000	0.0278819395326008
chr5	20500001	21000000	0.112680788611378
chr5	21500001	22000000	0.255048715274323
chr5	22000001	22500000	0.112228117862977
chr5	22500001	23000000	0.0842156011949874
chr5	23000001	23500000	0.0970751057948418
chr5	23500001	24000000	0.113019272384596
chr5	24000001	24500000	0.120238260371575
chr5	24500001	25000000	0.0944669044440311
chr5	25000001	25500000	0.15965968440947
chr5	25500001	26000000	0.0373178120566079
chr5	26000001	26500000	0.0940033809725819
chr5	26500001	27000000	0.0656074521139343
chr5	27000001	27500000	-0.0123040620430374
chr5	27500001	28000000	-0.0364112522058148
chr5	28000001	28500000	0.0674769373287624
chr5	28500001	29000000	0.0782728381128582
chr5	29000001	29500000	0.0533370386071705
chr5	29500001	30000000	0.00868684228671623
chr5	30000001	30500000	0.0602951528707993
chr5	30500001	31000000	0.0684391660810443
chr5	31000001	31500000	-0.0168090027324294
chr5	31500001	32000000	0.0704193476417799
chr5	32000001	32500000	0.0552931757507911
chr5	32500001	33000000	0.0980260528135666
chr5	33000001	33500000	0.0389532441428297
chr5	33500001	34000000	0.0485453213332482
chr5	34500001	35000000	0.112319381558356
chr5	35000001	35500000	0.00162141334606818
chr5	35500001	36000000	0.100195489493445
chr5	36000001	36500000	0.0457518033493733
chr5	36500001	37000000	0.105001437898539
chr5	37000001	37500000	0.0659753839696739
chr5	37500001	38000000	-8.49282613177085e-05
chr5	38000001	38500000	0.0489529438214012
chr5	38500001	39000000	-0.00647842072777543
chr5	39000001	39500000	0.171097190807313
chr5	39500001	40000000	0.105837123283798
chr5	40000001	40500000	0.0658826962120971
chr5	40500001	41000000	0.102927313349969
chr5	41000001	41500000	0.0664873883642886
chr5	41500001	42000000	0.119702412516926
chr5	42000001	42500000	0.068912534694356
chr5	42500001	43000000	0.0701348021235169
chr5	43000001	43500000	0.133417025548506
chr5	43500001	44000000	0.0516519882561336
chr5	44000001	44500000	0.0966518653485273
chr5	44500001	45000000	0.0532420683369856
chr5	45000001	45500000	0.0626002939577695
chr5	51500001	52000000	-0.105441369141486
chr5	52000001	52500000	-0.103142640735235
chr5	52500001	53000000	-0.104327805050911
chr5	53000001	53500000	-0.20181323275145
chr5	53500001	54000000	-0.143727355435396
chr5	54000001	54500000	-0.176768971681603
chr5	54500001	55000000	-0.0304508577996084
chr5	55000001	55500000	-0.187941778726005
chr5	55500001	56000000	-0.202779825491075
chr5	56000001	56500000	-0.0995938766039018
chr5	56500001	57000000	-0.109351061991034
chr5	57000001	57500000	-0.106122532919792
chr5	57500001	58000000	-0.156276153853367
chr5	58000001	58500000	-0.0930218930927872
chr5	58500001	59000000	-0.0996823552636477
chr5	59000001	59500000	-0.0708579488140356
chr5	59500001	60000000	-0.201160160630793
chr5	60000001	60500000	-0.129790248087124
chr5	60500001	61000000	-0.107998056889853
chr5	61000001	61500000	-0.183120645988687
chr5	61500001	62000000	-0.126420366641329
chr5	62000001	62500000	-0.223410036770961
chr5	62500001	63000000	-0.156535723629405
chr5	63000001	63500000	-0.184970070610522
chr5	63500001	64000000	-0.136016247959386
chr5	64000001	64500000	-0.13799055903685
chr5	64500001	65000000	-0.184210878538248
chr5	65000001	65500000	-0.208374556288952
chr5	65500001	66000000	-0.0580342132117128
chr5	66000001	66500000	-0.0450963520738962
chr5	66500001	67000000	-0.126507048833922
chr5	67000001	67500000	-0.205586478312352
chr5	67500001	68000000	-0.13608119570172
chr5	68000001	68500000	-0.131765582335305
chr5	68500001	69000000	-0.129112388785724
chr5	69000001	69500000	-0.142359975093261
chr5	71500001	72000000	-0.210628821411718
chr5	72000001	72500000	-0.0606330079277437
chr5	72500001	73000000	-0.152371416102287
chr5	73000001	73500000	-0.11899973276925
chr5	73500001	74000000	-0.2118930959569
chr5	74000001	74500000	-0.242768275658331
chr5	74500001	75000000	-0.111194967929886
chr5	75000001	75500000	-0.160081248455446
chr5	75500001	76000000	-0.155154139885756
chr5	76000001	76500000	-0.192323855885999
chr5	76500001	77000000	-0.136480325610088
chr5	77000001	77500000	-0.19313676511774
chr5	77500001	78000000	-0.130409922403807
chr5	78000001	78500000	-0.170563007643139
chr5	78500001	79000000	-0.0792173005857186
chr5	79000001	79500000	-0.220538800782429
chr5	79500001	80000000	-0.145216661462378
chr5	80000001	80500000	-0.197380293255047
chr5	80500001	81000000	-0.177424233918359
chr5	81000001	81500000	-0.186115781934905
chr5	81500001	82000000	-0.1420714795434
chr5	82000001	82500000	-0.14424607442407
chr5	82500001	83000000	-0.19141234925728
chr5	83000001	83500000	-0.117413315682251
chr5	83500001	84000000	-0.120945269399776
chr5	84000001	84500000	-0.199347845985741
chr5	84500001	85000000	-0.195697522112616
chr5	85000001	85500000	-0.173431756557774
chr5	85500001	86000000	-0.150725268090365
chr5	86000001	86500000	-0.152824136954689
chr5	86500001	87000000	-0.153037088483236
chr5	87000001	87500000	-0.115446931990393
chr5	87500001	88000000	-0.136846846218011
chr5	88000001	88500000	-0.132466914789318
chr5	88500001	89000000	-0.111500007369632
chr5	89000001	89500000	0.00677425218596609
chr5	89500001	90000000	-0.134044841677547
chr5	90000001	90500000	-0.203420531304999
chr5	90500001	91000000	-0.222049187756779
chr5	91000001	91500000	-0.189994381788474
chr5	91500001	92000000	-0.25296950303644
chr5	92000001	92500000	-0.096078551628726
chr5	92500001	93000000	-0.189618405712783
chr5	93000001	93500000	-0.125522041209159
chr5	93500001	94000000	-0.187841986565659
chr5	94000001	94500000	-0.134086323497081
chr5	94500001	95000000	-0.0797708669639868
chr5	95000001	95500000	-0.158126437228531
chr5	95500001	96000000	-0.187549269129957
chr5	96000001	96500000	-0.129949829877887
chr5	96500001	97000000	-0.127510077195378
chr5	97000001	97500000	-0.168397088705671
chr5	97500001	98000000	-0.189485096611543
chr5	98000001	98500000	-0.0285214616724555
chr5	98500001	99000000	-0.0388865126102937
chr5	99000001	99500000	-0.0209383888575579
chr5	99500001	100000000	-0.00967829857995264
chr5	100000001	100500000	-0.000340268429680188
chr5	100500001	101000000	0.0327124578646162
chr5	101000001	101500000	0.0254889272469739
chr5	101500001	102000000	0.0162173639398231
chr5	102000001	102500000	-0.0624077708795711
chr5	102500001	103000000	-0.0106987527217469
chr5	103000001	103500000	0.0515577960370315
chr5	103500001	104000000	0.000907084144402714
chr5	104000001	104500000	-0.1161315131639
chr5	104500001	105000000	-0.204076256892126
chr5	105000001	105500000	-0.187390357760915
chr5	105500001	106000000	-0.158058717395623
chr5	106000001	106500000	-0.169254831548686
chr5	106500001	107000000	-0.121294081128064
chr5	107000001	107500000	-0.200303033467865
chr5	107500001	108000000	-0.147556592067339
chr5	108000001	108500000	-0.179233306260917
chr5	108500001	109000000	-0.139313298591546
chr5	109000001	109500000	-0.150561945830848
chr5	109500001	110000000	-0.1005759760286
chr5	110000001	110500000	-0.148288450116745
chr5	110500001	111000000	-0.210043766210346
chr5	111000001	111500000	-0.203756763574187
chr5	111500001	112000000	-0.244784327955926
chr5	112000001	112500000	-0.116001488072468
chr5	112500001	113000000	-0.157134294847943
chr5	113000001	113500000	-0.199308713625097
chr5	113500001	114000000	-0.172146132980031
chr5	114000001	114500000	-0.160652081207826
chr5	114500001	115000000	-0.209162668405091
chr5	115000001	115500000	-0.15693458032701
chr5	115500001	116000000	-0.137322807795089
chr5	116000001	116500000	-0.138391219533103
chr5	116500001	117000000	-0.0707260242998234
chr5	117000001	117500000	-0.022794619799101
chr5	117500001	118000000	-0.0226976477941461
chr5	118000001	118500000	0.036482453491085
chr5	118500001	119000000	0.040151058072688
chr5	119000001	119500000	-0.0590532653140161
chr5	119500001	120000000	-0.00469217101807521
chr5	120000001	120500000	0.0433999142460066
chr5	120500001	121000000	-0.0274504246886133
chr5	121000001	121500000	0.00384741918846815
chr5	121500001	122000000	-0.0278750734831796
chr5	122000001	122500000	-0.035309643653861
chr5	122500001	123000000	-0.038499741956348
chr5	123000001	123500000	0.00802166538311382
chr5	123500001	124000000	-0.02216870128399
chr5	124000001	124500000	0.0382987907986801
chr5	124500001	125000000	-0.0284276367598623
chr5	125000001	125500000	0.0223147272358479
chr5	125500001	126000000	-0.0442698654902674
chr5	126000001	126500000	0.0310096318500013
chr5	126500001	127000000	-0.0674804416476078
chr5	127000001	127500000	0.0833696973475058
chr5	127500001	128000000	-0.116262914416877
chr5	128000001	128500000	-0.05096975350382
chr5	128500001	129000000	0.0759259433078205
chr5	129000001	129500000	-0.0977984747519174
chr5	129500001	130000000	-0.0201785410883632
chr5	130000001	130500000	-0.0372462691281381
chr5	130500001	131000000	0.135949457483358
chr5	131000001	131500000	-0.00319887203102404
chr5	131500001	132000000	0.0487675276883228
chr5	132000001	132500000	0.0875855559042098
chr5	132500001	133000000	-0.0924669890570835
chr5	133000001	133500000	0.0343920757392756
chr5	133500001	134000000	-0.0365778240578556
chr5	134000001	134500000	0.00646274494729873
chr5	134500001	135000000	-0.00369489246862437
chr5	135000001	135500000	0.0137436968045902
chr5	135500001	136000000	-0.0640552935478062
chr5	136000001	136500000	-0.0670940634614457
chr5	136500001	137000000	0.0605664614913568
chr5	137000001	137500000	0.0689694104062997
chr5	137500001	138000000	-0.0661094542478852
chr5	138000001	138500000	-0.049020899354228
chr5	138500001	139000000	-0.0394972988730311
chr5	139000001	139500000	NA
chr5	139500001	140000000	-0.0260681187658506
chr5	140000001	140500000	-0.0131602541966327
chr5	140500001	141000000	-0.0232653361287641
chr5	141000001	141500000	-0.0361239491305185
chr5	141500001	142000000	0.0829271262303902
chr5	142000001	142500000	0.0490519184269786
chr5	142500001	143000000	0.0626575298754684
chr5	143000001	143500000	0.116071641670656
chr5	143500001	144000000	0.0113060707705393
chr5	144000001	144500000	-0.00387962235160846
chr5	144500001	145000000	0.0300339120405528
chr5	145000001	145500000	-0.00392251392573587
chr5	145500001	146000000	0.0423284848053945
chr5	146000001	146500000	0.0137901969717318
chr5	146500001	147000000	0.0603453938943959
chr5	147000001	147500000	0.00644498535306204
chr5	147500001	148000000	-0.0650976455046765
chr5	148000001	148500000	0.0274051217447405
chr5	148500001	149000000	-0.0114734941099361
chr5	149000001	149500000	0.035394178044963
chr5	149500001	150000000	-0.0913660871850641
chr5	150000001	150500000	0.0209332684756715
chr5	150500001	151000000	-0.0632218166724784
chr5	151000001	151500000	0.0531765975699128
chr5	151500001	152000000	-0.0508121196114796
chr5	152000001	152500000	0.115076122768848
chr5	152500001	153000000	-0.0597223968640591
chr5	153000001	153500000	0.035519478646823
chr5	153500001	154000000	0.0149500907566134
chr5	154000001	154500000	0.00137447903921584
chr5	154500001	155000000	0.00189836450357202
chr5	155000001	155500000	0.0366921474420202
chr5	155500001	156000000	NA
chr5	156000001	156500000	-0.0716663309423754
chr5	156500001	157000000	-0.0443751829956985
chr5	157000001	157500000	-0.0923081962209596
chr5	157500001	158000000	0.0170549753190901
chr5	158000001	158500000	-0.0416579090127767
chr5	158500001	159000000	-0.103882057991852
chr5	159000001	159500000	0.0435456948771839
chr5	159500001	160000000	-0.095859660070343
chr5	160000001	160500000	-0.0780731750112814
chr5	160500001	161000000	-0.0408219813831231
chr5	161000001	161500000	-0.0720315765021095
chr5	161500001	162000000	-0.0512746005489266
chr5	162000001	162500000	-0.0250341811146182
chr5	162500001	163000000	-0.0183258075842273
chr5	163000001	163500000	-0.0440167907305931
chr5	163500001	164000000	-0.0662680520604288
chr5	164000001	164500000	-0.079656775377216
chr5	164500001	165000000	-0.10669056573259
chr5	165000001	165500000	-0.0537235541580012
chr5	165500001	166000000	-0.0300326427081935
chr5	166000001	166500000	-0.0784570639239359
chr5	166500001	167000000	-0.0450556489720423
chr5	167000001	167500000	0.0198503595441517
chr5	167500001	168000000	-0.0735835112516801
chr5	168000001	168500000	-0.101123901953018
chr5	168500001	169000000	-0.0817442210101372
chr5	169000001	169500000	-0.0358780733803012
chr5	169500001	170000000	0.0236247897821716
chr5	170000001	170500000	0.0606358331865989
chr5	170500001	171000000	0.0115407819840386
chr5	171000001	171500000	-0.0305163892191756
chr5	171500001	172000000	0.0208813333988933
chr5	172000001	172500000	-0.171992646478879
chr5	172500001	173000000	-0.12985906767868
chr5	173000001	173500000	-0.164642664424634
chr5	173500001	174000000	-0.154659945005675
chr5	174000001	174500000	-0.114499383459099
chr5	174500001	175000000	-0.0765817100210678
chr5	175000001	175500000	-0.120002663392956
chr5	175500001	176000000	-0.056463818148418
chr5	176500001	177000000	-0.102725159512703
chr5	177000001	177500000	-0.137266746235249
chr5	178000001	178500000	-0.150212541723609
chr5	178500001	179000000	-0.117315130530334
chr5	179000001	179500000	-0.23791054852635
chr5	179500001	180000000	-0.126482463062
chr5	180000001	180500000	-0.211664373104417
chr5	180500001	181000000	-0.070934835178109
chr6	500001	1000000	-0.143438361906078
chr6	1000001	1500000	-0.198383608825548
chr6	1500001	2000000	-0.15214350375498
chr6	2000001	2500000	-0.0296140513600607
chr6	2500001	3000000	0.0560813349795529
chr6	3000001	3500000	-0.104280499510203
chr6	3500001	4000000	-0.0805656236566079
chr6	4000001	4500000	-0.0774054231102462
chr6	4500001	5000000	-0.0179397209898268
chr6	5000001	5500000	-0.0949655535907338
chr6	5500001	6000000	-0.0629196436723128
chr6	6000001	6500000	-0.124628445704794
chr6	6500001	7000000	0.0660193589250241
chr6	7000001	7500000	-0.132196300310278
chr6	7500001	8000000	-0.0736374332017638
chr6	8000001	8500000	-0.0534273688036064
chr6	8500001	9000000	-0.120359859352479
chr6	9000001	9500000	-0.039204780705845
chr6	9500001	10000000	0.0305337875094338
chr6	10000001	10500000	0.0528379780600526
chr6	10500001	11000000	0.0485802276463482
chr6	11000001	11500000	0.158117790766166
chr6	11500001	12000000	0.010248517436046
chr6	12000001	12500000	0.0270189215054479
chr6	12500001	13000000	0.0584113484200988
chr6	13000001	13500000	-0.0237004217093704
chr6	13500001	14000000	0.0550742193048905
chr6	14000001	14500000	0.0602116950927044
chr6	14500001	15000000	0.0351084151675596
chr6	15000001	15500000	0.104330862202002
chr6	15500001	16000000	0.100918379472738
chr6	16000001	16500000	0.12416078047208
chr6	16500001	17000000	0.0874688815399585
chr6	17000001	17500000	0.104276584734909
chr6	17500001	18000000	0.0810739033234571
chr6	18000001	18500000	-0.00741867394095572
chr6	18500001	19000000	-0.00851228470068837
chr6	19000001	19500000	0.0306622679975788
chr6	19500001	20000000	0.0515621738398332
chr6	20000001	20500000	0.0674517124165199
chr6	20500001	21000000	0.0614706346007087
chr6	21000001	21500000	0.103249758988318
chr6	21500001	22000000	0.052365769356408
chr6	22000001	22500000	0.0527965704707414
chr6	22500001	23000000	0.0379917482635829
chr6	23000001	23500000	0.0464124502789293
chr6	23500001	24000000	0.0352347538344954
chr6	24000001	24500000	-0.0405249738608547
chr6	24500001	25000000	0.127457852396517
chr6	25000001	25500000	0.0801406885018838
chr6	25500001	26000000	0.009689414388189
chr6	26000001	26500000	0.10477818504826
chr6	27000001	27500000	0.081371178978404
chr6	27500001	28000000	0.0532565467533741
chr6	28000001	28500000	0.0620454358875315
chr6	28500001	29000000	0.0481731760330336
chr6	29000001	29500000	0.0504572919780222
chr6	29500001	30000000	-0.042028806377923
chr6	30000001	30500000	0.0704604783796521
chr6	30500001	31000000	0.19115951052854
chr6	31000001	31500000	0.229779928320465
chr6	31500001	32000000	0.0291406788507642
chr6	32000001	32500000	0.0950954761708164
chr6	32500001	33000000	0.216671729609322
chr6	33000001	33500000	0.114672932085509
chr6	33500001	34000000	0.0296699637741382
chr6	34000001	34500000	0.0392121672528454
chr6	34500001	35000000	0.0751102458585206
chr6	35000001	35500000	0.0754756769834924
chr6	35500001	36000000	0.166302262251818
chr6	36000001	36500000	0.168905180312897
chr6	36500001	37000000	0.0977131051131568
chr6	37000001	37500000	0.158851508453325
chr6	37500001	38000000	-0.0214607901424231
chr6	38000001	38500000	0.100885320745366
chr6	38500001	39000000	0.101408333511043
chr6	39000001	39500000	0.0501022112583356
chr6	39500001	40000000	0.122873775677439
chr6	40000001	40500000	0.101592516979242
chr6	40500001	41000000	0.122177132767153
chr6	41000001	41500000	0.0641232054898419
chr6	41500001	42000000	0.0880163290296467
chr6	42000001	42500000	0.0761088974383183
chr6	42500001	43000000	0.0693345428576201
chr6	43000001	43500000	0.0694082408899484
chr6	43500001	44000000	0.0963973000684892
chr6	44000001	44500000	0.0891438354233088
chr6	44500001	45000000	0.0518955257991254
chr6	45000001	45500000	0.0865528407622319
chr6	45500001	46000000	0.0626744924213877
chr6	46000001	46500000	0.0413589569095522
chr6	46500001	47000000	0.00275300524890622
chr6	47000001	47500000	0.0803889397406309
chr6	47500001	48000000	0.023492756423729
chr6	48000001	48500000	-0.0132827118093168
chr6	48500001	49000000	-0.00860296609051017
chr6	49000001	49500000	-0.073744787664529
chr6	49500001	50000000	-0.0200991451228299
chr6	50000001	50500000	-0.0783967190629022
chr6	50500001	51000000	0.0293237488575545
chr6	51000001	51500000	-0.0342654135417442
chr6	51500001	52000000	0.0118425571471654
chr6	52000001	52500000	0.0882953650973506
chr6	52500001	53000000	0.0326081399666593
chr6	53000001	53500000	0.0451700366286663
chr6	53500001	54000000	-0.108723921225501
chr6	54000001	54500000	0.039298518384099
chr6	54500001	55000000	-0.0183014194925609
chr6	55000001	55500000	-0.0362466208170296
chr6	55500001	56000000	-0.0234060593397908
chr6	56000001	56500000	-0.0260861709163044
chr6	56500001	57000000	-0.0659475282453149
chr6	57000001	57500000	0.0812215831565502
chr6	63000001	63500000	-0.00765401024161205
chr6	63500001	64000000	-0.0330244201530762
chr6	64000001	64500000	0.0546099514553405
chr6	64500001	65000000	-0.00933170414277496
chr6	65000001	65500000	-0.00893443720902216
chr6	65500001	66000000	-0.0125643063606597
chr6	66000001	66500000	-0.016685060402342
chr6	66500001	67000000	-0.0480775585045126
chr6	67000001	67500000	NA
chr6	67500001	68000000	-0.011663550959759
chr6	68000001	68500000	-0.0559621433210541
chr6	68500001	69000000	-0.0902818846907185
chr6	69000001	69500000	0.0181122310524859
chr6	69500001	70000000	-0.0383535695287761
chr6	70000001	70500000	-0.0161419101964634
chr6	70500001	71000000	-0.0495131661721821
chr6	71000001	71500000	0.0316640449105936
chr6	71500001	72000000	0.0394420138698682
chr6	72000001	72500000	0.0256481516792074
chr6	72500001	73000000	0.0148527135623359
chr6	73000001	73500000	-0.0177578242585965
chr6	73500001	74000000	-0.0401271129820414
chr6	74000001	74500000	0.014536831881068
chr6	74500001	75000000	-0.0665948333125499
chr6	75000001	75500000	0.00993904757900272
chr6	75500001	76000000	-0.0106151938892072
chr6	76000001	76500000	0.0165302619744629
chr6	76500001	77000000	0.0109827947186016
chr6	77000001	77500000	-0.090713852840314
chr6	77500001	78000000	0.0553451510662897
chr6	78000001	78500000	0.100980817322089
chr6	78500001	79000000	-0.0579869274887485
chr6	79000001	79500000	0.0363860928398274
chr6	79500001	80000000	-0.00541496023584967
chr6	80000001	80500000	-0.0118603534836392
chr6	80500001	81000000	0.0327677826854582
chr6	81000001	81500000	-0.0114179032507795
chr6	81500001	82000000	0.0481377893805498
chr6	82000001	82500000	-0.00966092961827182
chr6	82500001	83000000	0.0100655401669915
chr6	83000001	83500000	-0.0291766490590658
chr6	83500001	84000000	-0.0407617481487928
chr6	84000001	84500000	-0.0493039080206539
chr6	84500001	85000000	-0.0346937248043633
chr6	85000001	85500000	-0.03739145964628
chr6	85500001	86000000	-0.0584938499003133
chr6	86000001	86500000	0.059225116678777
chr6	86500001	87000000	0.0289388315206572
chr6	87000001	87500000	-0.0179089097363317
chr6	87500001	88000000	0.0129212483495669
chr6	88000001	88500000	-0.00530363105066872
chr6	88500001	89000000	0.0551120480208843
chr6	89000001	89500000	0.0273922832826589
chr6	89500001	90000000	-0.0263435643029184
chr6	90000001	90500000	0.119544362954966
chr6	90500001	91000000	-0.0213823344402065
chr6	91000001	91500000	0.0179818749102689
chr6	91500001	92000000	-0.0290799808920408
chr6	92000001	92500000	0.0560281393335798
chr6	92500001	93000000	-0.0301084855307239
chr6	93000001	93500000	-0.0959768797155904
chr6	93500001	94000000	-0.126156974545847
chr6	94000001	94500000	-0.0295988658657921
chr6	94500001	95000000	0.018164629805895
chr6	95000001	95500000	NA
chr6	95500001	96000000	0.0255789881906061
chr6	96000001	96500000	0.0188234379849193
chr6	96500001	97000000	-0.100424263505239
chr6	97000001	97500000	0.0511550632637269
chr6	97500001	98000000	-0.0588947779668814
chr6	98000001	98500000	-0.00643853538930934
chr6	98500001	99000000	-0.0447165087672788
chr6	99000001	99500000	-0.0184102543159424
chr6	99500001	100000000	-0.0381486694440209
chr6	100000001	100500000	-0.0466749369792452
chr6	100500001	101000000	-0.0556203767696962
chr6	101000001	101500000	-0.0720983086844832
chr6	101500001	102000000	-0.0704045519603664
chr6	102000001	102500000	-0.0521911845092022
chr6	102500001	103000000	-0.00793329189590117
chr6	103000001	103500000	-0.136985935617446
chr6	103500001	104000000	-0.0528414251139768
chr6	104000001	104500000	-0.0403144825054596
chr6	104500001	105000000	-0.0328382361674158
chr6	105000001	105500000	-0.0311897131067325
chr6	105500001	106000000	0.0275956020932689
chr6	106000001	106500000	0.0602749509877852
chr6	106500001	107000000	-0.0209948675597769
chr6	107000001	107500000	-0.0447245660044733
chr6	107500001	108000000	-0.0218053634233867
chr6	108000001	108500000	0.0500546626042997
chr6	108500001	109000000	-0.0155493882835916
chr6	109000001	109500000	0.0101917492455421
chr6	109500001	110000000	0.0677211456535683
chr6	110000001	110500000	-0.0676390352960655
chr6	110500001	111000000	0.0453957682376366
chr6	111000001	111500000	-0.0919905313581777
chr6	111500001	112000000	-0.0216925669757997
chr6	112000001	112500000	-0.0567314745015592
chr6	112500001	113000000	-0.0464054703912013
chr6	113000001	113500000	0.0246821326608433
chr6	113500001	114000000	0.035548374687705
chr6	114000001	114500000	0.0159459705343912
chr6	114500001	115000000	0.0250298586298055
chr6	115000001	115500000	NA
chr6	115500001	116000000	-0.0724586995677076
chr6	116000001	116500000	0.00366407207712904
chr6	116500001	117000000	0.0897319729724296
chr6	117000001	117500000	0.0536398102457751
chr6	117500001	118000000	0.0152409731858531
chr6	118000001	118500000	0.00812210950957244
chr6	118500001	119000000	0.115403031544348
chr6	119000001	119500000	0.00278835767596704
chr6	119500001	120000000	-0.014852719045027
chr6	120000001	120500000	-0.0649707509296266
chr6	120500001	121000000	0.0380154490020046
chr6	121000001	121500000	0.00212006952655133
chr6	121500001	122000000	0.0396956300216663
chr6	122000001	122500000	-0.0909780898714724
chr6	122500001	123000000	0.00674712010729979
chr6	123000001	123500000	-0.114622069622074
chr6	123500001	124000000	-0.0251534350940792
chr6	124000001	124500000	-0.0122437241623783
chr6	124500001	125000000	-0.0486945265055172
chr6	125000001	125500000	-0.10151045901679
chr6	125500001	126000000	0.0535371217031039
chr6	126000001	126500000	-0.0280347907690052
chr6	126500001	127000000	-0.0773841945387344
chr6	127000001	127500000	-0.0142918956897546
chr6	127500001	128000000	0.0269439606323578
chr6	128000001	128500000	-0.0114013260739739
chr6	128500001	129000000	0.0105640397751446
chr6	129000001	129500000	-0.0695008565871085
chr6	129500001	130000000	-0.0863009728660565
chr6	130000001	130500000	-0.0485560965671229
chr6	130500001	131000000	-0.116960370295249
chr6	131000001	131500000	-0.0277148727114308
chr6	131500001	132000000	-0.0499043100863104
chr6	132000001	132500000	-0.065094706083761
chr6	132500001	133000000	0.00959265465618602
chr6	133000001	133500000	-0.078746610626126
chr6	133500001	134000000	-0.11204332915881
chr6	134000001	134500000	-0.0340226565563389
chr6	134500001	135000000	-0.0723132645122986
chr6	135000001	135500000	-0.0735898473641571
chr6	135500001	136000000	-0.0684573026845227
chr6	136000001	136500000	-0.0869942429318687
chr6	136500001	137000000	-0.0254332695229611
chr6	137000001	137500000	-0.0169283052540792
chr6	137500001	138000000	-0.0744418176842442
chr6	138000001	138500000	0.00447237091242877
chr6	138500001	139000000	-0.0675705278388499
chr6	139000001	139500000	-0.0397178004763403
chr6	139500001	140000000	-0.00335625574880279
chr6	140000001	140500000	-0.113895893553075
chr6	140500001	141000000	-0.0553044566359355
chr6	141000001	141500000	-0.0763710432177025
chr6	141500001	142000000	-0.0426358810210326
chr6	142000001	142500000	-0.0547973469238822
chr6	142500001	143000000	-0.0359815588366135
chr6	143000001	143500000	-0.0531437251753838
chr6	143500001	144000000	-0.0385530654658107
chr6	144000001	144500000	-0.0327024767229383
chr6	144500001	145000000	-0.12054514706103
chr6	145000001	145500000	-0.0978768266300277
chr6	145500001	146000000	-0.0316987617673895
chr6	146000001	146500000	-0.0457737422374565
chr6	146500001	147000000	-0.127655349212218
chr6	147000001	147500000	-0.0491475334694027
chr6	147500001	148000000	-0.0253733016601476
chr6	148000001	148500000	-0.0218240361510608
chr6	148500001	149000000	-0.00184355298340782
chr6	149000001	149500000	0.00680739581421877
chr6	149500001	150000000	-0.0219082883798527
chr6	150000001	150500000	-0.0299060721688436
chr6	150500001	151000000	-0.0547390204226008
chr6	151000001	151500000	-0.00896519992649894
chr6	151500001	152000000	-0.0452438709472279
chr6	152000001	152500000	-0.0233568696395269
chr6	152500001	153000000	-0.030692004129913
chr6	153000001	153500000	-0.0849182963422181
chr6	153500001	154000000	-0.0246701170667236
chr6	154000001	154500000	-0.0168948245561654
chr6	154500001	155000000	-0.0101875007989345
chr6	155000001	155500000	-0.0166443740320096
chr6	155500001	156000000	0.0308168772751202
chr6	156000001	156500000	-0.0382905898933626
chr6	156500001	157000000	-0.0206938234088718
chr6	157000001	157500000	-0.0901077955553895
chr6	157500001	158000000	-0.0700612683842776
chr6	158000001	158500000	-0.109842034522265
chr6	158500001	159000000	-0.0396641461736201
chr6	159000001	159500000	-0.0306006816881851
chr6	159500001	160000000	0.0669300893956672
chr6	160000001	160500000	0.0139397352598419
chr6	160500001	161000000	-0.0814067573972565
chr6	161000001	161500000	-0.0443548857775572
chr6	161500001	162000000	0.0670945518574269
chr6	162000001	162500000	0.00816726047162507
chr6	162500001	163000000	-0.000333298309756778
chr6	163000001	163500000	0.0719927394918987
chr6	163500001	164000000	0.0250765436729007
chr6	164000001	164500000	-0.0862830928750593
chr6	164500001	165000000	0.0303013530955402
chr6	165000001	165500000	-0.0783978857593417
chr6	165500001	166000000	-0.0602445831757713
chr6	166000001	166500000	0.0516066688323429
chr6	166500001	167000000	-0.00718754590172663
chr6	167000001	167500000	-0.0657923761618652
chr6	167500001	168000000	NA
chr6	168000001	168500000	-0.0389569108213364
chr6	168500001	169000000	-0.0489669230451341
chr6	169000001	169500000	-0.0339347315051208
chr6	169500001	170000000	0.00589563949994727
chr6	170000001	170500000	-0.0256264108153233
chr7	1	500000	NA
chr7	500001	1000000	-0.176147670669111
chr7	1000001	1500000	-0.128855761922065
chr7	1500001	2000000	-0.170439595062441
chr7	2000001	2500000	-0.270453889180994
chr7	2500001	3000000	-0.08800549999677
chr7	3000001	3500000	-0.00245103424392622
chr7	3500001	4000000	-0.0699882256849496
chr7	4000001	4500000	-0.189120395185805
chr7	4500001	5000000	-0.118208174105311
chr7	5000001	5500000	-0.0219813824524658
chr7	5500001	6000000	-0.224177402336263
chr7	6000001	6500000	-0.105015587627489
chr7	7000001	7500000	-0.0867704393797801
chr7	7500001	8000000	-0.0830730316740166
chr7	8000001	8500000	-0.185177468868603
chr7	8500001	9000000	-0.0680826532276788
chr7	9000001	9500000	-0.00364460471078981
chr7	9500001	10000000	-0.17581667509742
chr7	10000001	10500000	-0.0347671635593784
chr7	10500001	11000000	-0.0780869179948648
chr7	11000001	11500000	-0.0913659729397839
chr7	11500001	12000000	-0.110680428139559
chr7	12000001	12500000	-0.123912855544563
chr7	12500001	13000000	-0.122068491132222
chr7	13000001	13500000	-0.136993785909167
chr7	13500001	14000000	-0.121828939215177
chr7	14000001	14500000	-0.0405838098152426
chr7	14500001	15000000	-0.0258695219339703
chr7	15000001	15500000	-0.0891442564529874
chr7	15500001	16000000	-0.0562237496790168
chr7	16000001	16500000	-0.118493947817002
chr7	16500001	17000000	-0.0533104028751234
chr7	17000001	17500000	-0.0734184643230917
chr7	17500001	18000000	-0.0768718333726803
chr7	18000001	18500000	-0.0550619259230127
chr7	18500001	19000000	-0.175707323198418
chr7	19000001	19500000	-0.150602538743084
chr7	19500001	20000000	-0.118956276893157
chr7	20000001	20500000	-0.0915102488007275
chr7	20500001	21000000	-0.0819331452244072
chr7	21000001	21500000	-0.160828717220513
chr7	21500001	22000000	-0.12625560625509
chr7	22000001	22500000	-0.120032745781907
chr7	22500001	23000000	-0.0417122144161219
chr7	23000001	23500000	-0.0759944019346711
chr7	23500001	24000000	-0.1285230684211
chr7	24000001	24500000	-0.0528389778952018
chr7	24500001	25000000	-0.114181573987617
chr7	25000001	25500000	-0.0548200463591574
chr7	25500001	26000000	-0.0967115084032622
chr7	26000001	26500000	0.020134486238005
chr7	26500001	27000000	-0.104593741595399
chr7	27000001	27500000	-0.101914713028758
chr7	27500001	28000000	-0.0766895470515634
chr7	28000001	28500000	-0.0154371776651657
chr7	28500001	29000000	-0.0776215468877598
chr7	29000001	29500000	-0.133248976598847
chr7	29500001	30000000	0.0682131253317594
chr7	30000001	30500000	-0.0652257525615881
chr7	30500001	31000000	-0.0790982045088295
chr7	31000001	31500000	-0.114030784657655
chr7	31500001	32000000	-0.158616548986793
chr7	32000001	32500000	0.0117367412843201
chr7	32500001	33000000	0.0769587986901611
chr7	33000001	33500000	0.0177831278412653
chr7	33500001	34000000	0.122324670227833
chr7	34000001	34500000	0.13577178946455
chr7	34500001	35000000	0.0842388898199024
chr7	35000001	35500000	0.242232210515172
chr7	35500001	36000000	0.00723354462757554
chr7	36000001	36500000	0.0146140399847567
chr7	36500001	37000000	0.144816382606223
chr7	37000001	37500000	0.152876275245975
chr7	37500001	38000000	0.104144425977401
chr7	38000001	38500000	0.13724503809569
chr7	38500001	39000000	0.0298320050741585
chr7	39000001	39500000	0.0162158403849518
chr7	39500001	40000000	0.0809758515891054
chr7	40000001	40500000	0.0664224487872677
chr7	40500001	41000000	0.057918636436296
chr7	41000001	41500000	0.154854133832106
chr7	41500001	42000000	0.073660044434387
chr7	42000001	42500000	0.0188257133567991
chr7	42500001	43000000	0.129571506466765
chr7	43000001	43500000	-0.0519362501669613
chr7	43500001	44000000	0.0592225210362622
chr7	44000001	44500000	0.0591264222498855
chr7	44500001	45000000	0.0868707654482299
chr7	45000001	45500000	0.102545970807893
chr7	45500001	46000000	0.152027713897744
chr7	46000001	46500000	0.00283485007313626
chr7	46500001	47000000	0.0223791249077664
chr7	47000001	47500000	0.0278309128805745
chr7	47500001	48000000	-0.0123352649126144
chr7	48000001	48500000	0.098945913685472
chr7	48500001	49000000	0.0362268107733164
chr7	49000001	49500000	-0.00637503630676934
chr7	49500001	50000000	0.00935970404360163
chr7	50000001	50500000	0.0869325929042627
chr7	50500001	51000000	-0.0140906112711635
chr7	51000001	51500000	0.0848906855709638
chr7	51500001	52000000	0.0947280564605597
chr7	52000001	52500000	0.0516155302749247
chr7	52500001	53000000	0.0640028323594566
chr7	53000001	53500000	0.126077079689156
chr7	53500001	54000000	0.0582223560799799
chr7	54000001	54500000	0.0350211552935016
chr7	54500001	55000000	0.0754276777734482
chr7	55000001	55500000	0.0414849575982426
chr7	55500001	56000000	0.0446888633570843
chr7	56000001	56500000	0.0923569852805318
chr7	57000001	57500000	-0.115166423467321
chr7	62500001	63000000	NA
chr7	64000001	64500000	0.0878058437317839
chr7	64500001	65000000	0.135507573141392
chr7	66000001	66500000	0.0538732922770037
chr7	66500001	67000000	0.0923900442771302
chr7	67000001	67500000	0.160470355997771
chr7	67500001	68000000	0.0187573659916445
chr7	68000001	68500000	0.0643918475008444
chr7	68500001	69000000	0.0308057010081353
chr7	69000001	69500000	0.0814879217853234
chr7	69500001	70000000	-0.0355001273527302
chr7	70000001	70500000	-0.0150772144019576
chr7	70500001	71000000	0.129209346339515
chr7	71000001	71500000	0.0528785959175128
chr7	71500001	72000000	0.0354579495448863
chr7	72000001	72500000	0.0533464203828445
chr7	73500001	74000000	-0.0216807235683323
chr7	74000001	74500000	0.0460505655952104
chr7	75500001	76000000	0.10597903357508
chr7	76000001	76500000	0.0460565905521443
chr7	77000001	77500000	0.0392887105063918
chr7	77500001	78000000	0.0415966766129039
chr7	78000001	78500000	0.117333387324782
chr7	78500001	79000000	0.0261345767978768
chr7	79000001	79500000	0.0363198676928586
chr7	79500001	80000000	0.000957273371036682
chr7	80000001	80500000	0.00809051352309935
chr7	80500001	81000000	0.0647149793586533
chr7	81000001	81500000	0.0769809755523435
chr7	81500001	82000000	0.0778242775128153
chr7	82000001	82500000	-0.0183897165781166
chr7	82500001	83000000	0.050921443031805
chr7	83000001	83500000	0.110450399548454
chr7	83500001	84000000	0.0537621984974919
chr7	84000001	84500000	0.0169949800211667
chr7	84500001	85000000	0.0197259918960499
chr7	85000001	85500000	0.0925046443072044
chr7	85500001	86000000	0.0786744149325196
chr7	86000001	86500000	0.00246467456148065
chr7	86500001	87000000	0.0698002463648132
chr7	87000001	87500000	0.0575381588158908
chr7	87500001	88000000	0.0179956059956994
chr7	88000001	88500000	0.108736824595592
chr7	88500001	89000000	0.0805892948484352
chr7	89000001	89500000	0.0116202568238288
chr7	89500001	90000000	0.217427327474408
chr7	90000001	90500000	0.173153639635895
chr7	90500001	91000000	0.234970841534056
chr7	91000001	91500000	0.217082015274807
chr7	91500001	92000000	0.15306401159841
chr7	92000001	92500000	0.092294067745372
chr7	92500001	93000000	0.0607622030799082
chr7	93000001	93500000	0.111990814182095
chr7	93500001	94000000	0.0346573731579808
chr7	94000001	94500000	0.0890086882592476
chr7	94500001	95000000	-0.0167237292928265
chr7	95000001	95500000	0.11651933841087
chr7	95500001	96000000	0.0521839841006729
chr7	96000001	96500000	0.0324013738631349
chr7	96500001	97000000	0.0615791240674657
chr7	97000001	97500000	0.0985748543213082
chr7	97500001	98000000	0.228077884154388
chr7	98000001	98500000	0.0946373285792824
chr7	98500001	99000000	0.0517266022517593
chr7	99000001	99500000	0.063656189468598
chr7	99500001	100000000	0.205240934977926
chr7	100000001	100500000	0.0612478262454989
chr7	100500001	101000000	0.154291776541913
chr7	101000001	101500000	0.073403685832111
chr7	101500001	102000000	0.11363741143359
chr7	102000001	102500000	0.0109858851546627
chr7	103000001	103500000	0.0849623910683147
chr7	103500001	104000000	0.0549916688740603
chr7	104000001	104500000	0.0679987502255791
chr7	104500001	105000000	0.0631725198091799
chr7	105000001	105500000	0.0848607622718917
chr7	105500001	106000000	0.0390065117207334
chr7	106000001	106500000	0.0761976525270906
chr7	106500001	107000000	0.0936522592540637
chr7	107000001	107500000	0.0101293891642038
chr7	107500001	108000000	0.070916927081024
chr7	108000001	108500000	0.0434405246412247
chr7	108500001	109000000	0.0480890868060357
chr7	109000001	109500000	0.0816555392581625
chr7	109500001	110000000	0.0545761563478086
chr7	110000001	110500000	-0.0183930332445443
chr7	110500001	111000000	0.0450553965052851
chr7	111000001	111500000	0.0591169774332632
chr7	111500001	112000000	0.0145891552626105
chr7	112000001	112500000	0.00701699337133849
chr7	112500001	113000000	-0.0300989417124545
chr7	113000001	113500000	0.0815455620311256
chr7	113500001	114000000	-0.00341908639138488
chr7	114000001	114500000	0.017782711224598
chr7	114500001	115000000	-0.0150363960864645
chr7	115000001	115500000	0.0721884861311044
chr7	115500001	116000000	0.0798881483981205
chr7	116000001	116500000	0.0816438869558074
chr7	116500001	117000000	0.0541285619183844
chr7	117000001	117500000	0.0124412607581368
chr7	117500001	118000000	0.0620728892590203
chr7	118000001	118500000	0.143127453563284
chr7	118500001	119000000	0.0320609962555639
chr7	119000001	119500000	0.0558334560176719
chr7	119500001	120000000	0.0571987391822667
chr7	120000001	120500000	0.126878517592692
chr7	120500001	121000000	0.0639169703160411
chr7	121000001	121500000	-0.00406287462523436
chr7	121500001	122000000	0.0285673336612762
chr7	122000001	122500000	0.0854597002666798
chr7	122500001	123000000	0.0400135333235799
chr7	123000001	123500000	0.0681256458561696
chr7	123500001	124000000	-0.0432858943816856
chr7	124000001	124500000	0.0398031089594273
chr7	124500001	125000000	0.0124114165559377
chr7	125000001	125500000	0.0147257574179733
chr7	125500001	126000000	-0.0152999084257059
chr7	126000001	126500000	0.0235149416895922
chr7	126500001	127000000	-0.0181162111025198
chr7	127000001	127500000	0.0714235925427023
chr7	127500001	128000000	0.100521490036953
chr7	128000001	128500000	0.215857839498667
chr7	128500001	129000000	0.123347965908348
chr7	129000001	129500000	0.15238041733324
chr7	129500001	130000000	0.0966071932131676
chr7	130000001	130500000	0.0885300791538529
chr7	130500001	131000000	0.13610362184007
chr7	131000001	131500000	0.101691274151964
chr7	131500001	132000000	0.0481662453924382
chr7	132000001	132500000	-0.0397721070351562
chr7	132500001	133000000	0.105532737799145
chr7	133000001	133500000	0.0144439102935816
chr7	133500001	134000000	0.089822270060334
chr7	134000001	134500000	0.0901722234577703
chr7	134500001	135000000	0.046039106035188
chr7	135000001	135500000	-0.00806922026238376
chr7	135500001	136000000	0.0516876621808988
chr7	136000001	136500000	0.00721250914891465
chr7	136500001	137000000	0.0719491070535183
chr7	137000001	137500000	-0.0307021593100449
chr7	137500001	138000000	-0.00885301872716284
chr7	138000001	138500000	0.0683506694254164
chr7	138500001	139000000	0.0481278295737242
chr7	139000001	139500000	0.0788516375080022
chr7	139500001	140000000	0.0986857767443445
chr7	140000001	140500000	0.154113693243794
chr7	140500001	141000000	0.00410721817591676
chr7	141000001	141500000	0.0524994149252785
chr7	141500001	142000000	0.0599207157742889
chr7	142000001	142500000	0.0666201103512858
chr7	142500001	143000000	0.0818813175830275
chr7	143000001	143500000	0.0787957712342505
chr7	144000001	144500000	-0.134706629763719
chr7	144500001	145000000	-0.032048211596766
chr7	145000001	145500000	0.0295483299189114
chr7	145500001	146000000	0.0248013726514729
chr7	146000001	146500000	0.021481454168927
chr7	146500001	147000000	0.0256478125853429
chr7	147000001	147500000	-0.0293613076948267
chr7	147500001	148000000	0.0872701352969151
chr7	148000001	148500000	0.051939692527172
chr7	148500001	149000000	0.0181880018743204
chr7	149000001	149500000	0.102683584711025
chr7	149500001	150000000	0.0831435378816037
chr7	150500001	151000000	0.174032647882619
chr7	151000001	151500000	0.0407230010122506
chr7	151500001	152000000	0.0490536244659475
chr7	152000001	152500000	0.25130608888643
chr7	152500001	153000000	0.0622337879245447
chr7	153000001	153500000	0.12730353748946
chr7	153500001	154000000	0.0608695097556137
chr7	154000001	154500000	0.00228622668363764
chr7	154500001	155000000	NA
chr7	155000001	155500000	0.024015927529795
chr7	155500001	156000000	0.0475657864160957
chr7	156000001	156500000	0.0927688391535319
chr7	156500001	157000000	0.0890039861534146
chr7	157000001	157500000	0.0653510240304219
chr7	157500001	158000000	0.132489726229645
chr7	158000001	158500000	0.127869654675516
chr7	158500001	159000000	0.0131480083903073
chr7	159000001	159500000	NA
chr8	500001	1000000	-0.155298008721074
chr8	1000001	1500000	-0.0160861913019354
chr8	1500001	2000000	-0.107409876501102
chr8	2500001	3000000	-0.151048591453544
chr8	3000001	3500000	-0.0858411982199083
chr8	3500001	4000000	-0.0644512326363244
chr8	4000001	4500000	-0.0580886236063089
chr8	4500001	5000000	-0.115302649108165
chr8	5000001	5500000	-0.125666039121502
chr8	5500001	6000000	-0.04901541408653
chr8	6000001	6500000	0.0268360223792296
chr8	6500001	7000000	-0.050981629756919
chr8	8500001	9000000	-0.0693830683686872
chr8	9000001	9500000	-0.0570883527251969
chr8	9500001	10000000	0.00692980010527931
chr8	10000001	10500000	-0.0222679619794673
chr8	10500001	11000000	-0.0963184845357798
chr8	11000001	11500000	-0.0789433317923511
chr8	11500001	12000000	-0.0433960519617789
chr8	13000001	13500000	-0.143012818713527
chr8	13500001	14000000	-0.144778428817728
chr8	14000001	14500000	-0.0682604656420348
chr8	14500001	15000000	-0.112848684195165
chr8	15000001	15500000	-0.0767288659412671
chr8	15500001	16000000	-0.0421979425485889
chr8	16000001	16500000	-0.0699011458588869
chr8	16500001	17000000	-0.0771118483421457
chr8	17000001	17500000	-0.0643983675934215
chr8	17500001	18000000	-0.096233694132933
chr8	18000001	18500000	-0.131458085984139
chr8	18500001	19000000	-0.0832369523402015
chr8	19000001	19500000	-0.0966419192325668
chr8	19500001	20000000	0.0492178796333767
chr8	20000001	20500000	-0.0872508935125147
chr8	20500001	21000000	-0.0625886086848484
chr8	21000001	21500000	-0.122495412143903
chr8	21500001	22000000	-0.0158001307929414
chr8	22000001	22500000	-0.119347427999598
chr8	22500001	23000000	-0.0596889452182101
chr8	23000001	23500000	-0.0616681555924894
chr8	23500001	24000000	-0.0556307976818701
chr8	24000001	24500000	-0.120558953381357
chr8	24500001	25000000	-0.00308531072310258
chr8	25000001	25500000	0.0618172993369741
chr8	25500001	26000000	-0.00607416821713372
chr8	26000001	26500000	-0.0747143424063084
chr8	26500001	27000000	-0.0408191853951028
chr8	27000001	27500000	3.94176833629287e-05
chr8	27500001	28000000	-0.13557565831671
chr8	28000001	28500000	5.49256225121225e-05
chr8	28500001	29000000	-0.00334301871826643
chr8	29000001	29500000	-0.0254671363232088
chr8	29500001	30000000	0.0588786221843777
chr8	30000001	30500000	-0.0393825674595008
chr8	30500001	31000000	-0.108233351261012
chr8	31000001	31500000	-0.0613287643115794
chr8	31500001	32000000	0.0240775756041294
chr8	32000001	32500000	0.0608315970233119
chr8	32500001	33000000	0.0370787402706783
chr8	33000001	33500000	0.0916677978943539
chr8	33500001	34000000	0.134190280899331
chr8	34000001	34500000	0.157411946014592
chr8	34500001	35000000	0.124686238289625
chr8	35000001	35500000	0.139990763430027
chr8	35500001	36000000	0.0946490587101188
chr8	36000001	36500000	0.0814410118450688
chr8	36500001	37000000	0.107661456663501
chr8	37000001	37500000	0.123265870648481
chr8	37500001	38000000	0.0918158730431868
chr8	38000001	38500000	0.162201749217503
chr8	38500001	39000000	0.119215112873359
chr8	39000001	39500000	0.0749434545423882
chr8	39500001	40000000	0.157721540545295
chr8	40000001	40500000	0.220943400298866
chr8	40500001	41000000	0.211374749742029
chr8	41000001	41500000	0.174165564398467
chr8	41500001	42000000	0.114050982595164
chr8	42000001	42500000	0.218930816859699
chr8	42500001	43000000	0.155350061644498
chr8	47500001	48000000	0.032195729970251
chr8	48000001	48500000	0.125604672365362
chr8	48500001	49000000	0.117299898837084
chr8	49000001	49500000	0.0967516390792185
chr8	49500001	50000000	0.0112128074050971
chr8	50000001	50500000	0.0408846876051565
chr8	50500001	51000000	0.00771312003466913
chr8	51000001	51500000	0.00961847757140034
chr8	51500001	52000000	0.0485232587289111
chr8	52000001	52500000	0.0943807661138851
chr8	52500001	53000000	0.0455617194972393
chr8	53000001	53500000	0.0225586641129511
chr8	53500001	54000000	0.0841801934589109
chr8	54000001	54500000	0.0510581366592777
chr8	54500001	55000000	0.150729075816939
chr8	55000001	55500000	0.0375672157418819
chr8	55500001	56000000	0.109277330598391
chr8	56000001	56500000	-0.00518409178263052
chr8	56500001	57000000	0.0854301792134622
chr8	57000001	57500000	-0.0387614511000635
chr8	57500001	58000000	-0.0144580562046175
chr8	58000001	58500000	0.0487805640944151
chr8	58500001	59000000	0.0898041170772843
chr8	59000001	59500000	0.0315041520943856
chr8	59500001	60000000	0.0710766055225753
chr8	60000001	60500000	0.00118919802025375
chr8	60500001	61000000	0.0243210057132714
chr8	61000001	61500000	0.152926078787315
chr8	61500001	62000000	0.0756417948327786
chr8	62000001	62500000	0.0455853404457034
chr8	62500001	63000000	0.0345873536151003
chr8	63000001	63500000	0.102901290257277
chr8	63500001	64000000	0.0693851755880482
chr8	64000001	64500000	0.0291662347979103
chr8	64500001	65000000	-0.0733413952301624
chr8	65000001	65500000	-0.061089979730867
chr8	65500001	66000000	-0.105072514571231
chr8	66000001	66500000	-0.0996157350682382
chr8	66500001	67000000	-0.128575036179959
chr8	67000001	67500000	-0.0237286409800105
chr8	67500001	68000000	0.0125127248185878
chr8	68000001	68500000	-0.165218144501232
chr8	68500001	69000000	-0.0743372226092849
chr8	69000001	69500000	-0.0444659284782125
chr8	69500001	70000000	-0.076631230890138
chr8	70000001	70500000	-0.11806620247246
chr8	70500001	71000000	-0.0192494575831086
chr8	71000001	71500000	-0.0544072760733139
chr8	71500001	72000000	-0.0192593560619875
chr8	72000001	72500000	-0.0940281338521609
chr8	72500001	73000000	-0.036936017890974
chr8	73000001	73500000	-0.016799689752707
chr8	73500001	74000000	-0.0128523583290355
chr8	74000001	74500000	0.0174470432634224
chr8	74500001	75000000	-0.0775264550447779
chr8	75000001	75500000	-0.0109759163259027
chr8	75500001	76000000	-0.12054990245633
chr8	76000001	76500000	-0.00592012946275507
chr8	76500001	77000000	-0.0320211943966504
chr8	77000001	77500000	-0.0460065533861338
chr8	77500001	78000000	0.00109679831458568
chr8	78000001	78500000	0.00268431043813921
chr8	78500001	79000000	0.0234351551948321
chr8	79000001	79500000	-0.0467148112796655
chr8	79500001	80000000	-0.0212830626478091
chr8	80000001	80500000	-0.0624431401486001
chr8	80500001	81000000	-0.0565085805497634
chr8	81000001	81500000	-0.107178637800041
chr8	81500001	82000000	-0.0723313685544738
chr8	82000001	82500000	-0.0449227871051393
chr8	82500001	83000000	-0.119711728320866
chr8	83000001	83500000	3.2952483932619e-05
chr8	83500001	84000000	0.0471410340059156
chr8	84000001	84500000	-0.0452582242792514
chr8	84500001	85000000	0.00873470147075276
chr8	85000001	85500000	-0.00472604515998304
chr8	86000001	86500000	-0.0304211723099035
chr8	86500001	87000000	0.0185034592931088
chr8	87000001	87500000	0.00696692103450347
chr8	87500001	88000000	-0.00509637096633271
chr8	88000001	88500000	-0.020736028604658
chr8	88500001	89000000	-0.0129818963531186
chr8	89000001	89500000	-0.0555932936753579
chr8	89500001	90000000	0.121877994721889
chr8	90000001	90500000	0.254451998568961
chr8	90500001	91000000	0.164191350613059
chr8	91000001	91500000	0.301530519815643
chr8	91500001	92000000	0.280095481442679
chr8	92000001	92500000	0.225587546209167
chr8	92500001	93000000	0.224933642908121
chr8	93000001	93500000	0.263128044671845
chr8	93500001	94000000	0.176089019620985
chr8	94000001	94500000	0.212407513776597
chr8	94500001	95000000	0.221696991275876
chr8	95000001	95500000	0.230438791963382
chr8	95500001	96000000	0.264004206818976
chr8	96000001	96500000	0.2208744462887
chr8	96500001	97000000	0.294018795094636
chr8	97000001	97500000	0.260137011761443
chr8	97500001	98000000	0.214693688571027
chr8	98000001	98500000	0.266751145013555
chr8	98500001	99000000	0.266197838768992
chr8	99000001	99500000	0.335015088650868
chr8	99500001	100000000	0.320497350862738
chr8	100000001	100500000	0.313947529183307
chr8	100500001	101000000	0.269598637497193
chr8	101000001	101500000	0.244787575587002
chr8	101500001	102000000	0.242166286455135
chr8	102000001	102500000	0.291021758241618
chr8	102500001	103000000	0.32942993915382
chr8	103000001	103500000	0.258927811014968
chr8	103500001	104000000	0.285248582407005
chr8	104000001	104500000	0.266626188622925
chr8	104500001	105000000	0.334232693142885
chr8	105000001	105500000	0.300798547320687
chr8	105500001	106000000	0.247055624333602
chr8	106000001	106500000	0.273892186521538
chr8	106500001	107000000	0.265424099624054
chr8	107000001	107500000	0.235881464178234
chr8	107500001	108000000	0.356145367090531
chr8	108000001	108500000	0.345726674415133
chr8	108500001	109000000	0.354940440736443
chr8	109000001	109500000	0.276560474942728
chr8	109500001	110000000	0.349856208068253
chr8	110000001	110500000	0.284900720546365
chr8	110500001	111000000	0.341065649947039
chr8	111000001	111500000	0.258690496175675
chr8	111500001	112000000	0.283120087110317
chr8	112000001	112500000	0.303740079352091
chr8	112500001	113000000	NA
chr8	113000001	113500000	0.224295220555581
chr8	113500001	114000000	0.251517400368673
chr8	114000001	114500000	0.251625467148313
chr8	114500001	115000000	0.260028743097993
chr8	115000001	115500000	0.375960809295104
chr8	115500001	116000000	0.356766524549011
chr8	116000001	116500000	0.304166381098382
chr8	116500001	117000000	0.279160640918832
chr8	117000001	117500000	0.326938650463972
chr8	117500001	118000000	0.278294407919986
chr8	118000001	118500000	0.349636813214667
chr8	118500001	119000000	0.318644649064458
chr8	119000001	119500000	0.317913906413451
chr8	119500001	120000000	0.330416015689199
chr8	120000001	120500000	0.219523722757686
chr8	120500001	121000000	0.337810102006459
chr8	121000001	121500000	0.310876908125509
chr8	121500001	122000000	0.289435196190723
chr8	122000001	122500000	0.339608631685964
chr8	122500001	123000000	0.351200220542078
chr8	123000001	123500000	0.328018371033814
chr8	123500001	124000000	0.245694663243647
chr8	124000001	124500000	0.34187218115504
chr8	124500001	125000000	0.296411378222053
chr8	125000001	125500000	0.267454946726523
chr8	125500001	126000000	0.360604311931407
chr8	126000001	126500000	0.323720013160547
chr8	126500001	127000000	0.306024707098427
chr8	127000001	127500000	0.321203187697819
chr8	127500001	128000000	0.291976949081923
chr8	128000001	128500000	0.342683812627266
chr8	128500001	129000000	0.247021277951023
chr8	129000001	129500000	0.310845424301442
chr8	129500001	130000000	0.310342746729579
chr8	130000001	130500000	0.364326916663783
chr8	130500001	131000000	0.28826257871986
chr8	131000001	131500000	0.310068595370939
chr8	131500001	132000000	0.276464902842166
chr8	132000001	132500000	0.210187056445301
chr8	132500001	133000000	0.317615600520276
chr8	133000001	133500000	0.274002740007846
chr8	133500001	134000000	0.338776451118932
chr8	134000001	134500000	0.304752605994524
chr8	134500001	135000000	0.332269222761861
chr8	135000001	135500000	0.342776745206457
chr8	135500001	136000000	0.306055659299664
chr8	136000001	136500000	0.364836920465628
chr8	136500001	137000000	0.211376648042257
chr8	137000001	137500000	0.341809232089479
chr8	137500001	138000000	0.283790818291071
chr8	138000001	138500000	0.374893005663327
chr8	138500001	139000000	0.310301758725637
chr8	139000001	139500000	0.353420290550336
chr8	139500001	140000000	0.332117424755297
chr8	140000001	140500000	0.329029796439256
chr8	140500001	141000000	0.255471631285281
chr8	141000001	141500000	0.312488312353008
chr8	141500001	142000000	0.22013042147582
chr8	142000001	142500000	0.274657030169678
chr8	142500001	143000000	0.218757545649155
chr8	143000001	143500000	0.283683395516895
chr8	143500001	144000000	0.259004115280939
chr8	144000001	144500000	0.226075468529751
chr8	144500001	145000000	0.252046996030531
chr9	500001	1000000	-0.133066441211479
chr9	1000001	1500000	-0.0898867159210064
chr9	1500001	2000000	-0.0637649883391266
chr9	2000001	2500000	-0.135932270283088
chr9	2500001	3000000	-0.0106846772329402
chr9	3000001	3500000	-0.106260959575866
chr9	3500001	4000000	-0.158778863981005
chr9	4000001	4500000	-0.142357050559742
chr9	4500001	5000000	-0.0329941363937527
chr9	5000001	5500000	-0.00429675817017434
chr9	5500001	6000000	-0.0673814149721786
chr9	6000001	6500000	-0.0468303333726605
chr9	6500001	7000000	-0.0479776986320238
chr9	7000001	7500000	-0.0960345668290387
chr9	7500001	8000000	-0.056124563169942
chr9	8000001	8500000	-0.14221253616239
chr9	8500001	9000000	-0.0850323066407801
chr9	9000001	9500000	-0.129320504198892
chr9	9500001	10000000	-0.0157554745524052
chr9	10000001	10500000	-0.183813048455289
chr9	10500001	11000000	0.0712613700608921
chr9	11000001	11500000	0.035005279222919
chr9	11500001	12000000	0.0319032437831867
chr9	12000001	12500000	0.0544002789324794
chr9	12500001	13000000	0.0372501096088301
chr9	13000001	13500000	0.191350171004227
chr9	13500001	14000000	0.102069040182129
chr9	14000001	14500000	-0.0010011150315318
chr9	14500001	15000000	0.0510915975781712
chr9	15000001	15500000	0.0370939530201211
chr9	15500001	16000000	0.158134367633871
chr9	16000001	16500000	0.0200509639120369
chr9	16500001	17000000	0.000201181498721448
chr9	17000001	17500000	0.0168917292729042
chr9	17500001	18000000	0.0171544533265355
chr9	18000001	18500000	-0.0322405034743344
chr9	18500001	19000000	0.0591676929841454
chr9	19000001	19500000	0.0821825587239047
chr9	19500001	20000000	-0.0112510176283461
chr9	20000001	20500000	0.055353930326903
chr9	20500001	21000000	0.0309710395921959
chr9	21000001	21500000	0.0745723647436973
chr9	21500001	22000000	0.0250744666560438
chr9	22000001	22500000	0.0134709771988478
chr9	22500001	23000000	0.104248973537757
chr9	23000001	23500000	0.0513239827576145
chr9	23500001	24000000	0.0633386968098195
chr9	24000001	24500000	0.0475606772540829
chr9	24500001	25000000	0.0344213182354326
chr9	25000001	25500000	0.0779327216539645
chr9	25500001	26000000	0.0345197216859107
chr9	26000001	26500000	0.0606655052692658
chr9	26500001	27000000	-0.00360793843446707
chr9	27000001	27500000	0.0625992358782802
chr9	27500001	28000000	0.115150346158984
chr9	28000001	28500000	0.043022986047591
chr9	28500001	29000000	0.0703755754247957
chr9	29000001	29500000	0.0936405711135355
chr9	29500001	30000000	0.0370963863685858
chr9	30000001	30500000	0.0348054633321743
chr9	30500001	31000000	0.0179556697244038
chr9	31000001	31500000	0.0590546243602699
chr9	31500001	32000000	0.0127972407319012
chr9	32000001	32500000	0.0765540715385995
chr9	32500001	33000000	0.0528536122882301
chr9	33000001	33500000	0.0729400476929001
chr9	33500001	34000000	0.183049131616489
chr9	34000001	34500000	0.150431436122095
chr9	34500001	35000000	0.0688979320568852
chr9	35000001	35500000	0.141391041521414
chr9	35500001	36000000	0.0244678856312182
chr9	36000001	36500000	0.118281338146604
chr9	36500001	37000000	-0.0228537251412363
chr9	37000001	37500000	0.0611035888346917
chr9	37500001	38000000	0.105564421740089
chr9	38000001	38500000	0.045528022029219
chr9	68500001	69000000	0.265222861397745
chr9	69000001	69500000	0.132737600726061
chr9	69500001	70000000	0.183169218153027
chr9	70000001	70500000	0.124056914621059
chr9	70500001	71000000	0.217891808305299
chr9	71000001	71500000	0.218763565155824
chr9	71500001	72000000	0.138083766231029
chr9	72000001	72500000	0.217443220515999
chr9	72500001	73000000	0.141082301396401
chr9	73000001	73500000	0.1756369975848
chr9	73500001	74000000	0.087193544550131
chr9	74000001	74500000	0.19469733189718
chr9	74500001	75000000	0.173537486946756
chr9	75000001	75500000	0.220637127416091
chr9	75500001	76000000	0.22277235772848
chr9	76000001	76500000	0.126069648640867
chr9	76500001	77000000	0.124646682229997
chr9	77000001	77500000	-0.0368019554167904
chr9	77500001	78000000	0.0236843285485573
chr9	78000001	78500000	0.219024261538614
chr9	78500001	79000000	0.0388448537167733
chr9	79000001	79500000	-0.024324857853988
chr9	79500001	80000000	0.0960237605846001
chr9	80000001	80500000	0.0196586017775217
chr9	80500001	81000000	0.000767855318533597
chr9	81000001	81500000	0.0654693942034308
chr9	81500001	82000000	0.0558579563174238
chr9	82000001	82500000	0.0461475705570696
chr9	82500001	83000000	0.00624287945555132
chr9	83000001	83500000	0.0531740426887431
chr9	83500001	84000000	-0.00560444224212767
chr9	84000001	84500000	0.0224141216357535
chr9	84500001	85000000	0.0573705471809417
chr9	85000001	85500000	0.0794729721831451
chr9	85500001	86000000	0.06858158959669
chr9	86000001	86500000	0.101267169557929
chr9	86500001	87000000	0.0144391039203007
chr9	87000001	87500000	-0.00701592327183063
chr9	87500001	88000000	0.10977668724536
chr9	88000001	88500000	-0.00691354332204971
chr9	88500001	89000000	0.0108600801068866
chr9	89000001	89500000	0.0764356564549264
chr9	89500001	90000000	NA
chr9	90000001	90500000	0.017193383475949
chr9	90500001	91000000	0.0577935527935588
chr9	91000001	91500000	0.0384116137790061
chr9	91500001	92000000	0.0887117033348284
chr9	92000001	92500000	0.0618410729970931
chr9	92500001	93000000	0.0483374509923845
chr9	93000001	93500000	0.0179994647552463
chr9	93500001	94000000	-0.0166296644454977
chr9	94000001	94500000	-0.039282214459746
chr9	94500001	95000000	0.0177896327052228
chr9	95000001	95500000	-0.0471222629158951
chr9	95500001	96000000	0.00734521306224652
chr9	96000001	96500000	-0.191603882176377
chr9	96500001	97000000	-0.0812934453977724
chr9	97000001	97500000	-0.0371270188154209
chr9	97500001	98000000	-0.0416493320215355
chr9	98000001	98500000	-0.191317779068882
chr9	98500001	99000000	-0.060445705192202
chr9	99000001	99500000	-0.0696453407888849
chr9	99500001	100000000	-0.109242440352905
chr9	100000001	100500000	-0.102892505258203
chr9	100500001	101000000	-0.0551507802850209
chr9	101000001	101500000	-0.0417068542075872
chr9	101500001	102000000	-0.0622211050427241
chr9	102000001	102500000	-0.0457289788443207
chr9	102500001	103000000	-0.159154169769735
chr9	103000001	103500000	-0.0831643301945513
chr9	103500001	104000000	-0.114491514704644
chr9	104000001	104500000	-0.0706610113317483
chr9	104500001	105000000	-0.0537143730580827
chr9	105000001	105500000	-0.0048053609724219
chr9	105500001	106000000	-0.110745581510508
chr9	106000001	106500000	-0.00405603802410236
chr9	106500001	107000000	-0.0665975624346766
chr9	107000001	107500000	0.00999490989210231
chr9	107500001	108000000	-0.00260145759172219
chr9	108000001	108500000	0.10616892402722
chr9	108500001	109000000	0.0227305321109374
chr9	109000001	109500000	0.0435286379629159
chr9	109500001	110000000	0.118545755270284
chr9	110000001	110500000	0.166556585936169
chr9	110500001	111000000	0.0209103362461937
chr9	111000001	111500000	0.0154161473855123
chr9	111500001	112000000	0.0997457741487653
chr9	112000001	112500000	0.059621518103034
chr9	112500001	113000000	0.180080707033101
chr9	113000001	113500000	0.143795622324372
chr9	113500001	114000000	0.0496795138923574
chr9	114000001	114500000	0.226094250252441
chr9	114500001	115000000	0.120449534367669
chr9	115000001	115500000	0.136121063900702
chr9	115500001	116000000	0.0420029365137216
chr9	116000001	116500000	0.101727756087648
chr9	116500001	117000000	0.114660434040185
chr9	117000001	117500000	0.0544369792580495
chr9	117500001	118000000	0.120633352706753
chr9	118000001	118500000	0.0300421981782785
chr9	118500001	119000000	0.0681938713791555
chr9	119000001	119500000	0.127286560017327
chr9	119500001	120000000	0.132409966383723
chr9	120000001	120500000	0.123353701968406
chr9	120500001	121000000	0.154323112604489
chr9	121000001	121500000	0.119748830306196
chr9	121500001	122000000	-0.0112946803194797
chr9	122000001	122500000	0.00379495156655606
chr9	122500001	123000000	-0.0164019625318027
chr9	123000001	123500000	0.127340446612546
chr9	123500001	124000000	0.147992462975763
chr9	124000001	124500000	0.0690835414747746
chr9	124500001	125000000	-0.0506913914555074
chr9	125000001	125500000	-0.0276584378395458
chr9	125500001	126000000	0.0399675012206245
chr9	126000001	126500000	-0.019434142005933
chr9	126500001	127000000	-0.0153206339964656
chr9	127000001	127500000	0.00106892652190785
chr9	127500001	128000000	0.0214248369619124
chr9	128000001	128500000	0.0245778286345378
chr9	128500001	129000000	-0.00330850291699268
chr9	129000001	129500000	-0.012317003070624
chr9	129500001	130000000	0.0109668231995448
chr9	130000001	130500000	-0.0105816144865621
chr9	130500001	131000000	-0.0702465579535307
chr9	131000001	131500000	-0.025468857098371
chr9	131500001	132000000	0.00085608299881745
chr9	132000001	132500000	0.013480540217863
chr9	132500001	133000000	0.0213339336430002
chr9	133000001	133500000	-0.0355139027072749
chr9	133500001	134000000	-0.0683051170814941
chr9	134000001	134500000	NA
chr9	134500001	135000000	0.00705685841021766
chr9	135000001	135500000	-0.0415668631098406
chr9	135500001	136000000	-0.0306016897814049
chr9	136000001	136500000	-0.066282259390105
chr9	136500001	137000000	-0.00230253689185425
chr9	137000001	137500000	NA
chr9	137500001	138000000	0.0348500224386035
chr10	1	500000	NA
chr10	500001	1000000	-0.0410974247582422
chr10	1000001	1500000	0.121869076256533
chr10	1500001	2000000	0.0264309282561315
chr10	2000001	2500000	0.0511149278687369
chr10	2500001	3000000	0.0490203246655227
chr10	3000001	3500000	0.012982232140335
chr10	3500001	4000000	0.0975641293529886
chr10	4000001	4500000	0.00420817889513361
chr10	4500001	5000000	0.00719580162567007
chr10	5000001	5500000	0.00298119254400047
chr10	5500001	6000000	0.00979507964430143
chr10	6000001	6500000	0.0430358833570288
chr10	6500001	7000000	0.105491186802816
chr10	7000001	7500000	0.108039590873362
chr10	7500001	8000000	0.105734597438591
chr10	8000001	8500000	0.0804579333804489
chr10	8500001	9000000	-0.0244625671513009
chr10	9000001	9500000	0.0109689759953954
chr10	9500001	10000000	0.0491505313367728
chr10	10000001	10500000	0.0464376293376409
chr10	10500001	11000000	0.0280310088386781
chr10	11000001	11500000	0.138679170587831
chr10	11500001	12000000	0.0549725926300551
chr10	12000001	12500000	0.220810113828928
chr10	12500001	13000000	0.0952151745535512
chr10	13000001	13500000	-0.0358574670379134
chr10	13500001	14000000	0.0239111407611516
chr10	14000001	14500000	0.0179013889079681
chr10	14500001	15000000	0.114418648639013
chr10	15000001	15500000	0.13276097268684
chr10	15500001	16000000	0.0237938078451161
chr10	16000001	16500000	0.0231880320214874
chr10	16500001	17000000	0.0903465044417741
chr10	17000001	17500000	0.0178485354298382
chr10	17500001	18000000	0.0676959431220644
chr10	18000001	18500000	-0.0211476111614886
chr10	18500001	19000000	-0.0481326921250829
chr10	19000001	19500000	-0.0353390437606674
chr10	19500001	20000000	-0.0314874979663645
chr10	20000001	20500000	-0.0231484855965527
chr10	20500001	21000000	0.0324373956498686
chr10	21000001	21500000	-0.0693304698831562
chr10	21500001	22000000	-0.0238882834937234
chr10	22000001	22500000	-0.0445224491527202
chr10	22500001	23000000	-0.0714065609116177
chr10	23000001	23500000	0.0125987039251484
chr10	23500001	24000000	-0.0642750836588969
chr10	24000001	24500000	-0.0858280839921522
chr10	24500001	25000000	-0.0479416324072317
chr10	25000001	25500000	-0.088696727708274
chr10	25500001	26000000	-0.072359978881436
chr10	26000001	26500000	-0.0442223457890034
chr10	26500001	27000000	-0.0489033613489154
chr10	27000001	27500000	0.0634424428559364
chr10	27500001	28000000	0.00903116732071004
chr10	28000001	28500000	0.00763971535593853
chr10	28500001	29000000	-0.0330340690823865
chr10	29000001	29500000	0.0705526450830473
chr10	29500001	30000000	0.0556201573312756
chr10	30000001	30500000	0.1418491228131
chr10	30500001	31000000	0.0553709787283363
chr10	31000001	31500000	0.0286935420775169
chr10	31500001	32000000	0.0407811158269275
chr10	32000001	32500000	0.0350788946808344
chr10	32500001	33000000	0.101359666190882
chr10	33000001	33500000	0.0593844442194943
chr10	33500001	34000000	0.0595044047217204
chr10	34000001	34500000	-0.00632668998116098
chr10	34500001	35000000	-0.0358744653584899
chr10	35000001	35500000	0.068376515101897
chr10	35500001	36000000	0.0801515763018096
chr10	36000001	36500000	0.0271994743192974
chr10	36500001	37000000	0.0199689485817772
chr10	37000001	37500000	0.0137755603876398
chr10	42500001	43000000	0.235220700052422
chr10	43000001	43500000	0.221269680848163
chr10	43500001	44000000	0.182024470309362
chr10	44000001	44500000	0.164902982844777
chr10	44500001	45000000	0.149043315748309
chr10	45000001	45500000	0.0821985314691876
chr10	47000001	47500000	0.0245941698194646
chr10	48000001	48500000	-0.104652299608333
chr10	48500001	49000000	0.0589574102047097
chr10	49000001	49500000	0.0130660168932255
chr10	49500001	50000000	0.100666648789963
chr10	50000001	50500000	0.0336309767956992
chr10	50500001	51000000	0.134050561622485
chr10	51000001	51500000	0.0796212976484691
chr10	51500001	52000000	0.0210816319922098
chr10	52000001	52500000	0.0700587054950198
chr10	52500001	53000000	0.0243520433306072
chr10	53000001	53500000	NA
chr10	53500001	54000000	0.105479458627097
chr10	54000001	54500000	0.0545011638564836
chr10	54500001	55000000	0.0767171184130345
chr10	55000001	55500000	-0.00407542591377566
chr10	55500001	56000000	0.0924209248952664
chr10	56000001	56500000	-0.0104777957933171
chr10	56500001	57000000	0.117637510299294
chr10	57000001	57500000	0.0288554813074775
chr10	57500001	58000000	0.0360322293953027
chr10	58000001	58500000	NA
chr10	58500001	59000000	0.0568476436465028
chr10	59000001	59500000	0.116916128417341
chr10	59500001	60000000	NA
chr10	60000001	60500000	0.0441812439194485
chr10	60500001	61000000	0.0321538283496398
chr10	61000001	61500000	0.0254627020025234
chr10	61500001	62000000	0.0924776982839298
chr10	62000001	62500000	0.0809788467687822
chr10	62500001	63000000	NA
chr10	63000001	63500000	0.0732346437633524
chr10	63500001	64000000	0.113366150386599
chr10	64000001	64500000	0.0808142717830004
chr10	64500001	65000000	-0.00491628290260271
chr10	65000001	65500000	0.0350131799837438
chr10	65500001	66000000	0.109452906733152
chr10	66000001	66500000	0.0930301632487794
chr10	66500001	67000000	0.00475567520002432
chr10	67000001	67500000	0.0474792018999064
chr10	67500001	68000000	0.0506114276952276
chr10	68000001	68500000	0.125721975361796
chr10	68500001	69000000	0.0249144984138391
chr10	69000001	69500000	0.0505761381679295
chr10	69500001	70000000	0.0127084440885436
chr10	70000001	70500000	0.0933817603408238
chr10	70500001	71000000	0.0750766750420224
chr10	71000001	71500000	0.0637242765988995
chr10	71500001	72000000	0.213543808210268
chr10	72000001	72500000	0.0353080097455752
chr10	72500001	73000000	0.0850551766861051
chr10	73000001	73500000	0.0690419138646971
chr10	73500001	74000000	0.0483279843390439
chr10	74000001	74500000	0.0254819704563818
chr10	74500001	75000000	0.114239675685707
chr10	75000001	75500000	0.0572308117611518
chr10	75500001	76000000	0.158245035546018
chr10	76000001	76500000	0.122632509287703
chr10	76500001	77000000	0.0612697259763817
chr10	77000001	77500000	-0.00265608269388241
chr10	77500001	78000000	0.00119043861906595
chr10	78000001	78500000	0.0104175869310214
chr10	78500001	79000000	0.0282592223090546
chr10	79000001	79500000	0.0044749150459757
chr10	80000001	80500000	0.0114021364796748
chr10	80500001	81000000	-0.0193299478857788
chr10	81000001	81500000	0.0111771038080856
chr10	81500001	82000000	-0.229808914941003
chr10	82000001	82500000	-0.17911988671085
chr10	82500001	83000000	-0.113590868760843
chr10	83000001	83500000	-0.101347553954207
chr10	83500001	84000000	-0.18343653224736
chr10	84000001	84500000	-0.203126783512931
chr10	84500001	85000000	-0.172891166661961
chr10	85000001	85500000	-0.168770211034161
chr10	85500001	86000000	-0.199310465997519
chr10	86000001	86500000	-0.157073139663339
chr10	86500001	87000000	-0.14624115961121
chr10	87500001	88000000	-0.151428659892457
chr10	88000001	88500000	-0.192747371161698
chr10	88500001	89000000	-0.0660538924477605
chr10	89000001	89500000	-0.0862875122551831
chr10	89500001	90000000	-0.186184894639215
chr10	90000001	90500000	-0.155672439488316
chr10	90500001	91000000	-0.187112617558839
chr10	91000001	91500000	-0.209185431234689
chr10	91500001	92000000	-0.219389471954225
chr10	92000001	92500000	-0.126647268311645
chr10	92500001	93000000	-0.0860204047330169
chr10	93000001	93500000	-0.109587367864478
chr10	93500001	94000000	-0.0327837491663985
chr10	94000001	94500000	-0.123548972948721
chr10	94500001	95000000	-0.0299167838551316
chr10	95000001	95500000	-0.034357224262655
chr10	95500001	96000000	-0.103678767740949
chr10	96000001	96500000	-0.0238981476023476
chr10	96500001	97000000	0.0594301715156729
chr10	97000001	97500000	-0.114769349772201
chr10	97500001	98000000	0.033115977505704
chr10	98000001	98500000	0.00124512870995247
chr10	98500001	99000000	-0.0363487546709781
chr10	99000001	99500000	-0.0200058685930339
chr10	99500001	100000000	0.0196625551255296
chr10	100000001	100500000	0.0944107174172172
chr10	100500001	101000000	-0.0582319209731276
chr10	101000001	101500000	-0.106565308189663
chr10	101500001	102000000	0.0488501770530587
chr10	102000001	102500000	0.0739543836506447
chr10	102500001	103000000	-0.0602134294537222
chr10	103000001	103500000	0.0651982865480369
chr10	103500001	104000000	-0.0432207309095652
chr10	104000001	104500000	0.064459956857471
chr10	104500001	105000000	0.00151736936805341
chr10	105000001	105500000	-0.00378529004677054
chr10	105500001	106000000	-0.103148879198051
chr10	106000001	106500000	0.007276392939432
chr10	106500001	107000000	-0.00138415941901078
chr10	107000001	107500000	-0.0642744572331264
chr10	107500001	108000000	0.0316383191459181
chr10	108000001	108500000	0.00183001147950791
chr10	108500001	109000000	-0.00113544026601568
chr10	109000001	109500000	0.0154550276378819
chr10	109500001	110000000	0.0683692232820343
chr10	110000001	110500000	0.0228994612727587
chr10	110500001	111000000	0.0699391388997398
chr10	111000001	111500000	0.0112438988571298
chr10	111500001	112000000	0.0355687180464338
chr10	112000001	112500000	0.0404524806770445
chr10	112500001	113000000	-0.051798563485251
chr10	113000001	113500000	0.0541857351736953
chr10	113500001	114000000	0.0749766078070923
chr10	114000001	114500000	NA
chr10	114500001	115000000	0.00630174622468757
chr10	115000001	115500000	-0.0316423828031226
chr10	115500001	116000000	0.041634390266073
chr10	116000001	116500000	-0.0278226611700834
chr10	116500001	117000000	-0.0498880918867406
chr10	117000001	117500000	0.149675227702267
chr10	117500001	118000000	-0.00782254227555573
chr10	118000001	118500000	-0.0251303321080166
chr10	118500001	119000000	0.0290769152369694
chr10	119000001	119500000	0.0137106925367967
chr10	119500001	120000000	0.00479354421522126
chr10	120000001	120500000	0.075185112233882
chr10	120500001	121000000	0.0548213834990423
chr10	121000001	121500000	-0.038084084331944
chr10	121500001	122000000	0.00321551175729941
chr10	122000001	122500000	-0.0408551551594496
chr10	122500001	123000000	-0.000837338541134994
chr10	123000001	123500000	0.0750390049157653
chr10	123500001	124000000	-0.0458889006236514
chr10	124000001	124500000	NA
chr10	124500001	125000000	-0.00042134108869317
chr10	125000001	125500000	0.0681512338423578
chr10	125500001	126000000	0.193234026810422
chr10	126000001	126500000	0.16729860233928
chr10	126500001	127000000	0.102940566925565
chr10	127000001	127500000	0.0612104725886256
chr10	127500001	128000000	0.0509656983757766
chr10	128000001	128500000	-0.0175093037967017
chr10	128500001	129000000	0.0363275232654685
chr10	129000001	129500000	-0.0241319601763434
chr10	129500001	130000000	-0.0499124294997804
chr10	130000001	130500000	-0.0253918459245462
chr10	130500001	131000000	0.0202565497354137
chr10	131000001	131500000	0.00149366326225002
chr10	131500001	132000000	NA
chr10	132000001	132500000	-0.0570302692281374
chr10	132500001	133000000	-0.00600790119994738
chr10	133000001	133500000	-0.073974834316619
chr11	500001	1000000	-0.112533199820938
chr11	1000001	1500000	-0.16904620698464
chr11	1500001	2000000	0.044131619755051
chr11	2000001	2500000	-0.0699533422559466
chr11	2500001	3000000	-0.045416237547343
chr11	3500001	4000000	-0.0332271747328263
chr11	4000001	4500000	0.0389569555212122
chr11	4500001	5000000	-0.0403733978550244
chr11	5000001	5500000	-0.0994098861395132
chr11	5500001	6000000	-0.064116767120764
chr11	6000001	6500000	-0.0233856886988024
chr11	6500001	7000000	-0.0706438053326734
chr11	7000001	7500000	-0.0961106324641631
chr11	7500001	8000000	-0.0971798759475099
chr11	8000001	8500000	-0.102766393253949
chr11	8500001	9000000	-0.0438346662262043
chr11	9000001	9500000	-0.115476714394718
chr11	9500001	10000000	0.00314021150203119
chr11	10000001	10500000	-0.0316210093578543
chr11	10500001	11000000	-0.00324362688274815
chr11	11000001	11500000	-0.0517347343919409
chr11	11500001	12000000	-0.0550500173147309
chr11	12000001	12500000	-0.0301427433227852
chr11	12500001	13000000	-0.10210856228243
chr11	13000001	13500000	-0.0267818970822613
chr11	13500001	14000000	-0.144995900083813
chr11	14000001	14500000	-0.0634690567338477
chr11	14500001	15000000	-0.115651925784302
chr11	15000001	15500000	-0.0694508774580628
chr11	15500001	16000000	-0.00657121568366747
chr11	16000001	16500000	-0.0843809796261987
chr11	16500001	17000000	-0.0485763577014367
chr11	17000001	17500000	-0.0388678188820556
chr11	17500001	18000000	-0.0853993790250484
chr11	18000001	18500000	-0.0478496714993821
chr11	18500001	19000000	-0.0403990546466743
chr11	19000001	19500000	-0.169525799747853
chr11	19500001	20000000	-0.11905155792363
chr11	20000001	20500000	-0.0711731391876656
chr11	20500001	21000000	-0.0664596379715802
chr11	21000001	21500000	-0.0413327643347379
chr11	21500001	22000000	-0.0570541185531481
chr11	22000001	22500000	-0.0813403502325159
chr11	22500001	23000000	-0.0853324776346607
chr11	23000001	23500000	-0.071883574009546
chr11	23500001	24000000	-0.155936991246485
chr11	24000001	24500000	-0.115790520672152
chr11	24500001	25000000	-0.0760900810613823
chr11	25000001	25500000	-0.0378510689907677
chr11	25500001	26000000	0.0627980512994477
chr11	26000001	26500000	0.0795780633023607
chr11	26500001	27000000	0.110230912651671
chr11	27000001	27500000	0.0985041569113899
chr11	27500001	28000000	0.0993315997062953
chr11	28000001	28500000	-0.089282684394519
chr11	28500001	29000000	-0.05134304109794
chr11	29000001	29500000	-0.0972313772977695
chr11	29500001	30000000	-0.116444363672707
chr11	30000001	30500000	-0.100071408001224
chr11	30500001	31000000	-0.0719912235650748
chr11	31000001	31500000	-0.109562418968709
chr11	31500001	32000000	-0.058525202507824
chr11	32000001	32500000	-0.030151745134159
chr11	32500001	33000000	-0.127923584000655
chr11	33000001	33500000	-0.0257885365035672
chr11	33500001	34000000	-0.0329556206716484
chr11	34000001	34500000	-0.0115911550607329
chr11	34500001	35000000	-0.0164731681967768
chr11	35000001	35500000	-0.0244012460863634
chr11	35500001	36000000	-0.0637995844590838
chr11	36000001	36500000	-0.104950933819861
chr11	36500001	37000000	-0.0600328016180895
chr11	37000001	37500000	-0.0612159854543637
chr11	37500001	38000000	-0.0711042233171233
chr11	38000001	38500000	-0.129399046142771
chr11	38500001	39000000	-0.0499621766807114
chr11	39000001	39500000	-0.165616813444951
chr11	39500001	40000000	-0.0644520651207172
chr11	40000001	40500000	-0.0650758024386148
chr11	40500001	41000000	-0.0341498386701277
chr11	41000001	41500000	-0.0942505437085166
chr11	41500001	42000000	-0.110654537457814
chr11	42000001	42500000	-0.17390191630733
chr11	42500001	43000000	0.0378462542243316
chr11	43000001	43500000	-0.0740206993805904
chr11	43500001	44000000	-0.0981897509291497
chr11	44000001	44500000	-0.0669717192878132
chr11	44500001	45000000	-0.0574179527947751
chr11	45000001	45500000	-0.0441163085993473
chr11	45500001	46000000	-0.0261894909811944
chr11	46000001	46500000	-0.072088805301538
chr11	46500001	47000000	-0.109861839115409
chr11	47000001	47500000	-0.0398748117890037
chr11	47500001	48000000	-0.0455778501031643
chr11	48000001	48500000	-0.0703810766752374
chr11	50000001	50500000	-0.157284319705379
chr11	56000001	56500000	0.080803979809825
chr11	56500001	57000000	0.0624651074966237
chr11	57000001	57500000	0.154585492364472
chr11	57500001	58000000	0.173430268098105
chr11	58000001	58500000	0.124431144302184
chr11	58500001	59000000	0.0611677965613692
chr11	59000001	59500000	0.112262804498295
chr11	59500001	60000000	0.161379213528186
chr11	60000001	60500000	0.215795248834765
chr11	60500001	61000000	0.0215501968851105
chr11	61000001	61500000	0.0647980118067697
chr11	61500001	62000000	0.0475580954788991
chr11	62000001	62500000	0.0733898711951143
chr11	62500001	63000000	0.0208212457730895
chr11	63000001	63500000	0.229487925003152
chr11	63500001	64000000	0.0792191801696188
chr11	64000001	64500000	0.0685255878939663
chr11	64500001	65000000	0.0792807559677346
chr11	65000001	65500000	0.160521784533515
chr11	65500001	66000000	0.0978531617649627
chr11	66000001	66500000	0.127481750340694
chr11	66500001	67000000	-0.02850363707894
chr11	67000001	67500000	0.00456225600070224
chr11	68000001	68500000	-0.0139712519698926
chr11	68500001	69000000	0.101845787829537
chr11	69000001	69500000	-0.000766008344491434
chr11	69500001	70000000	0.0317265455675071
chr11	70000001	70500000	0.0289048638611639
chr11	70500001	71000000	NA
chr11	71000001	71500000	NA
chr11	72000001	72500000	0.105454841886643
chr11	72500001	73000000	0.187923912623462
chr11	73000001	73500000	0.177137369037847
chr11	73500001	74000000	0.129210902402532
chr11	74000001	74500000	0.137237988372692
chr11	74500001	75000000	0.215133010397113
chr11	75000001	75500000	0.157041776821993
chr11	75500001	76000000	0.0696755746165641
chr11	76000001	76500000	-0.0384812806677006
chr11	76500001	77000000	0.112151006504664
chr11	77000001	77500000	0.189665112519731
chr11	77500001	78000000	0.160746825764004
chr11	78000001	78500000	0.143746967732108
chr11	78500001	79000000	0.176291584530807
chr11	79000001	79500000	0.0911271402877965
chr11	79500001	80000000	0.123241806554951
chr11	80000001	80500000	0.134334853353857
chr11	80500001	81000000	0.0616832709318337
chr11	81000001	81500000	0.0863816611608841
chr11	81500001	82000000	0.162165404757976
chr11	82000001	82500000	0.0886230905235879
chr11	82500001	83000000	0.120649838278901
chr11	83000001	83500000	0.110440777428373
chr11	83500001	84000000	0.0795714332351234
chr11	84000001	84500000	0.0558388103986744
chr11	84500001	85000000	0.136544114957774
chr11	85000001	85500000	0.11065698459367
chr11	85500001	86000000	0.137811479772119
chr11	86000001	86500000	0.100278386817825
chr11	86500001	87000000	0.0172680152465343
chr11	87000001	87500000	0.0926258240815669
chr11	87500001	88000000	NA
chr11	88000001	88500000	NA
chr11	88500001	89000000	0.171635695454791
chr11	89000001	89500000	0.219033315957696
chr11	90000001	90500000	0.0480209158723548
chr11	90500001	91000000	0.107232251514872
chr11	91000001	91500000	0.146269613793499
chr11	91500001	92000000	0.132035779018389
chr11	92000001	92500000	0.0736514757669513
chr11	92500001	93000000	0.0469660912249712
chr11	93000001	93500000	0.0316598407746878
chr11	93500001	94000000	0.0773517609606677
chr11	94000001	94500000	0.115095157676663
chr11	94500001	95000000	0.0319422152174826
chr11	95000001	95500000	0.104574339884119
chr11	95500001	96000000	0.0261701089951946
chr11	96000001	96500000	0.06989144086776
chr11	96500001	97000000	NA
chr11	97000001	97500000	0.0400488237384175
chr11	97500001	98000000	0.0700462962961456
chr11	98000001	98500000	-0.0166945619154162
chr11	98500001	99000000	0.0376940629376189
chr11	99000001	99500000	0.0183815862814018
chr11	99500001	100000000	0.030973597613254
chr11	100000001	100500000	0.0323558025588463
chr11	100500001	101000000	0.00278655437172057
chr11	101000001	101500000	-0.0865794770475982
chr11	101500001	102000000	0.00524933270093448
chr11	102000001	102500000	-0.0883796718786247
chr11	102500001	103000000	-0.00640748568720547
chr11	103000001	103500000	-0.0531336368988123
chr11	103500001	104000000	-0.0239968292937658
chr11	104000001	104500000	-0.00417598449389946
chr11	104500001	105000000	-0.00974360793373545
chr11	105000001	105500000	-0.0167424871190418
chr11	105500001	106000000	0.0272073253252599
chr11	106000001	106500000	-0.0245548746002746
chr11	106500001	107000000	-0.0599705231518309
chr11	107000001	107500000	0.0529535618127355
chr11	107500001	108000000	0.0388626104942269
chr11	108000001	108500000	0.0476386394912959
chr11	108500001	109000000	-0.108802342731812
chr11	109000001	109500000	-0.0210965678622543
chr11	109500001	110000000	-0.0837340283773429
chr11	110000001	110500000	0.0491189028996041
chr11	110500001	111000000	0.0279328381617326
chr11	111000001	111500000	0.0993554667229553
chr11	111500001	112000000	0.0508122986820511
chr11	112000001	112500000	0.020903581724043
chr11	112500001	113000000	0.0669197656860328
chr11	113000001	113500000	0.0603888078585333
chr11	113500001	114000000	-0.0479422382796776
chr11	114000001	114500000	0.045888453797518
chr11	114500001	115000000	0.0885790794130492
chr11	115000001	115500000	0.0678157147222299
chr11	115500001	116000000	0.155711607274687
chr11	116000001	116500000	0.0828894638324231
chr11	116500001	117000000	0.0838996229009583
chr11	117000001	117500000	0.0696099112486844
chr11	117500001	118000000	0.00991041746383883
chr11	118000001	118500000	0.142809289597528
chr11	118500001	119000000	0.110390643751727
chr11	119000001	119500000	0.120972815290322
chr11	119500001	120000000	0.0669437984937678
chr11	120000001	120500000	0.0609388312463951
chr11	120500001	121000000	0.0565585363033218
chr11	121000001	121500000	0.139274715499549
chr11	121500001	122000000	0.100834180293212
chr11	122000001	122500000	0.0724152308669958
chr11	122500001	123000000	0.0710957189228982
chr11	123000001	123500000	0.0714017607702557
chr11	123500001	124000000	0.0379868773162469
chr11	124000001	124500000	-0.0767231780531145
chr11	124500001	125000000	0.0891860568789822
chr11	125000001	125500000	0.0338878058538413
chr11	125500001	126000000	-0.0105153875369411
chr11	126000001	126500000	-0.0666467413767735
chr11	126500001	127000000	0.0291702123939426
chr11	127000001	127500000	-0.0100943915938206
chr11	127500001	128000000	0.004747246568931
chr11	128000001	128500000	-0.065467015031053
chr11	128500001	129000000	0.0144967459716204
chr11	129000001	129500000	-0.0915986987912351
chr11	129500001	130000000	-0.0542998275594949
chr11	130000001	130500000	-0.107333897462123
chr11	130500001	131000000	-0.0619811364911428
chr11	131000001	131500000	-0.114327878704818
chr11	131500001	132000000	-0.0715877295301292
chr11	132000001	132500000	-0.0174255512517153
chr11	132500001	133000000	-0.0275205606622786
chr11	133000001	133500000	-0.0393413682302386
chr11	133500001	134000000	-0.0830836126113969
chr11	134000001	134500000	-0.0192957986575847
chr11	134500001	135000000	0.169331896058579
chr11	135000001	135500000	NA
chr12	1	500000	NA
chr12	500001	1000000	0.329220058521933
chr12	1000001	1500000	0.323184086198015
chr12	1500001	2000000	0.303893378386968
chr12	2000001	2500000	0.293130059236364
chr12	2500001	3000000	0.363116458154396
chr12	3000001	3500000	0.265911583967418
chr12	3500001	4000000	0.362554228221352
chr12	4000001	4500000	0.399056069569209
chr12	4500001	5000000	0.370017899514009
chr12	5000001	5500000	0.228849099418379
chr12	5500001	6000000	0.188786462465995
chr12	6000001	6500000	0.24587200227225
chr12	6500001	7000000	NA
chr12	7000001	7500000	NA
chr12	7500001	8000000	0.328625818343292
chr12	8500001	9000000	0.242967654822928
chr12	9000001	9500000	0.150723999464532
chr12	9500001	10000000	-0.0154798037126181
chr12	10000001	10500000	0.214703744044873
chr12	10500001	11000000	0.200264859623776
chr12	11000001	11500000	0.257690648021629
chr12	11500001	12000000	0.291237471432661
chr12	12000001	12500000	0.184313302961285
chr12	12500001	13000000	0.210072709543304
chr12	13000001	13500000	0.222450274777796
chr12	13500001	14000000	0.157374840960947
chr12	14000001	14500000	0.218480353323809
chr12	14500001	15000000	0.198014377202536
chr12	15000001	15500000	0.112773516615478
chr12	15500001	16000000	0.118344351299742
chr12	16000001	16500000	0.168683801532269
chr12	16500001	17000000	0.182201105598275
chr12	17000001	17500000	0.169417189275402
chr12	17500001	18000000	0.175307172699525
chr12	18000001	18500000	0.154049097932478
chr12	18500001	19000000	0.28200040094158
chr12	19000001	19500000	0.113038350487825
chr12	19500001	20000000	0.178728812322747
chr12	20000001	20500000	0.189509046780102
chr12	20500001	21000000	0.155464811717727
chr12	21000001	21500000	0.28158782942018
chr12	21500001	22000000	0.184524939835948
chr12	22000001	22500000	0.123358044269709
chr12	22500001	23000000	0.23696854560242
chr12	23000001	23500000	0.170562859818778
chr12	23500001	24000000	0.173942216050125
chr12	24000001	24500000	0.294837852955984
chr12	24500001	25000000	0.157091674086695
chr12	25000001	25500000	0.135937632175933
chr12	25500001	26000000	0.110660729039993
chr12	26000001	26500000	0.127692117984572
chr12	26500001	27000000	0.136636507254309
chr12	27000001	27500000	0.196833004811389
chr12	27500001	28000000	0.076341361769153
chr12	28000001	28500000	0.107362219091167
chr12	28500001	29000000	0.1632694500199
chr12	29000001	29500000	0.216120994796727
chr12	29500001	30000000	0.171067760384559
chr12	30000001	30500000	0.134711845409168
chr12	30500001	31000000	0.131026279911895
chr12	31000001	31500000	0.220941365915976
chr12	31500001	32000000	0.124313692573286
chr12	32000001	32500000	0.143325240613655
chr12	32500001	33000000	0.185968049851455
chr12	38000001	38500000	-0.0523841945817455
chr12	38500001	39000000	-0.031326665076907
chr12	39000001	39500000	-0.0596190539800057
chr12	39500001	40000000	-0.100629794905596
chr12	40000001	40500000	-0.0483477490162602
chr12	40500001	41000000	-0.0558771611952352
chr12	41000001	41500000	0.0501787771012595
chr12	41500001	42000000	0.0191751864332147
chr12	42000001	42500000	0.00339658383109399
chr12	42500001	43000000	-0.0385652309745141
chr12	43000001	43500000	-0.0168587090636135
chr12	43500001	44000000	-0.0816598864146913
chr12	44000001	44500000	0.0151852344352788
chr12	44500001	45000000	-0.0685995475671792
chr12	45000001	45500000	-0.0488982564005141
chr12	45500001	46000000	-0.126974202293442
chr12	46000001	46500000	-0.045014305270829
chr12	46500001	47000000	-0.0871835781545548
chr12	47000001	47500000	-0.0512168316596855
chr12	47500001	48000000	0.0750176337949957
chr12	48000001	48500000	-0.0510532088445553
chr12	48500001	49000000	0.0186955093946792
chr12	49000001	49500000	-0.0186215897659404
chr12	49500001	50000000	-0.0212387519376584
chr12	50000001	50500000	-0.0388500166662809
chr12	50500001	51000000	-0.0104599893347425
chr12	51000001	51500000	0.0423305760035689
chr12	51500001	52000000	-0.0254830925644305
chr12	52000001	52500000	-0.0300066222910602
chr12	52500001	53000000	-0.0142770723297013
chr12	53000001	53500000	0.0792835291372254
chr12	53500001	54000000	0.005360219533798
chr12	54000001	54500000	0.066215671070458
chr12	54500001	55000000	-0.0665946849172
chr12	55000001	55500000	-0.0205929367580733
chr12	55500001	56000000	-0.0392632864845988
chr12	56000001	56500000	0.0631498930858872
chr12	56500001	57000000	-0.0396149763308464
chr12	57000001	57500000	0.02533305385936
chr12	57500001	58000000	-0.032165618456282
chr12	58000001	58500000	-0.0209779131793876
chr12	58500001	59000000	-0.0897365178553294
chr12	59000001	59500000	-0.123679410219287
chr12	59500001	60000000	-0.0635609914692094
chr12	60000001	60500000	-0.120001591255813
chr12	60500001	61000000	-0.114272313994963
chr12	61000001	61500000	-0.103450817425379
chr12	61500001	62000000	-0.0207924574229042
chr12	62000001	62500000	-0.00961782787470936
chr12	62500001	63000000	0.0991680168841088
chr12	63000001	63500000	0.0352748583673923
chr12	63500001	64000000	0.123251831008083
chr12	64000001	64500000	0.00500148952838292
chr12	64500001	65000000	0.0801604913618536
chr12	65000001	65500000	-0.0475056615791893
chr12	65500001	66000000	-0.0995040410107239
chr12	66000001	66500000	0.0142804554622856
chr12	66500001	67000000	-0.0378904283808102
chr12	67000001	67500000	-0.112822052206159
chr12	67500001	68000000	-0.0533761618121119
chr12	68000001	68500000	-0.0386578762003655
chr12	68500001	69000000	-0.0546120556114452
chr12	69000001	69500000	-0.0689986744892762
chr12	69500001	70000000	-0.0523717547694668
chr12	70000001	70500000	-0.086804253258758
chr12	70500001	71000000	-0.114401395069027
chr12	71000001	71500000	-0.0307519218048604
chr12	71500001	72000000	-0.0913476799787236
chr12	72000001	72500000	-0.0867733597934794
chr12	72500001	73000000	-0.0875676706700488
chr12	73000001	73500000	-0.0863349447507746
chr12	73500001	74000000	-0.083265934724385
chr12	74000001	74500000	-0.072126754468456
chr12	74500001	75000000	-0.0704666020120426
chr12	75000001	75500000	-0.071971804040761
chr12	75500001	76000000	-0.0742963483492235
chr12	76000001	76500000	-0.0573904896305182
chr12	76500001	77000000	-0.028717535708335
chr12	77000001	77500000	-0.0158934199399414
chr12	77500001	78000000	-0.105772877202084
chr12	78000001	78500000	-0.12682225805556
chr12	78500001	79000000	-0.0161469498777058
chr12	79000001	79500000	-0.131585550982054
chr12	79500001	80000000	-0.109483697590294
chr12	80000001	80500000	-0.0176543566215127
chr12	80500001	81000000	-0.0456907305500688
chr12	81000001	81500000	-0.0701939053190174
chr12	81500001	82000000	-0.0710019645386663
chr12	82000001	82500000	-0.0813824681240399
chr12	82500001	83000000	-0.137231765850294
chr12	83000001	83500000	-0.0851674710958027
chr12	83500001	84000000	-0.106390992568049
chr12	84000001	84500000	-0.0203154336033741
chr12	84500001	85000000	-0.0805132226142498
chr12	85000001	85500000	-0.0716077683208631
chr12	85500001	86000000	-0.0910605272389845
chr12	86000001	86500000	-0.1399083256519
chr12	86500001	87000000	-0.132073514384641
chr12	87000001	87500000	-0.142364243975963
chr12	87500001	88000000	-0.0810191456020593
chr12	88000001	88500000	-0.0815382070378693
chr12	88500001	89000000	-0.176633385554276
chr12	89000001	89500000	-0.0942112165286404
chr12	89500001	90000000	-0.104474972343494
chr12	90000001	90500000	-0.161557670450274
chr12	90500001	91000000	-0.112317752875063
chr12	91000001	91500000	-0.0911044240113814
chr12	91500001	92000000	-0.18121091513773
chr12	92000001	92500000	0.000922592556500734
chr12	92500001	93000000	-0.0385737242485812
chr12	93000001	93500000	-0.0584455877519068
chr12	93500001	94000000	-0.0619040764146163
chr12	94000001	94500000	-0.0900315512171318
chr12	94500001	95000000	-0.0620502417738363
chr12	95000001	95500000	-0.0921820635615985
chr12	95500001	96000000	-0.0759754834279819
chr12	96000001	96500000	0.015122872498511
chr12	96500001	97000000	0.00163667527368019
chr12	97000001	97500000	0.00687982402553743
chr12	97500001	98000000	0.0529625762911227
chr12	98000001	98500000	-0.0341942899058584
chr12	98500001	99000000	-0.0386388958787943
chr12	99000001	99500000	-0.0540899634559608
chr12	99500001	100000000	0.00563708963972654
chr12	100000001	100500000	-0.0775549296850013
chr12	100500001	101000000	-0.0190328305455421
chr12	101000001	101500000	-0.0465235329261116
chr12	101500001	102000000	-0.0312611383663351
chr12	102000001	102500000	-0.0226736709396613
chr12	102500001	103000000	0.0170381007549546
chr12	103000001	103500000	-0.06536663827012
chr12	103500001	104000000	0.0630346230969269
chr12	104000001	104500000	0.0325721642264265
chr12	104500001	105000000	0.0514988330235035
chr12	105000001	105500000	0.0258406156594013
chr12	105500001	106000000	0.0333520710979916
chr12	106000001	106500000	-0.102470412515996
chr12	106500001	107000000	0.0170254597518405
chr12	107000001	107500000	-0.0127382815658838
chr12	107500001	108000000	-0.0030018049077485
chr12	108000001	108500000	-0.0515141711158954
chr12	108500001	109000000	0.0599031571972274
chr12	109000001	109500000	-0.127145244474968
chr12	109500001	110000000	-0.0316245393077876
chr12	110000001	110500000	-0.0792216543705245
chr12	110500001	111000000	0.0119305494888069
chr12	111000001	111500000	-0.0158553100575757
chr12	111500001	112000000	-0.00586481357866069
chr12	112000001	112500000	-0.00382122342927432
chr12	112500001	113000000	-0.100713772629967
chr12	113000001	113500000	-0.00359894693225995
chr12	113500001	114000000	0.0147264290241764
chr12	114000001	114500000	-0.105868866066443
chr12	114500001	115000000	-0.0731204904529091
chr12	115000001	115500000	-0.0181843223751477
chr12	115500001	116000000	-0.119070087124343
chr12	116000001	116500000	-0.064086367830209
chr12	116500001	117000000	-0.0803718548005957
chr12	117000001	117500000	-0.0994418048608598
chr12	117500001	118000000	-0.0117847947930724
chr12	118000001	118500000	-0.0291517899015643
chr12	118500001	119000000	0.0285239696676974
chr12	119000001	119500000	-0.0395959055801184
chr12	119500001	120000000	-0.0397729086371215
chr12	120000001	120500000	0.0123076873385569
chr12	120500001	121000000	0.00109045272122972
chr12	121000001	121500000	-0.0145735489432647
chr12	121500001	122000000	-0.00926652691798253
chr12	122000001	122500000	NA
chr12	122500001	123000000	0.0495666763414945
chr12	123000001	123500000	NA
chr12	123500001	124000000	0.0745268898958024
chr12	124000001	124500000	-0.0465639460924687
chr12	124500001	125000000	-0.00479125621540287
chr12	125000001	125500000	-0.0858934101232585
chr12	125500001	126000000	-0.0052023024413241
chr12	126000001	126500000	-0.098829563992776
chr12	126500001	127000000	-0.00677087367268308
chr12	127000001	127500000	0.02786366004945
chr12	127500001	128000000	-0.0322276247805314
chr12	128000001	128500000	-0.0851883043533799
chr12	128500001	129000000	-0.102563796486949
chr12	129000001	129500000	-0.127237148249685
chr12	129500001	130000000	-0.0868833309728285
chr12	130000001	130500000	-0.0876648431022397
chr12	130500001	131000000	0.00615295383152562
chr12	131000001	131500000	-0.0687157864621576
chr12	131500001	132000000	-0.0215300059499469
chr12	132000001	132500000	NA
chr12	132500001	133000000	-0.0767824759151193
chr12	133000001	133500000	NA
chr13	19000001	19500000	0.0593481981436699
chr13	19500001	20000000	-0.156664819015064
chr13	20000001	20500000	-0.027842353173539
chr13	20500001	21000000	-0.0632066040821701
chr13	21000001	21500000	-0.0320329955120471
chr13	21500001	22000000	-0.0225612285863374
chr13	22000001	22500000	-0.167437852698138
chr13	22500001	23000000	-0.0715861568940465
chr13	23000001	23500000	-0.0562713672142494
chr13	23500001	24000000	-0.125323609509649
chr13	24000001	24500000	-0.020292635499767
chr13	24500001	25000000	0.0964185960339835
chr13	25000001	25500000	-0.0236734080731969
chr13	25500001	26000000	-0.0204775519782577
chr13	26000001	26500000	-0.0296559115816108
chr13	26500001	27000000	-0.107262960680033
chr13	27000001	27500000	-0.0608135824853007
chr13	27500001	28000000	-0.0725289035054388
chr13	28000001	28500000	-0.0605763851137372
chr13	28500001	29000000	-0.0351300967906133
chr13	29000001	29500000	-0.0394242148488595
chr13	29500001	30000000	-0.0574004794430428
chr13	30000001	30500000	-0.0292624292684324
chr13	30500001	31000000	0.0755187123116666
chr13	31000001	31500000	-0.0235300853788448
chr13	31500001	32000000	-0.0224252982552539
chr13	32000001	32500000	0.00349842119112803
chr13	32500001	33000000	-0.100246867714642
chr13	33000001	33500000	-0.0947867508447533
chr13	33500001	34000000	-0.0191113998286906
chr13	34000001	34500000	0.0101207111964453
chr13	34500001	35000000	-0.0211436409569664
chr13	35000001	35500000	-0.123693779039879
chr13	35500001	36000000	-0.0443269226540472
chr13	36000001	36500000	-0.0319545062792604
chr13	36500001	37000000	-0.0510032110933891
chr13	37000001	37500000	-0.034240717249154
chr13	37500001	38000000	-0.0384166646299973
chr13	38000001	38500000	-0.0343873907689635
chr13	38500001	39000000	-0.0620974051992057
chr13	39000001	39500000	-0.0570980625463366
chr13	39500001	40000000	-0.0747575481479224
chr13	40000001	40500000	-0.0454300917793468
chr13	40500001	41000000	0.0181837330584275
chr13	41000001	41500000	-0.0327030950040539
chr13	41500001	42000000	-0.123424984985143
chr13	42000001	42500000	-0.075779115295152
chr13	42500001	43000000	-0.134306644744787
chr13	43000001	43500000	-0.0178228739004762
chr13	43500001	44000000	-0.022324586453798
chr13	44000001	44500000	-0.130879917443173
chr13	44500001	45000000	-0.0943198456489095
chr13	45000001	45500000	-0.0323282382599165
chr13	45500001	46000000	-0.0427436549989849
chr13	46000001	46500000	0.00539372602415753
chr13	46500001	47000000	-0.0743143242617613
chr13	47000001	47500000	-0.0271237579781041
chr13	47500001	48000000	0.00577908823969495
chr13	48000001	48500000	-0.036044947199568
chr13	48500001	49000000	0.0121245767812125
chr13	49000001	49500000	0.0155485210432968
chr13	49500001	50000000	0.00751639663917174
chr13	50000001	50500000	-0.0236375080162462
chr13	50500001	51000000	-0.0335276623717458
chr13	51000001	51500000	-0.0523885576003618
chr13	51500001	52000000	0.0477846693796816
chr13	52000001	52500000	0.0580231464959439
chr13	52500001	53000000	-0.101117949967696
chr13	53000001	53500000	-0.0152766158903332
chr13	53500001	54000000	-0.0780643282861182
chr13	54000001	54500000	0.0255354942081584
chr13	54500001	55000000	-0.0654371371807198
chr13	55000001	55500000	-0.0682015125045363
chr13	55500001	56000000	-0.105444905878753
chr13	56000001	56500000	-0.160869805518582
chr13	56500001	57000000	-0.108479018855222
chr13	57000001	57500000	-0.0332549858699425
chr13	57500001	58000000	0.0269432336179982
chr13	58000001	58500000	-0.12839470135999
chr13	58500001	59000000	-0.160286682239072
chr13	59000001	59500000	-0.0920270682757202
chr13	59500001	60000000	-0.0471114319496748
chr13	60000001	60500000	-0.0234820613197499
chr13	60500001	61000000	-0.00473257706179571
chr13	61000001	61500000	-0.003522182276657
chr13	61500001	62000000	-0.0973002866065046
chr13	62000001	62500000	-0.123352605540794
chr13	62500001	63000000	NA
chr13	63000001	63500000	-0.0975176365204837
chr13	63500001	64000000	-0.222514907300991
chr13	64000001	64500000	-0.0383842329587307
chr13	64500001	65000000	-0.0613052765152724
chr13	65000001	65500000	-0.0652858723572548
chr13	65500001	66000000	-0.0670990589537633
chr13	66000001	66500000	-0.0373421516552412
chr13	66500001	67000000	0.0376880920110275
chr13	67000001	67500000	-0.135971906920183
chr13	67500001	68000000	-0.00551456423610012
chr13	68000001	68500000	-0.147669880594727
chr13	68500001	69000000	NA
chr13	69000001	69500000	NA
chr13	69500001	70000000	-0.152965785515304
chr13	70000001	70500000	0.0036800335479751
chr13	70500001	71000000	-0.0129580595489702
chr13	71000001	71500000	-0.0536641747373684
chr13	71500001	72000000	-0.0718099925520262
chr13	72000001	72500000	-0.0790817553560672
chr13	72500001	73000000	-0.0161838939764084
chr13	73000001	73500000	-0.096557017533972
chr13	73500001	74000000	-0.100779217060926
chr13	74000001	74500000	-0.0342554153059201
chr13	74500001	75000000	0.00453094256348526
chr13	75000001	75500000	0.181223502027192
chr13	75500001	76000000	0.149688733357841
chr13	76000001	76500000	0.0358097314566361
chr13	76500001	77000000	0.101789978472474
chr13	77000001	77500000	0.161012833000005
chr13	77500001	78000000	-0.0348920225196088
chr13	78000001	78500000	0.0821606780984761
chr13	78500001	79000000	0.0602220778268989
chr13	79000001	79500000	0.144607064163036
chr13	79500001	80000000	0.0445302644893198
chr13	80000001	80500000	0.0468614143584462
chr13	80500001	81000000	0.100485711494709
chr13	81000001	81500000	0.147539664540774
chr13	81500001	82000000	0.0332192552042291
chr13	82000001	82500000	0.0862839270547619
chr13	82500001	83000000	0.144704770740293
chr13	83000001	83500000	0.0679638093418055
chr13	83500001	84000000	0.122461381007402
chr13	84000001	84500000	0.0743122630784882
chr13	84500001	85000000	0.105629785806448
chr13	85000001	85500000	0.0889679382560158
chr13	85500001	86000000	0.0715735975784308
chr13	86000001	86500000	NA
chr13	86500001	87000000	0.102161404187398
chr13	87000001	87500000	0.0797728113880081
chr13	87500001	88000000	0.126771723597388
chr13	88000001	88500000	0.0609976298696862
chr13	88500001	89000000	0.0584063098477504
chr13	89000001	89500000	0.0517798246946476
chr13	89500001	90000000	0.0847359483028024
chr13	90000001	90500000	0.0589342289659084
chr13	90500001	91000000	0.117630089717624
chr13	91000001	91500000	0.106928739977155
chr13	91500001	92000000	-0.0325666056692581
chr13	92000001	92500000	0.0287404846528358
chr13	92500001	93000000	0.161302644383706
chr13	93000001	93500000	0.0787878569576738
chr13	93500001	94000000	0.0498759769774719
chr13	94000001	94500000	0.121685459686404
chr13	94500001	95000000	0.0848974915568627
chr13	95000001	95500000	0.0572086209335334
chr13	95500001	96000000	0.0419119941099123
chr13	96000001	96500000	0.0783488461424314
chr13	96500001	97000000	0.0118477062804477
chr13	97000001	97500000	0.0828152311678325
chr13	97500001	98000000	0.00151298744119466
chr13	98000001	98500000	0.10190962898483
chr13	98500001	99000000	0.114652426585666
chr13	99000001	99500000	0.123249916201438
chr13	99500001	100000000	0.1096698395243
chr13	100000001	100500000	0.0750317924082075
chr13	100500001	101000000	NA
chr13	101000001	101500000	0.0699388091138199
chr13	101500001	102000000	0.0922051093605995
chr13	102000001	102500000	0.034537759436886
chr13	102500001	103000000	0.0770342152608981
chr13	103000001	103500000	0.107473196903289
chr13	103500001	104000000	0.0798362484266464
chr13	104000001	104500000	-0.00652855755234542
chr13	104500001	105000000	0.129972048115766
chr13	105000001	105500000	0.0878977819372088
chr13	105500001	106000000	0.0513401543466903
chr13	106000001	106500000	0.136177214755097
chr13	106500001	107000000	0.108858379665323
chr13	107000001	107500000	0.10561469833337
chr13	107500001	108000000	0.099977183714326
chr13	108000001	108500000	0.153850054487809
chr13	108500001	109000000	0.0806786466563502
chr13	109000001	109500000	0.11949428494294
chr13	109500001	110000000	0.209882223243544
chr13	110000001	110500000	0.138390614595288
chr13	110500001	111000000	0.100929585715772
chr13	111000001	111500000	0.0967613753422828
chr13	112000001	112500000	0.126261795671412
chr13	112500001	113000000	0.121190325313024
chr13	113000001	113500000	0.0926242271901064
chr13	113500001	114000000	NA
chr13	114000001	114500000	NA
chr14	20000001	20500000	0.0786708759664873
chr14	20500001	21000000	0.175066095458625
chr14	21000001	21500000	0.108161013438765
chr14	21500001	22000000	0.00935042401764812
chr14	22000001	22500000	0.0765361251070193
chr14	22500001	23000000	0.135580607790291
chr14	23000001	23500000	0.0348348817000588
chr14	23500001	24000000	0.0837784301173672
chr14	24000001	24500000	0.0537562327680323
chr14	24500001	25000000	0.0635205241131743
chr14	25000001	25500000	-0.0103373419225406
chr14	25500001	26000000	0.0929856553936447
chr14	26000001	26500000	0.0223974098609708
chr14	26500001	27000000	-0.0326102072658858
chr14	27000001	27500000	0.0124581507603171
chr14	27500001	28000000	0.0917592300116561
chr14	28000001	28500000	0.00139913679358219
chr14	28500001	29000000	0.0718879055087424
chr14	29000001	29500000	0.0492862138287545
chr14	29500001	30000000	0.0255863680925983
chr14	30000001	30500000	0.00802180244997555
chr14	30500001	31000000	0.0180606635544415
chr14	31000001	31500000	0.0334858630628679
chr14	31500001	32000000	0.0627647585330975
chr14	32000001	32500000	-0.0350111868873308
chr14	32500001	33000000	-0.0297263116866774
chr14	33000001	33500000	0.0589908826689321
chr14	33500001	34000000	-0.0113686450825352
chr14	34000001	34500000	0.0865682347815092
chr14	34500001	35000000	0.103813634157004
chr14	35000001	35500000	0.0274097870306879
chr14	35500001	36000000	0.00750289801032423
chr14	36000001	36500000	0.0718335965118587
chr14	36500001	37000000	-0.0394728570212156
chr14	37000001	37500000	0.00944046157135317
chr14	37500001	38000000	0.0705226897318294
chr14	38000001	38500000	0.0535561250782164
chr14	38500001	39000000	0.0484656317198241
chr14	39000001	39500000	0.0441335385375019
chr14	39500001	40000000	-0.0174627626530603
chr14	40000001	40500000	-0.0386260380584426
chr14	40500001	41000000	-0.0373862105929857
chr14	41000001	41500000	-0.202417218946533
chr14	41500001	42000000	-0.0801940704176444
chr14	42000001	42500000	-0.0187049303386511
chr14	42500001	43000000	-0.057360813895263
chr14	43000001	43500000	-0.0914056868061093
chr14	43500001	44000000	-0.0369308049259888
chr14	44000001	44500000	0.0586401841139551
chr14	44500001	45000000	-0.0553687722030027
chr14	45000001	45500000	0.00490221693076105
chr14	45500001	46000000	-0.01548322593323
chr14	46000001	46500000	-0.0915749821578961
chr14	46500001	47000000	0.0266765394667307
chr14	47000001	47500000	-0.0256531755974033
chr14	47500001	48000000	-0.0326716884454316
chr14	48000001	48500000	-0.0115887403712049
chr14	48500001	49000000	-0.0814467595434857
chr14	49000001	49500000	-0.0329910187872563
chr14	49500001	50000000	-0.0212777647859592
chr14	50000001	50500000	-0.0166887347934795
chr14	50500001	51000000	-0.0371415508785034
chr14	51000001	51500000	0.0485821559308223
chr14	51500001	52000000	-0.00897511878932726
chr14	52000001	52500000	-0.0471485345312696
chr14	52500001	53000000	-0.0356859271505349
chr14	53000001	53500000	-0.0122282369135276
chr14	53500001	54000000	-0.0804335699809113
chr14	54000001	54500000	-0.0270860351706054
chr14	54500001	55000000	-0.0626795347208029
chr14	55000001	55500000	-0.0686628844230407
chr14	55500001	56000000	0.0346501829253478
chr14	56000001	56500000	-0.0330291814979105
chr14	56500001	57000000	0.0165064401160122
chr14	57000001	57500000	-0.0702829032566354
chr14	57500001	58000000	-0.0573338477164896
chr14	58000001	58500000	-0.0441355741520882
chr14	58500001	59000000	0.0645065780714162
chr14	59000001	59500000	0.0539962356568834
chr14	59500001	60000000	-0.0225770976737507
chr14	60000001	60500000	-0.0314501517317357
chr14	60500001	61000000	-0.0706816681226026
chr14	61000001	61500000	0.0419386310713851
chr14	61500001	62000000	0.00479558965844643
chr14	62000001	62500000	0.0202414254135303
chr14	62500001	63000000	-0.0680369487007541
chr14	63000001	63500000	-0.0340240418338695
chr14	63500001	64000000	-0.0303649017692047
chr14	64000001	64500000	0.0289486788556117
chr14	64500001	65000000	0.0253822673534537
chr14	65000001	65500000	0.070755614753646
chr14	65500001	66000000	-0.0448983053173986
chr14	66000001	66500000	-0.0130185642795988
chr14	66500001	67000000	-0.049534390674032
chr14	67000001	67500000	0.027193983221085
chr14	67500001	68000000	0.00340110911172659
chr14	68000001	68500000	0.0138429728471503
chr14	68500001	69000000	0.0587809420187675
chr14	69000001	69500000	-0.056147346787399
chr14	69500001	70000000	0.0519555680866358
chr14	70000001	70500000	-0.014698064024277
chr14	70500001	71000000	0.0759872854401814
chr14	71000001	71500000	0.0459905382762672
chr14	71500001	72000000	-0.00966804199145991
chr14	72000001	72500000	-0.150254704237164
chr14	72500001	73000000	-0.0939440974916202
chr14	73000001	73500000	-0.00503444902818886
chr14	73500001	74000000	-0.0435174685066965
chr14	74000001	74500000	-0.048167557662661
chr14	74500001	75000000	-0.0577284662108214
chr14	75000001	75500000	0.105768499859752
chr14	75500001	76000000	0.0456707096046449
chr14	76000001	76500000	-0.0116324715767696
chr14	76500001	77000000	0.109638581630813
chr14	77000001	77500000	0.0793903534502326
chr14	77500001	78000000	0.0315972315382842
chr14	78000001	78500000	0.137292790908774
chr14	78500001	79000000	-0.0962905850623625
chr14	79000001	79500000	-0.077474103672291
chr14	79500001	80000000	-0.0233598586146781
chr14	80000001	80500000	-0.0924223580840886
chr14	80500001	81000000	-0.0417649627515003
chr14	81000001	81500000	-0.0404667374817582
chr14	81500001	82000000	-0.111066156252223
chr14	82000001	82500000	-0.076916970637164
chr14	82500001	83000000	-0.0914326219378622
chr14	83000001	83500000	-0.0375887689538269
chr14	83500001	84000000	-0.12825750592397
chr14	84000001	84500000	-0.085795734195747
chr14	84500001	85000000	-0.0674669453160183
chr14	85000001	85500000	-0.0792041359721487
chr14	85500001	86000000	-0.0801855516992759
chr14	86000001	86500000	-0.104341233501639
chr14	86500001	87000000	-0.0920312138005041
chr14	87000001	87500000	-0.0841313697930614
chr14	87500001	88000000	-0.0654824151913592
chr14	88000001	88500000	-0.0460835598024425
chr14	88500001	89000000	-0.0884183728512749
chr14	89000001	89500000	-0.0983263528093796
chr14	89500001	90000000	-0.0513880931267281
chr14	90000001	90500000	-0.0374020793349426
chr14	90500001	91000000	-0.00600449849505051
chr14	91000001	91500000	-0.0225130953605729
chr14	91500001	92000000	-0.10272184666236
chr14	92000001	92500000	-0.0202595890137079
chr14	92500001	93000000	0.0222515355285307
chr14	93000001	93500000	-0.00424706903484585
chr14	93500001	94000000	-0.0663962309908498
chr14	94000001	94500000	-0.0619628833987941
chr14	94500001	95000000	-0.0660903132610782
chr14	95000001	95500000	-0.0688936067635388
chr14	95500001	96000000	-0.0281579628339204
chr14	96000001	96500000	-0.0206922501378305
chr14	96500001	97000000	-0.0713525034227172
chr14	97000001	97500000	-0.0504986640581787
chr14	97500001	98000000	-0.0981309151714762
chr14	98000001	98500000	-0.0249924454995065
chr14	98500001	99000000	0.00865455158905883
chr14	99000001	99500000	-0.068450382428713
chr14	99500001	100000000	-0.0810147531620498
chr14	100000001	100500000	-0.0384954053626994
chr14	100500001	101000000	-0.0551033124983569
chr14	101000001	101500000	-0.1453745820945
chr14	101500001	102000000	-0.118870387877649
chr14	102000001	102500000	-0.0701422201665464
chr14	102500001	103000000	-0.084296986819729
chr14	103000001	103500000	0.00198557460511884
chr14	103500001	104000000	-0.136197882529644
chr14	104000001	104500000	-0.0997860330416823
chr14	104500001	105000000	-0.135657330979806
chr14	105000001	105500000	-0.145613554183945
chr14	106000001	106500000	0.0426826571705841
chr15	23500001	24000000	-0.114131688292521
chr15	24500001	25000000	-0.0633522126688138
chr15	25000001	25500000	-0.0556302139350917
chr15	25500001	26000000	-0.0311425836222846
chr15	26000001	26500000	-0.106836068121467
chr15	26500001	27000000	-0.0460131305695754
chr15	27000001	27500000	NA
chr15	27500001	28000000	-0.0403772523161592
chr15	29000001	29500000	-0.103437159712318
chr15	29500001	30000000	-0.133999409678518
chr15	31000001	31500000	-0.0262600339292684
chr15	31500001	32000000	0.130494230326062
chr15	32500001	33000000	-0.0747754519451907
chr15	33000001	33500000	-0.104642584230477
chr15	33500001	34000000	0.00787166927593036
chr15	34000001	34500000	0.0335553003317222
chr15	34500001	35000000	-0.0418774986949255
chr15	35000001	35500000	-0.030480200704445
chr15	35500001	36000000	-0.119429234443173
chr15	36000001	36500000	-0.052205661967439
chr15	36500001	37000000	-0.048328452798041
chr15	37000001	37500000	-0.0439833268072586
chr15	37500001	38000000	-0.0828841924257152
chr15	38000001	38500000	0.0265538604475322
chr15	38500001	39000000	-0.0109285036050819
chr15	39000001	39500000	-0.0966928812513456
chr15	39500001	40000000	-0.129792546580537
chr15	40000001	40500000	-0.00791264551810524
chr15	40500001	41000000	-0.00298306823870502
chr15	41000001	41500000	-0.0596825116264853
chr15	41500001	42000000	-0.0732448479472073
chr15	42000001	42500000	-0.00783357964530558
chr15	42500001	43000000	-0.0961176471782687
chr15	43000001	43500000	-0.0321495768275939
chr15	43500001	44000000	-0.270432821411373
chr15	44000001	44500000	-0.113830723298338
chr15	44500001	45000000	-0.115797040423011
chr15	45000001	45500000	-0.101538409796403
chr15	45500001	46000000	-0.141827534411406
chr15	46000001	46500000	-0.136351345245703
chr15	46500001	47000000	-0.125612435659423
chr15	47000001	47500000	-0.136864060067637
chr15	47500001	48000000	-0.272081834618245
chr15	48000001	48500000	-0.042606791151553
chr15	48500001	49000000	-0.0382983870454805
chr15	49000001	49500000	0.0679037336645286
chr15	49500001	50000000	-0.0439759962993091
chr15	50000001	50500000	0.109039483208589
chr15	50500001	51000000	-0.0426542598606182
chr15	51000001	51500000	0.00878952898524488
chr15	51500001	52000000	0.0481181292132104
chr15	52000001	52500000	0.0889420461084872
chr15	52500001	53000000	-0.0407250779854873
chr15	53000001	53500000	-0.0547894839790417
chr15	53500001	54000000	-0.0733615363117769
chr15	54000001	54500000	0.0113833702804239
chr15	54500001	55000000	-0.0253412657061173
chr15	55000001	55500000	0.0990943811623372
chr15	55500001	56000000	-0.0312330787319068
chr15	56000001	56500000	-0.0100224511107092
chr15	56500001	57000000	-0.0600213871143239
chr15	57000001	57500000	-0.0451983747140978
chr15	57500001	58000000	-0.10272725887739
chr15	58000001	58500000	0.0205510719874042
chr15	58500001	59000000	0.0119541832335133
chr15	59000001	59500000	-0.0742801273320578
chr15	59500001	60000000	-0.0115913985469079
chr15	60000001	60500000	-0.0516271101718575
chr15	60500001	61000000	-0.0197724721778328
chr15	61000001	61500000	0.0480821956293253
chr15	61500001	62000000	0.00673277969897749
chr15	62000001	62500000	0.0109916254351153
chr15	62500001	63000000	-0.0129711044069505
chr15	63000001	63500000	0.107776959709097
chr15	63500001	64000000	0.0314582743776832
chr15	64000001	64500000	0.0213120266134818
chr15	64500001	65000000	0.0580395580044833
chr15	65000001	65500000	0.0220409070727704
chr15	65500001	66000000	-0.0357072965234221
chr15	66000001	66500000	0.048431187942946
chr15	66500001	67000000	-0.0552353453334219
chr15	67000001	67500000	-0.0686626956660772
chr15	67500001	68000000	-0.0313447484324942
chr15	68000001	68500000	0.0573721768444855
chr15	68500001	69000000	0.0489119254865592
chr15	69000001	69500000	-0.0229350426140719
chr15	69500001	70000000	0.046835618408342
chr15	70000001	70500000	0.0624866378125972
chr15	70500001	71000000	-0.0702424171998193
chr15	71000001	71500000	-0.0522475364610554
chr15	71500001	72000000	-0.0699366685675168
chr15	72000001	72500000	-0.144835274711321
chr15	72500001	73000000	-0.0352185469968579
chr15	73000001	73500000	-0.111397156851281
chr15	73500001	74000000	-0.159312357334265
chr15	74000001	74500000	-0.0599406833183627
chr15	74500001	75000000	0.0649876649306764
chr15	75000001	75500000	-0.171719838076506
chr15	75500001	76000000	0.0174822023164014
chr15	76000001	76500000	-0.0982872181586419
chr15	76500001	77000000	-0.103949702317219
chr15	77000001	77500000	-0.0215002960892715
chr15	77500001	78000000	-0.073284772812048
chr15	78000001	78500000	-0.113820338577115
chr15	78500001	79000000	-0.141851567927454
chr15	79000001	79500000	-0.126253900129042
chr15	79500001	80000000	-0.0505469443416791
chr15	80000001	80500000	-0.067529678265806
chr15	80500001	81000000	-0.0551011496724268
chr15	81000001	81500000	0.0172011447141998
chr15	81500001	82000000	0.13113808929873
chr15	82500001	83000000	-0.0426563684502116
chr15	83000001	83500000	0.112520447948003
chr15	83500001	84000000	0.0284092353189559
chr15	84500001	85000000	-0.0700414238694591
chr15	85000001	85500000	0.0293734730750093
chr15	85500001	86000000	0.0926529076797458
chr15	86000001	86500000	0.150083055098148
chr15	86500001	87000000	0.1555709226651
chr15	87000001	87500000	0.0373762474540563
chr15	87500001	88000000	0.128264318783033
chr15	88000001	88500000	0.106860835270557
chr15	88500001	89000000	0.0801387341780699
chr15	89000001	89500000	0.121508205841881
chr15	89500001	90000000	0.176733110546169
chr15	90000001	90500000	0.160629644210533
chr15	90500001	91000000	0.162608688774868
chr15	91000001	91500000	0.117353584318542
chr15	91500001	92000000	0.146269412933705
chr15	92000001	92500000	0.0358787465992749
chr15	92500001	93000000	0.0295430325322203
chr15	93000001	93500000	0.105066468601287
chr15	93500001	94000000	0.0939361806420923
chr15	94000001	94500000	0.11643110584319
chr15	94500001	95000000	0.137074407644467
chr15	95000001	95500000	0.0306621562479821
chr15	95500001	96000000	0.00853553341830231
chr15	96000001	96500000	0.0159762752662064
chr15	96500001	97000000	0.0534540871335394
chr15	97000001	97500000	0.0698058241446415
chr15	97500001	98000000	0.0192047181000219
chr15	98000001	98500000	0.0930815663975125
chr15	98500001	99000000	0.103736849264806
chr15	99000001	99500000	0.0132741044228631
chr15	99500001	100000000	0.0272683475748444
chr15	100000001	100500000	0.0363307778706482
chr15	100500001	101000000	0.0982442755152261
chr15	101000001	101500000	0.148445839473609
chr16	1	500000	NA
chr16	500001	1000000	NA
chr16	1000001	1500000	NA
chr16	1500001	2000000	-0.0799583934010554
chr16	2000001	2500000	-0.107270820523739
chr16	2500001	3000000	-0.328078837301351
chr16	3000001	3500000	0.00567210142865499
chr16	3500001	4000000	-0.0234370918198404
chr16	4000001	4500000	-0.066460168885389
chr16	4500001	5000000	-0.130642862092569
chr16	5000001	5500000	0.100534081472812
chr16	5500001	6000000	-0.188656531331618
chr16	6000001	6500000	-0.112096029604248
chr16	6500001	7000000	-0.0568955151872056
chr16	7000001	7500000	-0.112821479472615
chr16	7500001	8000000	-0.125052287947498
chr16	8000001	8500000	-0.0222074174664265
chr16	8500001	9000000	-0.0355558186314096
chr16	9000001	9500000	-0.0265618434522033
chr16	9500001	10000000	-0.137003872308251
chr16	10000001	10500000	-0.163016549865821
chr16	10500001	11000000	-0.098877290692738
chr16	11000001	11500000	-0.0681363143560049
chr16	11500001	12000000	0.0274743769665655
chr16	12000001	12500000	-0.0862575706570483
chr16	12500001	13000000	0.0428774631806776
chr16	13000001	13500000	-0.013271283665386
chr16	13500001	14000000	-0.0480273330133726
chr16	14000001	14500000	-0.0688451298037022
chr16	15500001	16000000	0.0451055659445738
chr16	17000001	17500000	-0.0378322517938076
chr16	17500001	18000000	-0.0568408812092486
chr16	19000001	19500000	-0.0701718899420415
chr16	19500001	20000000	-0.149044623672648
chr16	20000001	20500000	-0.0727524345130487
chr16	20500001	21000000	-0.0423367008590675
chr16	22000001	22500000	-0.207477305908428
chr16	22500001	23000000	0.129510260197113
chr16	23000001	23500000	-0.0287778214246818
chr16	23500001	24000000	0.016581821767092
chr16	24000001	24500000	0.159982032125332
chr16	24500001	25000000	0.0848494095425528
chr16	25000001	25500000	0.0585506506216219
chr16	25500001	26000000	0.0480063360252201
chr16	26000001	26500000	0.0272740735817095
chr16	26500001	27000000	0.0555697479836688
chr16	27000001	27500000	0.0510902061123227
chr16	27500001	28000000	0.0542647368005308
chr16	28000001	28500000	-0.183349842949462
chr16	29500001	30000000	-0.167048801396349
chr16	30500001	31000000	0.0356649896940035
chr16	31000001	31500000	0.0321457913260666
chr16	31500001	32000000	0.119486696077579
chr16	46500001	47000000	-0.0679288351110543
chr16	47000001	47500000	-0.0530493599299591
chr16	47500001	48000000	-0.00168982340575556
chr16	48000001	48500000	0.0517560683517665
chr16	48500001	49000000	0.00258784424433162
chr16	49000001	49500000	-0.0641760638980488
chr16	49500001	50000000	-0.117236509447351
chr16	50000001	50500000	-0.0223585325736123
chr16	50500001	51000000	0.0406329182412531
chr16	51000001	51500000	0.000263908292589515
chr16	51500001	52000000	-0.0861150337097406
chr16	52000001	52500000	-0.0545600731281264
chr16	52500001	53000000	-0.0753843519523185
chr16	53000001	53500000	0.0194532592829101
chr16	53500001	54000000	-0.0718824738154392
chr16	54000001	54500000	-0.0232373432545023
chr16	54500001	55000000	0.049729485509958
chr16	55000001	55500000	0.00665275263571626
chr16	55500001	56000000	0.0678557809069687
chr16	56000001	56500000	0.00222875543762392
chr16	56500001	57000000	-0.010868120799314
chr16	57000001	57500000	0.0680909388645476
chr16	57500001	58000000	0.0151049721944288
chr16	58000001	58500000	-0.0287403424016318
chr16	58500001	59000000	-0.0819424542579131
chr16	59000001	59500000	-0.164445935899135
chr16	59500001	60000000	-0.186956054607513
chr16	60000001	60500000	-0.130639681565245
chr16	60500001	61000000	-0.257294104884682
chr16	61000001	61500000	-0.2048234402035
chr16	61500001	62000000	-0.173407236322228
chr16	62000001	62500000	-0.175789677027228
chr16	62500001	63000000	-0.199346874278077
chr16	63000001	63500000	-0.25007816685106
chr16	63500001	64000000	-0.195605931870078
chr16	64000001	64500000	-0.172389720406257
chr16	64500001	65000000	-0.174803855555755
chr16	65000001	65500000	-0.161758914983635
chr16	65500001	66000000	-0.10106076434575
chr16	66000001	66500000	-0.18055106162639
chr16	66500001	67000000	-0.0582416455389367
chr16	67000001	67500000	-0.0878819034244018
chr16	67500001	68000000	-0.148843658273989
chr16	68000001	68500000	-0.143210208547402
chr16	68500001	69000000	-0.177287349042166
chr16	69000001	69500000	-0.0695961619061331
chr16	69500001	70000000	-0.115299897219252
chr16	70500001	71000000	-0.240086718449329
chr16	71000001	71500000	-0.292457772025954
chr16	71500001	72000000	-0.229358965982016
chr16	72000001	72500000	-0.0766522394862047
chr16	72500001	73000000	-0.0815714839877843
chr16	73000001	73500000	-0.206533521490178
chr16	73500001	74000000	-0.122886181038443
chr16	74000001	74500000	-0.155917862661278
chr16	74500001	75000000	-0.166845181840869
chr16	75000001	75500000	-0.247647614138041
chr16	75500001	76000000	-0.113964410496769
chr16	76000001	76500000	-0.215854363146297
chr16	76500001	77000000	-0.152020274799991
chr16	77000001	77500000	-0.208948386241369
chr16	77500001	78000000	-0.147439270173114
chr16	78000001	78500000	-0.157467255067211
chr16	78500001	79000000	-0.0453900068456408
chr16	79000001	79500000	-0.154832352461606
chr16	79500001	80000000	-0.12088078689534
chr16	80000001	80500000	-0.0622134724903208
chr16	80500001	81000000	-0.156771741530546
chr16	81000001	81500000	-0.0463569777222043
chr16	81500001	82000000	-0.0995026395750162
chr16	82000001	82500000	-0.0951866321829157
chr16	82500001	83000000	-0.0677913654408354
chr16	83000001	83500000	-0.128847863788102
chr16	83500001	84000000	-0.149005352047089
chr16	84000001	84500000	-0.118441579641432
chr16	84500001	85000000	-0.0566467303653704
chr16	85000001	85500000	-0.20009371646144
chr16	85500001	86000000	-0.191209205969032
chr16	86000001	86500000	-0.226537783893667
chr16	86500001	87000000	-0.189007359129443
chr16	87000001	87500000	-0.145910532335708
chr16	87500001	88000000	-0.073534494505575
chr16	88000001	88500000	NA
chr16	88500001	89000000	-0.164950180476135
chr16	89000001	89500000	-0.161735572374322
chr16	89500001	90000000	-0.136266222191222
chr17	500001	1000000	-0.0363933945537086
chr17	1000001	1500000	0.029973076163352
chr17	1500001	2000000	0.170160480251115
chr17	2000001	2500000	0.0578002849948008
chr17	2500001	3000000	0.0400820597398276
chr17	3000001	3500000	0.0855576662627478
chr17	3500001	4000000	0.0361908602243597
chr17	4000001	4500000	0.0437280223413895
chr17	4500001	5000000	0.0479315862886479
chr17	5000001	5500000	-0.00473021129878588
chr17	5500001	6000000	-0.0185811191929415
chr17	6000001	6500000	-0.0961410085088334
chr17	6500001	7000000	0.020372911524445
chr17	7000001	7500000	0.0612118990706865
chr17	7500001	8000000	0.127161337222477
chr17	8000001	8500000	-1.60380842759988e-05
chr17	8500001	9000000	0.0609099344490606
chr17	9000001	9500000	-0.00152115840024961
chr17	9500001	10000000	0.0218562963224542
chr17	10000001	10500000	-0.00194733866841625
chr17	10500001	11000000	-0.012277261395684
chr17	11000001	11500000	-0.0144644367226652
chr17	11500001	12000000	0.0225824303518057
chr17	12000001	12500000	-0.10439016432789
chr17	12500001	13000000	-0.096736238144508
chr17	13000001	13500000	-0.00192849651526407
chr17	13500001	14000000	0.0437205100205748
chr17	14000001	14500000	0.0422354668582267
chr17	14500001	15000000	0.00229210789139932
chr17	15000001	15500000	-0.0612696490223623
chr17	16000001	16500000	0.00228329822144194
chr17	17000001	17500000	0.0346849810154283
chr17	17500001	18000000	-0.103407020714584
chr17	18000001	18500000	-0.19220098776721
chr17	19500001	20000000	-0.0837567242648601
chr17	20000001	20500000	0.00837999367845783
chr17	21000001	21500000	0.101208876522044
chr17	27500001	28000000	-0.200894658605792
chr17	28000001	28500000	-0.0931661785079532
chr17	28500001	29000000	-0.0436479378785642
chr17	29000001	29500000	-0.135710601604474
chr17	29500001	30000000	-0.0363156983342217
chr17	30000001	30500000	-0.192835520797975
chr17	30500001	31000000	-0.156182137747292
chr17	31000001	31500000	-0.0638378130645036
chr17	31500001	32000000	-0.161379923382532
chr17	32000001	32500000	-0.128295806583786
chr17	32500001	33000000	-0.126056834766803
chr17	33000001	33500000	-0.206117313616193
chr17	33500001	34000000	-0.175177755294556
chr17	34000001	34500000	-0.121899506411141
chr17	34500001	35000000	-0.0831656432080195
chr17	35000001	35500000	-0.170940630548862
chr17	35500001	36000000	-0.103706748862521
chr17	36500001	37000000	-0.152373045075921
chr17	37000001	37500000	-0.171363490032221
chr17	37500001	38000000	-0.27675062310454
chr17	38500001	39000000	-0.0214577120713622
chr17	39000001	39500000	-0.193815850116136
chr17	39500001	40000000	-0.180267024065263
chr17	40000001	40500000	-0.140127101189273
chr17	40500001	41000000	-0.0579685806541943
chr17	41000001	41500000	-0.0481741987073844
chr17	41500001	42000000	-0.0781095439932353
chr17	42000001	42500000	-0.0947687834750105
chr17	42500001	43000000	0.0822333355048861
chr17	43000001	43500000	-0.114303173473512
chr17	43500001	44000000	0.0027991710977764
chr17	44000001	44500000	0.0587444441181387
chr17	44500001	45000000	0.0134139972945283
chr17	45000001	45500000	0.0643728338815152
chr17	45500001	46000000	0.156816422023897
chr17	47000001	47500000	0.0179190611463382
chr17	47500001	48000000	0.0972274416207078
chr17	48000001	48500000	-0.00720388208095084
chr17	48500001	49000000	0.0293654969624392
chr17	49000001	49500000	0.0767240164915009
chr17	49500001	50000000	0.0928638530169169
chr17	50000001	50500000	0.0264424709355338
chr17	50500001	51000000	0.0381040736445729
chr17	51000001	51500000	0.108425265574006
chr17	51500001	52000000	0.0416599385909369
chr17	52000001	52500000	0.0374209450521968
chr17	52500001	53000000	-0.0145112887104451
chr17	53000001	53500000	-0.140138281375637
chr17	53500001	54000000	0.0405924152679199
chr17	54000001	54500000	-0.0727635976280001
chr17	54500001	55000000	-0.0538207380074216
chr17	55000001	55500000	-0.000365576466795747
chr17	55500001	56000000	0.0943440919145326
chr17	56000001	56500000	0.0884000047610538
chr17	56500001	57000000	0.117279622896653
chr17	57000001	57500000	0.0115845010599739
chr17	57500001	58000000	-0.0324217281258191
chr17	58000001	58500000	0.110261957370077
chr17	58500001	59000000	-0.0383873625141151
chr17	59000001	59500000	0.0525149874347398
chr17	59500001	60000000	0.127660118633415
chr17	60000001	60500000	-0.0338801403080405
chr17	60500001	61000000	0.00143205913914655
chr17	61000001	61500000	0.00995946415572387
chr17	61500001	62000000	0.00769892497184656
chr17	62000001	62500000	0.0684431665090093
chr17	62500001	63000000	0.0415714005334893
chr17	63000001	63500000	-0.0574586400640389
chr17	63500001	64000000	0.0187614701045708
chr17	64000001	64500000	0.041195233325313
chr17	64500001	65000000	-0.00480018537132128
chr17	65000001	65500000	0.0253573460875858
chr17	65500001	66000000	0.0436603098055471
chr17	66000001	66500000	-0.00462348140575701
chr17	66500001	67000000	-0.0122696963091198
chr17	67000001	67500000	0.0680656992609865
chr17	67500001	68000000	-0.03496755836732
chr17	68000001	68500000	0.0696147444524546
chr17	68500001	69000000	-0.0330793851573906
chr17	69000001	69500000	0.0122198516219864
chr17	69500001	70000000	0.0170354798931607
chr17	70000001	70500000	0.0729326701470774
chr17	70500001	71000000	0.0251312352754796
chr17	71000001	71500000	-0.0334436533406823
chr17	71500001	72000000	-0.00637985194967471
chr17	72000001	72500000	-0.0215790464403548
chr17	72500001	73000000	0.0390128123960467
chr17	73000001	73500000	0.0733501927779355
chr17	73500001	74000000	0.0811465406094921
chr17	74000001	74500000	0.0786623916748705
chr17	74500001	75000000	0.0878185268095989
chr17	75000001	75500000	0.148407328448066
chr17	75500001	76000000	0.0854042543534457
chr17	76000001	76500000	-0.0317853882632154
chr17	76500001	77000000	0.0657638738592609
chr17	77000001	77500000	0.0669269393750466
chr17	77500001	78000000	0.0449251219041246
chr17	78000001	78500000	0.0347039915688802
chr17	78500001	79000000	0.00624832051782071
chr17	79000001	79500000	0.0564767643099928
chr17	79500001	80000000	-0.0292675075643746
chr17	80000001	80500000	-0.00470679664096624
chr17	80500001	81000000	0.0446237692056093
chr17	81000001	81500000	NA
chr17	81500001	82000000	NA
chr17	82000001	82500000	0.092214702544519
chr17	82500001	83000000	0.0410394015356101
chr17	83000001	83500000	NA
chr18	1	500000	NA
chr18	500001	1000000	0.0563406644683494
chr18	1000001	1500000	0.161440729946214
chr18	1500001	2000000	0.0209585890084111
chr18	2000001	2500000	0.10095533002069
chr18	2500001	3000000	0.157627541924429
chr18	3000001	3500000	0.0726572163563247
chr18	3500001	4000000	0.0256657187479225
chr18	4000001	4500000	0.0625341166873769
chr18	4500001	5000000	-0.00907945920039959
chr18	5000001	5500000	0.0625099901750689
chr18	5500001	6000000	0.0821686404970462
chr18	6000001	6500000	0.111498432397777
chr18	6500001	7000000	0.01204981938921
chr18	7000001	7500000	0.0333313300007705
chr18	7500001	8000000	0.094108397845078
chr18	8000001	8500000	0.0553499248628144
chr18	8500001	9000000	0.0221380037553154
chr18	9000001	9500000	-0.0223014920190367
chr18	9500001	10000000	0.0940139629692239
chr18	10000001	10500000	0.12353745768457
chr18	10500001	11000000	0.0524776717430063
chr18	11000001	11500000	0.0121204419452873
chr18	11500001	12000000	0.029193855548186
chr18	12000001	12500000	-0.0784921830849743
chr18	12500001	13000000	0.0910267536366963
chr18	13000001	13500000	0.055137224174156
chr18	13500001	14000000	0.0560208413250288
chr18	22000001	22500000	-0.0210447002489118
chr18	22500001	23000000	-0.0082408880875199
chr18	23000001	23500000	0.260164269036873
chr18	23500001	24000000	0.0992752827990022
chr18	24000001	24500000	0.193908548267115
chr18	24500001	25000000	0.126046465682957
chr18	25000001	25500000	0.0593897800345066
chr18	25500001	26000000	0.0360292383070278
chr18	26000001	26500000	-0.102657082197806
chr18	26500001	27000000	-0.0437021089152905
chr18	27000001	27500000	0.0439920415246376
chr18	27500001	28000000	0.01651370755381
chr18	28000001	28500000	-0.0192862615038016
chr18	28500001	29000000	0.0630356944383509
chr18	29000001	29500000	-0.139044816182088
chr18	29500001	30000000	-0.0100595425028685
chr18	30000001	30500000	-0.0952243804241742
chr18	30500001	31000000	-0.128283686945271
chr18	31000001	31500000	-0.0521927054247144
chr18	31500001	32000000	-0.105558256270518
chr18	32000001	32500000	0.00321447587249847
chr18	32500001	33000000	-0.0434044537762867
chr18	33000001	33500000	-0.144425745622121
chr18	33500001	34000000	-0.0722736418619739
chr18	34000001	34500000	-0.137946038214183
chr18	34500001	35000000	-0.107982456588787
chr18	35000001	35500000	-0.0595815828724657
chr18	35500001	36000000	-0.0636864718442146
chr18	36000001	36500000	-0.0683146630498437
chr18	36500001	37000000	-0.08525554736496
chr18	37000001	37500000	-0.0606083300957245
chr18	37500001	38000000	-0.0395260516297622
chr18	38000001	38500000	-0.103215428714855
chr18	38500001	39000000	-0.0282449814018249
chr18	39000001	39500000	0.00670490390972845
chr18	39500001	40000000	-0.0662562744889006
chr18	40000001	40500000	-0.170274131963097
chr18	40500001	41000000	-0.082697468353655
chr18	41000001	41500000	-0.129558175745924
chr18	41500001	42000000	-0.0569850421768049
chr18	42000001	42500000	-0.161575092294873
chr18	42500001	43000000	-0.0655670358076793
chr18	43000001	43500000	-0.0649591854016342
chr18	43500001	44000000	-0.169843959522896
chr18	44000001	44500000	-0.023116658083194
chr18	44500001	45000000	-0.0580718050183984
chr18	45000001	45500000	-0.0648678681373226
chr18	45500001	46000000	-0.0645124023930828
chr18	46000001	46500000	-0.0272329092303168
chr18	46500001	47000000	NA
chr18	47000001	47500000	NA
chr18	47500001	48000000	-0.118703949405261
chr18	48000001	48500000	-0.0868381605959395
chr18	48500001	49000000	-0.0451792036909969
chr18	49000001	49500000	-0.00919794200526412
chr18	49500001	50000000	-0.0655617122175417
chr18	50000001	50500000	-0.107306081753461
chr18	50500001	51000000	0.00196475801784155
chr18	51000001	51500000	-0.0546423469317115
chr18	51500001	52000000	-0.0888348206527916
chr18	52000001	52500000	-0.114389076174832
chr18	52500001	53000000	-0.0703386048024574
chr18	53000001	53500000	-0.0719151312555282
chr18	53500001	54000000	-0.0957680958279009
chr18	54000001	54500000	-0.0475329118155735
chr18	54500001	55000000	NA
chr18	55000001	55500000	-0.0926649755979643
chr18	55500001	56000000	-0.092802628861319
chr18	56000001	56500000	-0.0177571125994583
chr18	56500001	57000000	-0.0854134628456971
chr18	57000001	57500000	-0.0247870047621007
chr18	57500001	58000000	-0.0533868090462401
chr18	58000001	58500000	-0.107175887835439
chr18	58500001	59000000	-0.119374182311438
chr18	59000001	59500000	0.0014807137103257
chr18	59500001	60000000	-0.0587862225873113
chr18	60000001	60500000	-0.0756781454519311
chr18	60500001	61000000	-0.0784131835567126
chr18	61000001	61500000	-0.103281702831517
chr18	61500001	62000000	0.0307638790820087
chr18	62000001	62500000	-0.120183069244337
chr18	62500001	63000000	-0.0704658330326199
chr18	63000001	63500000	-0.0650371241920173
chr18	63500001	64000000	-0.0536875312476424
chr18	64000001	64500000	-0.119455766843377
chr18	64500001	65000000	-0.0914277488901667
chr18	65000001	65500000	-0.109361457101774
chr18	65500001	66000000	-0.0807571680121158
chr18	66000001	66500000	-0.0262102021871184
chr18	66500001	67000000	-0.124671805513079
chr18	67000001	67500000	-0.0806186379980278
chr18	67500001	68000000	-0.0938323801337543
chr18	68000001	68500000	-0.0726957081581646
chr18	68500001	69000000	-0.122520530893729
chr18	69000001	69500000	0.0127225748102367
chr18	69500001	70000000	-0.123185120894508
chr18	70000001	70500000	-0.0978046321971783
chr18	70500001	71000000	-0.140726836458034
chr18	71000001	71500000	-0.123796920295836
chr18	71500001	72000000	-0.146941775053696
chr18	72000001	72500000	-0.170455437965775
chr18	72500001	73000000	-0.178534453714633
chr18	73000001	73500000	-0.133416569503279
chr18	73500001	74000000	-0.0616921656126025
chr18	74000001	74500000	-0.104906411121433
chr18	74500001	75000000	-0.0340969729221215
chr18	75000001	75500000	-0.0894601303476757
chr18	75500001	76000000	-0.147718621434875
chr18	76000001	76500000	-0.0732767513277907
chr18	76500001	77000000	-0.00736437466042666
chr18	77000001	77500000	-0.0803541844359467
chr18	77500001	78000000	-0.100901696151371
chr18	78000001	78500000	-0.147882263786842
chr18	78500001	79000000	-0.175349008505404
chr18	79000001	79500000	-0.080756390794574
chr18	79500001	80000000	-0.0276301663818556
chr19	500001	1000000	NA
chr19	1000001	1500000	NA
chr19	1500001	2000000	-0.114034780281835
chr19	2000001	2500000	-0.205569065295
chr19	2500001	3000000	-0.0556122101844246
chr19	3000001	3500000	-0.0337213822641931
chr19	3500001	4000000	-0.103688179746733
chr19	4000001	4500000	-0.109892147566894
chr19	4500001	5000000	-0.0285916892369743
chr19	5000001	5500000	-0.0249324184068417
chr19	5500001	6000000	-0.145929023924077
chr19	6000001	6500000	-0.125447961132112
chr19	6500001	7000000	-0.0402569984007306
chr19	7000001	7500000	0.0979968197905431
chr19	7500001	8000000	-0.0417133675823088
chr19	8000001	8500000	-0.0349041552244198
chr19	8500001	9000000	-0.0575516469729932
chr19	9000001	9500000	-0.122477089407368
chr19	9500001	10000000	-0.0471330444044272
chr19	10000001	10500000	0.0794783345985899
chr19	10500001	11000000	0.0193666216775061
chr19	11000001	11500000	0.0295873606268295
chr19	11500001	12000000	0.0890080715357482
chr19	12000001	12500000	-0.0506821477788993
chr19	12500001	13000000	0.0175835118546393
chr19	13000001	13500000	0.044699097074598
chr19	13500001	14000000	-0.0570046147562049
chr19	14000001	14500000	0.141757670394854
chr19	14500001	15000000	0.0683940086766506
chr19	15000001	15500000	-0.0446602069345609
chr19	15500001	16000000	0.0931695051338908
chr19	16000001	16500000	0.0173127915477009
chr19	16500001	17000000	0.0976117647232601
chr19	17000001	17500000	0.0580213638730538
chr19	17500001	18000000	0.0401612770742932
chr19	18000001	18500000	0.208421036783597
chr19	18500001	19000000	0.106578545190436
chr19	19000001	19500000	0.04504228145331
chr19	19500001	20000000	0.0376339866013493
chr19	20000001	20500000	-0.143296220568521
chr19	20500001	21000000	0.0160338314655276
chr19	21000001	21500000	0.0794082963785213
chr19	21500001	22000000	0.0803477923217443
chr19	22000001	22500000	-0.0656572265996093
chr19	22500001	23000000	-0.000391892283942286
chr19	23000001	23500000	0.0480958068257877
chr19	23500001	24000000	0.155332994268395
chr19	28500001	29000000	0.0955693787782412
chr19	29000001	29500000	0.0245069511464794
chr19	29500001	30000000	0.012272026680138
chr19	30000001	30500000	-0.0382200431857255
chr19	30500001	31000000	0.0422213908164312
chr19	31000001	31500000	0.0389423922502467
chr19	31500001	32000000	0.0452160268957897
chr19	32000001	32500000	0.0576336058849862
chr19	32500001	33000000	0.0259091237898708
chr19	33000001	33500000	0.0409712393366455
chr19	33500001	34000000	0.0235142983367955
chr19	34000001	34500000	-0.0322477052213865
chr19	34500001	35000000	0.0172576805778313
chr19	35000001	35500000	0.134712023719521
chr19	35500001	36000000	0.0837402954914746
chr19	36000001	36500000	-0.0319896593124591
chr19	36500001	37000000	0.136018260888725
chr19	37000001	37500000	-0.0623314389301884
chr19	37500001	38000000	-0.0716321596118138
chr19	38000001	38500000	0.0502412794378402
chr19	38500001	39000000	0.00290227525600611
chr19	39000001	39500000	-0.0182694848621963
chr19	39500001	40000000	0.00396759029265539
chr19	40000001	40500000	0.0487394303265363
chr19	40500001	41000000	0.0978478519143405
chr19	41000001	41500000	-0.0165640451621488
chr19	41500001	42000000	0.0940379279100834
chr19	42000001	42500000	0.0536976711337068
chr19	43500001	44000000	0.082051895718189
chr19	44000001	44500000	0.0103204056326037
chr19	44500001	45000000	-0.032385880230991
chr19	45000001	45500000	-0.042051836189596
chr19	45500001	46000000	0.0265050247491611
chr19	46000001	46500000	-0.0334294407068853
chr19	46500001	47000000	-0.0550437802589318
chr19	47000001	47500000	0.134940302545171
chr19	47500001	48000000	-0.0548108798739942
chr19	48000001	48500000	0.0233196365909012
chr19	48500001	49000000	-0.0504350838597164
chr19	49000001	49500000	-0.015529552885461
chr19	49500001	50000000	0.110976981816422
chr19	50000001	50500000	0.0151598387927579
chr19	50500001	51000000	0.0500022419001633
chr19	51000001	51500000	0.141995964714008
chr19	51500001	52000000	0.0963552514635448
chr19	52000001	52500000	0.127482604324615
chr19	52500001	53000000	-0.0647175410426932
chr19	53000001	53500000	0.0842381817263509
chr19	53500001	54000000	0.0974500009701443
chr19	54000001	54500000	0.210806225084934
chr19	54500001	55000000	0.0644900454290153
chr19	55000001	55500000	0.110075475482912
chr19	55500001	56000000	0.0938495763926482
chr19	56000001	56500000	0.0806280405027868
chr19	56500001	57000000	-0.0453407415942609
chr19	57000001	57500000	-0.0282078151613468
chr19	57500001	58000000	-0.12792454606293
chr19	58000001	58500000	0.0242135545718919
chr20	1	500000	NA
chr20	500001	1000000	0.0956405104729553
chr20	1000001	1500000	0.0709657861234689
chr20	1500001	2000000	0.211015000935213
chr20	2000001	2500000	0.0928830052184389
chr20	2500001	3000000	0.0566149495690731
chr20	3000001	3500000	0.00872316955834408
chr20	3500001	4000000	0.0858925277956302
chr20	4000001	4500000	0.0787665206859028
chr20	4500001	5000000	0.0315649453260838
chr20	5000001	5500000	0.133916681392288
chr20	5500001	6000000	0.210198131948961
chr20	6000001	6500000	0.0161684262275808
chr20	6500001	7000000	0.0932787553738762
chr20	7000001	7500000	0.0668088398410809
chr20	7500001	8000000	0.0304548707362415
chr20	8000001	8500000	0.0842402205275294
chr20	8500001	9000000	0.0910864276215295
chr20	9000001	9500000	0.0417055257789837
chr20	9500001	10000000	0.0264488448479862
chr20	10000001	10500000	0.0352258229023794
chr20	10500001	11000000	0.0341866772574769
chr20	11000001	11500000	0.0701663591732696
chr20	11500001	12000000	0.0178664873386939
chr20	12000001	12500000	0.0313792732095592
chr20	12500001	13000000	0.0528325839992329
chr20	13000001	13500000	-0.00594626137169042
chr20	13500001	14000000	-0.0537203720025947
chr20	14000001	14500000	-0.0137131930157877
chr20	14500001	15000000	0.0845436981491541
chr20	15000001	15500000	0.0386141685974815
chr20	15500001	16000000	0.0853186797595971
chr20	16000001	16500000	0.061833391134465
chr20	16500001	17000000	0.0256183770382163
chr20	17000001	17500000	0.0179218514479361
chr20	17500001	18000000	0.0188800451567326
chr20	18000001	18500000	0.0350241052929377
chr20	18500001	19000000	0.053115162625934
chr20	19000001	19500000	0.049784394461759
chr20	19500001	20000000	0.0755186809425882
chr20	20000001	20500000	-0.0796489704276993
chr20	20500001	21000000	0.0533333336865129
chr20	21000001	21500000	-0.0862925971249761
chr20	21500001	22000000	0.0155396234571965
chr20	22000001	22500000	-0.0767515455432923
chr20	22500001	23000000	0.0342528210031531
chr20	23000001	23500000	0.0224110820823026
chr20	23500001	24000000	0.0873462550492756
chr20	24000001	24500000	-0.0674881852730779
chr20	24500001	25000000	-0.0171235407159135
chr20	25000001	25500000	-0.0315244076626443
chr20	31500001	32000000	0.0800955445657233
chr20	32000001	32500000	0.0998124990596971
chr20	32500001	33000000	0.0874526788047029
chr20	33000001	33500000	0.190128517292701
chr20	33500001	34000000	0.050340502122418
chr20	34000001	34500000	0.162655797249459
chr20	34500001	35000000	0.135469426462387
chr20	35000001	35500000	0.0830376640431289
chr20	35500001	36000000	0.00472340006810354
chr20	36000001	36500000	NA
chr20	36500001	37000000	-0.0426000535030329
chr20	37000001	37500000	0.0557557446555254
chr20	37500001	38000000	-0.0389314346494604
chr20	38000001	38500000	0.0393181627941645
chr20	38500001	39000000	-0.0293678198597834
chr20	39000001	39500000	-0.0278529511411052
chr20	39500001	40000000	-0.00625619826861443
chr20	40000001	40500000	-0.0326669435858713
chr20	40500001	41000000	0.105343276138788
chr20	41000001	41500000	-0.0413184803214118
chr20	41500001	42000000	0.111395119095401
chr20	42000001	42500000	0.133073962009034
chr20	42500001	43000000	0.0400599634908516
chr20	43000001	43500000	0.0505386128545929
chr20	43500001	44000000	0.0220182822119363
chr20	44000001	44500000	0.0249289488569111
chr20	44500001	45000000	-0.0269516411805021
chr20	45000001	45500000	0.0328082956317778
chr20	45500001	46000000	-0.0684547072460636
chr20	46000001	46500000	0.0292487474318938
chr20	46500001	47000000	-0.0651313763081911
chr20	47000001	47500000	-0.0570205123636337
chr20	47500001	48000000	0.0344438861882675
chr20	48000001	48500000	-0.0912824319767075
chr20	48500001	49000000	0.14781416322946
chr20	49000001	49500000	0.0624753874135858
chr20	49500001	50000000	0.148059357518224
chr20	50000001	50500000	0.142809404499371
chr20	50500001	51000000	0.161185333726934
chr20	51000001	51500000	0.197074023665398
chr20	51500001	52000000	0.20367474121077
chr20	52000001	52500000	0.171809560978811
chr20	52500001	53000000	0.188340554177354
chr20	53000001	53500000	0.258068418989876
chr20	53500001	54000000	0.285555400748424
chr20	54000001	54500000	0.225450085899709
chr20	54500001	55000000	0.267804036832798
chr20	55000001	55500000	0.206807139070218
chr20	55500001	56000000	0.281487901914123
chr20	56000001	56500000	0.317047135497143
chr20	56500001	57000000	0.247267826859815
chr20	57000001	57500000	0.166918915489196
chr20	57500001	58000000	0.266142538027942
chr20	58000001	58500000	0.314292125949833
chr20	58500001	59000000	0.219837848594783
chr20	59000001	59500000	0.282658477447624
chr20	59500001	60000000	0.14712255223942
chr20	60000001	60500000	0.342823880455179
chr20	60500001	61000000	0.297066776881628
chr20	61000001	61500000	0.223635830484585
chr20	61500001	62000000	0.297811625155057
chr20	62000001	62500000	0.217626765227687
chr20	62500001	63000000	0.274770892765757
chr20	63000001	63500000	0.204193637587611
chr20	63500001	64000000	0.287791348450843
chr21	14000001	14500000	-0.0486608972500728
chr21	14500001	15000000	-0.0684380601721468
chr21	15000001	15500000	-0.11067733777182
chr21	15500001	16000000	0.0223713107804798
chr21	16000001	16500000	-0.0785572583334919
chr21	16500001	17000000	-0.1057453094358
chr21	17000001	17500000	-0.14957343042969
chr21	17500001	18000000	-0.128233828506989
chr21	18000001	18500000	-0.125788328233103
chr21	18500001	19000000	-0.096035726642559
chr21	19000001	19500000	-0.0742264693523204
chr21	19500001	20000000	-0.0145334133184683
chr21	20000001	20500000	-0.0812664558876028
chr21	20500001	21000000	-0.123851361838416
chr21	21000001	21500000	-0.142483683631184
chr21	21500001	22000000	-0.108108584602406
chr21	22000001	22500000	-0.136846700563893
chr21	22500001	23000000	-0.0864965068583623
chr21	23000001	23500000	-0.132480342163572
chr21	23500001	24000000	-0.0914930230831088
chr21	24000001	24500000	-0.14582921504498
chr21	24500001	25000000	-0.125180485512012
chr21	25000001	25500000	-0.123774357609945
chr21	25500001	26000000	-0.148555478044133
chr21	26000001	26500000	-0.106398444535676
chr21	26500001	27000000	-0.0364004953178656
chr21	27000001	27500000	-0.117724908629997
chr21	27500001	28000000	-0.0725330210490484
chr21	28000001	28500000	-0.12656098823645
chr21	28500001	29000000	-0.0684917249759061
chr21	29000001	29500000	-0.0106068156967735
chr21	29500001	30000000	-0.088886866308786
chr21	30000001	30500000	-0.225566403887788
chr21	30500001	31000000	-0.129588221362488
chr21	31000001	31500000	-0.0559299266763373
chr21	31500001	32000000	NA
chr21	32000001	32500000	-0.147973198946643
chr21	32500001	33000000	-0.0154553630171405
chr21	33000001	33500000	0.0338321687956612
chr21	33500001	34000000	-0.0325082675715859
chr21	34000001	34500000	-0.301816037269491
chr21	34500001	35000000	-0.0667100893348278
chr21	35000001	35500000	-0.0261012170040974
chr21	35500001	36000000	-0.0406356529330534
chr21	36000001	36500000	-0.0916298921841922
chr21	36500001	37000000	-0.0868385794262832
chr21	37000001	37500000	-0.157170471444066
chr21	37500001	38000000	-0.15946230323146
chr21	38000001	38500000	-0.00724476603878815
chr21	38500001	39000000	NA
chr21	39000001	39500000	-0.082683310970784
chr21	39500001	40000000	-0.136260592711356
chr21	40000001	40500000	-0.0965329848559625
chr21	40500001	41000000	-0.0643305280109849
chr21	41000001	41500000	-0.0421792129685779
chr21	41500001	42000000	NA
chr21	42000001	42500000	-0.100085046066349
chr21	42500001	43000000	NA
chr21	43500001	44000000	-0.136702294930457
chr21	44000001	44500000	-0.412821667687397
chr21	44500001	45000000	-0.0403100931383616
chr21	45000001	45500000	-0.128103993812744
chr21	45500001	46000000	-0.0535440653807794
chr21	46000001	46500000	-0.12925669453188
chr21	46500001	47000000	NA
chr22	17500001	18000000	-0.0782628823178638
chr22	19000001	19500000	-0.0569015299901434
chr22	19500001	20000000	-0.167864147947497
chr22	20000001	20500000	0.0274226561007253
chr22	20500001	21000000	-0.101845924230293
chr22	21500001	22000000	-0.186084313736093
chr22	22000001	22500000	0.0902933583231608
chr22	22500001	23000000	-0.0667685857835815
chr22	23000001	23500000	-0.0834401975579933
chr22	23500001	24000000	0.000975886564448311
chr22	24000001	24500000	-0.0629900066900462
chr22	24500001	25000000	0.0506884079068321
chr22	25000001	25500000	-0.0746520235706699
chr22	25500001	26000000	-0.0576694103550887
chr22	26000001	26500000	-0.0779271045161354
chr22	26500001	27000000	-0.0149620142067129
chr22	27000001	27500000	-0.0437650676660809
chr22	27500001	28000000	-0.0507814909021529
chr22	28000001	28500000	-0.0698254622459098
chr22	28500001	29000000	-0.0497057766917061
chr22	29000001	29500000	-0.00860557835144458
chr22	29500001	30000000	-0.102933292266915
chr22	30000001	30500000	-0.0544041344352135
chr22	30500001	31000000	-0.064141261587491
chr22	31000001	31500000	-0.129193499387719
chr22	31500001	32000000	-0.0773753032550809
chr22	32000001	32500000	0.0146328028477599
chr22	32500001	33000000	-0.048894688226425
chr22	33000001	33500000	-0.0617841644384435
chr22	33500001	34000000	-0.0574017208512304
chr22	34000001	34500000	-0.0062474602446016
chr22	34500001	35000000	0.0105943147922743
chr22	35000001	35500000	-0.0294702762733264
chr22	35500001	36000000	0.00990537116022482
chr22	36000001	36500000	0.0493915160288455
chr22	36500001	37000000	0.0107767172323349
chr22	37000001	37500000	0.0270388168835105
chr22	37500001	38000000	-0.00146255790720979
chr22	38000001	38500000	-0.0913739350930654
chr22	38500001	39000000	-0.0339430591602491
chr22	39000001	39500000	-0.0570555734269855
chr22	39500001	40000000	-0.042658066342086
chr22	40000001	40500000	-0.0301702850229388
chr22	40500001	41000000	-0.00917719656023637
chr22	41000001	41500000	-0.0613929855932199
chr22	41500001	42000000	-0.0709977572599242
chr22	42000001	42500000	0.0109149269673292
chr22	42500001	43000000	-0.109821636178097
chr22	43000001	43500000	-0.115665696403805
chr22	43500001	44000000	-0.202636264336639
chr22	44000001	44500000	-0.078171260380609
chr22	44500001	45000000	-0.123189383479978
chr22	45000001	45500000	-0.0783335653018478
chr22	45500001	46000000	-0.101278801172136
chr22	46000001	46500000	-0.054468149801152
chr22	46500001	47000000	-0.021463252289956
chr22	47000001	47500000	-0.138663480923412
chr22	47500001	48000000	-0.111567691835251
chr22	48000001	48500000	-0.126030956296093
chr22	48500001	49000000	-0.202599467803609
chr22	49000001	49500000	-0.119407805265537
chr22	49500001	50000000	NA
chr22	50000001	50500000	-0.187814345277817
chr22	50500001	51000000	NA
chrX	3000001	3500000	-0.114121020071167
chrX	3500001	4000000	-0.273012918896754
chrX	4000001	4500000	-0.123069375864076
chrX	4500001	5000000	-0.115579927183525
chrX	5000001	5500000	-0.163864420109784
chrX	5500001	6000000	-0.130808672597578
chrX	6000001	6500000	-0.147600663273628
chrX	6500001	7000000	-0.0686056102253901
chrX	7000001	7500000	-0.0778882897243315
chrX	7500001	8000000	-0.171208195223352
chrX	8000001	8500000	-0.10902689213152
chrX	8500001	9000000	-0.118625240450944
chrX	9000001	9500000	-0.0278332185464726
chrX	9500001	10000000	-0.126265263771696
chrX	10000001	10500000	-0.082472463486291
chrX	10500001	11000000	-0.139929015898933
chrX	11000001	11500000	-0.166346021918781
chrX	11500001	12000000	-0.114121033618635
chrX	12000001	12500000	-0.120565663795371
chrX	12500001	13000000	-0.133570834216624
chrX	13000001	13500000	-0.142423237759163
chrX	13500001	14000000	-0.0802209700693779
chrX	14000001	14500000	-0.097963000236695
chrX	14500001	15000000	-0.0915872799520401
chrX	15000001	15500000	-0.149673532090686
chrX	15500001	16000000	-0.116318973055729
chrX	16000001	16500000	-0.0591616840262475
chrX	16500001	17000000	-0.135965980014898
chrX	17000001	17500000	-0.136052447213145
chrX	17500001	18000000	-0.104352055644179
chrX	18000001	18500000	-0.0507108724125146
chrX	18500001	19000000	-0.0761808871029272
chrX	19000001	19500000	-0.143253781258222
chrX	19500001	20000000	-0.0541507653232407
chrX	20000001	20500000	-0.0902787664411369
chrX	20500001	21000000	-0.0748102692284566
chrX	21000001	21500000	-0.179871283583652
chrX	21500001	22000000	-0.185946685767886
chrX	22000001	22500000	-0.108915477219932
chrX	22500001	23000000	-0.16403646052934
chrX	23000001	23500000	-0.13375919193567
chrX	23500001	24000000	-0.0696037753880338
chrX	24000001	24500000	-0.0801864160347054
chrX	24500001	25000000	-0.157334234842036
chrX	25000001	25500000	-0.163903664124685
chrX	25500001	26000000	-0.171700716864706
chrX	26000001	26500000	-0.0595094366939366
chrX	26500001	27000000	-0.14714548357759
chrX	27000001	27500000	-0.205709305403213
chrX	27500001	28000000	-0.106149318567992
chrX	28000001	28500000	-0.0471142491195684
chrX	28500001	29000000	-0.0702581928667123
chrX	29000001	29500000	-0.084783356889272
chrX	29500001	30000000	-0.0888665721240019
chrX	30000001	30500000	-0.143767962342878
chrX	30500001	31000000	-0.11878217917907
chrX	31000001	31500000	-0.11953224570309
chrX	31500001	32000000	-0.110163510704162
chrX	32000001	32500000	-0.076926614750068
chrX	32500001	33000000	-0.0994371811255682
chrX	33000001	33500000	-0.094252915767483
chrX	33500001	34000000	-0.145605827977684
chrX	34000001	34500000	-0.129662245344292
chrX	34500001	35000000	-0.103472645956458
chrX	35000001	35500000	-0.0792626957403902
chrX	35500001	36000000	-0.139831112801865
chrX	36000001	36500000	-0.114542699177157
chrX	36500001	37000000	-0.137109379322798
chrX	37500001	38000000	-0.0365529990766247
chrX	38000001	38500000	-0.0545064486986988
chrX	38500001	39000000	-0.145414076176904
chrX	39000001	39500000	0.0335770343355117
chrX	39500001	40000000	-0.0489804601421426
chrX	40000001	40500000	-0.0516892847339531
chrX	40500001	41000000	-0.0833950489410486
chrX	41000001	41500000	-0.0333422543542101
chrX	41500001	42000000	-0.128615842522041
chrX	42000001	42500000	-0.104449751941651
chrX	42500001	43000000	-0.0934131554406605
chrX	43000001	43500000	-0.107232754624336
chrX	43500001	44000000	-0.0815954869125831
chrX	44000001	44500000	-0.126494452572415
chrX	44500001	45000000	-0.0344137158210798
chrX	45000001	45500000	-0.074894374900836
chrX	45500001	46000000	-0.0928490050509112
chrX	46000001	46500000	-0.0823502710239407
chrX	46500001	47000000	-0.0360732806090199
chrX	47000001	47500000	-0.202678182751259
chrX	47500001	48000000	-0.0477065135718889
chrX	48500001	49000000	-0.0581077319219514
chrX	49500001	50000000	NA
chrX	50000001	50500000	NA
chrX	50500001	51000000	-0.115357991202493
chrX	51000001	51500000	0.0100726189687745
chrX	51500001	52000000	-0.135615323398881
chrX	52000001	52500000	-0.303171344771667
chrX	53000001	53500000	-0.133160009801603
chrX	53500001	54000000	-0.101367778131058
chrX	54000001	54500000	-0.058695195686593
chrX	54500001	55000000	-0.0576546124030108
chrX	55000001	55500000	-0.0575917845774985
chrX	55500001	56000000	-0.1587669553712
chrX	56000001	56500000	0.0408291941150078
chrX	56500001	57000000	-0.222281912035748
chrX	57000001	57500000	-0.125011308170812
chrX	64000001	64500000	-0.126377460029715
chrX	64500001	65000000	-0.0841101447770595
chrX	65000001	65500000	-0.170941269535608
chrX	65500001	66000000	-0.0862832727619952
chrX	66000001	66500000	-0.0917916104927161
chrX	66500001	67000000	-0.0183995556047805
chrX	67000001	67500000	-0.0182937269055855
chrX	67500001	68000000	-0.14710813671395
chrX	68000001	68500000	-0.107130348392696
chrX	68500001	69000000	-0.0157475063405648
chrX	69000001	69500000	0.0571515003033476
chrX	69500001	70000000	0.0032290422432649
chrX	70000001	70500000	-0.0631580482307854
chrX	70500001	71000000	-0.081158635420549
chrX	71000001	71500000	-0.127770549481499
chrX	71500001	72000000	-0.289120965087038
chrX	72000001	72500000	-0.0241485610352206
chrX	73000001	73500000	-0.132040176823936
chrX	73500001	74000000	-0.0631865804432768
chrX	74000001	74500000	-0.116699865494901
chrX	74500001	75000000	-0.0503805611639883
chrX	75000001	75500000	-0.025480303594982
chrX	75500001	76000000	-0.0710735752043668
chrX	76000001	76500000	-0.12889442223593
chrX	76500001	77000000	-0.0573234922624124
chrX	77000001	77500000	-0.0121830675461141
chrX	77500001	78000000	-0.122728901692821
chrX	78000001	78500000	-0.0327696471061119
chrX	78500001	79000000	-0.133290866870898
chrX	79000001	79500000	-0.0586382881375124
chrX	79500001	80000000	-0.0841744666224423
chrX	80000001	80500000	-0.0723093663799894
chrX	80500001	81000000	-0.19937063858601
chrX	81000001	81500000	-0.179071523975568
chrX	81500001	82000000	-0.146950793931802
chrX	82000001	82500000	-0.0976203159084007
chrX	82500001	83000000	-0.138916524453267
chrX	83000001	83500000	-0.165299754176562
chrX	83500001	84000000	-0.11458977436121
chrX	84000001	84500000	-0.103722495463948
chrX	84500001	85000000	-0.0997223531483695
chrX	85000001	85500000	-0.0682039644711752
chrX	85500001	86000000	-0.118633928716984
chrX	86000001	86500000	-0.120984925169152
chrX	86500001	87000000	-0.108048610589534
chrX	87000001	87500000	-0.0840189529237597
chrX	87500001	88000000	-0.0799718355633277
chrX	88000001	88500000	-0.105251871805199
chrX	88500001	89000000	-0.10968624124516
chrX	91000001	91500000	-0.0645673096813363
chrX	93000001	93500000	-0.15504870293859
chrX	93500001	94000000	-0.111424509975693
chrX	94000001	94500000	-0.131993605773754
chrX	94500001	95000000	-0.148029025475293
chrX	95000001	95500000	-0.174395039650474
chrX	95500001	96000000	-0.155683820480113
chrX	96000001	96500000	-0.0657605499656615
chrX	96500001	97000000	-0.0660914103417807
chrX	97000001	97500000	-0.0795941947470753
chrX	97500001	98000000	-0.10296842815576
chrX	98000001	98500000	-0.159078977897886
chrX	98500001	99000000	-0.112792088078924
chrX	99000001	99500000	-0.104702073514649
chrX	99500001	100000000	-0.113672018011261
chrX	100000001	100500000	-0.0697517407181539
chrX	100500001	101000000	-0.0697278303115283
chrX	101000001	101500000	0.0204799630383504
chrX	101500001	102000000	-0.21756799859297
chrX	102500001	103000000	-0.0228203152136998
chrX	103000001	103500000	-0.0847419477667987
chrX	103500001	104000000	-0.121906676602955
chrX	104000001	104500000	-0.0521663050788262
chrX	104500001	105000000	-0.101391403604814
chrX	105000001	105500000	-0.0572741705596721
chrX	105500001	106000000	0.00411797723462155
chrX	106000001	106500000	-0.136057680370185
chrX	106500001	107000000	-0.107180944217599
chrX	107000001	107500000	-0.1202174369091
chrX	107500001	108000000	-0.0902341845371177
chrX	108000001	108500000	-0.110975816610484
chrX	108500001	109000000	-0.143214445287566
chrX	109000001	109500000	0.0514060038267399
chrX	109500001	110000000	-0.0452203687248224
chrX	110000001	110500000	-0.0690960903990172
chrX	110500001	111000000	-0.0817292222601688
chrX	111000001	111500000	-0.0988625953712441
chrX	111500001	112000000	-0.0687143019480754
chrX	112000001	112500000	-0.110267624317144
chrX	112500001	113000000	-0.142386397120652
chrX	113000001	113500000	-0.0313807957029987
chrX	113500001	114000000	-0.0631284002398984
chrX	114000001	114500000	NA
chrX	114500001	115000000	-0.140598068335263
chrX	115000001	115500000	-0.0599409495935255
chrX	116000001	116500000	-0.0814632089364306
chrX	116500001	117000000	NA
chrX	117000001	117500000	-0.135853728045181
chrX	117500001	118000000	0.00853533985591259
chrX	118000001	118500000	-0.113104059219722
chrX	118500001	119000000	-0.046514663445174
chrX	119000001	119500000	-0.0590268853302324
chrX	119500001	120000000	-0.0216871505354077
chrX	120000001	120500000	-0.299434168160124
chrX	121000001	121500000	-0.0375283427913772
chrX	121500001	122000000	-0.0996033531325988
chrX	122000001	122500000	-0.096298897820028
chrX	122500001	123000000	-0.117946395207726
chrX	123000001	123500000	-0.116020200757989
chrX	123500001	124000000	-0.0544102206094684
chrX	124000001	124500000	-0.156018016274226
chrX	124500001	125000000	-0.014076122184043
chrX	125000001	125500000	-0.105942400815704
chrX	125500001	126000000	-0.0906374710591277
chrX	126000001	126500000	-0.0177168171878299
chrX	126500001	127000000	-0.070298600599983
chrX	127000001	127500000	-0.17642248024383
chrX	127500001	128000000	-0.152696083408493
chrX	128000001	128500000	-0.250581790814238
chrX	128500001	129000000	-0.161860278228709
chrX	129000001	129500000	-0.0674853485001681
chrX	129500001	130000000	-0.0422277286362661
chrX	130000001	130500000	-0.111803832071238
chrX	130500001	131000000	-0.116174863705248
chrX	131000001	131500000	-0.0731314775865239
chrX	131500001	132000000	-0.0538019294852926
chrX	132000001	132500000	-0.178433955644092
chrX	132500001	133000000	-0.116468472224068
chrX	133000001	133500000	-0.120351038693052
chrX	133500001	134000000	-0.129362209786252
chrX	134000001	134500000	-0.12590151893015
chrX	134500001	135000000	-0.04583732412824
chrX	135000001	135500000	-0.329473546877048
chrX	136000001	136500000	-0.157667784094208
chrX	136500001	137000000	-0.0670088826436623
chrX	137000001	137500000	-0.116318902108862
chrX	137500001	138000000	-0.153145411606635
chrX	138000001	138500000	-0.11223599851492
chrX	138500001	139000000	-0.0968715137135766
chrX	139000001	139500000	-0.197060831729687
chrX	139500001	140000000	-0.128172389150082
chrX	140000001	140500000	-0.0942163594393939
chrX	140500001	141000000	-0.184737759848786
chrX	141000001	141500000	-0.105781579397256
chrX	141500001	142000000	-0.284143489635351
chrX	142000001	142500000	-0.139810270464526
chrX	142500001	143000000	-0.0669538539212291
chrX	143000001	143500000	-0.112534507832316
chrX	143500001	144000000	-0.0907387810848701
chrX	144500001	145000000	-0.0361478422014752
chrX	145000001	145500000	-0.166378202949309
chrX	145500001	146000000	-0.143929921523577
chrX	146000001	146500000	-0.159576078366361
chrX	146500001	147000000	-0.122425510174047
chrX	147000001	147500000	-0.118196145134558
chrX	147500001	148000000	-0.156174070669967
chrX	148000001	148500000	-0.150394587605885
chrX	148500001	149000000	-0.0485281484477656
chrX	149000001	149500000	-0.057505405922954
chrX	149500001	150000000	-0.43226193742545
chrX	150000001	150500000	0.0451767850229229
chrX	150500001	151000000	-0.0678861677146708
chrX	151000001	151500000	-0.0798228722694761
chrX	151500001	152000000	-0.0299006058116842
chrX	152000001	152500000	-0.0518602468155553
chrX	152500001	153000000	-0.229335621065694
chrX	153000001	153500000	-0.23590528183639
chrX	153500001	154000000	-0.164687675193171
chrX	154500001	155000000	-0.343655277300028
chrX	155000001	155500000	-0.301124872108495
