chr	start	end	log2_TNratio_corrected
chr1	1000001	1500000	NA
chr1	1500001	2000000	-0.12636110432613
chr1	2000001	2500000	-0.0479005715205737
chr1	2500001	3000000	NA
chr1	3000001	3500000	-0.0161273349245413
chr1	3500001	4000000	0.06201039591066
chr1	4000001	4500000	0.0394521349360573
chr1	4500001	5000000	-0.0772013927911127
chr1	5000001	5500000	-0.00418591156107982
chr1	5500001	6000000	-0.0227584419432943
chr1	6000001	6500000	-0.056588299107977
chr1	6500001	7000000	-0.0769286918386154
chr1	7000001	7500000	-0.0495562960891709
chr1	7500001	8000000	-0.0439800743453452
chr1	8000001	8500000	-0.0516117787690633
chr1	8500001	9000000	-0.0308625563189043
chr1	9000001	9500000	-0.0107467170562553
chr1	9500001	10000000	0.0486904168760361
chr1	10000001	10500000	0.119968496167762
chr1	10500001	11000000	-0.0779807935371216
chr1	11000001	11500000	-0.00830287807521736
chr1	11500001	12000000	0.0611188057884757
chr1	12000001	12500000	0.0233690426070067
chr1	13500001	14000000	0.0262586906894915
chr1	14000001	14500000	0.0244594654384656
chr1	14500001	15000000	0.0102906081951376
chr1	15000001	15500000	0.0186164651441412
chr1	15500001	16000000	-0.109701751133023
chr1	16000001	16500000	0.0487062702581794
chr1	17000001	17500000	0.0481399717903189
chr1	17500001	18000000	-0.0502784769777617
chr1	18000001	18500000	0.0633269197654018
chr1	18500001	19000000	0.00590726515671725
chr1	19000001	19500000	0.0209204765558851
chr1	19500001	20000000	0.00374281213537267
chr1	20000001	20500000	0.0323900734310038
chr1	20500001	21000000	0.0352137623428454
chr1	21000001	21500000	0.00433811954542003
chr1	21500001	22000000	0.0187601274455445
chr1	22000001	22500000	-0.0027423912489235
chr1	22500001	23000000	-0.0654441011516482
chr1	23000001	23500000	-0.00353768241994504
chr1	23500001	24000000	0.0452502813763915
chr1	24000001	24500000	0.0348007301277171
chr1	24500001	25000000	-0.010359443136922
chr1	25000001	25500000	-0.0489245387149428
chr1	25500001	26000000	0.00270230406909629
chr1	26000001	26500000	0.131322283870698
chr1	26500001	27000000	0.0716371701632764
chr1	27000001	27500000	0.131835786413487
chr1	27500001	28000000	0.173972785637103
chr1	28000001	28500000	-0.030961517269072
chr1	28500001	29000000	-0.0952844571668753
chr1	29000001	29500000	-0.0395090070392757
chr1	29500001	30000000	NA
chr1	30000001	30500000	0.0103687145431366
chr1	30500001	31000000	-0.0850787606791069
chr1	31000001	31500000	-0.00494621003804314
chr1	31500001	32000000	-0.00932462064230513
chr1	32000001	32500000	0.0587945338039696
chr1	32500001	33000000	-0.0060420659834172
chr1	33000001	33500000	0.0686690827871432
chr1	33500001	34000000	-0.0231954373612989
chr1	34000001	34500000	0.0923917251484661
chr1	34500001	35000000	0.00213739154239091
chr1	35000001	35500000	0.00426836403517817
chr1	35500001	36000000	0.0295344796704002
chr1	36000001	36500000	0.0926084890689406
chr1	36500001	37000000	0.0678901101985431
chr1	37000001	37500000	0.0800722107715936
chr1	37500001	38000000	0.0579184652434038
chr1	38000001	38500000	0.0569945390895946
chr1	38500001	39000000	0.0461628725800245
chr1	39000001	39500000	-0.00789155256167146
chr1	39500001	40000000	-0.0273456994981167
chr1	40000001	40500000	0.0898713433124746
chr1	40500001	41000000	0.0892813729340513
chr1	41000001	41500000	0.0182036353987549
chr1	41500001	42000000	0.0933018376562819
chr1	42000001	42500000	0.0742047881279266
chr1	42500001	43000000	0.122242390092209
chr1	43000001	43500000	0.0379860593896921
chr1	43500001	44000000	0.057703207383107
chr1	44000001	44500000	0.0909383612494474
chr1	44500001	45000000	0.0854065791773816
chr1	45000001	45500000	0.0963132957652213
chr1	45500001	46000000	-0.0129523288092163
chr1	46000001	46500000	0.0736375005933188
chr1	46500001	47000000	0.209321272953785
chr1	47000001	47500000	0.0615063091751751
chr1	47500001	48000000	0.0528969660193338
chr1	48000001	48500000	-0.0604704869254128
chr1	48500001	49000000	0.11063029790014
chr1	49000001	49500000	0.0687717452550252
chr1	49500001	50000000	0.0726216876781066
chr1	50000001	50500000	0.0272248840746135
chr1	50500001	51000000	-0.00626076173163928
chr1	51000001	51500000	0.0245143816968669
chr1	51500001	52000000	0.112639640743298
chr1	52000001	52500000	0.074900742668884
chr1	52500001	53000000	-0.0421208901858215
chr1	53000001	53500000	0.0433916385253554
chr1	53500001	54000000	0.00684875874083163
chr1	54000001	54500000	0.00920629315873337
chr1	54500001	55000000	0.0835794240059652
chr1	55000001	55500000	0.113663851415263
chr1	55500001	56000000	0.0902453045246883
chr1	56000001	56500000	0.0506239297661844
chr1	56500001	57000000	-0.0037450521443242
chr1	57000001	57500000	0.0472895323037141
chr1	57500001	58000000	0.0839311341011841
chr1	58000001	58500000	0.0695356079494931
chr1	58500001	59000000	0.0839145251031129
chr1	59000001	59500000	0.107440017212911
chr1	59500001	60000000	0.0146899870592671
chr1	60000001	60500000	0.0486021000636434
chr1	60500001	61000000	0.05921820541095
chr1	61000001	61500000	0.0504041508851955
chr1	61500001	62000000	-0.00232131344794766
chr1	62000001	62500000	-0.062732684352003
chr1	62500001	63000000	0.0338572805211136
chr1	63000001	63500000	-0.0137182558428996
chr1	63500001	64000000	-0.0111818574918202
chr1	64000001	64500000	0.100149446929194
chr1	64500001	65000000	0.00674112535548918
chr1	65000001	65500000	0.0392521532353972
chr1	65500001	66000000	0.00944609251019945
chr1	66000001	66500000	0.0804698210515461
chr1	66500001	67000000	0.029330767807455
chr1	67000001	67500000	-0.0247668602060919
chr1	67500001	68000000	-0.000295287824962669
chr1	68000001	68500000	0.0138705345178341
chr1	68500001	69000000	0.12867941757326
chr1	69000001	69500000	0.04217105046363
chr1	69500001	70000000	0.0231904504117502
chr1	70000001	70500000	0.0147489602438956
chr1	70500001	71000000	0.0358617506666795
chr1	71000001	71500000	0.0584585414829721
chr1	71500001	72000000	0.00515081783696824
chr1	72000001	72500000	-0.0416367776229929
chr1	72500001	73000000	0.0637921927683493
chr1	73000001	73500000	-0.00378139797883772
chr1	73500001	74000000	0.0174814522044895
chr1	74000001	74500000	0.0275818392440298
chr1	74500001	75000000	-0.0451267618200174
chr1	75000001	75500000	0.0338889408734938
chr1	75500001	76000000	0.00966915265014478
chr1	76000001	76500000	0.0276012727817596
chr1	76500001	77000000	0.0261498478274032
chr1	77000001	77500000	-0.045669195120984
chr1	77500001	78000000	-0.0665393506099955
chr1	78000001	78500000	-0.00903019997956105
chr1	78500001	79000000	0.0725389272335271
chr1	79000001	79500000	0.081816156437806
chr1	79500001	80000000	0.024118902250632
chr1	80000001	80500000	0.0175473171925777
chr1	80500001	81000000	0.0307577714153528
chr1	81000001	81500000	0.075036025097769
chr1	81500001	82000000	0.0762067293982825
chr1	82000001	82500000	0.0697612078664813
chr1	82500001	83000000	0.0440457806457637
chr1	83500001	84000000	0.00714791856159579
chr1	84000001	84500000	0.0414837661239822
chr1	84500001	85000000	0.063091765584136
chr1	85000001	85500000	0.0393114433763051
chr1	85500001	86000000	0.127824107309097
chr1	86000001	86500000	0.102668216895603
chr1	86500001	87000000	0.0618650504122097
chr1	87000001	87500000	0.0992973341532698
chr1	87500001	88000000	0.056615542901774
chr1	88000001	88500000	0.089870094990575
chr1	88500001	89000000	0.0612587308931463
chr1	89000001	89500000	0.130713509075535
chr1	89500001	90000000	0.107455570551174
chr1	90000001	90500000	0.0164028835079256
chr1	90500001	91000000	0.0274290903612939
chr1	91000001	91500000	0.0933859524120425
chr1	91500001	92000000	0.0149893582358702
chr1	92000001	92500000	0.066320653843603
chr1	92500001	93000000	0.00861656276756557
chr1	93000001	93500000	-0.0391086073941985
chr1	93500001	94000000	0.0684804219567823
chr1	94000001	94500000	-0.0132357223577898
chr1	94500001	95000000	0.0636856515489943
chr1	95000001	95500000	0.0790792608445292
chr1	95500001	96000000	0.0172260367491005
chr1	96000001	96500000	0.10347056363267
chr1	96500001	97000000	0.0455472428880118
chr1	97000001	97500000	0.0936321761998804
chr1	97500001	98000000	0.0923080404782093
chr1	98000001	98500000	-0.0549948290515321
chr1	98500001	99000000	0.0396413379268131
chr1	99000001	99500000	-0.0427846935071457
chr1	99500001	100000000	-0.0219386050326748
chr1	100000001	100500000	-0.0038641359802819
chr1	100500001	101000000	0.0744398650262263
chr1	101000001	101500000	0.0505481985798134
chr1	101500001	102000000	-0.0318288316044243
chr1	102000001	102500000	0.00643793822928777
chr1	102500001	103000000	-0.0027213518824579
chr1	103000001	103500000	0.0122459778869865
chr1	103500001	104000000	-0.333776971080521
chr1	104000001	104500000	0.0677451007832275
chr1	104500001	105000000	0.0427773519569715
chr1	105000001	105500000	0.0183414977653999
chr1	105500001	106000000	0.0387102172427392
chr1	106000001	106500000	0.0312418732792462
chr1	106500001	107000000	0.0847535984990752
chr1	107000001	107500000	-0.0858301969535273
chr1	107500001	108000000	0.105872785126316
chr1	108500001	109000000	0.0686232246496773
chr1	109000001	109500000	0.01644944814753
chr1	109500001	110000000	0.0951023716783624
chr1	110000001	110500000	0.0445065177474993
chr1	110500001	111000000	0.104049105674831
chr1	111000001	111500000	0.0897966671403923
chr1	111500001	112000000	0.0633752089761626
chr1	112000001	112500000	0.0339790635604404
chr1	112500001	113000000	-0.0548573821571347
chr1	113000001	113500000	-0.00759545411180021
chr1	113500001	114000000	-0.022905512362101
chr1	114000001	114500000	0.0898661760464106
chr1	114500001	115000000	0.0275256500247581
chr1	115000001	115500000	0.10046168760163
chr1	115500001	116000000	0.0922451759175973
chr1	116000001	116500000	0.0674004063431232
chr1	116500001	117000000	0.125904172370777
chr1	117000001	117500000	0.035367281479421
chr1	117500001	118000000	0.0507925871940613
chr1	118000001	118500000	0.0745724913037406
chr1	118500001	119000000	0.0188373939440201
chr1	119000001	119500000	0.0165591604340989
chr1	119500001	120000000	0.0610930127983613
chr1	145500001	146000000	-0.0116574898222254
chr1	147000001	147500000	0.140266064342192
chr1	147500001	148000000	0.0922784839927152
chr1	150000001	150500000	0.0324259919056009
chr1	150500001	151000000	0.0745827464470904
chr1	151000001	151500000	-0.0260782919040833
chr1	151500001	152000000	0.0853831115315007
chr1	152000001	152500000	0.0865398303150594
chr1	152500001	153000000	0.0387357004395466
chr1	153000001	153500000	0.0530445407046961
chr1	153500001	154000000	0.0328601903613688
chr1	154000001	154500000	0.0722114927499879
chr1	154500001	155000000	0.034115676115403
chr1	155000001	155500000	0.0307714487712057
chr1	155500001	156000000	0.0341068630789054
chr1	156000001	156500000	0.056408629646842
chr1	156500001	157000000	0.0152245136814079
chr1	157000001	157500000	0.0786037741970971
chr1	157500001	158000000	0.0056203004917806
chr1	158000001	158500000	0.0229499908128774
chr1	158500001	159000000	0.0736434683884102
chr1	159000001	159500000	0.129156421412363
chr1	159500001	160000000	0.143472957607702
chr1	160000001	160500000	0.0339175859809422
chr1	160500001	161000000	0.193939774397714
chr1	161000001	161500000	0.128673218727913
chr1	161500001	162000000	-0.0496825732390812
chr1	162000001	162500000	0.106507326044852
chr1	162500001	163000000	0.0102586429968227
chr1	163000001	163500000	0.0309697914441285
chr1	163500001	164000000	0.0316520405133996
chr1	164000001	164500000	-0.0321402898000406
chr1	164500001	165000000	0.0836548418063023
chr1	165000001	165500000	0.0381618380263526
chr1	165500001	166000000	0.0884286918453691
chr1	166000001	166500000	0.052065330360646
chr1	166500001	167000000	-0.0375098303023656
chr1	167000001	167500000	0.0285781343021289
chr1	167500001	168000000	0.0848651247077266
chr1	168000001	168500000	0.157912768195911
chr1	168500001	169000000	0.0215056258681389
chr1	169000001	169500000	-0.0510318229333551
chr1	169500001	170000000	-0.0159952915924902
chr1	170000001	170500000	0.0706006830007437
chr1	170500001	171000000	0.0391616638278401
chr1	171000001	171500000	0.033139425494889
chr1	171500001	172000000	0.0639268306000631
chr1	172000001	172500000	0.0774470482209136
chr1	172500001	173000000	0.0161154462604877
chr1	173000001	173500000	-0.0246479954914476
chr1	173500001	174000000	0.0647672878913376
chr1	174000001	174500000	0.074439556059169
chr1	174500001	175000000	0.0828778890991038
chr1	175000001	175500000	0.0283461118397106
chr1	175500001	176000000	0.106995023805546
chr1	176000001	176500000	0.0406352090476143
chr1	176500001	177000000	0.131213131374573
chr1	177000001	177500000	0.0551462499159449
chr1	177500001	178000000	0.0265991276822005
chr1	178000001	178500000	0.06834433184675
chr1	178500001	179000000	-0.00952135686602047
chr1	179000001	179500000	0.025951304518391
chr1	179500001	180000000	0.0339487548178714
chr1	180000001	180500000	0.107313479435185
chr1	180500001	181000000	0.052759206942991
chr1	181000001	181500000	0.151179747735833
chr1	181500001	182000000	0.133060781176811
chr1	182000001	182500000	0.0354274668715117
chr1	182500001	183000000	0.0420643065105333
chr1	183000001	183500000	0.0503886959854574
chr1	183500001	184000000	0.115820791580223
chr1	184000001	184500000	0.157671359703838
chr1	184500001	185000000	0.111219695739299
chr1	185000001	185500000	0.0681177836045981
chr1	185500001	186000000	0.127979737558656
chr1	186000001	186500000	0.0614658434541564
chr1	186500001	187000000	0.0177914233856263
chr1	187000001	187500000	0.0498736009095433
chr1	187500001	188000000	0.0134390033031135
chr1	188000001	188500000	0.0247302554339457
chr1	188500001	189000000	0.0426755949557067
chr1	189000001	189500000	0.0500308681671163
chr1	189500001	190000000	0.023793819687496
chr1	190000001	190500000	NA
chr1	190500001	191000000	0.0211232633078409
chr1	191000001	191500000	0.0511773974464413
chr1	191500001	192000000	0.0361453711279555
chr1	192000001	192500000	-0.0252672393831649
chr1	192500001	193000000	0.130665226079183
chr1	193000001	193500000	0.11927249554679
chr1	193500001	194000000	0.0454315993247755
chr1	194000001	194500000	0.0256183870511029
chr1	194500001	195000000	0.0908700657454959
chr1	195000001	195500000	-0.00809115853086776
chr1	195500001	196000000	-0.0648206647391188
chr1	196000001	196500000	0.0661084436037113
chr1	196500001	197000000	-0.133454230279338
chr1	197000001	197500000	-0.0463103155857255
chr1	197500001	198000000	-0.0865380114292483
chr1	198000001	198500000	-0.0187759854126703
chr1	198500001	199000000	0.0501054755621268
chr1	199000001	199500000	-0.0446468126952762
chr1	199500001	200000000	-0.0441536326088614
chr1	200000001	200500000	0.00433175301827933
chr1	200500001	201000000	-0.127310234814956
chr1	201000001	201500000	-0.00935164900195393
chr1	201500001	202000000	-0.0210904228747989
chr1	202000001	202500000	0.0479695393819392
chr1	202500001	203000000	0.0702120514216077
chr1	203000001	203500000	0.0373962087589129
chr1	203500001	204000000	-0.0315821779238506
chr1	204000001	204500000	-0.0552795844346619
chr1	204500001	205000000	-0.0335860445466657
chr1	205000001	205500000	-0.0280684518826623
chr1	205500001	206000000	-0.0405548218090985
chr1	206500001	207000000	0.0156106954074171
chr1	207000001	207500000	0.0150766296451036
chr1	207500001	208000000	-0.161907428522738
chr1	208000001	208500000	-0.0352892739583714
chr1	208500001	209000000	-0.0365957556089147
chr1	209000001	209500000	-0.0468145558830732
chr1	209500001	210000000	-0.0328293222440346
chr1	210000001	210500000	-0.038317170471639
chr1	210500001	211000000	-0.0155920156398079
chr1	211000001	211500000	-0.0827208097837122
chr1	211500001	212000000	0.00218923345577333
chr1	212000001	212500000	-0.0386670509871347
chr1	212500001	213000000	0.094485801407344
chr1	213000001	213500000	-0.0303721548120058
chr1	213500001	214000000	-0.0178326990464057
chr1	214000001	214500000	0.0307689701602251
chr1	214500001	215000000	-0.0206665939559433
chr1	215000001	215500000	-0.16779130818227
chr1	215500001	216000000	-0.067114350575695
chr1	216000001	216500000	0.0285447382662348
chr1	216500001	217000000	0.0114950569340842
chr1	217000001	217500000	0.0675020908823678
chr1	217500001	218000000	0.0625656144228369
chr1	218000001	218500000	-0.0248806011368891
chr1	218500001	219000000	0.00216115934831077
chr1	219000001	219500000	0.0440832470549575
chr1	219500001	220000000	-0.0216835310790264
chr1	220000001	220500000	0.0252437456368133
chr1	220500001	221000000	0.0848748795463403
chr1	221000001	221500000	0.0663978322843372
chr1	221500001	222000000	0.071899060981946
chr1	222000001	222500000	0.096626858869165
chr1	222500001	223000000	0.000745741534478494
chr1	223000001	223500000	0.0980258785226797
chr1	224000001	224500000	0.052485749525911
chr1	224500001	225000000	0.0475096149107477
chr1	225000001	225500000	0.00542778833760202
chr1	225500001	226000000	-0.0542773209105458
chr1	226000001	226500000	-0.0202658232816785
chr1	226500001	227000000	0.0875399032338404
chr1	227000001	227500000	-0.0228825710339916
chr1	227500001	228000000	-0.0260867823461014
chr1	228000001	228500000	-0.0166654217187049
chr1	228500001	229000000	NA
chr1	229000001	229500000	0.0296446517492673
chr1	229500001	230000000	0.0233630327714967
chr1	230000001	230500000	-0.0071608098720572
chr1	230500001	231000000	0.0564567922833716
chr1	231000001	231500000	-0.0326371627184337
chr1	231500001	232000000	0.0816192245122019
chr1	232000001	232500000	0.0862887810202559
chr1	232500001	233000000	0.0325546519222462
chr1	233000001	233500000	0.0110385929830253
chr1	233500001	234000000	0.026384287283883
chr1	234000001	234500000	0.0725940688419936
chr1	234500001	235000000	0.117096112504323
chr1	235000001	235500000	0.0447684163457232
chr1	235500001	236000000	0.147532198864946
chr1	236000001	236500000	0.0331087326359581
chr1	236500001	237000000	0.053041917093739
chr1	237000001	237500000	-0.0221258573261672
chr1	237500001	238000000	0.0194031157211384
chr1	238000001	238500000	0.0451551537227743
chr1	238500001	239000000	0.0984369619284398
chr1	239000001	239500000	0.0567591800924935
chr1	239500001	240000000	0.0874398751827746
chr1	240000001	240500000	0.0287154798952364
chr1	240500001	241000000	0.0362847308771441
chr1	241000001	241500000	0.0839243838913066
chr1	241500001	242000000	0.0349964789948734
chr1	242000001	242500000	0.104792263638335
chr1	242500001	243000000	0.146351324354098
chr1	243500001	244000000	0.0330680845011989
chr1	244000001	244500000	0.159658332913467
chr1	244500001	245000000	0.113207247695945
chr1	245000001	245500000	0.133436626367455
chr1	245500001	246000000	0.130852917138877
chr1	246000001	246500000	0.0305448776147108
chr1	246500001	247000000	0.0871046695387809
chr1	247000001	247500000	0.0886429807581527
chr1	247500001	248000000	0.130274087560233
chr1	248000001	248500000	0.0213736227517594
chr1	248500001	249000000	NA
chr2	1	500000	NA
chr2	500001	1000000	-0.0327504612177651
chr2	1000001	1500000	0.0506416680120073
chr2	1500001	2000000	-0.0109698188598538
chr2	2000001	2500000	-0.0449866180231765
chr2	2500001	3000000	-0.0407804906573581
chr2	3000001	3500000	0.00991730954640876
chr2	3500001	4000000	-0.0105475460051986
chr2	4000001	4500000	-0.0584790804855931
chr2	4500001	5000000	-0.0370954849341329
chr2	5000001	5500000	0.00773905168650901
chr2	5500001	6000000	-0.0580666917320755
chr2	6000001	6500000	-0.000811013109018437
chr2	6500001	7000000	-0.0140218822897173
chr2	7000001	7500000	0.0597300890627092
chr2	7500001	8000000	0.0650743839118479
chr2	8000001	8500000	0.0701501553959835
chr2	8500001	9000000	0.0542561817734227
chr2	9000001	9500000	-0.00646628873597725
chr2	9500001	10000000	-0.0171414142465468
chr2	10000001	10500000	-0.0244615687865669
chr2	10500001	11000000	-0.011408349781723
chr2	11000001	11500000	0.00556239149906025
chr2	11500001	12000000	0.0180823381540173
chr2	12000001	12500000	0.0550295051509533
chr2	12500001	13000000	0.0417542724674035
chr2	13000001	13500000	0.00928314524975082
chr2	13500001	14000000	0.00814608545301575
chr2	14000001	14500000	-0.0438863740176759
chr2	14500001	15000000	-0.0167959883558249
chr2	15000001	15500000	0.0422440557248367
chr2	15500001	16000000	-0.110351011599094
chr2	16000001	16500000	NA
chr2	16500001	17000000	0.0192664691932357
chr2	17000001	17500000	-0.0131829236961955
chr2	17500001	18000000	0.0344879141450027
chr2	18000001	18500000	0.00634672907060642
chr2	18500001	19000000	0.0374413433170956
chr2	19000001	19500000	0.0700559740321964
chr2	19500001	20000000	0.124390947538785
chr2	20000001	20500000	-0.015610219773459
chr2	20500001	21000000	NA
chr2	21000001	21500000	0.0582088339651928
chr2	21500001	22000000	0.0390267649347279
chr2	22000001	22500000	0.0357759792045477
chr2	22500001	23000000	0.0820280975539271
chr2	23000001	23500000	-0.0226629518782003
chr2	23500001	24000000	-0.0177147679684691
chr2	24000001	24500000	0.0142076403167269
chr2	24500001	25000000	0.0646279307247927
chr2	25000001	25500000	0.0299512812077005
chr2	25500001	26000000	-0.0783522262824727
chr2	26000001	26500000	-0.0135004946105763
chr2	26500001	27000000	0.0131676320512176
chr2	27000001	27500000	0.0473187595560232
chr2	27500001	28000000	0.0192470219230093
chr2	28000001	28500000	0.0316689989494132
chr2	28500001	29000000	-0.0167509055902524
chr2	29000001	29500000	0.074597496930596
chr2	29500001	30000000	0.0486733418625944
chr2	30000001	30500000	0.00603241777085454
chr2	30500001	31000000	0.000916290763113253
chr2	31000001	31500000	NA
chr2	31500001	32000000	NA
chr2	32000001	32500000	0.0537722481016558
chr2	32500001	33000000	NA
chr2	33000001	33500000	0.00799572144591682
chr2	33500001	34000000	0.0368462812684376
chr2	34000001	34500000	-0.034343782911442
chr2	34500001	35000000	0.0241201865401347
chr2	35000001	35500000	-0.0161376922087917
chr2	35500001	36000000	-0.0274343317353291
chr2	36000001	36500000	0.0324137547166044
chr2	36500001	37000000	0.0188072010120929
chr2	37000001	37500000	0.0204731196776924
chr2	37500001	38000000	0.14794824448369
chr2	38000001	38500000	0.000817954343324242
chr2	38500001	39000000	0.109691824759271
chr2	39000001	39500000	0.0391979800335212
chr2	39500001	40000000	0.119739677454838
chr2	40000001	40500000	0.0945095770583307
chr2	40500001	41000000	0.0668697822677242
chr2	41000001	41500000	-0.0215941069103662
chr2	41500001	42000000	0.0810504787967921
chr2	42000001	42500000	0.0331406793785314
chr2	42500001	43000000	0.0838896396405463
chr2	43000001	43500000	0.133176688667694
chr2	43500001	44000000	0.013409132491467
chr2	44000001	44500000	0.0765182740017477
chr2	44500001	45000000	0.0115635797635264
chr2	45000001	45500000	0.0310534510398461
chr2	45500001	46000000	0.0283586823446056
chr2	46000001	46500000	0.033638595540918
chr2	46500001	47000000	0.0597987800015148
chr2	47000001	47500000	0.0177740401698785
chr2	47500001	48000000	0.0265613686657386
chr2	48000001	48500000	0.0238832167874525
chr2	48500001	49000000	0.0184513268057976
chr2	49000001	49500000	0.00569824712006631
chr2	49500001	50000000	0.0218718238853323
chr2	50000001	50500000	-0.0450644535814552
chr2	50500001	51000000	-0.0784750278115225
chr2	51000001	51500000	0.0142713483680601
chr2	51500001	52000000	0.0697257738564072
chr2	52000001	52500000	0.0272433993326163
chr2	52500001	53000000	0.0306819409556606
chr2	53000001	53500000	0.0458287441940307
chr2	53500001	54000000	-0.0553429456363729
chr2	54000001	54500000	0.0401639446583431
chr2	54500001	55000000	0.0394046511534329
chr2	55000001	55500000	0.0502993599118291
chr2	55500001	56000000	0.019961666071573
chr2	56000001	56500000	0.0194348255833763
chr2	56500001	57000000	0.00928107781619458
chr2	57000001	57500000	-0.0135036073528076
chr2	57500001	58000000	-0.0047883090777851
chr2	58000001	58500000	-0.00283272123899769
chr2	58500001	59000000	0.0187171729800821
chr2	59000001	59500000	-0.0065116985964285
chr2	59500001	60000000	-0.00785825735366714
chr2	60000001	60500000	0.0655272869670913
chr2	60500001	61000000	0.0514287260740209
chr2	61000001	61500000	0.0243955998398105
chr2	61500001	62000000	-0.0266444763932492
chr2	62000001	62500000	0.0569599791840933
chr2	62500001	63000000	0.0136380572442483
chr2	63000001	63500000	0.108549530684041
chr2	63500001	64000000	-0.0560648281435594
chr2	64000001	64500000	0.128473285256878
chr2	64500001	65000000	0.078943047532071
chr2	65000001	65500000	0.0160228980648906
chr2	65500001	66000000	0.0340534480404671
chr2	66000001	66500000	0.0370821676893006
chr2	66500001	67000000	-0.0154390582087317
chr2	67000001	67500000	0.0038827606669317
chr2	67500001	68000000	0.00549876268870536
chr2	68000001	68500000	0.0521569948408585
chr2	68500001	69000000	0.0682142139591728
chr2	69000001	69500000	0.0034944708636878
chr2	69500001	70000000	0.0181460134367605
chr2	70000001	70500000	0.0284829337580312
chr2	70500001	71000000	0.0972813151669832
chr2	71000001	71500000	0.033653567357753
chr2	71500001	72000000	0.057345422856168
chr2	72000001	72500000	0.0454564490288937
chr2	72500001	73000000	0.0481734384347346
chr2	73000001	73500000	-0.00386959007493606
chr2	73500001	74000000	-0.0196285058784837
chr2	74000001	74500000	-0.0236077661197239
chr2	74500001	75000000	0.0651174244121747
chr2	75000001	75500000	-0.0141191419551961
chr2	75500001	76000000	0.00413967531440419
chr2	76000001	76500000	0.00336712192172665
chr2	76500001	77000000	0.0786594772862659
chr2	77000001	77500000	0.0294203059634779
chr2	77500001	78000000	0.0324038686925017
chr2	78000001	78500000	0.0435784589825252
chr2	78500001	79000000	-0.0457416316376528
chr2	79000001	79500000	-0.00352048481372512
chr2	79500001	80000000	-0.0971833391425891
chr2	80000001	80500000	0.0547786354554223
chr2	80500001	81000000	0.0749444767547348
chr2	81000001	81500000	0.119190360972574
chr2	81500001	82000000	0.00446925766612416
chr2	82000001	82500000	0.0544751580202643
chr2	82500001	83000000	-0.00311416830247197
chr2	83000001	83500000	0.00391586980292082
chr2	83500001	84000000	-0.0416949995637713
chr2	84000001	84500000	0.0573124864322341
chr2	84500001	85000000	-0.00693368228989459
chr2	85000001	85500000	0.00888878025384084
chr2	85500001	86000000	0.0976237587247898
chr2	86000001	86500000	0.144184754243893
chr2	88000001	88500000	0.0226484552785342
chr2	88500001	89000000	0.0673462723011567
chr2	96500001	97000000	0.0667021828842107
chr2	97500001	98000000	0.0117350124678992
chr2	98000001	98500000	0.0707382698763608
chr2	98500001	99000000	0.0693811398893487
chr2	99000001	99500000	0.0125390132162066
chr2	99500001	100000000	0.0172727558991326
chr2	100000001	100500000	-0.0696025555152372
chr2	100500001	101000000	-0.067414826720879
chr2	101000001	101500000	-0.0739218916974732
chr2	101500001	102000000	-0.0827213070876879
chr2	102000001	102500000	-0.00767974185652327
chr2	102500001	103000000	-0.112069828123081
chr2	103000001	103500000	-0.079978298669482
chr2	103500001	104000000	-0.106652023066024
chr2	104000001	104500000	-0.0687633613245515
chr2	104500001	105000000	-0.0679670794425142
chr2	105000001	105500000	-0.0683010626064968
chr2	105500001	106000000	-0.016649392140395
chr2	106000001	106500000	-0.0295163981036066
chr2	106500001	107000000	-0.129201869168008
chr2	107000001	107500000	-0.115325778027549
chr2	107500001	108000000	-0.0424474863427849
chr2	108000001	108500000	-0.125789809952764
chr2	108500001	109000000	-0.0210609714915707
chr2	109000001	109500000	NA
chr2	110500001	111000000	-0.18549781237007
chr2	111000001	111500000	-0.181303177223494
chr2	112000001	112500000	-0.174172909546155
chr2	112500001	113000000	0.072302023553087
chr2	113000001	113500000	0.0826607033146429
chr2	113500001	114000000	-0.034962926738806
chr2	114000001	114500000	-0.0598811743359732
chr2	114500001	115000000	-0.159405035361544
chr2	115000001	115500000	-0.0271600885004992
chr2	115500001	116000000	-0.101339538821856
chr2	116000001	116500000	0.0505202541803118
chr2	116500001	117000000	0.0319603550807327
chr2	117000001	117500000	-0.0285382531996891
chr2	117500001	118000000	0.0799601316563158
chr2	118000001	118500000	0.00629576798406831
chr2	118500001	119000000	-0.0303230337507815
chr2	119000001	119500000	-0.0335207177415024
chr2	119500001	120000000	0.0372471775727481
chr2	120000001	120500000	-0.0126261933371701
chr2	120500001	121000000	-0.0229752890713114
chr2	121000001	121500000	-0.053883264824307
chr2	121500001	122000000	-0.00753598678295754
chr2	122000001	122500000	0.00462163658280241
chr2	122500001	123000000	-0.022108179620008
chr2	123000001	123500000	-0.0557318452735282
chr2	123500001	124000000	-0.0642202416077206
chr2	124000001	124500000	0.0164539158534844
chr2	124500001	125000000	0.047719509523894
chr2	125000001	125500000	0.0487466858911849
chr2	125500001	126000000	-0.023929031390569
chr2	126000001	126500000	0.0166127241225735
chr2	126500001	127000000	0.0583275938531364
chr2	127000001	127500000	-0.042584039616032
chr2	127500001	128000000	-0.0111277300178327
chr2	128000001	128500000	0.0610461429978447
chr2	128500001	129000000	0.0100918130094207
chr2	129000001	129500000	0.0143986562497963
chr2	129500001	130000000	0.0106845557433258
chr2	132500001	133000000	0.0318294911800203
chr2	133000001	133500000	0.0217299396345448
chr2	133500001	134000000	-0.00652300441259471
chr2	134000001	134500000	0.063648236512291
chr2	134500001	135000000	-0.0942992466266744
chr2	135000001	135500000	0.0702453593463648
chr2	135500001	136000000	-0.0408525549359562
chr2	136000001	136500000	0.0400521347714544
chr2	136500001	137000000	0.066426191840179
chr2	137000001	137500000	0.0423610116545405
chr2	137500001	138000000	-0.0193356630169852
chr2	138000001	138500000	-0.0339595014688571
chr2	138500001	139000000	0.00747988790961143
chr2	139000001	139500000	-0.00687191473406474
chr2	139500001	140000000	-0.00169704502808115
chr2	140000001	140500000	-0.0305396725756796
chr2	140500001	141000000	-0.0426024812251675
chr2	141000001	141500000	0.0119571543408067
chr2	141500001	142000000	-0.0203656810738032
chr2	142000001	142500000	-0.0235960553988773
chr2	142500001	143000000	-0.0119833828377629
chr2	143000001	143500000	0.00750135180780299
chr2	143500001	144000000	0.0291266200469361
chr2	144000001	144500000	0.0252743516807498
chr2	144500001	145000000	0.10828066590505
chr2	145000001	145500000	0.0155627885733472
chr2	145500001	146000000	0.0232118078073346
chr2	146000001	146500000	-0.0524877555733251
chr2	146500001	147000000	-0.101764588704099
chr2	147000001	147500000	-0.0499471692933921
chr2	147500001	148000000	0.0190053088916392
chr2	148000001	148500000	0.00327617868948556
chr2	148500001	149000000	0.0611568214169381
chr2	149000001	149500000	0.0269914267117364
chr2	149500001	150000000	-0.066205740091021
chr2	150000001	150500000	0.0108304174337278
chr2	150500001	151000000	-0.00857304918330605
chr2	151000001	151500000	-0.0287680600020786
chr2	151500001	152000000	0.0843334984150264
chr2	152000001	152500000	0.0357415591664189
chr2	152500001	153000000	0.0210410531665026
chr2	153000001	153500000	-0.134335962735934
chr2	153500001	154000000	0.11244307904043
chr2	154000001	154500000	0.0318686758452342
chr2	154500001	155000000	0.022239749510501
chr2	155000001	155500000	-0.00570098101841181
chr2	155500001	156000000	0.0641991625367438
chr2	156000001	156500000	0.0214367549271243
chr2	156500001	157000000	0.00848161244682241
chr2	157000001	157500000	0.0710478345239349
chr2	157500001	158000000	0.0078524755300719
chr2	158000001	158500000	-0.0164809238713232
chr2	158500001	159000000	-0.0387427664251825
chr2	159000001	159500000	0.0520806523286639
chr2	159500001	160000000	0.109442621405976
chr2	160000001	160500000	-0.0173932717843917
chr2	160500001	161000000	0.029225515894625
chr2	161000001	161500000	0.0485225740916673
chr2	161500001	162000000	0.0864311319707033
chr2	162000001	162500000	0.00792966568722793
chr2	162500001	163000000	-0.0307582369158672
chr2	163000001	163500000	-0.000317887730153211
chr2	163500001	164000000	0.0225738112370904
chr2	164000001	164500000	0.0172165592002199
chr2	164500001	165000000	-0.017775876013571
chr2	165000001	165500000	0.00886965160834805
chr2	165500001	166000000	0.0173350301212268
chr2	166000001	166500000	-0.0359561653273318
chr2	166500001	167000000	-0.0104641190236161
chr2	167000001	167500000	0.0104841934133851
chr2	167500001	168000000	0.038770773915017
chr2	168000001	168500000	0.0754607745921044
chr2	168500001	169000000	0.021696618611619
chr2	169000001	169500000	-0.00336497592406344
chr2	169500001	170000000	0.030826737161657
chr2	170000001	170500000	0.00895333750734641
chr2	170500001	171000000	0.0234263950805974
chr2	171000001	171500000	-0.0772695890241382
chr2	171500001	172000000	0.0421789504741646
chr2	172000001	172500000	0.0617402404669608
chr2	172500001	173000000	0.0048937131146241
chr2	173000001	173500000	-0.00231796174790303
chr2	173500001	174000000	0.097283159627032
chr2	174000001	174500000	0.0604481261461425
chr2	174500001	175000000	0.0144071851641693
chr2	175000001	175500000	0.0114882364386048
chr2	175500001	176000000	0.0932147680165994
chr2	176000001	176500000	-0.0165040715773003
chr2	176500001	177000000	-0.0165165162107737
chr2	177000001	177500000	0.0123818081032207
chr2	177500001	178000000	-0.0933492693235692
chr2	178000001	178500000	-0.0282101185169329
chr2	178500001	179000000	-0.0151445826064282
chr2	179000001	179500000	-0.051591191547456
chr2	179500001	180000000	-0.0152011459072743
chr2	180000001	180500000	-0.111953152944816
chr2	180500001	181000000	-0.0700918782768066
chr2	181000001	181500000	-0.00682693212194168
chr2	181500001	182000000	0.104518161799474
chr2	182000001	182500000	0.0157948326454688
chr2	182500001	183000000	0.00575999856598591
chr2	183000001	183500000	0.00265782135503222
chr2	183500001	184000000	0.0686564712216392
chr2	184000001	184500000	-0.0310319944904487
chr2	184500001	185000000	-0.0145692121219233
chr2	185000001	185500000	0.0920354417076239
chr2	185500001	186000000	0.0196447199982483
chr2	186000001	186500000	-0.0370340447830152
chr2	186500001	187000000	-0.0192603461148486
chr2	187000001	187500000	0.0752773006699182
chr2	187500001	188000000	-0.038445396611075
chr2	188000001	188500000	0.0160476483386447
chr2	188500001	189000000	0.0906203632728557
chr2	189000001	189500000	-0.00192690406125222
chr2	189500001	190000000	-0.0855822843351468
chr2	190000001	190500000	0.0334784257758193
chr2	190500001	191000000	0.0407101447952867
chr2	191000001	191500000	-0.0233487400783638
chr2	191500001	192000000	0.0634991150248781
chr2	192000001	192500000	0.011351886331369
chr2	192500001	193000000	0.0351645832741696
chr2	193000001	193500000	NA
chr2	193500001	194000000	0.0253257456566901
chr2	194000001	194500000	-0.00718288617556604
chr2	194500001	195000000	0.0204390460954535
chr2	195000001	195500000	-0.0487239949518351
chr2	195500001	196000000	-0.0124395170637083
chr2	196000001	196500000	0.0982863017842735
chr2	196500001	197000000	-0.00878845492391582
chr2	197000001	197500000	0.102884358864535
chr2	197500001	198000000	0.0631815235669105
chr2	198000001	198500000	0.0615982777458315
chr2	198500001	199000000	-0.0539838862397697
chr2	199000001	199500000	0.00258455142465561
chr2	199500001	200000000	0.0140276223715613
chr2	200000001	200500000	-0.0349931106520401
chr2	200500001	201000000	0.0181861737511373
chr2	201000001	201500000	0.0970216892601474
chr2	201500001	202000000	-0.0422275184448827
chr2	202000001	202500000	-0.0427695485703146
chr2	202500001	203000000	0.092192520540795
chr2	203000001	203500000	-0.0977606596337176
chr2	203500001	204000000	0.0430359580483567
chr2	204000001	204500000	0.0129681717346587
chr2	204500001	205000000	-0.0342521397838678
chr2	205000001	205500000	-0.00695840499468002
chr2	205500001	206000000	0.112832574512084
chr2	206000001	206500000	-0.0358587044027087
chr2	206500001	207000000	-0.00836451743011478
chr2	207000001	207500000	0.147592441245493
chr2	207500001	208000000	-0.0152667968845056
chr2	208000001	208500000	-0.0200415380582862
chr2	208500001	209000000	0.0264534155439557
chr2	209000001	209500000	0.0982556013590921
chr2	209500001	210000000	-0.00657474148393542
chr2	210000001	210500000	0.0111338434266399
chr2	210500001	211000000	0.0174167929095431
chr2	211000001	211500000	-0.0247966794279727
chr2	211500001	212000000	0.0482092489214307
chr2	212000001	212500000	0.00625326660229273
chr2	212500001	213000000	0.0317443040423489
chr2	213000001	213500000	0.00784146767621063
chr2	213500001	214000000	-0.0138166666112164
chr2	214000001	214500000	0.00652420419080636
chr2	214500001	215000000	0.0100303975449429
chr2	215000001	215500000	-0.0750774957339183
chr2	215500001	216000000	-0.00028303817312237
chr2	216000001	216500000	0.034898996735166
chr2	216500001	217000000	0.0654183412474007
chr2	217000001	217500000	0.0512725320979179
chr2	217500001	218000000	0.0220376003077951
chr2	218000001	218500000	0.164128589218074
chr2	218500001	219000000	0.0721181956887212
chr2	219000001	219500000	0.00335124080592268
chr2	219500001	220000000	0.0735774696943317
chr2	220000001	220500000	0.0279587299117619
chr2	220500001	221000000	0.0291655500587854
chr2	221000001	221500000	0.053016550938402
chr2	221500001	222000000	0.0410255813954075
chr2	222000001	222500000	0.0193889360525961
chr2	222500001	223000000	-0.0488018533385864
chr2	223000001	223500000	0.00661326074840511
chr2	223500001	224000000	0.0467767868010763
chr2	224000001	224500000	0.0524875733090762
chr2	224500001	225000000	-0.0496118991244658
chr2	225000001	225500000	0.0543473726593655
chr2	225500001	226000000	-0.0345928583197753
chr2	226000001	226500000	0.0681391013659401
chr2	226500001	227000000	-0.0419303405887875
chr2	227000001	227500000	0.0601248392699122
chr2	227500001	228000000	-0.0222482754244371
chr2	228000001	228500000	-0.00471038038076241
chr2	228500001	229000000	0.00917518009801287
chr2	229000001	229500000	0.0338467102599433
chr2	229500001	230000000	0.0955067268375038
chr2	230000001	230500000	0.0746259781853353
chr2	230500001	231000000	0.0750313912019447
chr2	231000001	231500000	0.0732326075945341
chr2	231500001	232000000	-0.0122114646323846
chr2	232000001	232500000	0.016595514335874
chr2	232500001	233000000	-0.0732706589047066
chr2	233000001	233500000	NA
chr2	233500001	234000000	0.0420464849697458
chr2	234000001	234500000	-0.0524164510513025
chr2	234500001	235000000	-0.0611541112432113
chr2	235000001	235500000	-0.034870745247581
chr2	235500001	236000000	-0.0930620614671086
chr2	236000001	236500000	-0.0820334815599145
chr2	236500001	237000000	-0.0305298033504784
chr2	237000001	237500000	0.0229875045325778
chr2	237500001	238000000	0.0442769395506858
chr2	238000001	238500000	-0.0369730583010799
chr2	238500001	239000000	NA
chr2	239000001	239500000	-0.0271531701563266
chr2	239500001	240000000	NA
chr2	240000001	240500000	-0.112177487976809
chr2	240500001	241000000	0.0899506045298894
chr2	241000001	241500000	0.0251775853910368
chr2	241500001	242000000	-0.0476743526494045
chr3	1	500000	NA
chr3	500001	1000000	-0.00752935002294134
chr3	1000001	1500000	0.0189815963591473
chr3	1500001	2000000	0.040244207185804
chr3	2000001	2500000	-0.0352236584759559
chr3	2500001	3000000	0.0343423516218158
chr3	3000001	3500000	-0.0660373032484198
chr3	3500001	4000000	-0.0531141711545915
chr3	4000001	4500000	0.0110434984616421
chr3	4500001	5000000	0.139617311718602
chr3	5000001	5500000	-0.0333253491808522
chr3	5500001	6000000	0.0205986665984681
chr3	6000001	6500000	-0.0506481668840539
chr3	6500001	7000000	-0.0302677016285588
chr3	7000001	7500000	-0.00973935054667714
chr3	7500001	8000000	0.0380903368196596
chr3	8000001	8500000	0.0601179752691502
chr3	8500001	9000000	0.00921808730838287
chr3	9000001	9500000	-0.0169512153771935
chr3	9500001	10000000	0.0589053498240977
chr3	10000001	10500000	0.0870407914850458
chr3	10500001	11000000	0.00233886836883387
chr3	11000001	11500000	0.0495815886729086
chr3	11500001	12000000	-0.0726155277276611
chr3	12000001	12500000	0.0703780256270245
chr3	12500001	13000000	0.120216542607008
chr3	13000001	13500000	0.033467668966966
chr3	13500001	14000000	-0.0271552169350928
chr3	14000001	14500000	-0.00566783448339819
chr3	14500001	15000000	0.0085690689234581
chr3	15000001	15500000	-0.00998168078131797
chr3	15500001	16000000	0.0284469544374236
chr3	16000001	16500000	-0.037995411060889
chr3	16500001	17000000	NA
chr3	17000001	17500000	-0.0151782208749313
chr3	17500001	18000000	-0.00416968127156158
chr3	18000001	18500000	-0.12010478104523
chr3	18500001	19000000	-0.0732303352145519
chr3	19000001	19500000	-0.00898114996448541
chr3	19500001	20000000	-0.132129248939604
chr3	20000001	20500000	-0.129100443211498
chr3	20500001	21000000	0.0300843774835992
chr3	21000001	21500000	-0.0433323960641976
chr3	21500001	22000000	0.0532591585625337
chr3	22000001	22500000	0.00696270235340163
chr3	22500001	23000000	-0.0924993972630646
chr3	23000001	23500000	0.00684844344928633
chr3	23500001	24000000	-0.00813249836761686
chr3	24000001	24500000	-0.130575091494565
chr3	24500001	25000000	-0.0449224893007709
chr3	25000001	25500000	-0.00328918609077569
chr3	25500001	26000000	0.0648794695174444
chr3	26000001	26500000	-0.0760700440210689
chr3	26500001	27000000	-0.0119420666118175
chr3	27000001	27500000	-0.0395938912564552
chr3	27500001	28000000	-0.060422058587231
chr3	28000001	28500000	-0.00705243244823756
chr3	28500001	29000000	0.0424720689994029
chr3	29000001	29500000	-0.0403333128195695
chr3	29500001	30000000	-0.00990470011649382
chr3	30000001	30500000	0.0204106102115073
chr3	30500001	31000000	0.0106341939027131
chr3	31000001	31500000	0.122871285437311
chr3	31500001	32000000	-0.0735937418410055
chr3	32000001	32500000	-0.063646639320339
chr3	32500001	33000000	0.103248651742417
chr3	33000001	33500000	-0.0242077194349158
chr3	33500001	34000000	-0.0282695447364242
chr3	34000001	34500000	0.0185976487834359
chr3	34500001	35000000	-0.015007051758821
chr3	35000001	35500000	0.0655586972627822
chr3	35500001	36000000	0.000843896407955395
chr3	36000001	36500000	-0.0413074182808377
chr3	36500001	37000000	0.0398732306984175
chr3	37000001	37500000	-0.0104668103938924
chr3	37500001	38000000	-0.027156324742016
chr3	38000001	38500000	0.0478592578041989
chr3	38500001	39000000	-0.00330852374992952
chr3	39000001	39500000	0.0533366469886665
chr3	39500001	40000000	-0.0639374269690706
chr3	40000001	40500000	0.0450650144151322
chr3	40500001	41000000	-0.0316561682312197
chr3	41000001	41500000	-0.0196477900559445
chr3	41500001	42000000	0.0446851593756837
chr3	42000001	42500000	0.0574310515873536
chr3	42500001	43000000	-0.062429295104322
chr3	43000001	43500000	0.0380572896320245
chr3	43500001	44000000	-0.0316798788974395
chr3	44000001	44500000	-0.0365185633632489
chr3	44500001	45000000	0.0626218891202864
chr3	45000001	45500000	-0.0326110725288573
chr3	45500001	46000000	-0.0331826647497084
chr3	46000001	46500000	0.115882879653789
chr3	46500001	47000000	0.0275248025948666
chr3	47000001	47500000	0.0325642576233935
chr3	47500001	48000000	-0.0588021107380011
chr3	48000001	48500000	-0.102849552457198
chr3	48500001	49000000	-0.0683389544812757
chr3	49000001	49500000	0.0220176358404841
chr3	49500001	50000000	-0.0617660387943538
chr3	50000001	50500000	-0.00529094008662304
chr3	50500001	51000000	-0.0181670128022915
chr3	51000001	51500000	-0.0126328390171084
chr3	51500001	52000000	-0.0156767720519545
chr3	52000001	52500000	-0.0170884734196438
chr3	52500001	53000000	-0.0614495300340382
chr3	53000001	53500000	0.0174833633145313
chr3	53500001	54000000	-0.0823177544777279
chr3	54000001	54500000	-0.00994485054898007
chr3	54500001	55000000	-0.0163810796000893
chr3	55000001	55500000	-0.0296060520517256
chr3	55500001	56000000	0.0169355528538039
chr3	56000001	56500000	-0.0243776341333367
chr3	56500001	57000000	-0.00631880804609164
chr3	57000001	57500000	-0.0143278908790834
chr3	57500001	58000000	-0.0982841717902458
chr3	58000001	58500000	-0.127606493963111
chr3	58500001	59000000	-0.00555068634048547
chr3	59000001	59500000	-0.0073131614907264
chr3	59500001	60000000	0.025450595313238
chr3	60000001	60500000	NA
chr3	60500001	61000000	-0.023806792950368
chr3	61000001	61500000	-0.0139500857123337
chr3	61500001	62000000	-0.0104954948830058
chr3	62000001	62500000	-0.100267644492871
chr3	62500001	63000000	-0.111884899416006
chr3	63000001	63500000	-0.0449916207343205
chr3	63500001	64000000	-0.100058985274956
chr3	64000001	64500000	-0.00604481247396974
chr3	64500001	65000000	-0.00193517551095057
chr3	65000001	65500000	-0.0298610761775943
chr3	65500001	66000000	-0.149885053981012
chr3	66000001	66500000	NA
chr3	66500001	67000000	-0.0779019580708135
chr3	67000001	67500000	-0.013097366353279
chr3	67500001	68000000	-0.0696949984442462
chr3	68000001	68500000	-0.0667832322076916
chr3	68500001	69000000	-0.0796487692163503
chr3	69000001	69500000	-0.0428063811106181
chr3	69500001	70000000	-0.0999896828847893
chr3	70000001	70500000	-0.0928473698995849
chr3	70500001	71000000	-0.114218480561134
chr3	71000001	71500000	-0.00241915024287898
chr3	71500001	72000000	-0.0331069912598471
chr3	72000001	72500000	-0.0878970888193927
chr3	72500001	73000000	-0.0195747372021312
chr3	73000001	73500000	-0.0588146331419734
chr3	73500001	74000000	0.0457655568877608
chr3	74000001	74500000	-0.0495151180555419
chr3	74500001	75000000	-0.0424037631290044
chr3	75000001	75500000	0.108837120468149
chr3	76000001	76500000	-0.0464908585471362
chr3	76500001	77000000	-0.044703358997371
chr3	77000001	77500000	0.00686705112205714
chr3	77500001	78000000	-0.000457088758929518
chr3	78000001	78500000	-0.00550007916263515
chr3	78500001	79000000	-0.104629262368846
chr3	79000001	79500000	-0.0168798741062228
chr3	79500001	80000000	-0.0491544538748764
chr3	80000001	80500000	-0.0572563213570714
chr3	80500001	81000000	-0.0624726528034462
chr3	81000001	81500000	0.0108258246171347
chr3	81500001	82000000	-0.0962752454064609
chr3	82000001	82500000	-0.0468901397807159
chr3	82500001	83000000	-0.02684674469418
chr3	83000001	83500000	NA
chr3	83500001	84000000	-0.131886266079929
chr3	84000001	84500000	-0.0537208186112831
chr3	84500001	85000000	-0.0578550925132309
chr3	85000001	85500000	NA
chr3	85500001	86000000	-0.00865205699228911
chr3	86000001	86500000	-0.0673414347397426
chr3	86500001	87000000	-0.0864394486582062
chr3	87000001	87500000	-0.052355603173986
chr3	94500001	95000000	-0.0214099844137553
chr3	95000001	95500000	0.024533239304732
chr3	95500001	96000000	-0.0845562980979569
chr3	96000001	96500000	-0.0631968369787443
chr3	96500001	97000000	0.0039492307457777
chr3	97000001	97500000	-0.0808829491957352
chr3	97500001	98000000	0.0535650110226818
chr3	98000001	98500000	-0.041677387511352
chr3	98500001	99000000	-0.0615361757277479
chr3	99000001	99500000	0.00912541590957488
chr3	99500001	100000000	0.0109788420162531
chr3	100000001	100500000	-0.000971363818415023
chr3	100500001	101000000	0.0214965524775679
chr3	101000001	101500000	0.0360339621740218
chr3	101500001	102000000	-0.00490814473040817
chr3	102000001	102500000	-0.0168038856340204
chr3	102500001	103000000	0.0895443473291131
chr3	103000001	103500000	-0.0167834080073788
chr3	103500001	104000000	-0.012614947650085
chr3	104000001	104500000	0.0274005038635739
chr3	104500001	105000000	0.0597293150720462
chr3	105000001	105500000	0.0779147947575947
chr3	105500001	106000000	0.0410037447248018
chr3	106000001	106500000	0.0478771066312442
chr3	106500001	107000000	0.0425645497874372
chr3	107000001	107500000	0.0526315959590974
chr3	107500001	108000000	0.0147306305082421
chr3	108000001	108500000	0.0876805237131351
chr3	108500001	109000000	0.0327473303391134
chr3	109000001	109500000	-0.011846351543739
chr3	109500001	110000000	0.0251473577143677
chr3	110000001	110500000	0.0454378560843926
chr3	110500001	111000000	0.0632342793825969
chr3	111000001	111500000	0.0274410467743837
chr3	111500001	112000000	0.0436813061465025
chr3	112000001	112500000	-0.00767975683387694
chr3	112500001	113000000	0.117475634188501
chr3	113000001	113500000	0.00788911473190447
chr3	113500001	114000000	-0.0183049399098246
chr3	114000001	114500000	0.0525743407421384
chr3	114500001	115000000	-0.0352261010769292
chr3	115000001	115500000	0.00825772972249878
chr3	115500001	116000000	0.0677445371624198
chr3	116000001	116500000	0.0179827056151187
chr3	116500001	117000000	0.0240636410906395
chr3	117000001	117500000	0.0778449193467674
chr3	117500001	118000000	0.0592650494884442
chr3	118000001	118500000	0.080582192409516
chr3	118500001	119000000	0.0862486051391098
chr3	119000001	119500000	-0.0357749820749816
chr3	119500001	120000000	0.0355349102369996
chr3	120000001	120500000	0.0553937208358552
chr3	120500001	121000000	-0.00750347272167555
chr3	121000001	121500000	0.0602704112660649
chr3	121500001	122000000	0.0846078525907931
chr3	122000001	122500000	0.0885034300690597
chr3	122500001	123000000	0.111345758869122
chr3	123000001	123500000	0.0581515874240751
chr3	123500001	124000000	-0.0452553389396987
chr3	124000001	124500000	0.0969592669263694
chr3	124500001	125000000	-0.0450778163108095
chr3	125000001	125500000	0.00113711179214824
chr3	126000001	126500000	-0.0957944412529194
chr3	126500001	127000000	0.0307591528181226
chr3	127000001	127500000	-0.0547592866870713
chr3	127500001	128000000	0.0873739051133473
chr3	128000001	128500000	0.0262883373463864
chr3	128500001	129000000	0.0548150032629276
chr3	129000001	129500000	0.0949863747588579
chr3	129500001	130000000	0.0271632154499726
chr3	130500001	131000000	0.0236268553381338
chr3	131000001	131500000	0.113606983379009
chr3	131500001	132000000	0.100404283376042
chr3	132000001	132500000	-0.0381428136074319
chr3	132500001	133000000	0.00199821349512145
chr3	133000001	133500000	0.04182736782907
chr3	133500001	134000000	0.0160893605374624
chr3	134000001	134500000	0.0414231039487264
chr3	134500001	135000000	0.16182267502829
chr3	135000001	135500000	0.0192352428508726
chr3	135500001	136000000	0.0389973338644056
chr3	136000001	136500000	0.0714743026131641
chr3	136500001	137000000	0.0811972205096104
chr3	137000001	137500000	0.0554986275596369
chr3	137500001	138000000	0.0581017354549872
chr3	138000001	138500000	-0.000277453879594368
chr3	138500001	139000000	0.0700695583080139
chr3	139000001	139500000	-0.0475342808578393
chr3	139500001	140000000	-0.00227285958856399
chr3	140000001	140500000	0.0662184651806473
chr3	140500001	141000000	0.0542101737063277
chr3	141000001	141500000	0.0617088486723629
chr3	141500001	142000000	0.0830146683722563
chr3	142000001	142500000	0.0972647793016472
chr3	142500001	143000000	0.0977106538964368
chr3	143000001	143500000	0.10888171650745
chr3	143500001	144000000	0.115230824965732
chr3	144000001	144500000	0.050190585673727
chr3	144500001	145000000	0.112425568490851
chr3	145000001	145500000	0.125497068122146
chr3	145500001	146000000	0.0444315908031363
chr3	146000001	146500000	0.0523808583636578
chr3	146500001	147000000	0.125403382863672
chr3	147000001	147500000	0.135366893976101
chr3	147500001	148000000	0.0537409283957289
chr3	148000001	148500000	0.0959234230890401
chr3	148500001	149000000	0.124485225818144
chr3	149000001	149500000	0.0742412482316875
chr3	149500001	150000000	0.0728233954588501
chr3	150000001	150500000	0.0771219460749181
chr3	150500001	151000000	0.212482173024755
chr3	151000001	151500000	0.274834582250427
chr3	151500001	152000000	0.145192859254652
chr3	152000001	152500000	0.121548112903922
chr3	152500001	153000000	0.099444661961887
chr3	153000001	153500000	0.0754261955973771
chr3	153500001	154000000	0.0384972444725559
chr3	154000001	154500000	-0.037879517910018
chr3	154500001	155000000	0.0973113747571394
chr3	155000001	155500000	0.108837577181112
chr3	155500001	156000000	0.118259831650909
chr3	156000001	156500000	0.11428482067696
chr3	156500001	157000000	0.0546516763667133
chr3	157000001	157500000	0.153618804025252
chr3	157500001	158000000	0.0959176252952629
chr3	158000001	158500000	0.0684939870998347
chr3	158500001	159000000	0.0999776268910307
chr3	159000001	159500000	0.140670599260039
chr3	159500001	160000000	0.0999976259372882
chr3	160000001	160500000	0.0965184793707418
chr3	160500001	161000000	0.03659610620508
chr3	161000001	161500000	0.0658004273147068
chr3	161500001	162000000	0.0656094563696839
chr3	162000001	162500000	0.0680453139004109
chr3	162500001	163000000	0.209423722551988
chr3	163000001	163500000	0.167575326303288
chr3	163500001	164000000	0.0440105921975301
chr3	164000001	164500000	0.0968930107314206
chr3	164500001	165000000	0.0767945689532412
chr3	165000001	165500000	0.10088205148977
chr3	165500001	166000000	0.0958142275125594
chr3	166000001	166500000	0.0653500417731827
chr3	166500001	167000000	0.11283864266761
chr3	167000001	167500000	0.0741693459856031
chr3	167500001	168000000	0.0754435038775381
chr3	168000001	168500000	0.0525825899416539
chr3	168500001	169000000	0.0607077065508577
chr3	169000001	169500000	0.123405041041114
chr3	169500001	170000000	0.162865268371239
chr3	170000001	170500000	0.134235838979576
chr3	170500001	171000000	0.227528504083952
chr3	171000001	171500000	0.172892898886027
chr3	171500001	172000000	0.15543138217591
chr3	172000001	172500000	0.197179899971994
chr3	172500001	173000000	0.152795590764175
chr3	173000001	173500000	0.187048201164187
chr3	173500001	174000000	0.140133369061056
chr3	174000001	174500000	0.196326073315349
chr3	174500001	175000000	0.179678679690972
chr3	175000001	175500000	0.187028467019118
chr3	175500001	176000000	0.216656004450343
chr3	176000001	176500000	0.124708590717775
chr3	176500001	177000000	0.221080554144435
chr3	177000001	177500000	0.150508755753732
chr3	177500001	178000000	0.186710863895043
chr3	178000001	178500000	0.201294277381549
chr3	178500001	179000000	0.234065135943941
chr3	179000001	179500000	0.174387010809979
chr3	179500001	180000000	0.155038843004478
chr3	180000001	180500000	0.13756347412745
chr3	180500001	181000000	0.0103026774008682
chr3	181000001	181500000	0.0563485245885744
chr3	181500001	182000000	0.0513936220280788
chr3	182000001	182500000	0.0875903116950023
chr3	182500001	183000000	0.0736632336239177
chr3	183000001	183500000	0.19639192877152
chr3	183500001	184000000	0.119279850758224
chr3	184000001	184500000	0.125046580659437
chr3	184500001	185000000	0.111011863083714
chr3	185000001	185500000	0.0786496013923661
chr3	185500001	186000000	0.0324642521515521
chr3	186000001	186500000	0.198625680959598
chr3	186500001	187000000	0.114576581213447
chr3	187000001	187500000	0.110528391068758
chr3	187500001	188000000	0.175220427764621
chr3	188000001	188500000	0.202071920172243
chr3	188500001	189000000	0.105476600469802
chr3	189000001	189500000	0.143443570043615
chr3	189500001	190000000	0.157931943546634
chr3	190000001	190500000	0.145185955077067
chr3	190500001	191000000	0.110797763720309
chr3	191000001	191500000	0.143004612936192
chr3	191500001	192000000	0.117498492777488
chr3	192000001	192500000	0.0909446849756264
chr3	192500001	193000000	0.129914821165121
chr3	193000001	193500000	0.0851318462512819
chr3	193500001	194000000	0.029850522124722
chr3	194000001	194500000	0.108056799782282
chr3	194500001	195000000	0.174127142490046
chr3	195000001	195500000	0.0819360654571254
chr3	195500001	196000000	0.527021686834053
chr3	196000001	196500000	0.151941210538216
chr3	196500001	197000000	0.154279557101161
chr3	197000001	197500000	0.0887936084690315
chr3	197500001	198000000	0.0531309400917954
chr4	1	500000	NA
chr4	500001	1000000	0.0502359907067272
chr4	1000001	1500000	NA
chr4	1500001	2000000	-0.0861592627382467
chr4	2000001	2500000	-0.102137125188839
chr4	2500001	3000000	-0.0211859119657467
chr4	3000001	3500000	-0.0528311432468015
chr4	3500001	4000000	0.310140501048984
chr4	4500001	5000000	-0.0438780548227342
chr4	5000001	5500000	0.0331073101647898
chr4	5500001	6000000	-0.0649010489376153
chr4	6000001	6500000	-0.0113297563413092
chr4	6500001	7000000	0.100187362124903
chr4	7000001	7500000	0.00805593918392479
chr4	7500001	8000000	0.0220219280567365
chr4	8000001	8500000	-0.00104404177877951
chr4	8500001	9000000	NA
chr4	10000001	10500000	0.0653027918947257
chr4	10500001	11000000	-0.00963260268645309
chr4	11000001	11500000	0.00834038642554014
chr4	11500001	12000000	0.0603525367591312
chr4	12000001	12500000	0.0476545581348761
chr4	12500001	13000000	0.136231169687652
chr4	13000001	13500000	0.108849112481005
chr4	13500001	14000000	0.0203294914632483
chr4	14000001	14500000	-0.0828575386022297
chr4	14500001	15000000	0.0545164278270685
chr4	15000001	15500000	-0.0873155878683319
chr4	15500001	16000000	0.0988547228417594
chr4	16000001	16500000	-0.00116325267965067
chr4	16500001	17000000	-0.0177379883713239
chr4	17000001	17500000	-0.0442810869389465
chr4	17500001	18000000	-0.0111034232656218
chr4	18000001	18500000	0.00436310996804738
chr4	18500001	19000000	0.00745567603193063
chr4	19000001	19500000	-0.0894562310100065
chr4	19500001	20000000	-0.0267778312507221
chr4	20000001	20500000	-0.0197367173847824
chr4	20500001	21000000	-0.038522259594591
chr4	21000001	21500000	-0.0490551807292785
chr4	21500001	22000000	-0.0906256009642879
chr4	22000001	22500000	-0.0545971684312744
chr4	22500001	23000000	-0.0737115950359057
chr4	23000001	23500000	0.00318319138829187
chr4	23500001	24000000	-0.021339604249744
chr4	24000001	24500000	-0.0324423929807588
chr4	24500001	25000000	-0.108826357604257
chr4	25000001	25500000	-0.00838118115425809
chr4	25500001	26000000	0.00322134709117579
chr4	26000001	26500000	0.0495270049275263
chr4	26500001	27000000	0.021204369034322
chr4	27000001	27500000	-0.0191470547709074
chr4	27500001	28000000	-0.0526038114983152
chr4	28000001	28500000	-0.0232051961255607
chr4	28500001	29000000	-0.0891602129782103
chr4	29000001	29500000	-0.00923918626770533
chr4	29500001	30000000	-0.118537759462965
chr4	30000001	30500000	-0.0435752988360463
chr4	30500001	31000000	-0.0650398013316014
chr4	31000001	31500000	0.0102816787310816
chr4	31500001	32000000	NA
chr4	32000001	32500000	-4.57028541762938e-05
chr4	32500001	33000000	NA
chr4	33000001	33500000	-0.0571745884750591
chr4	33500001	34000000	-0.0417225192602522
chr4	34000001	34500000	-0.0824212406525418
chr4	34500001	35000000	-0.0946222264240341
chr4	35000001	35500000	-0.0403773659390754
chr4	35500001	36000000	0.0375876326627401
chr4	36000001	36500000	-0.00558489891855406
chr4	36500001	37000000	0.00368335849843729
chr4	37000001	37500000	-0.125595042311168
chr4	37500001	38000000	0.0476449436725386
chr4	38000001	38500000	-0.000687631314050398
chr4	38500001	39000000	0.0433133923137458
chr4	39000001	39500000	-0.0442596056972015
chr4	39500001	40000000	-0.110554144571311
chr4	40000001	40500000	0.0985253105294113
chr4	40500001	41000000	0.0366537160308544
chr4	41000001	41500000	0.00962413719605407
chr4	41500001	42000000	-0.0691752870767621
chr4	42000001	42500000	-0.131296380234452
chr4	42500001	43000000	-0.0690996228498699
chr4	43000001	43500000	-0.140940985362931
chr4	43500001	44000000	-0.136501424704717
chr4	44000001	44500000	-0.0318919808909884
chr4	44500001	45000000	-0.105983331523209
chr4	45000001	45500000	-0.0970759523880936
chr4	45500001	46000000	-0.0628784267490034
chr4	46000001	46500000	-0.0811873936148836
chr4	46500001	47000000	-0.0864747553037861
chr4	47000001	47500000	-0.0694854134791315
chr4	47500001	48000000	-0.0841304973951932
chr4	52000001	52500000	0.0264091116831304
chr4	52500001	53000000	0.00402512780998743
chr4	53000001	53500000	0.0798171577532664
chr4	53500001	54000000	0.0498484975286604
chr4	54000001	54500000	-0.111714589971238
chr4	54500001	55000000	0.0447321423728686
chr4	55000001	55500000	-0.0623591480617404
chr4	55500001	56000000	-0.0309874415933686
chr4	56000001	56500000	-0.00840111557711801
chr4	56500001	57000000	0.0738641066836562
chr4	57000001	57500000	0.0331608349176015
chr4	57500001	58000000	0.0618189184993908
chr4	58000001	58500000	0.0445898475284932
chr4	58500001	59000000	NA
chr4	59000001	59500000	-0.01117010464246
chr4	59500001	60000000	0.0491831992025875
chr4	60000001	60500000	-0.0172602282369235
chr4	60500001	61000000	0.0459523644226516
chr4	61000001	61500000	-0.0480588831972036
chr4	61500001	62000000	-0.0598407025227591
chr4	62000001	62500000	-0.00827840146849577
chr4	62500001	63000000	-0.0336710021590169
chr4	63000001	63500000	0.0386972247584493
chr4	63500001	64000000	0.0608289441843255
chr4	64000001	64500000	-0.0413940920789853
chr4	64500001	65000000	-0.0358473191399828
chr4	65000001	65500000	-0.0414641789736113
chr4	65500001	66000000	0.0574740788467375
chr4	66000001	66500000	0.0498662921688519
chr4	66500001	67000000	-0.0706765135176804
chr4	67000001	67500000	-0.00986482606291797
chr4	67500001	68000000	-0.00492243033657637
chr4	68000001	68500000	0.00103818213814076
chr4	68500001	69000000	-0.0616999273117117
chr4	69000001	69500000	0.102135340931094
chr4	69500001	70000000	0.0193343276460455
chr4	70000001	70500000	0.0151723069316951
chr4	70500001	71000000	-0.000887878810670956
chr4	71000001	71500000	-0.0691118126049709
chr4	71500001	72000000	0.0539189413480696
chr4	72000001	72500000	-0.0149814713093595
chr4	72500001	73000000	-0.00732557712972903
chr4	73000001	73500000	-0.00137449526864434
chr4	73500001	74000000	0.0379110731618638
chr4	74000001	74500000	0.0900323455897933
chr4	74500001	75000000	-0.0350372979003301
chr4	75000001	75500000	0.13359717937765
chr4	75500001	76000000	-0.0168268489047151
chr4	76000001	76500000	0.0231638715544326
chr4	76500001	77000000	-0.031815119638879
chr4	77000001	77500000	0.0515933829664372
chr4	77500001	78000000	0.0217165952894473
chr4	78000001	78500000	0.032078220645459
chr4	78500001	79000000	0.0452580156258394
chr4	79000001	79500000	-0.1150436779181
chr4	79500001	80000000	-0.0375978379941903
chr4	80000001	80500000	0.0299481541239231
chr4	80500001	81000000	0.0323468554014672
chr4	81000001	81500000	0.0138227283557608
chr4	81500001	82000000	0.0338769532934562
chr4	82000001	82500000	0.0404479703493944
chr4	82500001	83000000	-0.00651349943391072
chr4	83000001	83500000	0.181890940301247
chr4	83500001	84000000	0.00729314677049729
chr4	84000001	84500000	0.00913121548986748
chr4	84500001	85000000	0.0390078534835686
chr4	85000001	85500000	0.0297915030510755
chr4	85500001	86000000	0.104350314718326
chr4	86000001	86500000	-0.0749862044258224
chr4	86500001	87000000	0.0418664398641762
chr4	87000001	87500000	0.0575973336971457
chr4	87500001	88000000	0.00442493884770817
chr4	88000001	88500000	-0.02924365915503
chr4	88500001	89000000	-0.0809445468132919
chr4	89000001	89500000	-0.0710187647204071
chr4	89500001	90000000	-0.0351188305520686
chr4	90000001	90500000	-0.0937119774566152
chr4	90500001	91000000	-0.117376947736361
chr4	91000001	91500000	-0.0371256103671482
chr4	91500001	92000000	-0.0473094254833503
chr4	92000001	92500000	0.00711828682808495
chr4	92500001	93000000	0.00436602156628796
chr4	93000001	93500000	-0.0755291926871565
chr4	93500001	94000000	-0.0395350213518409
chr4	94000001	94500000	-0.0962450013518589
chr4	94500001	95000000	-0.114743582282835
chr4	95000001	95500000	-0.130758999275686
chr4	95500001	96000000	-0.00891333569958833
chr4	96000001	96500000	0.00380708568067132
chr4	96500001	97000000	-0.0957103520540594
chr4	97000001	97500000	-0.029293996060609
chr4	97500001	98000000	0.0251029174771831
chr4	98000001	98500000	-0.0661541614645023
chr4	98500001	99000000	-0.113933920788942
chr4	99000001	99500000	-0.0938191362608475
chr4	99500001	100000000	-0.120419354511347
chr4	100000001	100500000	-0.0330905934234815
chr4	100500001	101000000	-0.0739466988820621
chr4	101000001	101500000	-0.0377214386787898
chr4	101500001	102000000	-0.0931804299485959
chr4	102000001	102500000	-0.109220011118314
chr4	102500001	103000000	-0.00656664055266811
chr4	103000001	103500000	-0.0490312050197156
chr4	103500001	104000000	-0.0341109888643111
chr4	104000001	104500000	-0.119075108508549
chr4	104500001	105000000	-0.0617210714100368
chr4	105000001	105500000	0.00633696210285092
chr4	105500001	106000000	-0.060918517514072
chr4	106000001	106500000	0.0358442463463309
chr4	106500001	107000000	-0.0435874642500469
chr4	107000001	107500000	-0.0869610140782373
chr4	107500001	108000000	-0.0307795862047645
chr4	108000001	108500000	-0.063003089042242
chr4	108500001	109000000	-0.0495286904499983
chr4	109000001	109500000	-0.0637770481088225
chr4	109500001	110000000	-0.045932990857917
chr4	110000001	110500000	-0.15003359495442
chr4	110500001	111000000	-0.0906840130464957
chr4	111000001	111500000	-0.122676540765511
chr4	111500001	112000000	-0.106904410107392
chr4	112000001	112500000	-0.146147027771232
chr4	112500001	113000000	-0.0801378586714588
chr4	113000001	113500000	-0.0534512443844954
chr4	113500001	114000000	-0.108194581943051
chr4	114000001	114500000	-0.0709345060687195
chr4	114500001	115000000	-0.0397206901599889
chr4	115000001	115500000	-0.132417204778448
chr4	115500001	116000000	-0.0929524282521273
chr4	116000001	116500000	-0.0405124150941287
chr4	116500001	117000000	-0.0912518752958638
chr4	117000001	117500000	-0.0465181899853461
chr4	117500001	118000000	-0.099461538763329
chr4	118000001	118500000	0.0106636258644956
chr4	118500001	119000000	0.00800472591076958
chr4	119000001	119500000	-0.06516126622145
chr4	119500001	120000000	-0.0839203004880408
chr4	120000001	120500000	-0.0477354314143659
chr4	120500001	121000000	-0.0327109140577085
chr4	121000001	121500000	-0.0685017814838797
chr4	121500001	122000000	-0.0432008084217891
chr4	122000001	122500000	-0.00142493466277842
chr4	122500001	123000000	-0.00756357293303458
chr4	123000001	123500000	-0.109225031542638
chr4	123500001	124000000	0.00617343312571886
chr4	124000001	124500000	0.00512854491902615
chr4	124500001	125000000	-0.0921795142997014
chr4	125000001	125500000	-0.11004400996843
chr4	125500001	126000000	-0.0132056144132027
chr4	126000001	126500000	-0.0139777205790127
chr4	126500001	127000000	-0.116645772749186
chr4	127000001	127500000	-0.0511725772379531
chr4	127500001	128000000	-0.174546319444355
chr4	128000001	128500000	-0.0525465605487256
chr4	128500001	129000000	-0.0313846876835763
chr4	129000001	129500000	-0.0147880740634925
chr4	129500001	130000000	-0.0232827992175477
chr4	130000001	130500000	-0.0353132808070231
chr4	130500001	131000000	-0.0193244493265811
chr4	131000001	131500000	0.0487764844283377
chr4	132000001	132500000	-0.073698274197789
chr4	132500001	133000000	0.00980077307346304
chr4	133000001	133500000	-0.0510391743253647
chr4	133500001	134000000	0.0617766565624078
chr4	134000001	134500000	-0.0488393764315236
chr4	134500001	135000000	-0.0150628525875574
chr4	135000001	135500000	-0.0529202575370476
chr4	135500001	136000000	-0.128907356437527
chr4	136000001	136500000	-0.0966266905040813
chr4	136500001	137000000	-0.116307769042569
chr4	137000001	137500000	0.00872596509256233
chr4	137500001	138000000	-0.115475380499947
chr4	138000001	138500000	-0.0638634130826721
chr4	138500001	139000000	-0.128769406353031
chr4	139000001	139500000	0.0208927764374277
chr4	139500001	140000000	-0.0604004133613893
chr4	140000001	140500000	-0.0964389761142784
chr4	140500001	141000000	-0.0573016343708244
chr4	141000001	141500000	-0.131927071857378
chr4	141500001	142000000	-0.0806187565477624
chr4	142000001	142500000	-0.0772051409077851
chr4	142500001	143000000	-0.080164438972791
chr4	143000001	143500000	-0.0721390053868692
chr4	143500001	144000000	0.0572310189477932
chr4	144000001	144500000	-0.00305211473768411
chr4	144500001	145000000	-0.0130948429574429
chr4	145000001	145500000	-0.0183854898430856
chr4	145500001	146000000	0.0147213899615303
chr4	146000001	146500000	0.00527266542899521
chr4	146500001	147000000	-0.0147515293234652
chr4	147000001	147500000	-0.0838772379343608
chr4	147500001	148000000	-0.0128038696949799
chr4	148000001	148500000	-0.0246800354691457
chr4	148500001	149000000	-0.0301251736041849
chr4	149000001	149500000	-0.0258882794611215
chr4	149500001	150000000	-0.0486980348618741
chr4	150000001	150500000	0.00628500073223881
chr4	150500001	151000000	-0.0653383567726441
chr4	151000001	151500000	-0.0860131809610084
chr4	151500001	152000000	-0.0156038726197738
chr4	152000001	152500000	-0.0978717303548035
chr4	152500001	153000000	0.0808305402531766
chr4	153000001	153500000	-0.0199342399027868
chr4	153500001	154000000	0.0289952574040605
chr4	154000001	154500000	-0.0452548372503254
chr4	154500001	155000000	-0.0641428751795897
chr4	155000001	155500000	-0.160462157422169
chr4	155500001	156000000	-0.040446845146484
chr4	156000001	156500000	-0.12651179685141
chr4	156500001	157000000	-0.0582996782525826
chr4	157000001	157500000	-0.0822199636951033
chr4	157500001	158000000	0.00209030689663979
chr4	158000001	158500000	-0.0653699180521155
chr4	158500001	159000000	-0.0517899034217992
chr4	159000001	159500000	-0.0662275039637184
chr4	159500001	160000000	-0.0898314445435968
chr4	160000001	160500000	0.0188418221284163
chr4	160500001	161000000	-0.0798588572729814
chr4	161000001	161500000	-0.037793250234952
chr4	161500001	162000000	-0.0349099923685354
chr4	162000001	162500000	-0.00584044805473613
chr4	162500001	163000000	0.0404015746035681
chr4	163000001	163500000	0.0765577948044581
chr4	163500001	164000000	-0.0194072801910366
chr4	164000001	164500000	0.0208779731661555
chr4	164500001	165000000	-0.00732927250857887
chr4	165000001	165500000	-0.0137589918232394
chr4	165500001	166000000	-0.0853050321886177
chr4	166000001	166500000	0.0575289017185212
chr4	166500001	167000000	0.0982370964377103
chr4	167000001	167500000	0.0606996757839962
chr4	167500001	168000000	0.078324846943727
chr4	168000001	168500000	0.0618769283570793
chr4	168500001	169000000	0.0516523403282697
chr4	169000001	169500000	0.0390884387524608
chr4	169500001	170000000	0.182019775808339
chr4	170000001	170500000	0.159077289385466
chr4	170500001	171000000	0.123619367431023
chr4	171000001	171500000	0.0478296271393139
chr4	171500001	172000000	0.0687936329425071
chr4	172000001	172500000	0.0848682923023055
chr4	172500001	173000000	0.0194311324552098
chr4	173000001	173500000	0.123263398888198
chr4	173500001	174000000	0.0572016056184925
chr4	174000001	174500000	0.0737546333050774
chr4	174500001	175000000	0.105677033395276
chr4	175000001	175500000	0.0346054126472892
chr4	175500001	176000000	-0.0228932851047269
chr4	176000001	176500000	0.0706449366946077
chr4	176500001	177000000	-0.0199713837029368
chr4	177000001	177500000	0.0799124377029862
chr4	177500001	178000000	0.0928102004934622
chr4	178000001	178500000	0.11070451228266
chr4	178500001	179000000	0.1147166029147
chr4	179000001	179500000	0.0784488568083497
chr4	179500001	180000000	0.10011002591836
chr4	180000001	180500000	0.0922884731323232
chr4	180500001	181000000	0.116177931264942
chr4	181000001	181500000	0.125485495501744
chr4	181500001	182000000	0.102818894450352
chr4	182000001	182500000	0.0468923677441679
chr4	182500001	183000000	0.164720031603861
chr4	183000001	183500000	0.0488484839467124
chr4	183500001	184000000	0.0657734778139927
chr4	184000001	184500000	-0.0198781931612958
chr4	184500001	185000000	0.0198885350618242
chr4	185000001	185500000	-0.101613014606192
chr4	185500001	186000000	-0.0148188737694822
chr4	186000001	186500000	0.0391047273356724
chr4	186500001	187000000	-0.0273640002458616
chr4	187000001	187500000	0.0655581958957462
chr4	187500001	188000000	0.0715990995487021
chr4	188000001	188500000	0.0567463697191762
chr4	188500001	189000000	-0.0732553014134214
chr4	189000001	189500000	0.0304867030555922
chr5	1	500000	NA
chr5	500001	1000000	0.221672899943278
chr5	1000001	1500000	0.0402659775595855
chr5	1500001	2000000	0.0978507089751415
chr5	2000001	2500000	0.0492738457383314
chr5	2500001	3000000	0.0674845452229047
chr5	3000001	3500000	0.0381156006396827
chr5	3500001	4000000	0.0658603022495324
chr5	4000001	4500000	0.121428750671718
chr5	4500001	5000000	0.0524784133198383
chr5	5000001	5500000	0.10090913363803
chr5	5500001	6000000	0.0708354839693116
chr5	6000001	6500000	0.0265730172883895
chr5	6500001	7000000	0.0505522519504243
chr5	7000001	7500000	0.0260031952239795
chr5	7500001	8000000	0.0660068260469827
chr5	8000001	8500000	0.0805202780769977
chr5	8500001	9000000	-0.0524930859442058
chr5	9000001	9500000	0.0696900190566813
chr5	9500001	10000000	0.0600673221391331
chr5	10000001	10500000	0.114364708777661
chr5	10500001	11000000	0.1662459264911
chr5	11000001	11500000	0.102995267472128
chr5	11500001	12000000	-0.0335953211165823
chr5	12000001	12500000	0.0614715992943099
chr5	12500001	13000000	0.0768175500710434
chr5	13000001	13500000	0.161010866481137
chr5	13500001	14000000	0.092165576554732
chr5	14000001	14500000	-0.0546261648670495
chr5	14500001	15000000	0.0770401618347754
chr5	15000001	15500000	0.0922441462228526
chr5	15500001	16000000	0.111062717555987
chr5	16000001	16500000	0.105045163649238
chr5	16500001	17000000	0.00434476366510187
chr5	17000001	17500000	0.0916745758780147
chr5	17500001	18000000	NA
chr5	18000001	18500000	0.0474963453580458
chr5	18500001	19000000	0.00367230737776121
chr5	19000001	19500000	0.100154472992472
chr5	19500001	20000000	0.192125696915347
chr5	20000001	20500000	0.0532017292574313
chr5	20500001	21000000	0.0741645011637486
chr5	21500001	22000000	0.0683196176417788
chr5	22000001	22500000	0.122187191824087
chr5	22500001	23000000	0.0627098674297333
chr5	23000001	23500000	0.0494965139952914
chr5	23500001	24000000	0.0678636748311919
chr5	24000001	24500000	0.113299857803162
chr5	24500001	25000000	0.0501739830415085
chr5	25000001	25500000	0.100587192998192
chr5	25500001	26000000	0.116440495225768
chr5	26000001	26500000	0.101105434402283
chr5	26500001	27000000	0.0611499138484082
chr5	27000001	27500000	0.107071900747331
chr5	27500001	28000000	0.0443489384369774
chr5	28000001	28500000	0.132033186056841
chr5	28500001	29000000	0.095079605154364
chr5	29000001	29500000	0.118698218059647
chr5	29500001	30000000	0.0540701077172186
chr5	30000001	30500000	0.077503144346328
chr5	30500001	31000000	0.101336176262643
chr5	31000001	31500000	0.0725754674149318
chr5	31500001	32000000	0.0950373072893972
chr5	32000001	32500000	0.0279100512519975
chr5	32500001	33000000	0.124270718277464
chr5	33000001	33500000	0.068230046854005
chr5	33500001	34000000	0.13329513117373
chr5	34500001	35000000	0.0302546720509945
chr5	35000001	35500000	0.0856527062106466
chr5	35500001	36000000	0.0920541956669768
chr5	36000001	36500000	0.122394589375174
chr5	36500001	37000000	0.113594288157131
chr5	37000001	37500000	0.0587392094785065
chr5	37500001	38000000	0.0970669099929783
chr5	38000001	38500000	0.144800327586587
chr5	38500001	39000000	0.143837593437524
chr5	39000001	39500000	0.144718501722268
chr5	39500001	40000000	0.110274661937976
chr5	40000001	40500000	0.0922198076508132
chr5	40500001	41000000	0.155899308845047
chr5	41000001	41500000	0.0229268903437179
chr5	41500001	42000000	0.0836277901315952
chr5	42000001	42500000	0.10564058035829
chr5	42500001	43000000	0.124988484838041
chr5	43000001	43500000	0.18628609887882
chr5	43500001	44000000	0.119664757630683
chr5	44000001	44500000	0.0544790772221093
chr5	44500001	45000000	0.0387892654689157
chr5	45000001	45500000	0.0683719098021588
chr5	51500001	52000000	0.0173444327772471
chr5	52000001	52500000	-0.0371307074129942
chr5	52500001	53000000	-0.00339676959971048
chr5	53000001	53500000	-0.0325357901323755
chr5	53500001	54000000	-0.0611124107745584
chr5	54000001	54500000	-0.018408958413505
chr5	54500001	55000000	0.0399332081847219
chr5	55000001	55500000	-0.0527149276435396
chr5	55500001	56000000	-0.131427924931391
chr5	56000001	56500000	0.0563996215774299
chr5	56500001	57000000	0.0291577033414646
chr5	57000001	57500000	0.0457854479897336
chr5	57500001	58000000	-0.0197186595071814
chr5	58000001	58500000	-0.151508521268577
chr5	58500001	59000000	-0.0182514534869171
chr5	59000001	59500000	-0.0144375817812289
chr5	59500001	60000000	-0.102678652260137
chr5	60000001	60500000	-0.0737289919161116
chr5	60500001	61000000	-0.0573216012591681
chr5	61000001	61500000	0.00743616415091469
chr5	61500001	62000000	-0.0586336846826185
chr5	62000001	62500000	-0.0246304513621051
chr5	62500001	63000000	0.0187590401904653
chr5	63000001	63500000	-0.0463997390410177
chr5	63500001	64000000	-0.0139888195174827
chr5	64000001	64500000	-0.0673370809603971
chr5	64500001	65000000	0.00495476357010183
chr5	65000001	65500000	-0.035047452964773
chr5	65500001	66000000	-0.033843153228584
chr5	66000001	66500000	-0.0325379748533634
chr5	66500001	67000000	-0.082211136905552
chr5	67000001	67500000	-0.154490171972114
chr5	67500001	68000000	0.0505410958185654
chr5	68000001	68500000	-0.047276236155862
chr5	68500001	69000000	-0.0668547389127774
chr5	69000001	69500000	-0.125366613455799
chr5	71500001	72000000	-0.0283725305123545
chr5	72000001	72500000	0.0739716500899607
chr5	72500001	73000000	-0.0926750033529967
chr5	73000001	73500000	-0.0126772156007272
chr5	73500001	74000000	-0.0653061696217116
chr5	74000001	74500000	0.00473595691991165
chr5	74500001	75000000	-0.129013476115981
chr5	75000001	75500000	-0.0293181513409327
chr5	75500001	76000000	-0.0389179852847847
chr5	76000001	76500000	-0.0372636542659966
chr5	76500001	77000000	-0.0794018150506836
chr5	77000001	77500000	-0.00151574816684335
chr5	77500001	78000000	-0.1099430249682
chr5	78000001	78500000	0.00236596732173347
chr5	78500001	79000000	-0.0191638190207237
chr5	79000001	79500000	-0.163294098329145
chr5	79500001	80000000	-0.069933512781646
chr5	80000001	80500000	-0.0966183140912948
chr5	80500001	81000000	-0.0265120812172168
chr5	81000001	81500000	-0.0330051608557685
chr5	81500001	82000000	-0.0136957956320803
chr5	82000001	82500000	-0.0607391790258612
chr5	82500001	83000000	-0.0209784938708694
chr5	83000001	83500000	-0.104806008005961
chr5	83500001	84000000	-0.0454693747938403
chr5	84000001	84500000	-0.0702916415215383
chr5	84500001	85000000	-0.1306760604586
chr5	85000001	85500000	-0.103895172340963
chr5	85500001	86000000	-0.0252658620927989
chr5	86000001	86500000	-0.12265697191077
chr5	86500001	87000000	-0.111020882727061
chr5	87000001	87500000	-0.0957047998120014
chr5	87500001	88000000	-0.00875061000353075
chr5	88000001	88500000	-0.0986200816258029
chr5	88500001	89000000	-0.0588009469391982
chr5	89000001	89500000	-0.0306554078776988
chr5	89500001	90000000	0.00573064875307348
chr5	90000001	90500000	-0.156002968638825
chr5	90500001	91000000	-0.033496903280336
chr5	91000001	91500000	0.00752597818251009
chr5	91500001	92000000	-0.0573720713024009
chr5	92000001	92500000	0.00749226157983876
chr5	92500001	93000000	-0.0454136582878149
chr5	93000001	93500000	-0.080900770767123
chr5	93500001	94000000	-0.0699254948603724
chr5	94000001	94500000	-0.0174654812583816
chr5	94500001	95000000	-0.0675380371803978
chr5	95000001	95500000	-0.0564448806367238
chr5	95500001	96000000	-0.0123908209090682
chr5	96000001	96500000	-0.0298791089490164
chr5	96500001	97000000	-0.0539272479698789
chr5	97000001	97500000	-0.0739597500160081
chr5	97500001	98000000	-0.0552273263159635
chr5	98000001	98500000	-0.000291223475271728
chr5	98500001	99000000	-0.0417092484971498
chr5	99000001	99500000	-0.0880850066183307
chr5	99500001	100000000	-0.132572558042448
chr5	100000001	100500000	-0.0852176363209848
chr5	100500001	101000000	0.00182038771770263
chr5	101000001	101500000	-0.0852084901628617
chr5	101500001	102000000	-0.0838067679002095
chr5	102000001	102500000	-0.016637393430346
chr5	102500001	103000000	-0.0242010499316495
chr5	103000001	103500000	-0.0578286618057177
chr5	103500001	104000000	-0.0462726943422233
chr5	104000001	104500000	0.0548375467307941
chr5	104500001	105000000	-0.07688464607199
chr5	105000001	105500000	-0.0189861347985741
chr5	105500001	106000000	-0.0396301738704512
chr5	106000001	106500000	-0.054893253815818
chr5	106500001	107000000	-0.00506867386292294
chr5	107000001	107500000	-0.0375723801559406
chr5	107500001	108000000	0.0245734351983408
chr5	108000001	108500000	-0.0638412224231747
chr5	108500001	109000000	-0.0489606061903439
chr5	109000001	109500000	-0.038600650068186
chr5	109500001	110000000	-0.0963251812418493
chr5	110000001	110500000	-0.0784680744051769
chr5	110500001	111000000	-0.0604925016234223
chr5	111000001	111500000	-0.106313089948444
chr5	111500001	112000000	-0.0601908027518092
chr5	112000001	112500000	-0.0987240840197852
chr5	112500001	113000000	-0.0272179030054691
chr5	113000001	113500000	0.0192708936345818
chr5	113500001	114000000	0.0609325700854782
chr5	114000001	114500000	-0.00733492520029962
chr5	114500001	115000000	0.0414957031691148
chr5	115000001	115500000	0.0269287219640647
chr5	115500001	116000000	-0.0438070570458018
chr5	116000001	116500000	0.0545076598074257
chr5	116500001	117000000	0.030880824876669
chr5	117000001	117500000	-0.0271745132202977
chr5	117500001	118000000	-0.0955730427915607
chr5	118000001	118500000	0.0537228878871801
chr5	118500001	119000000	-0.00121897384031696
chr5	119000001	119500000	0.0691222153897882
chr5	119500001	120000000	0.0462980264679801
chr5	120000001	120500000	0.0743598589014931
chr5	120500001	121000000	0.0137769837959241
chr5	121000001	121500000	0.0710849347579121
chr5	121500001	122000000	0.0206168600259683
chr5	122000001	122500000	0.0465096850848679
chr5	122500001	123000000	0.061052303577839
chr5	123000001	123500000	-0.0265643546410119
chr5	123500001	124000000	0.130431493984231
chr5	124000001	124500000	0.0722157122232259
chr5	124500001	125000000	0.0308789612159186
chr5	125000001	125500000	0.00546884085951099
chr5	125500001	126000000	0.107862000083344
chr5	126000001	126500000	0.0648094402157519
chr5	126500001	127000000	0.134100237031089
chr5	127000001	127500000	0.112245287467309
chr5	127500001	128000000	0.0290398954180797
chr5	128000001	128500000	-0.0677808226644218
chr5	128500001	129000000	-0.0464641384152623
chr5	129000001	129500000	0.00617596900535497
chr5	129500001	130000000	0.0456370613396907
chr5	130000001	130500000	0.0083199927954302
chr5	130500001	131000000	0.046659433649169
chr5	131000001	131500000	0.00479930795151725
chr5	131500001	132000000	0.0708120940746789
chr5	132000001	132500000	0.0654925511434684
chr5	132500001	133000000	0.0550146658574745
chr5	133000001	133500000	0.0720996665102348
chr5	133500001	134000000	-0.0304955064669326
chr5	134000001	134500000	0.0227809366777477
chr5	134500001	135000000	-0.00643343164177114
chr5	135000001	135500000	0.0692279713221593
chr5	135500001	136000000	0.0291407801786781
chr5	136000001	136500000	-0.00619763251454301
chr5	136500001	137000000	0.0600299495528627
chr5	137000001	137500000	0.116966338843479
chr5	137500001	138000000	0.0763928682314926
chr5	138000001	138500000	0.0545721891464932
chr5	138500001	139000000	0.01933202769322
chr5	139000001	139500000	NA
chr5	139500001	140000000	0.0151883827463928
chr5	140000001	140500000	0.0455520443236826
chr5	140500001	141000000	0.057352181166069
chr5	141000001	141500000	0.0333672444667844
chr5	141500001	142000000	0.0443537606249638
chr5	142000001	142500000	0.0315027687486764
chr5	142500001	143000000	0.116968999151879
chr5	143000001	143500000	0.0129108396545945
chr5	143500001	144000000	-0.0107090057648864
chr5	144000001	144500000	-0.0239383294871317
chr5	144500001	145000000	0.0669216665095515
chr5	145000001	145500000	0.0496772844753463
chr5	145500001	146000000	0.0430597172144085
chr5	146000001	146500000	0.0239958016757747
chr5	146500001	147000000	-0.00889170264313172
chr5	147000001	147500000	0.00456590562046516
chr5	147500001	148000000	-0.0958401370883547
chr5	148000001	148500000	0.0606502417383404
chr5	148500001	149000000	0.045082988663568
chr5	149000001	149500000	-0.00915199608288473
chr5	149500001	150000000	0.00276546045426853
chr5	150000001	150500000	0.101842097822364
chr5	150500001	151000000	0.0385932382534138
chr5	151000001	151500000	0.10646564365686
chr5	151500001	152000000	0.0797210221060576
chr5	152000001	152500000	0.0730074199931007
chr5	152500001	153000000	0.0202114139241089
chr5	153000001	153500000	0.063014236851524
chr5	153500001	154000000	0.0284681039705571
chr5	154000001	154500000	0.139753788088786
chr5	154500001	155000000	-0.0695235032159489
chr5	155000001	155500000	0.0899821586205807
chr5	155500001	156000000	NA
chr5	156000001	156500000	0.0377966688018272
chr5	156500001	157000000	0.00279591798814997
chr5	157000001	157500000	0.116759500297025
chr5	157500001	158000000	-0.0656336043001318
chr5	158000001	158500000	-0.0302783778462645
chr5	158500001	159000000	0.0364698544128717
chr5	159000001	159500000	0.0635014563737108
chr5	159500001	160000000	0.0457459751643442
chr5	160000001	160500000	0.00190796139283311
chr5	160500001	161000000	0.0120463071269416
chr5	161000001	161500000	0.0430080040854072
chr5	161500001	162000000	0.0304663783074159
chr5	162000001	162500000	-0.0073053038150237
chr5	162500001	163000000	0.0856665833879495
chr5	163000001	163500000	-0.013175248177117
chr5	163500001	164000000	0.0771054224694034
chr5	164000001	164500000	-0.0334167428742683
chr5	164500001	165000000	-0.0298430818301612
chr5	165000001	165500000	-0.0596141657887348
chr5	165500001	166000000	0.00905197762124241
chr5	166000001	166500000	-0.03364958883053
chr5	166500001	167000000	0.0179658527272651
chr5	167000001	167500000	0.0392960724844795
chr5	167500001	168000000	0.02793999235595
chr5	168000001	168500000	-0.00500974004165063
chr5	168500001	169000000	0.0540591560083507
chr5	169000001	169500000	0.0223907548174744
chr5	169500001	170000000	0.0431154627345942
chr5	170000001	170500000	0.111776468302295
chr5	170500001	171000000	0.0614293317321294
chr5	171000001	171500000	0.0418712559473478
chr5	171500001	172000000	0.15911575392031
chr5	172000001	172500000	0.0291810382533099
chr5	172500001	173000000	0.0060872710962119
chr5	173000001	173500000	-0.0298207925554826
chr5	173500001	174000000	0.101221034430907
chr5	174000001	174500000	0.0185667229448049
chr5	174500001	175000000	0.0245308512446056
chr5	175000001	175500000	0.0291361192960726
chr5	175500001	176000000	0.0811562385899616
chr5	176500001	177000000	0.0349818929456484
chr5	177000001	177500000	0.12520537859328
chr5	178000001	178500000	-0.00730829990436437
chr5	178500001	179000000	-0.0406484503874856
chr5	179000001	179500000	-0.0371465382985708
chr5	179500001	180000000	-0.0216540108812717
chr5	180000001	180500000	-0.0549312589489895
chr5	180500001	181000000	-0.0222265797288326
chr6	500001	1000000	-0.0313737995757834
chr6	1000001	1500000	-0.0169183258964797
chr6	1500001	2000000	0.0579719621943058
chr6	2000001	2500000	0.0473285024933478
chr6	2500001	3000000	0.116722847238817
chr6	3000001	3500000	-0.0267303697750977
chr6	3500001	4000000	-0.0110624252226251
chr6	4000001	4500000	0.0317557420517433
chr6	4500001	5000000	0.062746111929933
chr6	5000001	5500000	0.0440228973371725
chr6	5500001	6000000	0.0767857613405841
chr6	6000001	6500000	0.0979985501138753
chr6	6500001	7000000	0.137077698861873
chr6	7000001	7500000	0.043974234114882
chr6	7500001	8000000	-0.0227519047961136
chr6	8000001	8500000	0.000503213141088987
chr6	8500001	9000000	-0.036708911324694
chr6	9000001	9500000	-0.0417529582155853
chr6	9500001	10000000	0.00128996784475321
chr6	10000001	10500000	0.0568275608647087
chr6	10500001	11000000	0.0182258944081065
chr6	11000001	11500000	0.0618093591058649
chr6	11500001	12000000	0.0777563160876544
chr6	12000001	12500000	0.00560458185241689
chr6	12500001	13000000	0.0784363801319251
chr6	13000001	13500000	0.193496909237385
chr6	13500001	14000000	0.0210368121706498
chr6	14000001	14500000	0.106298601363425
chr6	14500001	15000000	0.0804139852340355
chr6	15000001	15500000	0.173010501230876
chr6	15500001	16000000	0.0420581400625744
chr6	16000001	16500000	0.0566635014625189
chr6	16500001	17000000	0.0299168544098236
chr6	17000001	17500000	-0.00515695277680028
chr6	17500001	18000000	0.0768626265943476
chr6	18000001	18500000	0.0237036926004566
chr6	18500001	19000000	-0.0383042619059178
chr6	19000001	19500000	0.0163844828389792
chr6	19500001	20000000	0.0656036398863912
chr6	20000001	20500000	0.0820721880179058
chr6	20500001	21000000	0.0923011883073127
chr6	21000001	21500000	0.012173595549729
chr6	21500001	22000000	-0.0600941368206991
chr6	22000001	22500000	0.03306524683715
chr6	22500001	23000000	0.00609033261224696
chr6	23000001	23500000	-0.0222141322274373
chr6	23500001	24000000	0.0617541021770449
chr6	24000001	24500000	0.0293977282403907
chr6	24500001	25000000	0.208039086676552
chr6	25000001	25500000	0.0621213418227074
chr6	25500001	26000000	0.0250638110767384
chr6	26000001	26500000	0.0715522567176219
chr6	27000001	27500000	0.0208389106533993
chr6	27500001	28000000	0.00704699168755883
chr6	28000001	28500000	0.0706945250605893
chr6	28500001	29000000	0.0331041505662551
chr6	29000001	29500000	-0.0642972257908648
chr6	29500001	30000000	0.0927654440880777
chr6	30000001	30500000	0.0538413063216066
chr6	30500001	31000000	0.0574465602661407
chr6	31000001	31500000	0.104119403209915
chr6	31500001	32000000	0.167666247228381
chr6	32000001	32500000	0.102187889301135
chr6	32500001	33000000	0.082239487525574
chr6	33000001	33500000	0.111288039217849
chr6	33500001	34000000	0.0346867544392885
chr6	34000001	34500000	-0.0201909359733125
chr6	34500001	35000000	0.000649297146168546
chr6	35000001	35500000	0.0653422881802086
chr6	35500001	36000000	0.177589751101477
chr6	36000001	36500000	0.109959726852078
chr6	36500001	37000000	0.141792145895917
chr6	37000001	37500000	0.0658217240122035
chr6	37500001	38000000	-0.0714626506125792
chr6	38000001	38500000	0.0815762131539527
chr6	38500001	39000000	-0.0365788956183767
chr6	39000001	39500000	0.00125978159419879
chr6	39500001	40000000	0.0665146121962838
chr6	40000001	40500000	0.0835561154172613
chr6	40500001	41000000	0.0775021278182107
chr6	41000001	41500000	0.104643506204182
chr6	41500001	42000000	-0.0103221375233048
chr6	42000001	42500000	0.147381025553353
chr6	42500001	43000000	0.0710992477465874
chr6	43000001	43500000	0.0886317239746086
chr6	43500001	44000000	0.132396457313682
chr6	44000001	44500000	0.0249680880262626
chr6	44500001	45000000	0.0706580476471364
chr6	45000001	45500000	0.012063188010873
chr6	45500001	46000000	0.0996775531464271
chr6	46000001	46500000	-0.0431227758774661
chr6	46500001	47000000	-0.0602151023029406
chr6	47000001	47500000	-0.064832388072931
chr6	47500001	48000000	0.0588394652182146
chr6	48000001	48500000	-0.000705395131335745
chr6	48500001	49000000	0.0317918163095057
chr6	49000001	49500000	0.105977135271975
chr6	49500001	50000000	-0.0308636236385257
chr6	50000001	50500000	0.0301332272803201
chr6	50500001	51000000	0.0147270067916011
chr6	51000001	51500000	-0.00225986819520041
chr6	51500001	52000000	0.0289987603367686
chr6	52000001	52500000	0.118363568193773
chr6	52500001	53000000	0.0198800878502251
chr6	53000001	53500000	0.0344756521873512
chr6	53500001	54000000	-0.00948032102688162
chr6	54000001	54500000	0.0390135337958476
chr6	54500001	55000000	-0.0379312637992784
chr6	55000001	55500000	-0.0392679412661831
chr6	55500001	56000000	0.0574526758432314
chr6	56000001	56500000	-0.0219746063100914
chr6	56500001	57000000	0.0414512068280808
chr6	57000001	57500000	0.0171353270194603
chr6	63000001	63500000	0.0223754037993153
chr6	63500001	64000000	-0.0121423352117592
chr6	64000001	64500000	0.0806896397071146
chr6	64500001	65000000	0.0534320917103972
chr6	65000001	65500000	0.0149254949687779
chr6	65500001	66000000	0.00775378552823427
chr6	66000001	66500000	-0.0017651926380897
chr6	66500001	67000000	0.0447887272420721
chr6	67000001	67500000	NA
chr6	67500001	68000000	0.0122101799220711
chr6	68000001	68500000	0.0424142501404116
chr6	68500001	69000000	-0.0585773868789002
chr6	69000001	69500000	0.035963739725347
chr6	69500001	70000000	0.0394046979080401
chr6	70000001	70500000	-0.0240238790128513
chr6	70500001	71000000	-0.0273012004850863
chr6	71000001	71500000	0.00654829074885974
chr6	71500001	72000000	0.0607611864714668
chr6	72000001	72500000	0.0568905919384249
chr6	72500001	73000000	-0.00421350926543818
chr6	73000001	73500000	0.00375913910992139
chr6	73500001	74000000	0.000632863784555106
chr6	74000001	74500000	0.0817319636572604
chr6	74500001	75000000	0.086778401281212
chr6	75000001	75500000	-0.0615494356401787
chr6	75500001	76000000	-0.0419393671755894
chr6	76000001	76500000	0.00100376498172682
chr6	76500001	77000000	0.0438036695015853
chr6	77000001	77500000	0.027396027174264
chr6	77500001	78000000	0.070949751938912
chr6	78000001	78500000	0.173592081679277
chr6	78500001	79000000	0.00848657949124542
chr6	79000001	79500000	0.0215590058089286
chr6	79500001	80000000	-0.0332884490288026
chr6	80000001	80500000	-0.0183822464615372
chr6	80500001	81000000	-0.0337738170102314
chr6	81000001	81500000	0.0294523550095701
chr6	81500001	82000000	0.0157830944389758
chr6	82000001	82500000	-0.0450767284821476
chr6	82500001	83000000	0.091849766185597
chr6	83000001	83500000	-0.0158162955918505
chr6	83500001	84000000	0.0432235915000601
chr6	84000001	84500000	0.0669923141839352
chr6	84500001	85000000	0.00620442115705292
chr6	85000001	85500000	0.0318749271860179
chr6	85500001	86000000	0.0741253300062371
chr6	86000001	86500000	-0.0407983434275207
chr6	86500001	87000000	0.15086715604898
chr6	87000001	87500000	0.0205610870952185
chr6	87500001	88000000	0.0103088246977677
chr6	88000001	88500000	0.0517962019515149
chr6	88500001	89000000	0.0381091211826685
chr6	89000001	89500000	0.0118720053134503
chr6	89500001	90000000	0.0070603681241413
chr6	90000001	90500000	0.00549980682877951
chr6	90500001	91000000	-0.00870739772989019
chr6	91000001	91500000	-0.0875621608764436
chr6	91500001	92000000	0.00185944372113532
chr6	92000001	92500000	0.0525266109062318
chr6	92500001	93000000	0.00120450016356272
chr6	93000001	93500000	0.0335268545201444
chr6	93500001	94000000	-0.0727350661970543
chr6	94000001	94500000	0.0315136862245348
chr6	94500001	95000000	0.0783410627558612
chr6	95000001	95500000	NA
chr6	95500001	96000000	-0.0341597251848858
chr6	96000001	96500000	-0.0596999056481419
chr6	96500001	97000000	-0.0469261286039689
chr6	97000001	97500000	-0.0235317821494115
chr6	97500001	98000000	-0.0737722060388161
chr6	98000001	98500000	-0.110913268963753
chr6	98500001	99000000	-0.126474093764008
chr6	99000001	99500000	-0.0771487646031282
chr6	99500001	100000000	-0.0961816638007691
chr6	100000001	100500000	-0.0725366745036988
chr6	100500001	101000000	-0.0280577525135208
chr6	101000001	101500000	-0.127519897255522
chr6	101500001	102000000	-0.0350427231202256
chr6	102000001	102500000	-0.127103677575052
chr6	102500001	103000000	-0.099212762646822
chr6	103000001	103500000	-0.0592568342290566
chr6	103500001	104000000	-0.0930925239083863
chr6	104000001	104500000	-0.0442837183718729
chr6	104500001	105000000	-0.0748392623905033
chr6	105000001	105500000	-0.0434920852462465
chr6	105500001	106000000	-0.0125861888246617
chr6	106000001	106500000	-0.0593233855829522
chr6	106500001	107000000	0.00482770315435593
chr6	107000001	107500000	-0.0619549314375319
chr6	107500001	108000000	-0.0158029350977869
chr6	108000001	108500000	0.0342130055281264
chr6	108500001	109000000	0.0410768323505001
chr6	109000001	109500000	-0.00199062427531436
chr6	109500001	110000000	-0.0259884940030573
chr6	110000001	110500000	-0.0418155148916676
chr6	110500001	111000000	-0.0344042883424273
chr6	111000001	111500000	-0.20215312928389
chr6	111500001	112000000	-0.0301816005733336
chr6	112000001	112500000	-0.0614154836223282
chr6	112500001	113000000	-0.0645950020778202
chr6	113000001	113500000	-0.0154557074032499
chr6	113500001	114000000	0.0953557142002533
chr6	114000001	114500000	-0.0624044703050221
chr6	114500001	115000000	0.0552662754146812
chr6	115000001	115500000	NA
chr6	115500001	116000000	-0.0128522359188349
chr6	116000001	116500000	-0.0195993107164623
chr6	116500001	117000000	-0.0738999935413747
chr6	117000001	117500000	-0.071777171769014
chr6	117500001	118000000	0.0144442409791132
chr6	118000001	118500000	-0.0149931229091792
chr6	118500001	119000000	-0.0509953926866297
chr6	119000001	119500000	-0.00394142983387045
chr6	119500001	120000000	-0.0245689559656169
chr6	120000001	120500000	0.0935269289820867
chr6	120500001	121000000	-0.061857530942765
chr6	121000001	121500000	-0.0789183128113379
chr6	121500001	122000000	-0.00390003056400314
chr6	122000001	122500000	-0.0301115346835391
chr6	122500001	123000000	-0.0980483134567861
chr6	123000001	123500000	-0.0422975573939494
chr6	123500001	124000000	0.0563621799936965
chr6	124000001	124500000	-0.0433571063850689
chr6	124500001	125000000	-0.0673861836372346
chr6	125000001	125500000	0.030083041721521
chr6	125500001	126000000	-0.0825699390906684
chr6	126000001	126500000	-0.0519563833584009
chr6	126500001	127000000	-0.0423755162418965
chr6	127000001	127500000	-0.0426472005342364
chr6	127500001	128000000	-0.112746442865891
chr6	128000001	128500000	-0.0234708086952595
chr6	128500001	129000000	-0.0759861655032394
chr6	129000001	129500000	-0.11030309667563
chr6	129500001	130000000	-0.036398017287482
chr6	130000001	130500000	-0.0493283407856124
chr6	130500001	131000000	-0.105375674815498
chr6	131000001	131500000	-0.0666148780420763
chr6	131500001	132000000	-0.0265737553340909
chr6	132000001	132500000	-0.0145123456240084
chr6	132500001	133000000	0.0222742713422644
chr6	133000001	133500000	-0.0676719409343087
chr6	133500001	134000000	-0.0691013091056095
chr6	134000001	134500000	0.0354855242376401
chr6	134500001	135000000	-0.119891155904416
chr6	135000001	135500000	-0.0468499060628612
chr6	135500001	136000000	-0.0410953774677418
chr6	136000001	136500000	-0.0697835761140586
chr6	136500001	137000000	0.00662747420291643
chr6	137000001	137500000	-0.0641275548705735
chr6	137500001	138000000	0.0262756846011808
chr6	138000001	138500000	-0.0379107632352543
chr6	138500001	139000000	-0.0348312703346946
chr6	139000001	139500000	0.0332546919228136
chr6	139500001	140000000	0.0881395358221557
chr6	140000001	140500000	-0.00916756539241204
chr6	140500001	141000000	0.0324716404290659
chr6	141000001	141500000	-0.0439340372959337
chr6	141500001	142000000	-0.0568701628158974
chr6	142000001	142500000	-0.0171737735955985
chr6	142500001	143000000	-0.0173589619220634
chr6	143000001	143500000	-0.0635749754730134
chr6	143500001	144000000	-0.0474842512798554
chr6	144000001	144500000	0.0365756950384184
chr6	144500001	145000000	-0.00370705093890383
chr6	145000001	145500000	-0.0259116603726041
chr6	145500001	146000000	-0.0786876208083671
chr6	146000001	146500000	-0.0358618156373689
chr6	146500001	147000000	-0.00974753836925261
chr6	147000001	147500000	-0.119455455629506
chr6	147500001	148000000	-0.110006250621477
chr6	148000001	148500000	0.00874490896257845
chr6	148500001	149000000	0.0291497831181072
chr6	149000001	149500000	-0.0946008268103018
chr6	149500001	150000000	-0.073595121092324
chr6	150000001	150500000	-0.019776116284056
chr6	150500001	151000000	-0.0435802235451839
chr6	151000001	151500000	-0.0678378406779307
chr6	151500001	152000000	-0.0693492657625507
chr6	152000001	152500000	-0.0351905682484273
chr6	152500001	153000000	-0.0924769748722901
chr6	153000001	153500000	-0.0789242016576616
chr6	153500001	154000000	-0.070338345786224
chr6	154000001	154500000	-0.0443605787765696
chr6	154500001	155000000	-0.0770043632270978
chr6	155000001	155500000	-0.0252786111552824
chr6	155500001	156000000	-0.000373658833698639
chr6	156000001	156500000	-0.0340129173240251
chr6	156500001	157000000	-0.150088911372378
chr6	157000001	157500000	0.035231055977019
chr6	157500001	158000000	-0.0143812324841828
chr6	158000001	158500000	-0.0453365182180268
chr6	158500001	159000000	-0.0714444249802479
chr6	159000001	159500000	-0.0163570077784361
chr6	159500001	160000000	-0.00256744862698416
chr6	160000001	160500000	-0.112320171224315
chr6	160500001	161000000	-0.111755189784536
chr6	161000001	161500000	-0.053861327678026
chr6	161500001	162000000	-0.00113718032569119
chr6	162000001	162500000	-0.0147730734808381
chr6	162500001	163000000	-0.0541966272857305
chr6	163000001	163500000	-0.0116461798864437
chr6	163500001	164000000	-0.00864090664039931
chr6	164000001	164500000	0.000300727817021562
chr6	164500001	165000000	-0.0107460994616701
chr6	165000001	165500000	0.008747592546742
chr6	165500001	166000000	-0.00881865902612002
chr6	166000001	166500000	-0.0668453435403338
chr6	166500001	167000000	0.00467122376134959
chr6	167000001	167500000	-0.0634278899381129
chr6	167500001	168000000	NA
chr6	168000001	168500000	-0.0496483720698204
chr6	168500001	169000000	-0.0377175581581551
chr6	169000001	169500000	-0.107290904401431
chr6	169500001	170000000	-0.163096904508379
chr6	170000001	170500000	0.00155442505951184
chr7	1	500000	NA
chr7	500001	1000000	-0.0416258817379202
chr7	1000001	1500000	-0.0923977390764525
chr7	1500001	2000000	-0.067883847236072
chr7	2000001	2500000	-0.0498879530493703
chr7	2500001	3000000	-0.0340154828049658
chr7	3000001	3500000	-0.0382667557536867
chr7	3500001	4000000	-0.0687690210691615
chr7	4000001	4500000	-0.0545430047571543
chr7	4500001	5000000	-0.128583934649334
chr7	5000001	5500000	-0.0616714495889096
chr7	5500001	6000000	-0.137446448899883
chr7	6000001	6500000	-0.0813033339689186
chr7	7000001	7500000	0.000448150283744878
chr7	7500001	8000000	-0.04398037130775
chr7	8000001	8500000	-0.0542763683430883
chr7	8500001	9000000	-0.0317719772477681
chr7	9000001	9500000	-0.0483184165846862
chr7	9500001	10000000	-0.0389429402582846
chr7	10000001	10500000	-0.044320664507393
chr7	10500001	11000000	-0.00427383989048706
chr7	11000001	11500000	-0.111038862797565
chr7	11500001	12000000	0.0176087348487335
chr7	12000001	12500000	-0.0176680746664079
chr7	12500001	13000000	-0.122416361252549
chr7	13000001	13500000	-0.130468454279176
chr7	13500001	14000000	-0.0614614729682353
chr7	14000001	14500000	-0.0297801021855951
chr7	14500001	15000000	-0.0809901363200994
chr7	15000001	15500000	-0.105665017517586
chr7	15500001	16000000	-0.124331805954892
chr7	16000001	16500000	-0.0493845652119359
chr7	16500001	17000000	-0.0521160654735247
chr7	17000001	17500000	-0.0557873378961976
chr7	17500001	18000000	-0.127465297413263
chr7	18000001	18500000	-0.0150009936224971
chr7	18500001	19000000	-0.127091959990714
chr7	19000001	19500000	-0.0551357929949124
chr7	19500001	20000000	-0.0589845750053341
chr7	20000001	20500000	-0.00623946562769942
chr7	20500001	21000000	-0.0343451981683978
chr7	21000001	21500000	-0.0138226077510747
chr7	21500001	22000000	-0.0995801360666211
chr7	22000001	22500000	-0.0338002500889931
chr7	22500001	23000000	-0.0342368591651811
chr7	23000001	23500000	-0.018843339147285
chr7	23500001	24000000	-0.0111637055476249
chr7	24000001	24500000	-0.0781624443614948
chr7	24500001	25000000	0.00389582579158611
chr7	25000001	25500000	-0.0620775727230253
chr7	25500001	26000000	-0.0113840623358401
chr7	26000001	26500000	0.0571903626980031
chr7	26500001	27000000	0.0304360005603362
chr7	27000001	27500000	-0.0133297080025695
chr7	27500001	28000000	-0.0876363444621969
chr7	28000001	28500000	0.0123633352127084
chr7	28500001	29000000	-0.0348195715030644
chr7	29000001	29500000	-0.0146193733477172
chr7	29500001	30000000	0.0523069566238609
chr7	30000001	30500000	0.0166483851388923
chr7	30500001	31000000	-0.153533429057492
chr7	31000001	31500000	-0.0652133293865467
chr7	31500001	32000000	-0.00489836761886799
chr7	32000001	32500000	0.0721127011709458
chr7	32500001	33000000	0.0572559498119189
chr7	33000001	33500000	0.0257416900039152
chr7	33500001	34000000	0.0210883143508305
chr7	34000001	34500000	0.0994329384073379
chr7	34500001	35000000	0.0271827102473938
chr7	35000001	35500000	0.189249566414464
chr7	35500001	36000000	-0.0349405598081558
chr7	36000001	36500000	0.0711217198120439
chr7	36500001	37000000	0.0889107234002173
chr7	37000001	37500000	0.0818783556516063
chr7	37500001	38000000	0.0515751693898613
chr7	38000001	38500000	-0.0173188842126494
chr7	38500001	39000000	0.0345836660944869
chr7	39000001	39500000	-0.0355874183265618
chr7	39500001	40000000	0.0646112284567871
chr7	40000001	40500000	0.042285832376638
chr7	40500001	41000000	0.0357756428754916
chr7	41000001	41500000	0.0925062227422329
chr7	41500001	42000000	0.0536475432366561
chr7	42000001	42500000	0.0247972155693552
chr7	42500001	43000000	-0.00557787217684578
chr7	43000001	43500000	0.0428902792193037
chr7	43500001	44000000	0.0413133145571655
chr7	44000001	44500000	0.0214643875904104
chr7	44500001	45000000	0.0213007776073954
chr7	45000001	45500000	-0.0342227236087731
chr7	45500001	46000000	0.099821400087859
chr7	46000001	46500000	-0.00393081353404565
chr7	46500001	47000000	-0.0220563455507777
chr7	47000001	47500000	-0.0257286690903232
chr7	47500001	48000000	-0.056465145392913
chr7	48000001	48500000	0.0312437432612772
chr7	48500001	49000000	-0.0201377765278749
chr7	49000001	49500000	0.0585426368241381
chr7	49500001	50000000	-0.017053564432951
chr7	50000001	50500000	0.0941490063500757
chr7	50500001	51000000	-0.0421789806384166
chr7	51000001	51500000	-0.0764870171388428
chr7	51500001	52000000	0.043955839919407
chr7	52000001	52500000	0.0690466742220727
chr7	52500001	53000000	-0.0232519356933982
chr7	53000001	53500000	0.00755871873612038
chr7	53500001	54000000	-0.0640990549777713
chr7	54000001	54500000	0.0101933517721786
chr7	54500001	55000000	0.0393349153052389
chr7	55000001	55500000	-0.0491796826752057
chr7	55500001	56000000	-0.069236402672256
chr7	56000001	56500000	0.0611956117284795
chr7	57000001	57500000	-0.15008321611296
chr7	62500001	63000000	NA
chr7	64000001	64500000	0.0778377612315108
chr7	64500001	65000000	-0.0354843265021801
chr7	66000001	66500000	0.00481058353704234
chr7	66500001	67000000	-0.0596545828224392
chr7	67000001	67500000	0.13966324272266
chr7	67500001	68000000	0.0425176707267424
chr7	68000001	68500000	0.0525464591537146
chr7	68500001	69000000	0.0777351927039439
chr7	69000001	69500000	0.0251644604378209
chr7	69500001	70000000	0.0505327175833983
chr7	70000001	70500000	0.0271938370812531
chr7	70500001	71000000	-0.0150275531926607
chr7	71000001	71500000	0.0337777769829349
chr7	71500001	72000000	-0.0350301560477415
chr7	72000001	72500000	0.0241788173399742
chr7	73500001	74000000	-0.0194539527408762
chr7	74000001	74500000	0.0244062121290711
chr7	75500001	76000000	0.0155778690918234
chr7	76000001	76500000	-0.12656692611008
chr7	77000001	77500000	-0.0691027097557334
chr7	77500001	78000000	0.0927128346792006
chr7	78000001	78500000	0.0835356677534049
chr7	78500001	79000000	0.0470228475737074
chr7	79000001	79500000	0.0520515455360658
chr7	79500001	80000000	0.0960148621333825
chr7	80000001	80500000	-0.0379945164305376
chr7	80500001	81000000	0.110078664442573
chr7	81000001	81500000	0.00693537719105668
chr7	81500001	82000000	-0.0286511058620166
chr7	82000001	82500000	0.0612300427903815
chr7	82500001	83000000	-0.00353326117216608
chr7	83000001	83500000	0.0346072723395029
chr7	83500001	84000000	0.0331273622091608
chr7	84000001	84500000	-0.0269859364289551
chr7	84500001	85000000	-0.0211192153963078
chr7	85000001	85500000	0.0164390680915478
chr7	85500001	86000000	-0.0503334973040206
chr7	86000001	86500000	0.0363386741447128
chr7	86500001	87000000	0.00831516331697185
chr7	87000001	87500000	0.0158307955548348
chr7	87500001	88000000	0.00906098889565169
chr7	88000001	88500000	0.0561210096547572
chr7	88500001	89000000	-0.0276092276284914
chr7	89000001	89500000	-0.00496610308433549
chr7	89500001	90000000	-0.00484136226398829
chr7	90000001	90500000	-0.0102015799598046
chr7	90500001	91000000	0.0191465510992739
chr7	91000001	91500000	0.00396794717070507
chr7	91500001	92000000	0.0663306368081171
chr7	92000001	92500000	0.00343572762689362
chr7	92500001	93000000	0.0452409781710359
chr7	93000001	93500000	0.0730725574931341
chr7	93500001	94000000	0.0156234434005664
chr7	94000001	94500000	0.0386279948546247
chr7	94500001	95000000	-0.00074472011317471
chr7	95000001	95500000	-0.00654406203300004
chr7	95500001	96000000	0.0340571827203271
chr7	96000001	96500000	0.0246660451989272
chr7	96500001	97000000	0.0269679716589457
chr7	97000001	97500000	0.104742384058888
chr7	97500001	98000000	0.158230371044213
chr7	98000001	98500000	-0.00535372046264815
chr7	98500001	99000000	0.0511329978883281
chr7	99000001	99500000	0.0351611400035336
chr7	99500001	100000000	0.0320776835692931
chr7	100000001	100500000	-0.0587540087334072
chr7	100500001	101000000	0.0379673318222143
chr7	101000001	101500000	0.0169237234991572
chr7	101500001	102000000	0.0449615790361447
chr7	102000001	102500000	0.000459793990420237
chr7	103000001	103500000	0.0253229496778031
chr7	103500001	104000000	0.0349584690851979
chr7	104000001	104500000	0.0536903179775341
chr7	104500001	105000000	0.161077077358992
chr7	105000001	105500000	-0.0314799868762808
chr7	105500001	106000000	0.0559588787649834
chr7	106000001	106500000	0.222994295079287
chr7	106500001	107000000	0.0183524278742551
chr7	107000001	107500000	-0.00295897011045049
chr7	107500001	108000000	0.0950628253382429
chr7	108000001	108500000	0.0664588418722145
chr7	108500001	109000000	0.0271435417156624
chr7	109000001	109500000	0.0266727446319322
chr7	109500001	110000000	0.00155110353494802
chr7	110000001	110500000	0.0144678606564642
chr7	110500001	111000000	0.00252007889879539
chr7	111000001	111500000	0.16975827136412
chr7	111500001	112000000	0.0504873964920812
chr7	112000001	112500000	0.0330697329707446
chr7	112500001	113000000	0.0682403615278836
chr7	113000001	113500000	0.039623993119108
chr7	113500001	114000000	0.0170441349046013
chr7	114000001	114500000	0.0552508331532181
chr7	114500001	115000000	0.0615684926424424
chr7	115000001	115500000	0.0125070961542342
chr7	115500001	116000000	0.0532356627379869
chr7	116000001	116500000	-0.0126838609865906
chr7	116500001	117000000	0.0287089701813827
chr7	117000001	117500000	-0.0923251956140059
chr7	117500001	118000000	0.0236574217802061
chr7	118000001	118500000	0.0178937315487426
chr7	118500001	119000000	0.097054700259421
chr7	119000001	119500000	-0.00862402811255691
chr7	119500001	120000000	0.0154975560423312
chr7	120000001	120500000	0.0383856162921233
chr7	120500001	121000000	0.0451276871537067
chr7	121000001	121500000	0.0278552051710962
chr7	121500001	122000000	-0.0418271475361141
chr7	122000001	122500000	0.0875499776207689
chr7	122500001	123000000	0.0326748340775176
chr7	123000001	123500000	0.0736906114645666
chr7	123500001	124000000	0.0409861951296206
chr7	124000001	124500000	0.0954665830531261
chr7	124500001	125000000	-0.053900915374364
chr7	125000001	125500000	-0.000107968243176031
chr7	125500001	126000000	0.00488072354800541
chr7	126000001	126500000	0.00723950196530786
chr7	126500001	127000000	0.0547216714229891
chr7	127000001	127500000	-0.00949459253145137
chr7	127500001	128000000	0.0531745407163632
chr7	128000001	128500000	0.0353346098650484
chr7	128500001	129000000	-0.000726708360061055
chr7	129000001	129500000	0.100998504149276
chr7	129500001	130000000	0.00702861019277459
chr7	130000001	130500000	-0.0284133858839572
chr7	130500001	131000000	0.0470104052137746
chr7	131000001	131500000	-0.0813020744404527
chr7	131500001	132000000	0.0621744165231696
chr7	132000001	132500000	0.103710431923997
chr7	132500001	133000000	0.108974550178384
chr7	133000001	133500000	0.0815908811228193
chr7	133500001	134000000	0.143135775659353
chr7	134000001	134500000	-0.0855024559018128
chr7	134500001	135000000	-0.0551843432430522
chr7	135000001	135500000	0.0998143086831623
chr7	135500001	136000000	0.018768388273087
chr7	136000001	136500000	0.0155399462231458
chr7	136500001	137000000	-0.0260434858632791
chr7	137000001	137500000	-0.0200992909668403
chr7	137500001	138000000	-0.0111505673842681
chr7	138000001	138500000	0.0426778294401821
chr7	138500001	139000000	0.0591236226968384
chr7	139000001	139500000	0.0499258388018767
chr7	139500001	140000000	0.0678125630845989
chr7	140000001	140500000	0.0999898798303813
chr7	140500001	141000000	0.0262556287440612
chr7	141000001	141500000	0.0749647874257538
chr7	141500001	142000000	-0.0644955430351967
chr7	142000001	142500000	0.148566975611128
chr7	142500001	143000000	0.105476922604895
chr7	143000001	143500000	0.122564100161249
chr7	144000001	144500000	-0.0253788246225732
chr7	144500001	145000000	0.059991106794006
chr7	145000001	145500000	0.0266272761809729
chr7	145500001	146000000	-0.0296686699376568
chr7	146000001	146500000	-0.00777055299390889
chr7	146500001	147000000	-0.0204029360730213
chr7	147000001	147500000	0.0484579627417932
chr7	147500001	148000000	0.0592970215339865
chr7	148000001	148500000	0.0298233023547619
chr7	148500001	149000000	0.0110820161210104
chr7	149000001	149500000	0.00768728139168727
chr7	149500001	150000000	0.0541226916507356
chr7	150500001	151000000	0.0249324555122855
chr7	151000001	151500000	0.0228532790149869
chr7	151500001	152000000	-0.0676750103561558
chr7	152000001	152500000	0.0921152294216324
chr7	152500001	153000000	0.00398532818037324
chr7	153000001	153500000	0.119316937939586
chr7	153500001	154000000	0.0128896917202566
chr7	154000001	154500000	-0.00665141737956269
chr7	154500001	155000000	NA
chr7	155000001	155500000	0.0453996820333745
chr7	155500001	156000000	0.00437850234478884
chr7	156000001	156500000	-0.0205860266252321
chr7	156500001	157000000	-0.0158722107262022
chr7	157000001	157500000	-0.040118508554821
chr7	157500001	158000000	0.0243984942918896
chr7	158000001	158500000	0.0327559657138689
chr7	158500001	159000000	0.0412756596712636
chr7	159000001	159500000	NA
chr8	500001	1000000	-0.144302000015994
chr8	1000001	1500000	-0.0839111035107294
chr8	1500001	2000000	-0.037443490268569
chr8	2500001	3000000	-0.0896081070813628
chr8	3000001	3500000	-0.0652045555987839
chr8	3500001	4000000	-0.0223286785285434
chr8	4000001	4500000	-0.0444206118730828
chr8	4500001	5000000	-0.179995068325977
chr8	5000001	5500000	-0.0885705757902966
chr8	5500001	6000000	-0.043062607123369
chr8	6000001	6500000	-0.0653097265970274
chr8	6500001	7000000	-0.0376678892624892
chr8	8500001	9000000	-0.0468039943660962
chr8	9000001	9500000	-0.0463661381320127
chr8	9500001	10000000	-0.0570483066583465
chr8	10000001	10500000	-0.0143984674510925
chr8	10500001	11000000	-0.0119909287243258
chr8	11000001	11500000	-0.07945487343475
chr8	11500001	12000000	-0.161199977087351
chr8	13000001	13500000	-0.167134832247654
chr8	13500001	14000000	-0.0337559583370271
chr8	14000001	14500000	-0.00258051170405493
chr8	14500001	15000000	-0.0175793257926464
chr8	15000001	15500000	-0.0100241278858137
chr8	15500001	16000000	0.000747153376893364
chr8	16000001	16500000	0.00802868192152321
chr8	16500001	17000000	-0.115783045942157
chr8	17000001	17500000	-0.0766937124459323
chr8	17500001	18000000	-0.180385113322434
chr8	18000001	18500000	-0.109253229689066
chr8	18500001	19000000	-0.0521716828558965
chr8	19000001	19500000	-0.0359148496443156
chr8	19500001	20000000	-0.0448404079259447
chr8	20000001	20500000	-0.05114988265304
chr8	20500001	21000000	-0.0171585543789726
chr8	21000001	21500000	-0.0212072410287725
chr8	21500001	22000000	-0.044374268209927
chr8	22000001	22500000	0.0184286712296235
chr8	22500001	23000000	-0.0231456002632694
chr8	23000001	23500000	0.0402682696830928
chr8	23500001	24000000	-0.0412228181186784
chr8	24000001	24500000	-0.0773854006531155
chr8	24500001	25000000	0.0443377738607299
chr8	25000001	25500000	0.0288339629691639
chr8	25500001	26000000	-0.00107412408335518
chr8	26000001	26500000	0.00411796526531095
chr8	26500001	27000000	-0.105781448702
chr8	27000001	27500000	-0.0565918173474776
chr8	27500001	28000000	-0.114326554769812
chr8	28000001	28500000	-0.096529509431495
chr8	28500001	29000000	-0.101164191902515
chr8	29000001	29500000	0.00317217018631428
chr8	29500001	30000000	0.0439496220809841
chr8	30000001	30500000	-0.0879085914796458
chr8	30500001	31000000	-0.138595843628199
chr8	31000001	31500000	-0.0170762298666095
chr8	31500001	32000000	-0.0162222104572961
chr8	32000001	32500000	-0.0576882630045394
chr8	32500001	33000000	-0.0524932194882599
chr8	33000001	33500000	-0.132071982091772
chr8	33500001	34000000	-0.0294836944492175
chr8	34000001	34500000	-0.0740304165019168
chr8	34500001	35000000	-0.0883694472755158
chr8	35000001	35500000	0.0362988766947676
chr8	35500001	36000000	0.00848254096457732
chr8	36000001	36500000	0.0178673520255171
chr8	36500001	37000000	-0.0286193883930442
chr8	37000001	37500000	0.0017897079048344
chr8	37500001	38000000	0.0757882462124609
chr8	38000001	38500000	0.0506722368950361
chr8	38500001	39000000	0.110713231603241
chr8	39000001	39500000	0.17283529404942
chr8	39500001	40000000	-0.00382089780595618
chr8	40000001	40500000	-0.00331421974972114
chr8	40500001	41000000	0.0444427796474944
chr8	41000001	41500000	0.0107924511486971
chr8	41500001	42000000	-0.0261390740467798
chr8	42000001	42500000	0.0737501379048874
chr8	42500001	43000000	-0.0232318534462306
chr8	47500001	48000000	-0.00386526265231228
chr8	48000001	48500000	0.0241747186386797
chr8	48500001	49000000	0.00558093621026146
chr8	49000001	49500000	0.00371306006915318
chr8	49500001	50000000	0.0228589398909988
chr8	50000001	50500000	-0.0835277959016742
chr8	50500001	51000000	0.0342204544057295
chr8	51000001	51500000	0.0342541479114564
chr8	51500001	52000000	0.00855739837991474
chr8	52000001	52500000	0.0115789954085833
chr8	52500001	53000000	-0.10259833833411
chr8	53000001	53500000	-0.0340859077697898
chr8	53500001	54000000	0.0146498112720984
chr8	54000001	54500000	-0.0652366459334884
chr8	54500001	55000000	0.0688036904387026
chr8	55000001	55500000	-0.0061505082108096
chr8	55500001	56000000	0.0998635317889512
chr8	56000001	56500000	0.00301274773184678
chr8	56500001	57000000	0.00997116263670757
chr8	57000001	57500000	-0.0546836855710612
chr8	57500001	58000000	0.0116966120773575
chr8	58000001	58500000	0.0799917042123136
chr8	58500001	59000000	0.0165680659681639
chr8	59000001	59500000	-0.0198541547863129
chr8	59500001	60000000	-0.0134894191201513
chr8	60000001	60500000	-0.0250704995633911
chr8	60500001	61000000	0.0531445916187419
chr8	61000001	61500000	0.096848905195525
chr8	61500001	62000000	0.0720600853448081
chr8	62000001	62500000	-0.00686710096505221
chr8	62500001	63000000	-0.0314496733539304
chr8	63000001	63500000	0.00364686722119798
chr8	63500001	64000000	0.0733945667529783
chr8	64000001	64500000	-0.0182080082238142
chr8	64500001	65000000	-0.0181649987859284
chr8	65000001	65500000	-0.0129038652085254
chr8	65500001	66000000	0.0664458167912512
chr8	66000001	66500000	0.0360360555094178
chr8	66500001	67000000	-0.0612685618951067
chr8	67000001	67500000	0.113301600222257
chr8	67500001	68000000	0.0227087111002493
chr8	68000001	68500000	0.0568248755455005
chr8	68500001	69000000	-0.00710979837479792
chr8	69000001	69500000	-0.00031711681022157
chr8	69500001	70000000	-0.0364247864523902
chr8	70000001	70500000	-0.0480327415267523
chr8	70500001	71000000	0.0823980996665193
chr8	71000001	71500000	0.0142475470644672
chr8	71500001	72000000	0.020077433639457
chr8	72000001	72500000	-0.0092212590209641
chr8	72500001	73000000	0.0611574663388512
chr8	73000001	73500000	-0.0251865821142177
chr8	73500001	74000000	0.0522310501219232
chr8	74000001	74500000	0.0359536946933679
chr8	74500001	75000000	-0.00631788176200911
chr8	75000001	75500000	0.00492825566898579
chr8	75500001	76000000	-0.130311954699074
chr8	76000001	76500000	0.015868000528506
chr8	76500001	77000000	0.0172833822184618
chr8	77000001	77500000	0.0515017135650365
chr8	77500001	78000000	0.0858078792786455
chr8	78000001	78500000	0.0366429411495945
chr8	78500001	79000000	0.0450335599095164
chr8	79000001	79500000	0.112796070979575
chr8	79500001	80000000	-0.0245917881989233
chr8	80000001	80500000	-0.0498580879994575
chr8	80500001	81000000	0.0747232907339929
chr8	81000001	81500000	0.0186576082543206
chr8	81500001	82000000	-0.0430375528447388
chr8	82000001	82500000	0.0419375919362912
chr8	82500001	83000000	-0.046170224267298
chr8	83000001	83500000	0.00735942580781533
chr8	83500001	84000000	0.0141478714479033
chr8	84000001	84500000	-0.0673096991155415
chr8	84500001	85000000	0.0178377028782572
chr8	85000001	85500000	-0.0301003797759703
chr8	86000001	86500000	-0.108695168746804
chr8	86500001	87000000	-0.0792255222155979
chr8	87000001	87500000	-0.0213083638772692
chr8	87500001	88000000	0.00253443749497472
chr8	88000001	88500000	0.0136929174766861
chr8	88500001	89000000	0.0767601569243329
chr8	89000001	89500000	0.0565508256413082
chr8	89500001	90000000	0.016602998134843
chr8	90000001	90500000	-0.0299468241556092
chr8	90500001	91000000	0.0119747868653495
chr8	91000001	91500000	-0.0298294896846763
chr8	91500001	92000000	-0.000650523660703561
chr8	92000001	92500000	0.00946373064367096
chr8	92500001	93000000	0.0550562542580323
chr8	93000001	93500000	0.0559917236873491
chr8	93500001	94000000	0.0116074798282841
chr8	94000001	94500000	0.0146013030417007
chr8	94500001	95000000	0.0486629799662825
chr8	95000001	95500000	0.0676696858649758
chr8	95500001	96000000	0.0183853140736072
chr8	96000001	96500000	-0.0228055230254428
chr8	96500001	97000000	0.0375069743044118
chr8	97000001	97500000	0.0577834802777794
chr8	97500001	98000000	0.00715361413850176
chr8	98000001	98500000	0.0469691834847088
chr8	98500001	99000000	0.0353291411509444
chr8	99000001	99500000	0.00995570691107983
chr8	99500001	100000000	-0.0832197180363207
chr8	100000001	100500000	-0.0290407127574654
chr8	100500001	101000000	0.0823416402646674
chr8	101000001	101500000	0.00358654215667533
chr8	101500001	102000000	0.0501194113683002
chr8	102000001	102500000	0.0587941558696921
chr8	102500001	103000000	0.043418658582491
chr8	103000001	103500000	0.10258307777039
chr8	103500001	104000000	-0.0118294544937281
chr8	104000001	104500000	-0.0658198836729617
chr8	104500001	105000000	0.0649508962969431
chr8	105000001	105500000	0.00568830143453143
chr8	105500001	106000000	0.000964420078558931
chr8	106000001	106500000	0.0502456455784967
chr8	106500001	107000000	0.0237863370864311
chr8	107000001	107500000	0.0506757174041785
chr8	107500001	108000000	0.084196466639534
chr8	108000001	108500000	0.0351480355838466
chr8	108500001	109000000	0.140330438363986
chr8	109000001	109500000	0.0720213168173614
chr8	109500001	110000000	0.0556303544963884
chr8	110000001	110500000	-0.0265268524389333
chr8	110500001	111000000	0.0351105453506217
chr8	111000001	111500000	0.00837149940753799
chr8	111500001	112000000	0.0142299054716218
chr8	112000001	112500000	0.0901227445706418
chr8	112500001	113000000	NA
chr8	113000001	113500000	0.0865486233707015
chr8	113500001	114000000	-0.0152990181660284
chr8	114000001	114500000	0.0367631862434073
chr8	114500001	115000000	0.0555037881489114
chr8	115000001	115500000	-0.0434302432160358
chr8	115500001	116000000	0.0597997183681243
chr8	116000001	116500000	0.0513170001118183
chr8	116500001	117000000	0.0168326591123323
chr8	117000001	117500000	0.0551746853880249
chr8	117500001	118000000	0.00943736817996705
chr8	118000001	118500000	-0.0208978715721275
chr8	118500001	119000000	0.0698626962215849
chr8	119000001	119500000	-0.0203563340244352
chr8	119500001	120000000	-0.0190658522710215
chr8	120000001	120500000	0.00236754703938872
chr8	120500001	121000000	0.0296181744773981
chr8	121000001	121500000	0.0578373358912061
chr8	121500001	122000000	0.0693948967056187
chr8	122000001	122500000	0.110066805446786
chr8	122500001	123000000	0.0498733141150413
chr8	123000001	123500000	0.0612910782901576
chr8	123500001	124000000	0.0587958209447681
chr8	124000001	124500000	0.136815155127719
chr8	124500001	125000000	0.00417234222780494
chr8	125000001	125500000	0.0824531914026567
chr8	125500001	126000000	0.12688213733122
chr8	126000001	126500000	0.00389582693438836
chr8	126500001	127000000	0.0918990409136536
chr8	127000001	127500000	0.0697636311326839
chr8	127500001	128000000	0.00793188458470727
chr8	128000001	128500000	0.0326720994120804
chr8	128500001	129000000	-0.0282730623886058
chr8	129000001	129500000	0.0110435387121009
chr8	129500001	130000000	0.0937257156656629
chr8	130000001	130500000	0.0976885433225448
chr8	130500001	131000000	0.0602766746397096
chr8	131000001	131500000	0.0114483087513179
chr8	131500001	132000000	0.0371325867182905
chr8	132000001	132500000	0.0586432916163471
chr8	132500001	133000000	0.147169092494291
chr8	133000001	133500000	0.10784755507742
chr8	133500001	134000000	0.157595146100277
chr8	134000001	134500000	-0.0252582647925786
chr8	134500001	135000000	0.046724144468227
chr8	135000001	135500000	0.0899374260004579
chr8	135500001	136000000	0.072858449857139
chr8	136000001	136500000	0.0767510477721976
chr8	136500001	137000000	-0.0259057388512087
chr8	137000001	137500000	0.0657280791941661
chr8	137500001	138000000	0.0684543993299508
chr8	138000001	138500000	0.0179079364195674
chr8	138500001	139000000	0.0259865941373332
chr8	139000001	139500000	0.0462602982483996
chr8	139500001	140000000	0.0762499609270822
chr8	140000001	140500000	-0.00737330740936865
chr8	140500001	141000000	-0.00717077537232343
chr8	141000001	141500000	0.0785898506833273
chr8	141500001	142000000	-0.0199001018781365
chr8	142000001	142500000	0.0822118742588461
chr8	142500001	143000000	-0.0589417468374541
chr8	143000001	143500000	-0.0122900841245454
chr8	143500001	144000000	0.0800497272840412
chr8	144000001	144500000	0.0880429217836528
chr8	144500001	145000000	0.046979576061628
chr9	500001	1000000	0.0138874230686277
chr9	1000001	1500000	0.0487256836662267
chr9	1500001	2000000	0.0230287331289196
chr9	2000001	2500000	-0.0351520943344059
chr9	2500001	3000000	0.0235521162537341
chr9	3000001	3500000	-0.0474175537575231
chr9	3500001	4000000	0.0678340383793411
chr9	4000001	4500000	0.0233544448354366
chr9	4500001	5000000	0.0999817369178468
chr9	5000001	5500000	-0.00189364504934388
chr9	5500001	6000000	0.0449984169599062
chr9	6000001	6500000	-0.0245765042191286
chr9	6500001	7000000	-0.0113619476446531
chr9	7000001	7500000	-0.0114005413796111
chr9	7500001	8000000	0.0427756270970866
chr9	8000001	8500000	0.0478183891079514
chr9	8500001	9000000	0.0272184287078975
chr9	9000001	9500000	0.0199127583741615
chr9	9500001	10000000	0.162873318249235
chr9	10000001	10500000	0.146836468733606
chr9	10500001	11000000	-0.00900799854526011
chr9	11000001	11500000	-0.0885209743574927
chr9	11500001	12000000	-0.00335772487493995
chr9	12000001	12500000	-0.043383422006347
chr9	12500001	13000000	0.0382381240470621
chr9	13000001	13500000	0.0285314556671899
chr9	13500001	14000000	0.0702189488799297
chr9	14000001	14500000	-0.0665607975343035
chr9	14500001	15000000	0.00140985460934801
chr9	15000001	15500000	-0.0290027613595148
chr9	15500001	16000000	0.0299184333301535
chr9	16000001	16500000	0.0118927352787829
chr9	16500001	17000000	-0.00491389147571892
chr9	17000001	17500000	0.0113868369998581
chr9	17500001	18000000	-0.0379468416345044
chr9	18000001	18500000	-0.0219267301311059
chr9	18500001	19000000	-0.0192503387252864
chr9	19000001	19500000	0.00492702793136322
chr9	19500001	20000000	0.0734339224238227
chr9	20000001	20500000	0.0101877668588062
chr9	20500001	21000000	0.00260514151014787
chr9	21000001	21500000	0.0529080382425043
chr9	21500001	22000000	0.0169105468798089
chr9	22000001	22500000	-0.00340765019238426
chr9	22500001	23000000	-0.0285721356896992
chr9	23000001	23500000	-0.0244951941818176
chr9	23500001	24000000	0.118624064589244
chr9	24000001	24500000	-0.00755493604371466
chr9	24500001	25000000	-0.0200784456265279
chr9	25000001	25500000	0.00408290826654373
chr9	25500001	26000000	0.00627078756498029
chr9	26000001	26500000	0.0243777887857013
chr9	26500001	27000000	0.0479458501046617
chr9	27000001	27500000	0.0680359268199427
chr9	27500001	28000000	0.0612490332236158
chr9	28000001	28500000	0.0427042034722507
chr9	28500001	29000000	0.0651149180714639
chr9	29000001	29500000	0.0422051874851676
chr9	29500001	30000000	-0.0175402533675332
chr9	30000001	30500000	0.0295631324978647
chr9	30500001	31000000	-0.00987840691918707
chr9	31000001	31500000	0.036887783760475
chr9	31500001	32000000	0.00647243558475672
chr9	32000001	32500000	-0.00803760477861872
chr9	32500001	33000000	0.0941905827170449
chr9	33000001	33500000	0.111346315553966
chr9	33500001	34000000	0.0592326539237739
chr9	34000001	34500000	-0.0143521751987285
chr9	34500001	35000000	-0.0270388639448369
chr9	35000001	35500000	0.0389584544749644
chr9	35500001	36000000	0.145237992212629
chr9	36000001	36500000	0.081525231601905
chr9	36500001	37000000	0.00297807075668945
chr9	37000001	37500000	-0.000747376336354487
chr9	37500001	38000000	0.0409855770284251
chr9	38000001	38500000	0.0254763581236291
chr9	68500001	69000000	0.0120562731570285
chr9	69000001	69500000	0.0399855442297918
chr9	69500001	70000000	0.0554736433462029
chr9	70000001	70500000	0.0986688215628679
chr9	70500001	71000000	0.0448234790032907
chr9	71000001	71500000	0.071879620673965
chr9	71500001	72000000	-0.0222924462561038
chr9	72000001	72500000	-0.0401592394155418
chr9	72500001	73000000	0.000513090441773831
chr9	73000001	73500000	-0.010420951048855
chr9	73500001	74000000	-0.026162834607322
chr9	74000001	74500000	-0.106593593687648
chr9	74500001	75000000	0.028726278865429
chr9	75000001	75500000	0.0427470202578043
chr9	75500001	76000000	-0.00831475691559517
chr9	76000001	76500000	-0.0340322949410612
chr9	76500001	77000000	0.0700063394287868
chr9	77000001	77500000	-0.129696341317992
chr9	77500001	78000000	-0.0273337334866154
chr9	78000001	78500000	0.0731719432040803
chr9	78500001	79000000	0.0408684954235924
chr9	79000001	79500000	-0.0530359951685911
chr9	79500001	80000000	0.0101322563015555
chr9	80000001	80500000	-0.0193165490653195
chr9	80500001	81000000	0.0317976860956362
chr9	81000001	81500000	-0.0431037474085908
chr9	81500001	82000000	-0.0294669738527703
chr9	82000001	82500000	-0.00431572288488985
chr9	82500001	83000000	0.00580949111012816
chr9	83000001	83500000	0.0366415508921714
chr9	83500001	84000000	-0.0239722151248149
chr9	84000001	84500000	0.0187177658258073
chr9	84500001	85000000	0.0250136625132685
chr9	85000001	85500000	0.0320153581793766
chr9	85500001	86000000	-0.0671198170545549
chr9	86000001	86500000	-0.0576779528333103
chr9	86500001	87000000	-0.0414548264571685
chr9	87000001	87500000	-0.0694815876180155
chr9	87500001	88000000	-0.0314216793614762
chr9	88000001	88500000	-0.0244732197431179
chr9	88500001	89000000	-0.0800741367301392
chr9	89000001	89500000	-0.0650981421999832
chr9	89500001	90000000	NA
chr9	90000001	90500000	-0.0446034634085914
chr9	90500001	91000000	0.00332476066343859
chr9	91000001	91500000	-0.0286967119644475
chr9	91500001	92000000	-0.0145965751642549
chr9	92000001	92500000	-0.0476036086108993
chr9	92500001	93000000	-0.0880822791543714
chr9	93000001	93500000	0.0280741248821299
chr9	93500001	94000000	-0.0423704760941182
chr9	94000001	94500000	-0.0567636767729577
chr9	94500001	95000000	-0.0771575114941254
chr9	95000001	95500000	-0.126305402218507
chr9	95500001	96000000	0.00262419998638443
chr9	96000001	96500000	-0.181668476213892
chr9	96500001	97000000	-0.0828724976035626
chr9	97000001	97500000	0.0899945222420064
chr9	97500001	98000000	-0.0119444040999994
chr9	98000001	98500000	-0.0689105376349854
chr9	98500001	99000000	0.06776871994369
chr9	99000001	99500000	0.0326638672635749
chr9	99500001	100000000	-0.0198811838258532
chr9	100000001	100500000	0.0625791378468691
chr9	100500001	101000000	-0.0766698643493911
chr9	101000001	101500000	-0.0794452217191881
chr9	101500001	102000000	-0.116252358937806
chr9	102000001	102500000	0.00859983631084298
chr9	102500001	103000000	0.0160790021147062
chr9	103000001	103500000	0.00587367332153817
chr9	103500001	104000000	-0.0057585318206485
chr9	104000001	104500000	0.0306034871631664
chr9	104500001	105000000	-0.0587779820310072
chr9	105000001	105500000	-0.00407104109309481
chr9	105500001	106000000	-0.0355517975647701
chr9	106000001	106500000	-0.0375380469239526
chr9	106500001	107000000	0.0330481460395061
chr9	107000001	107500000	0.0466736037498715
chr9	107500001	108000000	-0.013292611507903
chr9	108000001	108500000	-0.00491142277979351
chr9	108500001	109000000	-0.000341371880126007
chr9	109000001	109500000	-0.087987224553353
chr9	109500001	110000000	-0.00901188837190171
chr9	110000001	110500000	0.0309983995643238
chr9	110500001	111000000	0.0558558719318923
chr9	111000001	111500000	0.0429398999052185
chr9	111500001	112000000	-0.0128756482931741
chr9	112000001	112500000	-0.049748629120304
chr9	112500001	113000000	0.0345953103662357
chr9	113000001	113500000	0.0880881126320384
chr9	113500001	114000000	-0.0444508395066641
chr9	114000001	114500000	0.0222610999495085
chr9	114500001	115000000	-0.0263916258411651
chr9	115000001	115500000	0.0065950023589767
chr9	115500001	116000000	0.0513027767643256
chr9	116000001	116500000	0.0549177306839804
chr9	116500001	117000000	0.0148184193161763
chr9	117000001	117500000	0.0833455456883667
chr9	117500001	118000000	0.102020277212397
chr9	118000001	118500000	0.0695493147533105
chr9	118500001	119000000	-0.0574073536770906
chr9	119000001	119500000	0.0456959317420454
chr9	119500001	120000000	0.0286617729443925
chr9	120000001	120500000	-0.00134088798111967
chr9	120500001	121000000	0.0309779730289089
chr9	121000001	121500000	0.0482585547757605
chr9	121500001	122000000	-0.0593200028880865
chr9	122000001	122500000	-0.027564680460247
chr9	122500001	123000000	0.00261906424066419
chr9	123000001	123500000	-0.0109810429238156
chr9	123500001	124000000	0.0479123721366399
chr9	124000001	124500000	-0.00836757892199197
chr9	124500001	125000000	-0.120009252135615
chr9	125000001	125500000	0.0105911312723304
chr9	125500001	126000000	-0.0754121407079476
chr9	126000001	126500000	-0.0244021230731398
chr9	126500001	127000000	-0.0135463448478154
chr9	127000001	127500000	-0.0386179038084041
chr9	127500001	128000000	-0.0648210825727396
chr9	128000001	128500000	0.00207948902864137
chr9	128500001	129000000	-0.0296311290836137
chr9	129000001	129500000	0.0296727540196563
chr9	129500001	130000000	-0.0290108378680955
chr9	130000001	130500000	-0.0530440010399691
chr9	130500001	131000000	-0.0894973065052086
chr9	131000001	131500000	-0.120320036989149
chr9	131500001	132000000	-0.0684209692922196
chr9	132000001	132500000	-0.0679586346432658
chr9	132500001	133000000	-0.0181841362139211
chr9	133000001	133500000	-0.0789084660133814
chr9	133500001	134000000	-0.127147710498102
chr9	134000001	134500000	NA
chr9	134500001	135000000	-0.039148902953177
chr9	135000001	135500000	-0.115800394882147
chr9	135500001	136000000	-0.0332485644505193
chr9	136000001	136500000	-0.0526393152487071
chr9	136500001	137000000	0.0186614539576581
chr9	137000001	137500000	NA
chr9	137500001	138000000	-0.10322620956084
chr10	1	500000	NA
chr10	500001	1000000	0.0121246946613361
chr10	1000001	1500000	0.00619959240459019
chr10	1500001	2000000	0.0033955720336773
chr10	2000001	2500000	0.0171240578422079
chr10	2500001	3000000	-0.026966735908711
chr10	3000001	3500000	-0.0995839660670893
chr10	3500001	4000000	-0.0312687057604221
chr10	4000001	4500000	-0.0378801415393711
chr10	4500001	5000000	-0.0421756317592482
chr10	5000001	5500000	0.0408956526082323
chr10	5500001	6000000	-0.0405524121237927
chr10	6000001	6500000	0.189035297568534
chr10	6500001	7000000	0.0432839223944792
chr10	7000001	7500000	0.107372542660456
chr10	7500001	8000000	0.0178383346610811
chr10	8000001	8500000	0.0151497209011039
chr10	8500001	9000000	0.0552583626394897
chr10	9000001	9500000	-0.0153658695403634
chr10	9500001	10000000	-0.0275605415601865
chr10	10000001	10500000	-0.0182305552232238
chr10	10500001	11000000	-0.0101696460041958
chr10	11000001	11500000	0.127392952980758
chr10	11500001	12000000	0.0117787951489228
chr10	12000001	12500000	0.0479349047233211
chr10	12500001	13000000	-0.0496075681395569
chr10	13000001	13500000	-0.0286957819754582
chr10	13500001	14000000	0.0472739135876719
chr10	14000001	14500000	-0.0394390276849786
chr10	14500001	15000000	0.125008764550557
chr10	15000001	15500000	-0.0591872797163696
chr10	15500001	16000000	-0.0301274151597355
chr10	16000001	16500000	0.0804542317805273
chr10	16500001	17000000	0.0501564135834428
chr10	17000001	17500000	0.0233620072167852
chr10	17500001	18000000	-0.0262242974365727
chr10	18000001	18500000	0.00802245926591584
chr10	18500001	19000000	-0.0117932578912693
chr10	19000001	19500000	0.00243709507301765
chr10	19500001	20000000	0.0602313898515332
chr10	20000001	20500000	-0.00987699680854597
chr10	20500001	21000000	0.0829211224385152
chr10	21000001	21500000	0.00751930581556624
chr10	21500001	22000000	-0.00734450141611227
chr10	22000001	22500000	0.0255315719344526
chr10	22500001	23000000	0.089604901863425
chr10	23000001	23500000	0.0654442750862773
chr10	23500001	24000000	-0.00432795809760237
chr10	24000001	24500000	-0.0153790746775693
chr10	24500001	25000000	-0.0628250808517022
chr10	25000001	25500000	-0.00910546331733638
chr10	25500001	26000000	0.0800041710515677
chr10	26000001	26500000	0.00526157322719957
chr10	26500001	27000000	0.0372159725353722
chr10	27000001	27500000	0.0768465627154752
chr10	27500001	28000000	0.0124012403067311
chr10	28000001	28500000	0.0348036631764919
chr10	28500001	29000000	-0.0762768132684958
chr10	29000001	29500000	0.0245238982156207
chr10	29500001	30000000	0.0818418035311699
chr10	30000001	30500000	0.0904076364240252
chr10	30500001	31000000	0.0753443640458627
chr10	31000001	31500000	0.0368482768698036
chr10	31500001	32000000	0.0967174851423734
chr10	32000001	32500000	0.0399585498276993
chr10	32500001	33000000	0.0242517286689804
chr10	33000001	33500000	-0.0283892183090195
chr10	33500001	34000000	-0.0314115724023619
chr10	34000001	34500000	-0.050780611089522
chr10	34500001	35000000	-0.121686426618432
chr10	35000001	35500000	-0.128018946499607
chr10	35500001	36000000	0.0200087890237925
chr10	36000001	36500000	0.0130292970555348
chr10	36500001	37000000	0.0394718225174723
chr10	37000001	37500000	-0.0166846542600343
chr10	42500001	43000000	0.104217238859983
chr10	43000001	43500000	-0.00421302661184701
chr10	43500001	44000000	0.00574216538840187
chr10	44000001	44500000	0.0353289667810672
chr10	44500001	45000000	0.00890231301156082
chr10	45000001	45500000	-0.00221854402235934
chr10	47000001	47500000	-0.0179296041776049
chr10	48000001	48500000	-0.178796279067887
chr10	48500001	49000000	-0.022711600330291
chr10	49000001	49500000	-0.038501432537951
chr10	49500001	50000000	-0.0440147015630766
chr10	50000001	50500000	-0.0213705889622935
chr10	50500001	51000000	-0.0801848323206201
chr10	51000001	51500000	-0.0568293544876766
chr10	51500001	52000000	-0.107764420773193
chr10	52000001	52500000	-0.0950460800081974
chr10	52500001	53000000	-0.101135157981411
chr10	53000001	53500000	NA
chr10	53500001	54000000	-0.0771470133869123
chr10	54000001	54500000	-0.00870585571703781
chr10	54500001	55000000	-0.021009752858344
chr10	55000001	55500000	-0.0275454452934564
chr10	55500001	56000000	-0.0541609741551804
chr10	56000001	56500000	-0.066551587050066
chr10	56500001	57000000	-0.0859061212353154
chr10	57000001	57500000	0.0282757418444467
chr10	57500001	58000000	-0.0570550151797524
chr10	58000001	58500000	NA
chr10	58500001	59000000	-0.00695022971356051
chr10	59000001	59500000	-0.106565103043904
chr10	59500001	60000000	NA
chr10	60000001	60500000	-0.0376260012872884
chr10	60500001	61000000	-0.071514467997312
chr10	61000001	61500000	-0.0550062532815962
chr10	61500001	62000000	0.00345522739732186
chr10	62000001	62500000	-0.0965580567128771
chr10	62500001	63000000	NA
chr10	63000001	63500000	0.000405208867114121
chr10	63500001	64000000	-0.055639662001274
chr10	64000001	64500000	-0.0566871013106535
chr10	64500001	65000000	-0.0056208024942169
chr10	65000001	65500000	-0.0479449485042841
chr10	65500001	66000000	-0.0792013773528049
chr10	66000001	66500000	-0.0270160993157067
chr10	66500001	67000000	-0.0423724044783566
chr10	67000001	67500000	0.0334812918790384
chr10	67500001	68000000	-0.109090498725438
chr10	68000001	68500000	-0.0510892486038519
chr10	68500001	69000000	-0.0545805922372573
chr10	69000001	69500000	0.0579139040418812
chr10	69500001	70000000	-0.014560034080366
chr10	70000001	70500000	-0.0586572894413726
chr10	70500001	71000000	-0.0521687520476342
chr10	71000001	71500000	-0.00510952439121722
chr10	71500001	72000000	0.0894708444397633
chr10	72000001	72500000	-0.139273317595776
chr10	72500001	73000000	-0.0202693104357923
chr10	73000001	73500000	-0.0948638474268557
chr10	73500001	74000000	-0.172538111781129
chr10	74000001	74500000	-0.117455525549642
chr10	74500001	75000000	0.0272587614583368
chr10	75000001	75500000	0.0604973181736776
chr10	75500001	76000000	-0.0595213518173592
chr10	76000001	76500000	-0.0311540468989078
chr10	76500001	77000000	-0.102015498400314
chr10	77000001	77500000	-0.0634735084416556
chr10	77500001	78000000	-0.0688765752599985
chr10	78000001	78500000	0.0473200699720873
chr10	78500001	79000000	0.00187793763793981
chr10	79000001	79500000	0.0130208237806604
chr10	80000001	80500000	-0.00334946732386979
chr10	80500001	81000000	-0.0684835427361858
chr10	81000001	81500000	-0.0253655081014439
chr10	81500001	82000000	-0.0682039493602856
chr10	82000001	82500000	-0.147601008514831
chr10	82500001	83000000	-0.045488217098907
chr10	83000001	83500000	0.07453707358092
chr10	83500001	84000000	-0.0629341687534251
chr10	84000001	84500000	-0.0456889563580493
chr10	84500001	85000000	0.0423947496385709
chr10	85000001	85500000	-0.0578808631774924
chr10	85500001	86000000	-0.0266899114665559
chr10	86000001	86500000	-0.122402433664885
chr10	86500001	87000000	-0.065786026249059
chr10	87500001	88000000	-0.0837624994026749
chr10	88000001	88500000	0.101267678819088
chr10	88500001	89000000	-0.0898216308659334
chr10	89000001	89500000	-0.0415063643860029
chr10	89500001	90000000	-0.154860353231639
chr10	90000001	90500000	-0.113352300823805
chr10	90500001	91000000	-0.066425034476053
chr10	91000001	91500000	-0.0447245397122585
chr10	91500001	92000000	-0.110697426351736
chr10	92000001	92500000	-0.0151861267886731
chr10	92500001	93000000	-0.0774831814724171
chr10	93000001	93500000	-0.010906501533315
chr10	93500001	94000000	-0.135090595249073
chr10	94000001	94500000	-0.0906961418089871
chr10	94500001	95000000	0.0502462183253037
chr10	95000001	95500000	0.0320977931415299
chr10	95500001	96000000	0.00677374361972687
chr10	96000001	96500000	-0.10047786315225
chr10	96500001	97000000	-0.0711075545940523
chr10	97000001	97500000	0.0135270132929033
chr10	97500001	98000000	-0.0467526024066072
chr10	98000001	98500000	0.00570402311645751
chr10	98500001	99000000	-0.0953349442464455
chr10	99000001	99500000	-0.0341697281738114
chr10	99500001	100000000	0.0398026656474171
chr10	100000001	100500000	-0.0596063945044528
chr10	100500001	101000000	-0.00831028983332849
chr10	101000001	101500000	-0.165610231068555
chr10	101500001	102000000	0.0490967337334491
chr10	102000001	102500000	-0.0371045820310716
chr10	102500001	103000000	-0.00577855038029904
chr10	103000001	103500000	-0.0365013857824973
chr10	103500001	104000000	-0.0120734610557034
chr10	104000001	104500000	-0.0615763277319772
chr10	104500001	105000000	-0.037316342448796
chr10	105000001	105500000	-0.00903553974110254
chr10	105500001	106000000	-0.0241311986836636
chr10	106000001	106500000	-0.0835060230498425
chr10	106500001	107000000	0.0234863902935102
chr10	107000001	107500000	-0.0241644410503337
chr10	107500001	108000000	-0.099805948031951
chr10	108000001	108500000	-0.0354092731834789
chr10	108500001	109000000	-0.0349366023413036
chr10	109000001	109500000	-0.0222593077956686
chr10	109500001	110000000	0.092206710000289
chr10	110000001	110500000	0.0471441198633565
chr10	110500001	111000000	0.0962323536225584
chr10	111000001	111500000	0.0483374652907247
chr10	111500001	112000000	0.0200563114946653
chr10	112000001	112500000	0.0146179977236802
chr10	112500001	113000000	-0.0166889922359897
chr10	113000001	113500000	0.0423929241126787
chr10	113500001	114000000	-0.0826343285132921
chr10	114000001	114500000	NA
chr10	114500001	115000000	-0.061128492531914
chr10	115000001	115500000	-0.0169818129350994
chr10	115500001	116000000	-0.0420307421797928
chr10	116000001	116500000	-0.015143681769019
chr10	116500001	117000000	-0.0693045260803146
chr10	117000001	117500000	0.0454271259952046
chr10	117500001	118000000	-0.0437990287483813
chr10	118000001	118500000	-0.0172621169983312
chr10	118500001	119000000	0.0048146729199581
chr10	119000001	119500000	0.0662106989139147
chr10	119500001	120000000	0.0175898222377932
chr10	120000001	120500000	-0.0563742673975746
chr10	120500001	121000000	0.077216697753579
chr10	121000001	121500000	0.0322801817793959
chr10	121500001	122000000	-0.00427569951214058
chr10	122000001	122500000	-0.0911575548262119
chr10	122500001	123000000	-0.0220320016420055
chr10	123000001	123500000	0.0453509640919969
chr10	123500001	124000000	-0.0977639536461651
chr10	124000001	124500000	NA
chr10	124500001	125000000	0.0314431349887769
chr10	125000001	125500000	0.0681597344840454
chr10	125500001	126000000	0.0600843552487113
chr10	126000001	126500000	0.0426885923802813
chr10	126500001	127000000	-0.084464288421878
chr10	127000001	127500000	-0.0161780437636302
chr10	127500001	128000000	-0.0314958979700468
chr10	128000001	128500000	0.00520879018960672
chr10	128500001	129000000	-0.0337800719327419
chr10	129000001	129500000	-0.00329363121437482
chr10	129500001	130000000	-0.0787177407758476
chr10	130000001	130500000	-0.0217833997060637
chr10	130500001	131000000	0.0197526707717573
chr10	131000001	131500000	-0.0910291128791562
chr10	131500001	132000000	NA
chr10	132000001	132500000	0.00599629740754613
chr10	132500001	133000000	0.00530985692767451
chr10	133000001	133500000	-0.0608536196031504
chr11	500001	1000000	0.0114158061729289
chr11	1000001	1500000	-0.0805273250454313
chr11	1500001	2000000	0.0979750367776884
chr11	2000001	2500000	0.107095365589089
chr11	2500001	3000000	-0.0395876174215153
chr11	3500001	4000000	0.0509243355684018
chr11	4000001	4500000	0.0151846744714346
chr11	4500001	5000000	-0.0657520938050068
chr11	5000001	5500000	0.0022457880347427
chr11	5500001	6000000	-0.0808887469918042
chr11	6000001	6500000	0.115553335149104
chr11	6500001	7000000	0.0430397906162809
chr11	7000001	7500000	-0.0107346966271097
chr11	7500001	8000000	-0.00496066511433302
chr11	8000001	8500000	0.068853536697106
chr11	8500001	9000000	0.000229892713203759
chr11	9000001	9500000	0.0210215698879904
chr11	9500001	10000000	-0.00924422211768765
chr11	10000001	10500000	-0.00777300301939539
chr11	10500001	11000000	0.0491096266261961
chr11	11000001	11500000	0.0338671820327295
chr11	11500001	12000000	-0.0143999026014175
chr11	12000001	12500000	-0.0551892423989433
chr11	12500001	13000000	-0.0598587329237047
chr11	13000001	13500000	0.0501602334965753
chr11	13500001	14000000	0.00933743312567362
chr11	14000001	14500000	-0.00828486211100705
chr11	14500001	15000000	-0.0422573372423707
chr11	15000001	15500000	0.0464528712526053
chr11	15500001	16000000	0.098222033950683
chr11	16000001	16500000	-0.03210723486199
chr11	16500001	17000000	-0.00402991953339119
chr11	17000001	17500000	-0.0026872814344767
chr11	17500001	18000000	0.0494718900067895
chr11	18000001	18500000	-0.0954483134178066
chr11	18500001	19000000	-0.015377203914021
chr11	19000001	19500000	0.00867872316178184
chr11	19500001	20000000	-0.0897552779839303
chr11	20000001	20500000	-0.0324890021211135
chr11	20500001	21000000	0.0419064888362723
chr11	21000001	21500000	0.0533989616655681
chr11	21500001	22000000	0.0084720777625705
chr11	22000001	22500000	0.00507378561142752
chr11	22500001	23000000	-0.139181845049008
chr11	23000001	23500000	-0.0473780009994536
chr11	23500001	24000000	0.0204721695636235
chr11	24000001	24500000	-0.0633305160863491
chr11	24500001	25000000	-0.0472999405920418
chr11	25000001	25500000	0.0529092863188575
chr11	25500001	26000000	0.0122680571691108
chr11	26000001	26500000	-0.0664082847153332
chr11	26500001	27000000	-0.0252308530407068
chr11	27000001	27500000	-0.0558041945006716
chr11	27500001	28000000	-0.00285387611085923
chr11	28000001	28500000	-0.00107474514553843
chr11	28500001	29000000	-0.0135648537931708
chr11	29000001	29500000	-0.00666789967637637
chr11	29500001	30000000	-0.00614161139325847
chr11	30000001	30500000	-0.0270166390131266
chr11	30500001	31000000	-0.00215174543947681
chr11	31000001	31500000	-0.0770585412147503
chr11	31500001	32000000	-0.025885507808776
chr11	32000001	32500000	0.0493136460920224
chr11	32500001	33000000	-0.0980458736214313
chr11	33000001	33500000	0.0272486003130752
chr11	33500001	34000000	-0.00694419417276664
chr11	34000001	34500000	-0.0203021334692564
chr11	34500001	35000000	-0.00173542952706385
chr11	35000001	35500000	0.0320488319493269
chr11	35500001	36000000	0.0185886853755302
chr11	36000001	36500000	-0.036276621731811
chr11	36500001	37000000	-0.0097055721813471
chr11	37000001	37500000	-0.0269845839162004
chr11	37500001	38000000	0.050670986460376
chr11	38000001	38500000	-0.121270222284282
chr11	38500001	39000000	-0.0615143871540847
chr11	39000001	39500000	-0.0569402523816891
chr11	39500001	40000000	-0.0370479269344793
chr11	40000001	40500000	-0.0371296903170293
chr11	40500001	41000000	-0.0488054148080766
chr11	41000001	41500000	-0.0227800965873659
chr11	41500001	42000000	-0.00590037244330154
chr11	42000001	42500000	-0.0451798707397702
chr11	42500001	43000000	-0.0592595044900656
chr11	43000001	43500000	-0.0711354159175205
chr11	43500001	44000000	0.0306560205480503
chr11	44000001	44500000	0.0400609157240585
chr11	44500001	45000000	0.0871607745629926
chr11	45000001	45500000	0.102189166963592
chr11	45500001	46000000	-0.0079514266753396
chr11	46000001	46500000	-0.00964111302420286
chr11	46500001	47000000	-0.0528958803786381
chr11	47000001	47500000	-0.0732820141883471
chr11	47500001	48000000	-0.0344082759868513
chr11	48000001	48500000	0.0306914039681125
chr11	50000001	50500000	-0.235643916780259
chr11	56000001	56500000	-0.113663177698161
chr11	56500001	57000000	-0.0518703264363932
chr11	57000001	57500000	-0.0591447894305734
chr11	57500001	58000000	-0.0121420302725392
chr11	58000001	58500000	-0.0406191496657258
chr11	58500001	59000000	-0.00237615127275511
chr11	59000001	59500000	-0.00601580303905468
chr11	59500001	60000000	0.0433683317333008
chr11	60000001	60500000	0.0358235150632207
chr11	60500001	61000000	-0.0114667513018663
chr11	61000001	61500000	0.00089600955900733
chr11	61500001	62000000	-0.066307063352706
chr11	62000001	62500000	-0.0106097565122769
chr11	62500001	63000000	0.125678377707113
chr11	63000001	63500000	0.0809579418958245
chr11	63500001	64000000	-0.0230256247274598
chr11	64000001	64500000	0.00652057744670934
chr11	64500001	65000000	0.0880745374810144
chr11	65000001	65500000	0.0680898401674159
chr11	65500001	66000000	0.0257820058962464
chr11	66000001	66500000	0.146880777166814
chr11	66500001	67000000	-0.0113814942584907
chr11	67000001	67500000	0.0544646510051149
chr11	68000001	68500000	-0.0314337418655895
chr11	68500001	69000000	-0.0844705913369155
chr11	69000001	69500000	0.117417174674987
chr11	69500001	70000000	-0.0127737399194341
chr11	70000001	70500000	0.025803419707918
chr11	70500001	71000000	NA
chr11	71000001	71500000	NA
chr11	72000001	72500000	0.119037916146944
chr11	72500001	73000000	0.108259783534876
chr11	73000001	73500000	0.148795392067645
chr11	73500001	74000000	0.0188863124951681
chr11	74000001	74500000	0.135166387494219
chr11	74500001	75000000	0.0433226384578443
chr11	75000001	75500000	0.0644241394772698
chr11	75500001	76000000	-0.00264020390686336
chr11	76000001	76500000	0.0542181674835194
chr11	76500001	77000000	0.0406289566707068
chr11	77000001	77500000	0.0548411902812568
chr11	77500001	78000000	0.0275204885454579
chr11	78000001	78500000	0.0350224239357624
chr11	78500001	79000000	0.0821258480740694
chr11	79000001	79500000	0.0417854487300199
chr11	79500001	80000000	0.0917482077248595
chr11	80000001	80500000	0.0204968435982084
chr11	80500001	81000000	0.0127496156892811
chr11	81000001	81500000	0.0216803326824639
chr11	81500001	82000000	-0.0561037804980906
chr11	82000001	82500000	0.0153247585502849
chr11	82500001	83000000	0.0334137201568862
chr11	83000001	83500000	0.0108468998878045
chr11	83500001	84000000	0.0617866042536951
chr11	84000001	84500000	0.0182705416473092
chr11	84500001	85000000	0.0157878722342251
chr11	85000001	85500000	0.0512255920408209
chr11	85500001	86000000	0.0426564798261816
chr11	86000001	86500000	0.0659587018525186
chr11	86500001	87000000	0.0504590598642556
chr11	87000001	87500000	-0.0115419590638205
chr11	87500001	88000000	NA
chr11	88000001	88500000	NA
chr11	88500001	89000000	0.0822038002696637
chr11	89000001	89500000	0.0961670320065356
chr11	90000001	90500000	0.0695019314952152
chr11	90500001	91000000	0.0990338929733039
chr11	91000001	91500000	0.0213042930687174
chr11	91500001	92000000	0.0923217368263496
chr11	92000001	92500000	0.0575513501397544
chr11	92500001	93000000	0.0173143465154902
chr11	93000001	93500000	-0.0352661578222038
chr11	93500001	94000000	0.0262555404747644
chr11	94000001	94500000	0.0930416777790568
chr11	94500001	95000000	0.0785678634632105
chr11	95000001	95500000	0.107403558110245
chr11	95500001	96000000	0.0359160883294234
chr11	96000001	96500000	0.0255485850556115
chr11	96500001	97000000	NA
chr11	97000001	97500000	0.00904439650355613
chr11	97500001	98000000	0.0153898529763242
chr11	98000001	98500000	0.0253310203752011
chr11	98500001	99000000	0.0570527704227167
chr11	99000001	99500000	0.0681812287122818
chr11	99500001	100000000	0.0377261459864147
chr11	100000001	100500000	0.0111808806630344
chr11	100500001	101000000	0.0109173555134992
chr11	101000001	101500000	0.0462882859194813
chr11	101500001	102000000	0.0229836427036932
chr11	102000001	102500000	-0.0403205488787384
chr11	102500001	103000000	-0.00577529108781714
chr11	103000001	103500000	-0.0203167614351404
chr11	103500001	104000000	0.126839564640628
chr11	104000001	104500000	-0.0100938260189908
chr11	104500001	105000000	0.112121900532055
chr11	105000001	105500000	0.0895396197218734
chr11	105500001	106000000	0.0837820160713935
chr11	106000001	106500000	0.0276293215655574
chr11	106500001	107000000	0.0177534000682377
chr11	107000001	107500000	0.0414121931601173
chr11	107500001	108000000	0.0269857675154021
chr11	108000001	108500000	-0.0279651435418488
chr11	108500001	109000000	-0.0527096743130463
chr11	109000001	109500000	-0.0102373405534423
chr11	109500001	110000000	0.0249706533019235
chr11	110000001	110500000	-0.0630658456002638
chr11	110500001	111000000	0.0422178647542189
chr11	111000001	111500000	0.0415419678342603
chr11	111500001	112000000	-0.0154915156927972
chr11	112000001	112500000	0.0480645190550755
chr11	112500001	113000000	0.0869525995823009
chr11	113000001	113500000	0.0814642636310352
chr11	113500001	114000000	0.0277293460948606
chr11	114000001	114500000	-0.0101924258517409
chr11	114500001	115000000	0.0038580267410598
chr11	115000001	115500000	0.0659231144227625
chr11	115500001	116000000	0.105189985673641
chr11	116000001	116500000	0.0163553429155806
chr11	116500001	117000000	-0.013057031007749
chr11	117000001	117500000	0.0119422218009479
chr11	117500001	118000000	0.0328532416295848
chr11	118000001	118500000	0.138320863453749
chr11	118500001	119000000	0.072477005429392
chr11	119000001	119500000	0.06617758264813
chr11	119500001	120000000	0.0668847981800075
chr11	120000001	120500000	0.0182566073704426
chr11	120500001	121000000	0.0643015543359482
chr11	121000001	121500000	0.133322805233905
chr11	121500001	122000000	-0.0267318382638123
chr11	122000001	122500000	0.0361416817758661
chr11	122500001	123000000	0.0726894876962833
chr11	123000001	123500000	0.00209591524490753
chr11	123500001	124000000	0.0548805372082384
chr11	124000001	124500000	-0.00229056120011358
chr11	124500001	125000000	0.0539411628299262
chr11	125000001	125500000	-0.0266658576344805
chr11	125500001	126000000	0.0554328668611352
chr11	126000001	126500000	0.00117372140529173
chr11	126500001	127000000	0.0726952568692909
chr11	127000001	127500000	0.0301945462453991
chr11	127500001	128000000	0.0128981336025555
chr11	128000001	128500000	0.105837514740871
chr11	128500001	129000000	0.0598374255693605
chr11	129000001	129500000	0.018713875162087
chr11	129500001	130000000	0.0348670577756135
chr11	130000001	130500000	0.00261573729690344
chr11	130500001	131000000	0.0196841520775836
chr11	131000001	131500000	0.0420795162591477
chr11	131500001	132000000	-0.040951349080444
chr11	132000001	132500000	0.0411279094497396
chr11	132500001	133000000	0.00988608866647311
chr11	133000001	133500000	0.0326098115844665
chr11	133500001	134000000	-0.0642222279336081
chr11	134000001	134500000	0.0915984981235353
chr11	134500001	135000000	0.00176296757284498
chr11	135000001	135500000	NA
chr12	1	500000	NA
chr12	500001	1000000	0.0892813894989157
chr12	1000001	1500000	-0.0243965668346725
chr12	1500001	2000000	0.00381163456921191
chr12	2000001	2500000	-0.0746635224754633
chr12	2500001	3000000	-0.0726608451553523
chr12	3000001	3500000	0.00857358876492723
chr12	3500001	4000000	0.0208031967645773
chr12	4000001	4500000	0.00959624885631729
chr12	4500001	5000000	-0.0442471594272532
chr12	5000001	5500000	0.0195205174206906
chr12	5500001	6000000	-0.0144029796966333
chr12	6000001	6500000	0.0654249858055246
chr12	6500001	7000000	NA
chr12	7000001	7500000	NA
chr12	7500001	8000000	-0.0492900040361024
chr12	8500001	9000000	0.0319996234306919
chr12	9000001	9500000	-0.0281778255660547
chr12	9500001	10000000	-0.0984162202565175
chr12	10000001	10500000	-0.00610915587420789
chr12	10500001	11000000	-0.0920157567343128
chr12	11000001	11500000	0.136203695898788
chr12	11500001	12000000	0.0707041400183785
chr12	12000001	12500000	-0.0286366488235341
chr12	12500001	13000000	-0.0332877436904061
chr12	13000001	13500000	0.0192033169513235
chr12	13500001	14000000	0.0178803769543163
chr12	14000001	14500000	-0.060598886611427
chr12	14500001	15000000	-0.00717642151890309
chr12	15000001	15500000	-0.0110666407908394
chr12	15500001	16000000	-0.0409491381930956
chr12	16000001	16500000	-0.0795971055542617
chr12	16500001	17000000	-0.0283906847449593
chr12	17000001	17500000	-0.00799086255499476
chr12	17500001	18000000	-0.0363416156697284
chr12	18000001	18500000	-0.00835381982451824
chr12	18500001	19000000	-0.00931572718764171
chr12	19000001	19500000	-0.112982679556227
chr12	19500001	20000000	-0.0829366069583323
chr12	20000001	20500000	-0.0353575838773671
chr12	20500001	21000000	-0.0797602324611071
chr12	21000001	21500000	-0.0844541473652683
chr12	21500001	22000000	-0.150249353609462
chr12	22000001	22500000	-0.0555679616374643
chr12	22500001	23000000	-0.0839280927220862
chr12	23000001	23500000	-0.00500921335723451
chr12	23500001	24000000	-0.00656294860516906
chr12	24000001	24500000	0.0391592320636397
chr12	24500001	25000000	0.00682721921375035
chr12	25000001	25500000	-0.017703175640387
chr12	25500001	26000000	0.0629273092340797
chr12	26000001	26500000	0.0804231359359345
chr12	26500001	27000000	-0.00218634387294896
chr12	27000001	27500000	0.0776076795522659
chr12	27500001	28000000	-0.0239727511528653
chr12	28000001	28500000	0.10230284416337
chr12	28500001	29000000	0.0681829926369731
chr12	29000001	29500000	0.0474364832351902
chr12	29500001	30000000	0.0390778383591251
chr12	30000001	30500000	0.0719119414753926
chr12	30500001	31000000	-0.00821662271945649
chr12	31000001	31500000	0.116538936889952
chr12	31500001	32000000	0.0681564689965226
chr12	32000001	32500000	0.07573794461889
chr12	32500001	33000000	0.10268307002175
chr12	38000001	38500000	0.067037111485507
chr12	38500001	39000000	-0.0406510881706182
chr12	39000001	39500000	0.0157215483612361
chr12	39500001	40000000	-0.000738132752153724
chr12	40000001	40500000	0.121417230350106
chr12	40500001	41000000	0.0476008001749332
chr12	41000001	41500000	0.0219209738136781
chr12	41500001	42000000	-0.0610742315455443
chr12	42000001	42500000	0.0502524789217279
chr12	42500001	43000000	-0.00356579320165787
chr12	43000001	43500000	0.087257567776864
chr12	43500001	44000000	0.0512069020248278
chr12	44000001	44500000	0.058482191458429
chr12	44500001	45000000	-0.00998507968849616
chr12	45000001	45500000	0.0543038603557993
chr12	45500001	46000000	-0.0142935937374183
chr12	46000001	46500000	0.062590544904198
chr12	46500001	47000000	0.0692865295985159
chr12	47000001	47500000	0.060079888759187
chr12	47500001	48000000	0.00655539993374166
chr12	48000001	48500000	-0.00851396019320669
chr12	48500001	49000000	-0.0370691958797349
chr12	49000001	49500000	-0.0154907419169004
chr12	49500001	50000000	-0.0496607305855798
chr12	50000001	50500000	0.00263229072712783
chr12	50500001	51000000	-0.0677021261390539
chr12	51000001	51500000	-0.0431067501316235
chr12	51500001	52000000	-0.00973975858398937
chr12	52000001	52500000	-0.0241726280778204
chr12	52500001	53000000	-0.0098811916306904
chr12	53000001	53500000	0.0604587978577968
chr12	53500001	54000000	0.000583472018384497
chr12	54000001	54500000	0.0434740375240354
chr12	54500001	55000000	-0.0342475774097186
chr12	55000001	55500000	0.000520105702539842
chr12	55500001	56000000	0.0703595121256765
chr12	56000001	56500000	0.0755373022473916
chr12	56500001	57000000	-0.0733679934486207
chr12	57000001	57500000	0.000813013935166251
chr12	57500001	58000000	0.0213754633851587
chr12	58000001	58500000	-0.0232390291589247
chr12	58500001	59000000	-0.0292084731695249
chr12	59000001	59500000	0.0120693280194717
chr12	59500001	60000000	-0.0324433705518258
chr12	60000001	60500000	-0.0536228647631882
chr12	60500001	61000000	-0.0863493703456856
chr12	61000001	61500000	-0.00547834871045766
chr12	61500001	62000000	0.035187896653309
chr12	62000001	62500000	0.021262132878114
chr12	62500001	63000000	0.0284172032352745
chr12	63000001	63500000	-0.0515355501443106
chr12	63500001	64000000	0.134166135798988
chr12	64000001	64500000	-0.0291938676696885
chr12	64500001	65000000	0.0501030089118445
chr12	65000001	65500000	-0.035272649729561
chr12	65500001	66000000	-0.0151008917826974
chr12	66000001	66500000	0.134770300191462
chr12	66500001	67000000	0.027200783395034
chr12	67000001	67500000	-0.0747227205034543
chr12	67500001	68000000	0.050096038685276
chr12	68000001	68500000	0.0875232479316204
chr12	68500001	69000000	-0.0321647281064493
chr12	69000001	69500000	0.0330207138790728
chr12	69500001	70000000	-0.0256383191581576
chr12	70000001	70500000	0.0157539601782551
chr12	70500001	71000000	0.0207189776139715
chr12	71000001	71500000	-0.016588862260888
chr12	71500001	72000000	0.020150017798659
chr12	72000001	72500000	0.0107388889031501
chr12	72500001	73000000	-0.0582734676673451
chr12	73000001	73500000	0.0141045210930734
chr12	73500001	74000000	-0.0688232632310868
chr12	74000001	74500000	-0.00677051746085276
chr12	74500001	75000000	-0.0369029839846179
chr12	75000001	75500000	0.00170454845495556
chr12	75500001	76000000	0.00702945854886405
chr12	76000001	76500000	0.0704702807510266
chr12	76500001	77000000	0.0741200598085
chr12	77000001	77500000	0.0308740621396478
chr12	77500001	78000000	0.0243798886726937
chr12	78000001	78500000	-0.0558558268477155
chr12	78500001	79000000	0.0240453602844925
chr12	79000001	79500000	0.0851821730167269
chr12	79500001	80000000	-0.0536855176961661
chr12	80000001	80500000	0.0198052130746835
chr12	80500001	81000000	-0.049949173442582
chr12	81000001	81500000	-0.0126394771739925
chr12	81500001	82000000	0.033719851592162
chr12	82000001	82500000	0.00820153101829294
chr12	82500001	83000000	-0.174268601502095
chr12	83000001	83500000	0.0526726022490184
chr12	83500001	84000000	-0.0713267754239705
chr12	84000001	84500000	-0.00758502266802748
chr12	84500001	85000000	-0.0102622590537566
chr12	85000001	85500000	0.0348111052253939
chr12	85500001	86000000	-0.0431853803330366
chr12	86000001	86500000	-0.0571887693848859
chr12	86500001	87000000	-0.0167897003715237
chr12	87000001	87500000	-0.0033309744684696
chr12	87500001	88000000	-0.017004539935043
chr12	88000001	88500000	0.0290094404806359
chr12	88500001	89000000	-0.0505358617843401
chr12	89000001	89500000	0.124787465829837
chr12	89500001	90000000	0.0618961173662251
chr12	90000001	90500000	-0.0281679867782428
chr12	90500001	91000000	-0.000395388254814201
chr12	91000001	91500000	-0.0249546650147333
chr12	91500001	92000000	0.0327148535831028
chr12	92000001	92500000	0.0801896929973722
chr12	92500001	93000000	-0.0168296785827773
chr12	93000001	93500000	0.144065114189319
chr12	93500001	94000000	0.0386740108695351
chr12	94000001	94500000	0.0297352996712267
chr12	94500001	95000000	0.00955976684484957
chr12	95000001	95500000	0.0413528141227943
chr12	95500001	96000000	-0.00853648860038012
chr12	96000001	96500000	-0.0395951398372365
chr12	96500001	97000000	0.0196395716946265
chr12	97000001	97500000	-0.0149416303085207
chr12	97500001	98000000	0.0342681723774666
chr12	98000001	98500000	-0.0843771713656075
chr12	98500001	99000000	0.0124955924288699
chr12	99000001	99500000	-0.0370873571993539
chr12	99500001	100000000	0.0671949986605594
chr12	100000001	100500000	0.0048017944587137
chr12	100500001	101000000	0.0263962222542714
chr12	101000001	101500000	0.031726359608233
chr12	101500001	102000000	0.0559977472469415
chr12	102000001	102500000	0.086314937376026
chr12	102500001	103000000	0.087096510689391
chr12	103000001	103500000	0.0402680635858642
chr12	103500001	104000000	0.0981974472454342
chr12	104000001	104500000	0.101240193480582
chr12	104500001	105000000	0.0707001181057545
chr12	105000001	105500000	0.0843960357610483
chr12	105500001	106000000	0.125900360555896
chr12	106000001	106500000	0.0383727682974601
chr12	106500001	107000000	0.0550770935936581
chr12	107000001	107500000	0.127559177404092
chr12	107500001	108000000	-0.0346501530273256
chr12	108000001	108500000	0.0224466614250569
chr12	108500001	109000000	0.0875136962882054
chr12	109000001	109500000	0.0138709193556652
chr12	109500001	110000000	0.0930837972765865
chr12	110000001	110500000	0.0318324333201156
chr12	110500001	111000000	0.070827684610671
chr12	111000001	111500000	0.0399912801457579
chr12	111500001	112000000	-0.0618876645887153
chr12	112000001	112500000	-0.0129325360210106
chr12	112500001	113000000	0.0365972258042364
chr12	113000001	113500000	0.0934375949214572
chr12	113500001	114000000	0.0198221634243126
chr12	114000001	114500000	0.111723311545611
chr12	114500001	115000000	-0.0339600337582819
chr12	115000001	115500000	0.0156773035548967
chr12	115500001	116000000	0.00750190143950306
chr12	116000001	116500000	0.0479343797275012
chr12	116500001	117000000	0.0111350292546349
chr12	117000001	117500000	-0.0153512331983709
chr12	117500001	118000000	0.039022307862223
chr12	118000001	118500000	0.0561116117867888
chr12	118500001	119000000	0.0769238051071692
chr12	119000001	119500000	0.0353833565356783
chr12	119500001	120000000	-0.0438836403907729
chr12	120000001	120500000	0.0181098173481604
chr12	120500001	121000000	0.078466345556482
chr12	121000001	121500000	0.0783742438665801
chr12	121500001	122000000	-0.00935748565772682
chr12	122000001	122500000	NA
chr12	122500001	123000000	-0.0388487795091269
chr12	123000001	123500000	NA
chr12	123500001	124000000	-0.00451975308996751
chr12	124000001	124500000	0.0923653232553215
chr12	124500001	125000000	0.020941208794321
chr12	125000001	125500000	0.00846183500911504
chr12	125500001	126000000	0.0511782524923384
chr12	126000001	126500000	0.111137648306691
chr12	126500001	127000000	0.0511938845419892
chr12	127000001	127500000	-0.0211152466492632
chr12	127500001	128000000	0.0302227087340298
chr12	128000001	128500000	0.0141272618529656
chr12	128500001	129000000	-0.0615430706440858
chr12	129000001	129500000	-0.0155385768008505
chr12	129500001	130000000	-0.030936177068982
chr12	130000001	130500000	0.00307343043503316
chr12	130500001	131000000	-0.056468720234326
chr12	131000001	131500000	-0.0207051227076275
chr12	131500001	132000000	0.0165381837473445
chr12	132000001	132500000	NA
chr12	132500001	133000000	-0.0987266796639802
chr12	133000001	133500000	NA
chr13	19000001	19500000	-0.0174686011868711
chr13	19500001	20000000	-0.127701306796776
chr13	20000001	20500000	-0.00757425514839827
chr13	20500001	21000000	-0.0824037589286652
chr13	21000001	21500000	0.00507454914018818
chr13	21500001	22000000	8.25971736003704e-05
chr13	22000001	22500000	-0.102068652632087
chr13	22500001	23000000	-0.135857898679806
chr13	23000001	23500000	-0.107955257465497
chr13	23500001	24000000	-0.0843652621827281
chr13	24000001	24500000	-0.102407650838918
chr13	24500001	25000000	0.00391708466782493
chr13	25000001	25500000	-0.111714124461128
chr13	25500001	26000000	-0.0817104069244475
chr13	26000001	26500000	-0.0921707178702906
chr13	26500001	27000000	-0.0220528733958214
chr13	27000001	27500000	-0.0856128730291084
chr13	27500001	28000000	-0.108379723774856
chr13	28000001	28500000	0.0375082407100294
chr13	28500001	29000000	-0.105118263732024
chr13	29000001	29500000	-0.045470966450081
chr13	29500001	30000000	-0.0526997909601105
chr13	30000001	30500000	-0.0557071906884605
chr13	30500001	31000000	-0.0353955232361783
chr13	31000001	31500000	-0.0512007943691053
chr13	31500001	32000000	-0.000489153010511931
chr13	32000001	32500000	0.0186988400184345
chr13	32500001	33000000	-0.0821894490758196
chr13	33000001	33500000	-0.0664445512431295
chr13	33500001	34000000	-0.0295416269416735
chr13	34000001	34500000	-0.0543268625068948
chr13	34500001	35000000	0.00134785816956422
chr13	35000001	35500000	-0.0198364691970864
chr13	35500001	36000000	-0.0285942219783844
chr13	36000001	36500000	-0.0240570315048797
chr13	36500001	37000000	-0.0669183974082833
chr13	37000001	37500000	-0.00473892571226157
chr13	37500001	38000000	-0.0615519762067774
chr13	38000001	38500000	-0.060057654132646
chr13	38500001	39000000	-0.147858227734058
chr13	39000001	39500000	-0.0225576026152691
chr13	39500001	40000000	-0.0698488758333971
chr13	40000001	40500000	0.0173809781054737
chr13	40500001	41000000	-0.111633347177743
chr13	41000001	41500000	-0.073210979057238
chr13	41500001	42000000	-0.0425162441272205
chr13	42000001	42500000	-0.0887436249272463
chr13	42500001	43000000	-0.0738287373299899
chr13	43000001	43500000	-0.126408249160032
chr13	43500001	44000000	-0.0292243414352183
chr13	44000001	44500000	-0.0579897195210196
chr13	44500001	45000000	-0.166432455911185
chr13	45000001	45500000	-0.0613584543149181
chr13	45500001	46000000	-0.0637755709419816
chr13	46000001	46500000	-0.0434601337744387
chr13	46500001	47000000	-0.0899347883088534
chr13	47000001	47500000	-0.0630512836145877
chr13	47500001	48000000	-0.0193359038305601
chr13	48000001	48500000	-0.0735052088028708
chr13	48500001	49000000	0.0786458555188476
chr13	49000001	49500000	-0.0542277326357829
chr13	49500001	50000000	-0.0594650854456553
chr13	50000001	50500000	-0.0104077410316775
chr13	50500001	51000000	-0.0466521629200185
chr13	51000001	51500000	0.022682478585599
chr13	51500001	52000000	0.0198527202006029
chr13	52000001	52500000	-0.0886101506690115
chr13	52500001	53000000	-0.0400180517809355
chr13	53000001	53500000	-0.00125038282064589
chr13	53500001	54000000	-0.0828768097688414
chr13	54000001	54500000	0.00891183981427918
chr13	54500001	55000000	-0.116536805864853
chr13	55000001	55500000	0.0381202226715313
chr13	55500001	56000000	-0.152586462202804
chr13	56000001	56500000	-0.0852475408368932
chr13	56500001	57000000	-0.0736146987377269
chr13	57000001	57500000	0.0725066322037489
chr13	57500001	58000000	-0.00755007338486252
chr13	58000001	58500000	0.0166281434502525
chr13	58500001	59000000	-0.0282470172733722
chr13	59000001	59500000	-0.00988362784796442
chr13	59500001	60000000	0.0274740292453411
chr13	60000001	60500000	-0.0507954779648256
chr13	60500001	61000000	-0.0432761250072802
chr13	61000001	61500000	-0.106545049230546
chr13	61500001	62000000	-0.017262772849281
chr13	62000001	62500000	-0.0763105509230677
chr13	62500001	63000000	NA
chr13	63000001	63500000	-0.0833854943103166
chr13	63500001	64000000	-0.211235900660095
chr13	64000001	64500000	-0.0511641905408419
chr13	64500001	65000000	-0.019556136393523
chr13	65000001	65500000	-0.0738462318825529
chr13	65500001	66000000	0.000409448768370997
chr13	66000001	66500000	-0.136049716985728
chr13	66500001	67000000	-0.0531944152142395
chr13	67000001	67500000	-0.112289282163371
chr13	67500001	68000000	-0.0242183380022926
chr13	68000001	68500000	0.0396984454930927
chr13	68500001	69000000	NA
chr13	69000001	69500000	NA
chr13	69500001	70000000	-0.0184283512847781
chr13	70000001	70500000	-0.0194622089321464
chr13	70500001	71000000	-0.0603633077588217
chr13	71000001	71500000	-0.144435830830256
chr13	71500001	72000000	0.0241992172753756
chr13	72000001	72500000	-0.0597403256554578
chr13	72500001	73000000	-0.0405024021881267
chr13	73000001	73500000	-0.0463397407710208
chr13	73500001	74000000	-0.0239099549205581
chr13	74000001	74500000	-0.0123436842936904
chr13	74500001	75000000	-0.0246307091424569
chr13	75000001	75500000	-0.112663070030317
chr13	75500001	76000000	0.0296682286820108
chr13	76000001	76500000	-0.0954419476450273
chr13	76500001	77000000	0.00478820869333505
chr13	77000001	77500000	0.0620441475761167
chr13	77500001	78000000	-0.0891185964230052
chr13	78000001	78500000	-0.072583008267435
chr13	78500001	79000000	-0.0348236549855064
chr13	79000001	79500000	-0.0466930276098907
chr13	79500001	80000000	-0.0325390964249803
chr13	80000001	80500000	0.00652883100238512
chr13	80500001	81000000	0.00971811384275006
chr13	81000001	81500000	-0.0481523470675989
chr13	81500001	82000000	-0.0860920525396889
chr13	82000001	82500000	-0.0199932867033815
chr13	82500001	83000000	-0.0874336933457322
chr13	83000001	83500000	-0.121208208166511
chr13	83500001	84000000	-0.0916928511844929
chr13	84000001	84500000	-0.00594031467421075
chr13	84500001	85000000	-0.0648814259630013
chr13	85000001	85500000	-0.119861603330671
chr13	85500001	86000000	-0.0863408416650155
chr13	86000001	86500000	NA
chr13	86500001	87000000	-0.0442055661214815
chr13	87000001	87500000	0.0518282439909633
chr13	87500001	88000000	-0.0465656967984684
chr13	88000001	88500000	0.0303860828087058
chr13	88500001	89000000	-0.0401944682468059
chr13	89000001	89500000	-0.0625458509815418
chr13	89500001	90000000	-0.0355319188011774
chr13	90000001	90500000	-0.00916791654362306
chr13	90500001	91000000	-0.0205250547052428
chr13	91000001	91500000	-0.0659088309138996
chr13	91500001	92000000	-0.0592220033063894
chr13	92000001	92500000	-0.101772780601429
chr13	92500001	93000000	0.0335856287507317
chr13	93000001	93500000	0.0422478808994354
chr13	93500001	94000000	-0.0438566083021024
chr13	94000001	94500000	0.0134575910718189
chr13	94500001	95000000	-0.0340423010102824
chr13	95000001	95500000	-0.0592044907769327
chr13	95500001	96000000	-0.0926615098819668
chr13	96000001	96500000	-0.0650637707977926
chr13	96500001	97000000	0.0281227266200281
chr13	97000001	97500000	-0.0502993565044326
chr13	97500001	98000000	-0.0284382072890979
chr13	98000001	98500000	-0.0971187913231197
chr13	98500001	99000000	-0.0334966218942319
chr13	99000001	99500000	-0.035276030125837
chr13	99500001	100000000	-0.0830726516099413
chr13	100000001	100500000	-0.0179874808432633
chr13	100500001	101000000	NA
chr13	101000001	101500000	-0.110595704006884
chr13	101500001	102000000	-0.0657959755007475
chr13	102000001	102500000	-0.0692494269340304
chr13	102500001	103000000	-0.0611125691848787
chr13	103000001	103500000	-0.0579248804156538
chr13	103500001	104000000	-0.0914822768974391
chr13	104000001	104500000	-0.0964222943339277
chr13	104500001	105000000	-0.071145607678275
chr13	105000001	105500000	-0.168688661186535
chr13	105500001	106000000	-0.0580018787855178
chr13	106000001	106500000	-0.00884659600201797
chr13	106500001	107000000	0.00279119256868736
chr13	107000001	107500000	-0.0991607074400629
chr13	107500001	108000000	-0.0306441341158975
chr13	108000001	108500000	0.0181751993885982
chr13	108500001	109000000	-0.114832901160028
chr13	109000001	109500000	-0.102945794307198
chr13	109500001	110000000	-0.00307224863952732
chr13	110000001	110500000	-0.110974310223067
chr13	110500001	111000000	-0.0687288923388933
chr13	111000001	111500000	-0.0791840723665275
chr13	112000001	112500000	-0.0564960152294772
chr13	112500001	113000000	-0.0840873584710249
chr13	113000001	113500000	-0.0106277473303723
chr13	113500001	114000000	NA
chr13	114000001	114500000	NA
chr14	20000001	20500000	-0.0330205490710797
chr14	20500001	21000000	0.0240015874905143
chr14	21000001	21500000	0.0133880201289559
chr14	21500001	22000000	0.00238809596829109
chr14	22000001	22500000	0.0250643809610752
chr14	22500001	23000000	0.105604186828357
chr14	23000001	23500000	-0.00394625080703306
chr14	23500001	24000000	0.180244406317446
chr14	24000001	24500000	0.0663698478925309
chr14	24500001	25000000	-0.0297426068439504
chr14	25000001	25500000	-0.0189397891462486
chr14	25500001	26000000	-0.0256440810618393
chr14	26000001	26500000	-0.0208149179990838
chr14	26500001	27000000	0.0269538565531365
chr14	27000001	27500000	-0.00307025977874241
chr14	27500001	28000000	0.168401150265344
chr14	28000001	28500000	0.00944591765808705
chr14	28500001	29000000	-0.0191408172184876
chr14	29000001	29500000	-0.0346983654472083
chr14	29500001	30000000	0.0895663442040318
chr14	30000001	30500000	-0.0343288357420682
chr14	30500001	31000000	0.000335250511322589
chr14	31000001	31500000	-0.0241446098151952
chr14	31500001	32000000	-0.00310250533301866
chr14	32000001	32500000	0.0561117462117355
chr14	32500001	33000000	0.0201743900081499
chr14	33000001	33500000	0.000950912638820245
chr14	33500001	34000000	0.0964872432831066
chr14	34000001	34500000	0.102827545031209
chr14	34500001	35000000	0.103356280088009
chr14	35000001	35500000	0.0974908224860709
chr14	35500001	36000000	0.0738776427111527
chr14	36000001	36500000	-0.00523776260691571
chr14	36500001	37000000	-0.0466064663945473
chr14	37000001	37500000	0.0259568613224864
chr14	37500001	38000000	0.00579674205093345
chr14	38000001	38500000	0.0770155032727167
chr14	38500001	39000000	0.0971447132751226
chr14	39000001	39500000	-0.0258436355200847
chr14	39500001	40000000	0.0423447733814441
chr14	40000001	40500000	0.0275623441936083
chr14	40500001	41000000	0.0551021225562754
chr14	41000001	41500000	0.0149282572032354
chr14	41500001	42000000	0.00207893566586381
chr14	42000001	42500000	-0.012241385060638
chr14	42500001	43000000	0.0204865568151286
chr14	43000001	43500000	0.0440891095950552
chr14	43500001	44000000	-0.113363163989604
chr14	44000001	44500000	0.0235249114391647
chr14	44500001	45000000	-0.0820091476837186
chr14	45000001	45500000	-0.0213929541461818
chr14	45500001	46000000	-0.0699449678825706
chr14	46000001	46500000	-0.0115372274889616
chr14	46500001	47000000	-0.0849543075342193
chr14	47000001	47500000	-0.122093588957584
chr14	47500001	48000000	-0.0791841025237546
chr14	48000001	48500000	0.00900902396592837
chr14	48500001	49000000	-0.00599448525647582
chr14	49000001	49500000	0.00172202224679237
chr14	49500001	50000000	-0.0925786264141301
chr14	50000001	50500000	-0.0391762189786079
chr14	50500001	51000000	0.0381011191315706
chr14	51000001	51500000	0.0167398785841883
chr14	51500001	52000000	-0.0960208029095111
chr14	52000001	52500000	-0.0846780939657201
chr14	52500001	53000000	-0.163056493363791
chr14	53000001	53500000	-0.0190140893882073
chr14	53500001	54000000	-0.0345267105811125
chr14	54000001	54500000	-0.07113441409945
chr14	54500001	55000000	-0.104781488776071
chr14	55000001	55500000	-0.0974950881491237
chr14	55500001	56000000	-0.0441347348437322
chr14	56000001	56500000	-0.0628016681006183
chr14	56500001	57000000	0.0123321536142849
chr14	57000001	57500000	-0.0465306235980117
chr14	57500001	58000000	-0.0932803951811817
chr14	58000001	58500000	-0.0876631927689406
chr14	58500001	59000000	0.0187571159546137
chr14	59000001	59500000	0.0338992110990535
chr14	59500001	60000000	-0.03990092398322
chr14	60000001	60500000	-0.00401284422046513
chr14	60500001	61000000	-0.0324822280841144
chr14	61000001	61500000	-0.0320875218106091
chr14	61500001	62000000	0.0178825454786381
chr14	62000001	62500000	-0.0508081565710698
chr14	62500001	63000000	-0.089864109276823
chr14	63000001	63500000	-0.0223806669917895
chr14	63500001	64000000	-0.0383273313075516
chr14	64000001	64500000	-0.071568714219959
chr14	64500001	65000000	0.0679402301849673
chr14	65000001	65500000	-0.00237529295602665
chr14	65500001	66000000	-0.0614419019607178
chr14	66000001	66500000	-0.10765784523914
chr14	66500001	67000000	-0.115780711326845
chr14	67000001	67500000	-0.0574212379910996
chr14	67500001	68000000	-0.0116409681066128
chr14	68000001	68500000	0.0793749572211644
chr14	68500001	69000000	-0.00567753100069629
chr14	69000001	69500000	-0.0493871519700065
chr14	69500001	70000000	-0.0292818906424135
chr14	70000001	70500000	-0.0284470663850975
chr14	70500001	71000000	-0.0660471264277599
chr14	71000001	71500000	-0.0315544380816431
chr14	71500001	72000000	-0.0269443243884678
chr14	72000001	72500000	-0.0736461521581377
chr14	72500001	73000000	-0.075037569502837
chr14	73000001	73500000	-0.0620765319438703
chr14	73500001	74000000	-0.114347258568901
chr14	74000001	74500000	-0.11379971394544
chr14	74500001	75000000	-0.0764705472935877
chr14	75000001	75500000	0.0717966970656241
chr14	75500001	76000000	0.056597899132529
chr14	76000001	76500000	-0.100476753078329
chr14	76500001	77000000	-0.0354827012982431
chr14	77000001	77500000	-0.0567326676862395
chr14	77500001	78000000	-0.0502194142595234
chr14	78000001	78500000	-0.048192715644825
chr14	78500001	79000000	-0.0596239881900393
chr14	79000001	79500000	0.0348068397707778
chr14	79500001	80000000	-0.0167010924107229
chr14	80000001	80500000	-0.0970591689787449
chr14	80500001	81000000	-0.0620032467091602
chr14	81000001	81500000	-0.00333704703505647
chr14	81500001	82000000	-0.0165056052941616
chr14	82000001	82500000	-0.0653261828310262
chr14	82500001	83000000	-0.0289883355834996
chr14	83000001	83500000	-0.0862378575237533
chr14	83500001	84000000	-0.00823737939540296
chr14	84000001	84500000	-0.0149630885257351
chr14	84500001	85000000	0.0647154381305305
chr14	85000001	85500000	0.00805661213046586
chr14	85500001	86000000	0.0659623826402685
chr14	86000001	86500000	0.0212173897438503
chr14	86500001	87000000	-0.0525079541223315
chr14	87000001	87500000	-0.0425489946231452
chr14	87500001	88000000	0.0385252727675299
chr14	88000001	88500000	0.0468169620447279
chr14	88500001	89000000	0.0512697839180338
chr14	89000001	89500000	0.086349974391282
chr14	89500001	90000000	0.0426514334397402
chr14	90000001	90500000	0.0679271035167725
chr14	90500001	91000000	0.100066526429001
chr14	91000001	91500000	0.104129450150272
chr14	91500001	92000000	0.0868394487446503
chr14	92000001	92500000	0.084186708699027
chr14	92500001	93000000	0.0241419763029609
chr14	93000001	93500000	0.0222399622436282
chr14	93500001	94000000	0.00537449551343271
chr14	94000001	94500000	0.054714454241121
chr14	94500001	95000000	-0.0240785343104426
chr14	95000001	95500000	-0.010469348098229
chr14	95500001	96000000	-0.0440494210032469
chr14	96000001	96500000	0.0372716363973136
chr14	96500001	97000000	-0.030802421373324
chr14	97000001	97500000	0.0403858846604406
chr14	97500001	98000000	0.0548213448809673
chr14	98000001	98500000	0.041771541867392
chr14	98500001	99000000	0.0442213371258921
chr14	99000001	99500000	0.0114918632153594
chr14	99500001	100000000	0.00405535225821023
chr14	100000001	100500000	0.0588605865990426
chr14	100500001	101000000	0.0641384596228897
chr14	101000001	101500000	-0.115472194510731
chr14	101500001	102000000	-0.0530333065997401
chr14	102000001	102500000	-0.0173502851152973
chr14	102500001	103000000	0.0494823036313963
chr14	103000001	103500000	-0.023896108307211
chr14	103500001	104000000	-0.110964346032014
chr14	104000001	104500000	-0.0882600484127266
chr14	104500001	105000000	-0.100586485633701
chr14	105000001	105500000	0.0702167296953747
chr14	106000001	106500000	0.137563566790037
chr15	23500001	24000000	-0.0360251810264476
chr15	24500001	25000000	0.0164534642514827
chr15	25000001	25500000	0.00327730931804253
chr15	25500001	26000000	0.0140269855523741
chr15	26000001	26500000	-0.083461880485467
chr15	26500001	27000000	-0.0182935192370881
chr15	27000001	27500000	NA
chr15	27500001	28000000	-0.10456932613235
chr15	29000001	29500000	0.0130964242792334
chr15	29500001	30000000	-0.133136293057736
chr15	31000001	31500000	0.0125423675642155
chr15	31500001	32000000	0.108343720614511
chr15	32500001	33000000	-0.0698660485466598
chr15	33000001	33500000	-0.0224064659816814
chr15	33500001	34000000	0.04024866736198
chr15	34000001	34500000	-0.136326140385503
chr15	34500001	35000000	-0.0192570931048244
chr15	35000001	35500000	0.00755911966416409
chr15	35500001	36000000	0.00289704362135957
chr15	36000001	36500000	0.00853872907579669
chr15	36500001	37000000	-0.0804723726973799
chr15	37000001	37500000	-0.0285887706103385
chr15	37500001	38000000	-0.0153921285824666
chr15	38000001	38500000	-0.0142353879832672
chr15	38500001	39000000	-0.00712259106420592
chr15	39000001	39500000	0.0646243448816381
chr15	39500001	40000000	-0.0583382463441419
chr15	40000001	40500000	0.0575815852725966
chr15	40500001	41000000	-0.00959109377247076
chr15	41000001	41500000	-0.0386477129306563
chr15	41500001	42000000	0.00779107325919077
chr15	42000001	42500000	-0.0550647867179113
chr15	42500001	43000000	-0.00122899934176069
chr15	43000001	43500000	-0.0234528099308863
chr15	43500001	44000000	-0.184161957565079
chr15	44000001	44500000	-0.0595221230013701
chr15	44500001	45000000	-0.0919415158278587
chr15	45000001	45500000	-0.0785633417504761
chr15	45500001	46000000	-0.00823929343127367
chr15	46000001	46500000	-0.0626611045621676
chr15	46500001	47000000	-0.0991698993810808
chr15	47000001	47500000	-0.0625451751667401
chr15	47500001	48000000	-0.106813605986514
chr15	48000001	48500000	-0.0159856317311867
chr15	48500001	49000000	-0.0428799326283908
chr15	49000001	49500000	-0.0403035027864251
chr15	49500001	50000000	-0.00869067438962062
chr15	50000001	50500000	-0.0493296442667811
chr15	50500001	51000000	0.0117393456921207
chr15	51000001	51500000	0.0288103235497894
chr15	51500001	52000000	0.0717766917350993
chr15	52000001	52500000	-0.0232307294415411
chr15	52500001	53000000	-0.115025563583208
chr15	53000001	53500000	-0.0792303958127577
chr15	53500001	54000000	-0.0710439214777879
chr15	54000001	54500000	-0.105442718875235
chr15	54500001	55000000	-0.0372424011554096
chr15	55000001	55500000	0.00764667798823752
chr15	55500001	56000000	-0.053869884831809
chr15	56000001	56500000	-0.059009768490951
chr15	56500001	57000000	-0.00563692376673955
chr15	57000001	57500000	-0.0901365193139599
chr15	57500001	58000000	-0.12260211607394
chr15	58000001	58500000	-0.0952564740454337
chr15	58500001	59000000	-0.0919253810697034
chr15	59000001	59500000	-0.108235369599619
chr15	59500001	60000000	-0.00334188065997756
chr15	60000001	60500000	-0.0666819813167553
chr15	60500001	61000000	-0.0721468275563279
chr15	61000001	61500000	-0.0424393303825184
chr15	61500001	62000000	-0.0210410092747866
chr15	62000001	62500000	-0.0517216573422027
chr15	62500001	63000000	-0.101129686294853
chr15	63000001	63500000	-0.00398075593453413
chr15	63500001	64000000	0.0175356075700179
chr15	64000001	64500000	-0.0739505228005136
chr15	64500001	65000000	-0.0246929661030025
chr15	65000001	65500000	-0.0485790765925958
chr15	65500001	66000000	-0.0671319159221158
chr15	66000001	66500000	-0.0138225417646571
chr15	66500001	67000000	0.00399091507925049
chr15	67000001	67500000	-0.0374723302187699
chr15	67500001	68000000	-0.0177128484933632
chr15	68000001	68500000	-0.00312846767989983
chr15	68500001	69000000	-0.0409226753412361
chr15	69000001	69500000	-0.04316079810146
chr15	69500001	70000000	0.0448140026271359
chr15	70000001	70500000	0.0386038926367705
chr15	70500001	71000000	-0.0152270423738535
chr15	71000001	71500000	-0.0561354573466182
chr15	71500001	72000000	-0.111603466936779
chr15	72000001	72500000	-0.0192731096176942
chr15	72500001	73000000	0.0778766334014829
chr15	73000001	73500000	-0.0186411450272832
chr15	73500001	74000000	0.0111546594386785
chr15	74000001	74500000	-0.107574503198837
chr15	74500001	75000000	0.0370239315357653
chr15	75000001	75500000	-0.124480779921993
chr15	75500001	76000000	0.0140283453245518
chr15	76000001	76500000	-0.0322698388017424
chr15	76500001	77000000	-0.0320832264256672
chr15	77000001	77500000	-0.0358917409194723
chr15	77500001	78000000	0.0285812431972285
chr15	78000001	78500000	-0.0449756719409319
chr15	78500001	79000000	-0.107345816816464
chr15	79000001	79500000	-0.0102551474238039
chr15	79500001	80000000	-0.0598889999046659
chr15	80000001	80500000	-0.0962567591836712
chr15	80500001	81000000	-0.0951191892387062
chr15	81000001	81500000	0.063112354092805
chr15	81500001	82000000	-0.00726402292761089
chr15	82500001	83000000	0.00410744769900108
chr15	83000001	83500000	-0.00356586054811871
chr15	83500001	84000000	-0.134832268694962
chr15	84500001	85000000	-0.0791913274544254
chr15	85000001	85500000	-0.0717340203830542
chr15	85500001	86000000	0.0249879355461624
chr15	86000001	86500000	0.0626581683199668
chr15	86500001	87000000	0.115410144945841
chr15	87000001	87500000	0.000356161745136944
chr15	87500001	88000000	-0.00111030488005665
chr15	88000001	88500000	-0.0262004123204687
chr15	88500001	89000000	-0.0514709009932295
chr15	89000001	89500000	0.0338116926737962
chr15	89500001	90000000	0.0466237046280365
chr15	90000001	90500000	-0.0502719835318481
chr15	90500001	91000000	0.0241746619868908
chr15	91000001	91500000	-0.0221304693336673
chr15	91500001	92000000	0.0602138293586838
chr15	92000001	92500000	0.0296182500983305
chr15	92500001	93000000	0.0131254552118406
chr15	93000001	93500000	-0.0275312572672757
chr15	93500001	94000000	-0.011095043104237
chr15	94000001	94500000	-0.0268891695781966
chr15	94500001	95000000	-0.130905023140527
chr15	95000001	95500000	-0.0051930516067908
chr15	95500001	96000000	-0.049190355791864
chr15	96000001	96500000	-0.103450627785569
chr15	96500001	97000000	-0.0353492261893331
chr15	97000001	97500000	-0.0308113923429367
chr15	97500001	98000000	-0.0205258389691713
chr15	98000001	98500000	-0.0725738523389693
chr15	98500001	99000000	0.0202104819833665
chr15	99000001	99500000	0.0326836548968358
chr15	99500001	100000000	-0.00865578172370876
chr15	100000001	100500000	0.00886049651838758
chr15	100500001	101000000	0.0312540841535493
chr15	101000001	101500000	-0.0124454586976209
chr16	1	500000	NA
chr16	500001	1000000	NA
chr16	1000001	1500000	NA
chr16	1500001	2000000	-0.153085227476036
chr16	2000001	2500000	-0.0406453970740816
chr16	2500001	3000000	-0.284258483562328
chr16	3000001	3500000	0.064715136925763
chr16	3500001	4000000	-0.100987555339421
chr16	4000001	4500000	-0.0181657086957621
chr16	4500001	5000000	-0.0977126643320162
chr16	5000001	5500000	0.0281686939875364
chr16	5500001	6000000	-0.0240897932098038
chr16	6000001	6500000	-0.0215134674667674
chr16	6500001	7000000	0.00205501552256898
chr16	7000001	7500000	-0.119095774181053
chr16	7500001	8000000	-0.098145920206639
chr16	8000001	8500000	-0.0385849907238963
chr16	8500001	9000000	0.00465239227510762
chr16	9000001	9500000	-0.0761318402624758
chr16	9500001	10000000	0.046200882596352
chr16	10000001	10500000	-0.144527917389172
chr16	10500001	11000000	-0.0932291295368017
chr16	11000001	11500000	0.0402861286714551
chr16	11500001	12000000	-0.00759785896800255
chr16	12000001	12500000	0.0217947482592892
chr16	12500001	13000000	-0.0270980729696477
chr16	13000001	13500000	0.0795464639591858
chr16	13500001	14000000	-0.0422718358361086
chr16	14000001	14500000	-0.0778056519010771
chr16	15500001	16000000	-0.0170486744055786
chr16	17000001	17500000	0.109561038873238
chr16	17500001	18000000	-0.0726722993479994
chr16	19000001	19500000	-0.0592934533301858
chr16	19500001	20000000	0.0539249235185879
chr16	20000001	20500000	0.0107710990531785
chr16	20500001	21000000	0.0478770661054811
chr16	22000001	22500000	-0.0814843935556726
chr16	22500001	23000000	0.129834657143005
chr16	23000001	23500000	0.0451371340456965
chr16	23500001	24000000	0.0861619377775092
chr16	24000001	24500000	0.043990068000681
chr16	24500001	25000000	-0.0474745071630964
chr16	25000001	25500000	0.0241428696804995
chr16	25500001	26000000	-0.114046912107683
chr16	26000001	26500000	0.0134577632713263
chr16	26500001	27000000	-0.0710507049759588
chr16	27000001	27500000	-0.026915260086957
chr16	27500001	28000000	-0.0584539577488754
chr16	28000001	28500000	-0.31659980305882
chr16	29500001	30000000	-0.19276050815004
chr16	30500001	31000000	-0.0502502795305236
chr16	31000001	31500000	-0.0212811309005265
chr16	31500001	32000000	-0.125609769631073
chr16	46500001	47000000	-0.0149205197629125
chr16	47000001	47500000	0.0233050681301962
chr16	47500001	48000000	0.00139671320383475
chr16	48000001	48500000	0.0396595207166366
chr16	48500001	49000000	0.105606201247291
chr16	49000001	49500000	0.00295586036641241
chr16	49500001	50000000	-0.0482863908499689
chr16	50000001	50500000	0.0283668273601853
chr16	50500001	51000000	0.0321512185613566
chr16	51000001	51500000	-0.107224091859399
chr16	51500001	52000000	-0.00383123778855263
chr16	52000001	52500000	-0.0568751098410402
chr16	52500001	53000000	0.014825373250779
chr16	53000001	53500000	-0.000439988312821354
chr16	53500001	54000000	0.0268791112569553
chr16	54000001	54500000	0.023259643884151
chr16	54500001	55000000	-0.065930589306877
chr16	55000001	55500000	0.0540612397115231
chr16	55500001	56000000	0.0281115599777762
chr16	56000001	56500000	0.0355214424117064
chr16	56500001	57000000	-0.0555136759086423
chr16	57000001	57500000	0.0901789288475948
chr16	57500001	58000000	0.0895406523404882
chr16	58000001	58500000	-0.0212300622223124
chr16	58500001	59000000	-0.0066565863878284
chr16	59000001	59500000	-0.0249840838593577
chr16	59500001	60000000	-0.0610186042650922
chr16	60000001	60500000	0.077079030825711
chr16	60500001	61000000	-0.000338291072970377
chr16	61000001	61500000	-0.0778428287419957
chr16	61500001	62000000	0.00428118249551861
chr16	62000001	62500000	-0.0669107085709198
chr16	62500001	63000000	0.0463213235090797
chr16	63000001	63500000	0.0599401380120593
chr16	63500001	64000000	0.0805204844518961
chr16	64000001	64500000	-0.0923365543312769
chr16	64500001	65000000	-0.108388905941197
chr16	65000001	65500000	0.0167352790142296
chr16	65500001	66000000	0.0454286729846539
chr16	66000001	66500000	0.0624256678301439
chr16	66500001	67000000	0.00793164954763953
chr16	67000001	67500000	0.0106966453195838
chr16	67500001	68000000	0.0385724887539859
chr16	68000001	68500000	-0.0193317098336058
chr16	68500001	69000000	-0.0666009274095002
chr16	69000001	69500000	-0.0348577688575345
chr16	69500001	70000000	-0.0408045055283495
chr16	70500001	71000000	0.00928028706742299
chr16	71000001	71500000	0.00849358582810181
chr16	71500001	72000000	-0.0946484234018725
chr16	72000001	72500000	0.0527296409619476
chr16	72500001	73000000	0.022790658312143
chr16	73000001	73500000	-0.0236542903384918
chr16	73500001	74000000	0.0380871287639044
chr16	74000001	74500000	0.0227886147708133
chr16	74500001	75000000	-0.030677941281241
chr16	75000001	75500000	-0.0795788123485405
chr16	75500001	76000000	0.0156974850276595
chr16	76000001	76500000	-0.00339557117795214
chr16	76500001	77000000	-0.0104195527525493
chr16	77000001	77500000	0.0259533043399327
chr16	77500001	78000000	0.0340662269392219
chr16	78000001	78500000	-0.0294207342932746
chr16	78500001	79000000	-0.0672542838024883
chr16	79000001	79500000	0.0188159148542061
chr16	79500001	80000000	0.0114745522738203
chr16	80000001	80500000	0.0316725865300285
chr16	80500001	81000000	0.0515272839406287
chr16	81000001	81500000	-0.0342587246297074
chr16	81500001	82000000	0.144222466361356
chr16	82000001	82500000	-0.0132392590678042
chr16	82500001	83000000	-0.0114445150636585
chr16	83000001	83500000	0.0385761754638249
chr16	83500001	84000000	0.0392786381155588
chr16	84000001	84500000	-0.0192927694572199
chr16	84500001	85000000	0.101657807597872
chr16	85000001	85500000	0.0149586972417022
chr16	85500001	86000000	-0.00304314122031458
chr16	86000001	86500000	-0.0576364972167406
chr16	86500001	87000000	-0.0335575913416311
chr16	87000001	87500000	-0.0620443484784664
chr16	87500001	88000000	-0.0158179160115673
chr16	88000001	88500000	NA
chr16	88500001	89000000	0.0597613698077105
chr16	89000001	89500000	-0.0387496195705684
chr16	89500001	90000000	-0.0200030826156834
chr17	500001	1000000	-0.0972135229187499
chr17	1000001	1500000	-0.00764868406789831
chr17	1500001	2000000	-0.0371328469306424
chr17	2000001	2500000	-0.105632282531674
chr17	2500001	3000000	0.00573432790192391
chr17	3000001	3500000	0.0123701908921566
chr17	3500001	4000000	-0.0625122851939832
chr17	4000001	4500000	-0.0464337308122458
chr17	4500001	5000000	-0.00756731215844247
chr17	5000001	5500000	-0.0754998130197553
chr17	5500001	6000000	-0.00220207052795654
chr17	6000001	6500000	-0.0708449349991367
chr17	6500001	7000000	-0.0138982529142842
chr17	7000001	7500000	-0.0639576375806925
chr17	7500001	8000000	-0.0124060775899633
chr17	8000001	8500000	0.0293421734908288
chr17	8500001	9000000	0.0147917937047902
chr17	9000001	9500000	-0.117907462985088
chr17	9500001	10000000	-0.141673784612108
chr17	10000001	10500000	0.0708308282342044
chr17	10500001	11000000	0.00968537717509697
chr17	11000001	11500000	-0.0861502661616245
chr17	11500001	12000000	-0.047615132323503
chr17	12000001	12500000	-0.0404495176196966
chr17	12500001	13000000	-0.107147845445135
chr17	13000001	13500000	-0.0576924213722422
chr17	13500001	14000000	-0.0446893983260658
chr17	14000001	14500000	-0.0582140844800389
chr17	14500001	15000000	-0.0377117118664188
chr17	15000001	15500000	-0.11020346351849
chr17	16000001	16500000	-0.0924913813995278
chr17	17000001	17500000	-0.0573907262034908
chr17	17500001	18000000	-0.0471950668369337
chr17	18000001	18500000	-0.111481128482902
chr17	19500001	20000000	-0.127061355851543
chr17	20000001	20500000	-0.187986009423962
chr17	21000001	21500000	0.184914396997266
chr17	27500001	28000000	-0.0357359561096403
chr17	28000001	28500000	0.0656839666428589
chr17	28500001	29000000	-0.00992633355419816
chr17	29000001	29500000	-0.0416563949293062
chr17	29500001	30000000	0.0195725361462992
chr17	30000001	30500000	-0.0301162516024374
chr17	30500001	31000000	0.0246085061042352
chr17	31000001	31500000	-0.0669614943603834
chr17	31500001	32000000	-0.0260629381999459
chr17	32000001	32500000	-0.0796450224037652
chr17	32500001	33000000	-0.0236667306606722
chr17	33000001	33500000	-0.0863735256861542
chr17	33500001	34000000	0.0180553733961498
chr17	34000001	34500000	-0.0469572791585706
chr17	34500001	35000000	0.013768809950197
chr17	35000001	35500000	-0.0378633885059571
chr17	35500001	36000000	-0.120675127468522
chr17	36500001	37000000	0.0289262083873411
chr17	37000001	37500000	-0.00568863945260868
chr17	37500001	38000000	-0.148012084669255
chr17	38500001	39000000	-0.0458616989067249
chr17	39000001	39500000	-0.107810101220588
chr17	39500001	40000000	-0.0557425457169279
chr17	40000001	40500000	-0.0928572042197753
chr17	40500001	41000000	0.00341308894650352
chr17	41000001	41500000	0.0390553969747753
chr17	41500001	42000000	-0.174441487141195
chr17	42000001	42500000	0.0116040325311855
chr17	42500001	43000000	-0.089049314273594
chr17	43000001	43500000	-0.165283862271143
chr17	43500001	44000000	-0.117610979375868
chr17	44000001	44500000	0.00900723754549268
chr17	44500001	45000000	-0.0423922042864558
chr17	45000001	45500000	0.0456910893546538
chr17	45500001	46000000	0.0807041719772545
chr17	47000001	47500000	-0.0493058188116914
chr17	47500001	48000000	-0.0762398290276661
chr17	48000001	48500000	0.00129419620694578
chr17	48500001	49000000	-0.0531210956588137
chr17	49000001	49500000	-0.00517526127830242
chr17	49500001	50000000	-0.0633294719082176
chr17	50000001	50500000	0.0198901241082042
chr17	50500001	51000000	-0.0499135733987089
chr17	51000001	51500000	-0.0541668548571613
chr17	51500001	52000000	-0.00455401689214343
chr17	52000001	52500000	0.0205568397316209
chr17	52500001	53000000	-0.128669338610875
chr17	53000001	53500000	-0.0346053684215647
chr17	53500001	54000000	-0.105431426920708
chr17	54000001	54500000	-0.0709512822593301
chr17	54500001	55000000	-0.163245007343583
chr17	55000001	55500000	-0.112748402906417
chr17	55500001	56000000	-0.0516991527350197
chr17	56000001	56500000	0.0247989439768156
chr17	56500001	57000000	0.0370868620480862
chr17	57000001	57500000	0.0099643435187293
chr17	57500001	58000000	-0.0385836557614581
chr17	58000001	58500000	0.00891948850343537
chr17	58500001	59000000	-0.0709360456474005
chr17	59000001	59500000	-0.0305656575085464
chr17	59500001	60000000	-0.0786829688654458
chr17	60000001	60500000	-0.17967112614115
chr17	60500001	61000000	-0.0959207091518792
chr17	61000001	61500000	-0.07075829965116
chr17	61500001	62000000	-0.0932564073478902
chr17	62000001	62500000	0.045858666424517
chr17	62500001	63000000	-0.0494161806015345
chr17	63000001	63500000	-0.0529617948043074
chr17	63500001	64000000	-0.0536203599486031
chr17	64000001	64500000	-0.00279436283846132
chr17	64500001	65000000	-0.0265940583006291
chr17	65000001	65500000	-0.0445706219939535
chr17	65500001	66000000	-0.0529721255267259
chr17	66000001	66500000	-0.122690252873277
chr17	66500001	67000000	-0.0387173036073978
chr17	67000001	67500000	0.0206686569284022
chr17	67500001	68000000	-0.0984661182696842
chr17	68000001	68500000	-0.0857185855380535
chr17	68500001	69000000	-0.055713139279666
chr17	69000001	69500000	-0.0411722562868339
chr17	69500001	70000000	-0.0364680920152142
chr17	70000001	70500000	0.0637432787067818
chr17	70500001	71000000	-0.0888694883322574
chr17	71000001	71500000	-0.0603186916468283
chr17	71500001	72000000	-0.0235579909018132
chr17	72000001	72500000	-0.0707507340296572
chr17	72500001	73000000	-0.0385518771290309
chr17	73000001	73500000	-0.0447765112831361
chr17	73500001	74000000	0.0552792891558216
chr17	74000001	74500000	-0.0825137779386849
chr17	74500001	75000000	-0.0435630824046135
chr17	75000001	75500000	-0.0379448454067108
chr17	75500001	76000000	-0.0163146413994671
chr17	76000001	76500000	-0.0226237296301868
chr17	76500001	77000000	-0.112461109268321
chr17	77000001	77500000	-0.00315398552658741
chr17	77500001	78000000	-0.0520450379597787
chr17	78000001	78500000	0.0104489575322904
chr17	78500001	79000000	0.0344823868456153
chr17	79000001	79500000	-0.0511641062392231
chr17	79500001	80000000	-0.0430383063027901
chr17	80000001	80500000	-0.0669793783996799
chr17	80500001	81000000	-0.0448158216247283
chr17	81000001	81500000	NA
chr17	81500001	82000000	NA
chr17	82000001	82500000	-0.0697481981136812
chr17	82500001	83000000	-0.025318907389956
chr17	83000001	83500000	NA
chr18	1	500000	NA
chr18	500001	1000000	-0.10711799158218
chr18	1000001	1500000	-0.0296420954749004
chr18	1500001	2000000	-0.109343906775194
chr18	2000001	2500000	-0.153359154120861
chr18	2500001	3000000	-0.013347043145817
chr18	3000001	3500000	-0.0220808980143511
chr18	3500001	4000000	-0.0461999611421469
chr18	4000001	4500000	-0.0658882198692688
chr18	4500001	5000000	-0.0599783418794706
chr18	5000001	5500000	0.00731196054241107
chr18	5500001	6000000	-0.041123855385616
chr18	6000001	6500000	-0.0304046610104592
chr18	6500001	7000000	-0.0346471919432858
chr18	7000001	7500000	-0.028541521678229
chr18	7500001	8000000	-0.031069762935805
chr18	8000001	8500000	-0.107625477906295
chr18	8500001	9000000	-0.125942328295374
chr18	9000001	9500000	-0.0289625152175285
chr18	9500001	10000000	0.0261758178273925
chr18	10000001	10500000	-0.0100389438462788
chr18	10500001	11000000	-0.0769454869628703
chr18	11000001	11500000	-0.0701388119528455
chr18	11500001	12000000	-0.0870302172182797
chr18	12000001	12500000	-0.0971685247566583
chr18	12500001	13000000	-0.0871240053674291
chr18	13000001	13500000	-0.143537690052024
chr18	13500001	14000000	-0.123738222350518
chr18	22000001	22500000	-0.0895688216450825
chr18	22500001	23000000	-0.0956816773021935
chr18	23000001	23500000	0.0388617879736325
chr18	23500001	24000000	-0.125078783988169
chr18	24000001	24500000	-0.0903360680564137
chr18	24500001	25000000	0.0417367325793063
chr18	25000001	25500000	-0.13301211402617
chr18	25500001	26000000	-0.130322107426845
chr18	26000001	26500000	-0.169988335579546
chr18	26500001	27000000	-0.0828670067089434
chr18	27000001	27500000	-0.079336977605262
chr18	27500001	28000000	-0.0187915735272042
chr18	28000001	28500000	-0.0657686861522601
chr18	28500001	29000000	-0.0505078658491775
chr18	29000001	29500000	-0.0773669469904991
chr18	29500001	30000000	-0.0613430823216356
chr18	30000001	30500000	-0.113191804925215
chr18	30500001	31000000	-0.0269885546530969
chr18	31000001	31500000	-0.0123517326084612
chr18	31500001	32000000	-0.0831896478862502
chr18	32000001	32500000	-0.0582942915955773
chr18	32500001	33000000	-0.106116546938185
chr18	33000001	33500000	-0.0746374193489287
chr18	33500001	34000000	-0.0371734276375907
chr18	34000001	34500000	-0.111220046460138
chr18	34500001	35000000	-0.0429944190427984
chr18	35000001	35500000	-0.0623398583955127
chr18	35500001	36000000	-0.00412030925665203
chr18	36000001	36500000	0.052272259899423
chr18	36500001	37000000	-0.115568743157327
chr18	37000001	37500000	-0.128274539211072
chr18	37500001	38000000	-0.023239465933408
chr18	38000001	38500000	-0.115200450274668
chr18	38500001	39000000	0.00827850580005948
chr18	39000001	39500000	-0.104360912240464
chr18	39500001	40000000	-0.0902048802865562
chr18	40000001	40500000	-0.132516593647656
chr18	40500001	41000000	-0.0472672922935533
chr18	41000001	41500000	0.011087926906129
chr18	41500001	42000000	-0.106095398533768
chr18	42000001	42500000	-0.0311027329351193
chr18	42500001	43000000	-0.0955482014704666
chr18	43000001	43500000	-0.036179805400807
chr18	43500001	44000000	-0.0902770613564341
chr18	44000001	44500000	-0.0780080520497205
chr18	44500001	45000000	0.0489326125849064
chr18	45000001	45500000	-0.019167468325926
chr18	45500001	46000000	-0.0386363761118939
chr18	46000001	46500000	-0.0499865608415321
chr18	46500001	47000000	NA
chr18	47000001	47500000	NA
chr18	47500001	48000000	0.0246803448996751
chr18	48000001	48500000	-0.110988529206481
chr18	48500001	49000000	0.00679065986689554
chr18	49000001	49500000	0.0169037059874154
chr18	49500001	50000000	-0.128439145668688
chr18	50000001	50500000	-0.0293868300444434
chr18	50500001	51000000	0.0143557031134421
chr18	51000001	51500000	0.0690273657448514
chr18	51500001	52000000	-0.0399478548320653
chr18	52000001	52500000	-0.067009255345384
chr18	52500001	53000000	0.00115165094119874
chr18	53000001	53500000	-0.0313669150700036
chr18	53500001	54000000	-0.0315008244738465
chr18	54000001	54500000	-0.00723575437804456
chr18	54500001	55000000	NA
chr18	55000001	55500000	-0.0801982877455504
chr18	55500001	56000000	-0.0401929383492557
chr18	56000001	56500000	0.0291062046484415
chr18	56500001	57000000	-0.12121173178863
chr18	57000001	57500000	0.0452818169015622
chr18	57500001	58000000	0.0390371460142297
chr18	58000001	58500000	-0.19741510791454
chr18	58500001	59000000	-0.12343035314073
chr18	59000001	59500000	-0.0488059174640217
chr18	59500001	60000000	-0.0421132476715813
chr18	60000001	60500000	-0.0948484784780733
chr18	60500001	61000000	-0.132647801468416
chr18	61000001	61500000	-0.0327068656598017
chr18	61500001	62000000	0.0110406940362054
chr18	62000001	62500000	0.00114074190057289
chr18	62500001	63000000	-0.0485671477808586
chr18	63000001	63500000	-0.0431461015021146
chr18	63500001	64000000	-0.0933660151086388
chr18	64000001	64500000	-0.0456493719004307
chr18	64500001	65000000	0.01957553699795
chr18	65000001	65500000	-0.0315955210849414
chr18	65500001	66000000	-0.178953948575762
chr18	66000001	66500000	-0.0360464027677749
chr18	66500001	67000000	-0.0337761283075793
chr18	67000001	67500000	-0.108443383480143
chr18	67500001	68000000	-0.0127629587513132
chr18	68000001	68500000	-0.152196113470048
chr18	68500001	69000000	-0.0379498006707456
chr18	69000001	69500000	-0.0320966639914726
chr18	69500001	70000000	-0.054518906423984
chr18	70000001	70500000	-0.0894295892220633
chr18	70500001	71000000	-0.0746421264702393
chr18	71000001	71500000	-0.173898060136936
chr18	71500001	72000000	-0.00963406032054376
chr18	72000001	72500000	-0.0456970832680609
chr18	72500001	73000000	-0.104252498053027
chr18	73000001	73500000	-0.00989549342378615
chr18	73500001	74000000	-0.0707923091238775
chr18	74000001	74500000	0.0161438561481548
chr18	74500001	75000000	-0.0725407742002079
chr18	75000001	75500000	-0.128949126557177
chr18	75500001	76000000	-0.0669990964986964
chr18	76000001	76500000	-0.0146894448846523
chr18	76500001	77000000	-0.0259703796269254
chr18	77000001	77500000	0.0110635217775068
chr18	77500001	78000000	-0.0903454343010439
chr18	78000001	78500000	-0.138815680218937
chr18	78500001	79000000	-0.0837963112792175
chr18	79000001	79500000	-0.0740445072043465
chr18	79500001	80000000	-0.0316318416346392
chr19	500001	1000000	NA
chr19	1000001	1500000	NA
chr19	1500001	2000000	0.0082596896158595
chr19	2000001	2500000	-0.116557088969091
chr19	2500001	3000000	-0.0932476961756948
chr19	3000001	3500000	-0.0895933890319871
chr19	3500001	4000000	-0.075802531123417
chr19	4000001	4500000	0.0227737534651115
chr19	4500001	5000000	-0.0320755732072421
chr19	5000001	5500000	-0.0154600391479414
chr19	5500001	6000000	-0.0837550788518804
chr19	6000001	6500000	-0.0987685365585555
chr19	6500001	7000000	-0.0402115871013148
chr19	7000001	7500000	-0.0458088125140033
chr19	7500001	8000000	0.0158102965942531
chr19	8000001	8500000	-0.0445253231583378
chr19	8500001	9000000	-0.0930125409538201
chr19	9000001	9500000	-0.0654741195205551
chr19	9500001	10000000	-0.0515826156118481
chr19	10000001	10500000	0.0126349888099948
chr19	10500001	11000000	-0.0468566025986838
chr19	11000001	11500000	0.00818364869172226
chr19	11500001	12000000	-0.00456998060822518
chr19	12000001	12500000	-0.061487936834592
chr19	12500001	13000000	-0.0235253978704955
chr19	13000001	13500000	0.0385871904002888
chr19	13500001	14000000	-0.0607609151886838
chr19	14000001	14500000	-0.0987329272988735
chr19	14500001	15000000	0.0518485130159988
chr19	15000001	15500000	0.00673793394857021
chr19	15500001	16000000	0.140189995062401
chr19	16000001	16500000	0.047855106683624
chr19	16500001	17000000	0.0681088146120717
chr19	17000001	17500000	0.0621991008681149
chr19	17500001	18000000	0.112351223610714
chr19	18000001	18500000	0.125976615488955
chr19	18500001	19000000	0.0258841666847976
chr19	19000001	19500000	0.00190369086932299
chr19	19500001	20000000	0.0581251028388649
chr19	20000001	20500000	-0.0758506458865655
chr19	20500001	21000000	0.110437804855351
chr19	21000001	21500000	-0.0194340752448924
chr19	21500001	22000000	0.0632528037854593
chr19	22000001	22500000	-0.0629584364713029
chr19	22500001	23000000	0.0404701970512571
chr19	23000001	23500000	0.0782485125464523
chr19	23500001	24000000	0.0954488113443044
chr19	28500001	29000000	0.0244737270039256
chr19	29000001	29500000	-0.0275833653607585
chr19	29500001	30000000	-0.057182549154634
chr19	30000001	30500000	0.00228069019942441
chr19	30500001	31000000	0.0227265447432117
chr19	31000001	31500000	-0.0533743129329348
chr19	31500001	32000000	-0.029324797636669
chr19	32000001	32500000	-0.0546848688731749
chr19	32500001	33000000	-0.0651717616692982
chr19	33000001	33500000	-0.00283428492566719
chr19	33500001	34000000	0.0217695590613303
chr19	34000001	34500000	-0.080314539361735
chr19	34500001	35000000	0.0104350332636465
chr19	35000001	35500000	0.0504971896213673
chr19	35500001	36000000	0.123024051172813
chr19	36000001	36500000	-0.00707548019730268
chr19	36500001	37000000	0.0980557533642028
chr19	37000001	37500000	-0.094063062354931
chr19	37500001	38000000	0.0448941842920138
chr19	38000001	38500000	0.0710496860296315
chr19	38500001	39000000	0.00363937889293346
chr19	39000001	39500000	0.017534720829582
chr19	39500001	40000000	0.093093382307671
chr19	40000001	40500000	0.0456893494542912
chr19	40500001	41000000	0.128436275609343
chr19	41000001	41500000	0.0613226034409761
chr19	41500001	42000000	0.139895125566871
chr19	42000001	42500000	0.1355245514372
chr19	43500001	44000000	0.090710875791437
chr19	44000001	44500000	0.0546923532700828
chr19	44500001	45000000	-0.00956975789535119
chr19	45000001	45500000	0.0560890589563679
chr19	45500001	46000000	0.00936971975013305
chr19	46000001	46500000	-0.0520367017056614
chr19	46500001	47000000	0.046814376342661
chr19	47000001	47500000	0.101149319787543
chr19	47500001	48000000	-0.0707952665395078
chr19	48000001	48500000	0.129660379029908
chr19	48500001	49000000	0.035731960141203
chr19	49000001	49500000	0.106132026488916
chr19	49500001	50000000	0.0577416108066951
chr19	50000001	50500000	-0.101769281878499
chr19	50500001	51000000	0.0517436231001951
chr19	51000001	51500000	0.20154828466842
chr19	51500001	52000000	0.151258222040515
chr19	52000001	52500000	0.0847408766679733
chr19	52500001	53000000	-0.0747668832208938
chr19	53000001	53500000	0.129477541634107
chr19	53500001	54000000	0.0953654961161525
chr19	54000001	54500000	0.213531758133438
chr19	54500001	55000000	0.0571297761075996
chr19	55000001	55500000	0.0404174697169281
chr19	55500001	56000000	0.0504939980427032
chr19	56000001	56500000	-0.00556140080076631
chr19	56500001	57000000	-0.00965916321668628
chr19	57000001	57500000	0.0926138312762443
chr19	57500001	58000000	0.106968936582821
chr19	58000001	58500000	0.0803921279990329
chr20	1	500000	NA
chr20	500001	1000000	0.0618028298636139
chr20	1000001	1500000	0.164639646864398
chr20	1500001	2000000	0.165678197571216
chr20	2000001	2500000	0.0316908300483469
chr20	2500001	3000000	0.000580541408553679
chr20	3000001	3500000	0.0475418893364785
chr20	3500001	4000000	0.0254255790091809
chr20	4000001	4500000	0.0666317312476307
chr20	4500001	5000000	0.098004520184554
chr20	5000001	5500000	0.105159835720461
chr20	5500001	6000000	0.0201201016835568
chr20	6000001	6500000	0.101999996130292
chr20	6500001	7000000	0.135611420804036
chr20	7000001	7500000	0.0786775795300252
chr20	7500001	8000000	0.118205692210947
chr20	8000001	8500000	0.121491702505531
chr20	8500001	9000000	0.109782003281258
chr20	9000001	9500000	0.011534473568681
chr20	9500001	10000000	0.113137099930072
chr20	10000001	10500000	0.0311871488854581
chr20	10500001	11000000	0.06707568702318
chr20	11000001	11500000	0.0660709614309164
chr20	11500001	12000000	0.0554496148366084
chr20	12000001	12500000	0.0886699852199862
chr20	12500001	13000000	0.0908427541581256
chr20	13000001	13500000	0.0916414693033278
chr20	13500001	14000000	0.0667100716586098
chr20	14000001	14500000	0.0482711424451175
chr20	14500001	15000000	-0.0130544419433107
chr20	15000001	15500000	0.0517205852414557
chr20	15500001	16000000	0.10247994109561
chr20	16000001	16500000	0.11041019844584
chr20	16500001	17000000	0.0231603456514432
chr20	17000001	17500000	0.0670587670987571
chr20	17500001	18000000	0.0741001272307338
chr20	18000001	18500000	0.0825757423766038
chr20	18500001	19000000	0.0676470052293429
chr20	19000001	19500000	0.112964664214493
chr20	19500001	20000000	0.0396119288125961
chr20	20000001	20500000	0.0704044681894614
chr20	20500001	21000000	0.0449146957243368
chr20	21000001	21500000	0.0631668394668183
chr20	21500001	22000000	0.0577398433279788
chr20	22000001	22500000	-0.0401307687074386
chr20	22500001	23000000	0.0295141039834997
chr20	23000001	23500000	0.071672234753715
chr20	23500001	24000000	0.123621800232144
chr20	24000001	24500000	-0.00616358409263118
chr20	24500001	25000000	-0.00357634261835882
chr20	25000001	25500000	-0.0211159314082451
chr20	31500001	32000000	0.0668047767518578
chr20	32000001	32500000	0.0679480277086865
chr20	32500001	33000000	-0.0358620985520654
chr20	33000001	33500000	0.123307569164074
chr20	33500001	34000000	0.0373316367569154
chr20	34000001	34500000	0.0757263981637058
chr20	34500001	35000000	0.037295542326686
chr20	35000001	35500000	0.0891703901800132
chr20	35500001	36000000	0.0218908334659515
chr20	36000001	36500000	NA
chr20	36500001	37000000	0.0188871304276754
chr20	37000001	37500000	0.0700867671266197
chr20	37500001	38000000	0.0657752746989755
chr20	38000001	38500000	-0.0620578815441652
chr20	38500001	39000000	-0.0112317054202434
chr20	39000001	39500000	0.0198814962829188
chr20	39500001	40000000	0.112470705657024
chr20	40000001	40500000	0.106432119259804
chr20	40500001	41000000	0.0806748640885774
chr20	41000001	41500000	0.0410949184455235
chr20	41500001	42000000	-0.00466344460516294
chr20	42000001	42500000	-0.00767993739941433
chr20	42500001	43000000	-0.045867234084925
chr20	43000001	43500000	0.117017962238129
chr20	43500001	44000000	0.0560826204394299
chr20	44000001	44500000	-0.0405241796396185
chr20	44500001	45000000	0.0174299720571689
chr20	45000001	45500000	0.0749059867717584
chr20	45500001	46000000	0.065500880817654
chr20	46000001	46500000	0.0628540594335015
chr20	46500001	47000000	-0.0488140814473642
chr20	47000001	47500000	-0.0414475517317355
chr20	47500001	48000000	-0.00905152038406763
chr20	48000001	48500000	0.0495749200798764
chr20	48500001	49000000	0.14731191269868
chr20	49000001	49500000	0.043581648819915
chr20	49500001	50000000	0.109573942940554
chr20	50000001	50500000	0.146085114133836
chr20	50500001	51000000	0.019942488898915
chr20	51000001	51500000	-0.0292284679529062
chr20	51500001	52000000	-0.0263720333313253
chr20	52000001	52500000	-0.0228104401786768
chr20	52500001	53000000	0.116468988422804
chr20	53000001	53500000	0.0790731990786421
chr20	53500001	54000000	0.0275461324852002
chr20	54000001	54500000	0.0291052023466428
chr20	54500001	55000000	0.0510209164538822
chr20	55000001	55500000	0.0198087288176034
chr20	55500001	56000000	-0.00263946718710288
chr20	56000001	56500000	0.110027370563264
chr20	56500001	57000000	-0.0391122167575287
chr20	57000001	57500000	-0.0515421838613822
chr20	57500001	58000000	0.0314554163905251
chr20	58000001	58500000	0.0359664386762718
chr20	58500001	59000000	-0.0530574205602215
chr20	59000001	59500000	0.00761571198026142
chr20	59500001	60000000	0.0728864574063369
chr20	60000001	60500000	0.11467414449134
chr20	60500001	61000000	0.0398882656150531
chr20	61000001	61500000	0.0210358857947033
chr20	61500001	62000000	-0.0217169812704332
chr20	62000001	62500000	0.0237484481252688
chr20	62500001	63000000	0.0568252806143086
chr20	63000001	63500000	-0.0453253068924455
chr20	63500001	64000000	0.221349680966767
chr21	14000001	14500000	-0.0274898309148719
chr21	14500001	15000000	-0.0230359634953874
chr21	15000001	15500000	-0.0928761886575021
chr21	15500001	16000000	-0.0333145447614228
chr21	16000001	16500000	-0.0237839774113814
chr21	16500001	17000000	-0.04685838219907
chr21	17000001	17500000	-0.0109347647032604
chr21	17500001	18000000	-0.0794128039645758
chr21	18000001	18500000	-0.0490606450324428
chr21	18500001	19000000	-0.0880277665208268
chr21	19000001	19500000	-0.113137037318108
chr21	19500001	20000000	-0.0274133618754136
chr21	20000001	20500000	-0.0457510224746088
chr21	20500001	21000000	-0.0451570863754672
chr21	21000001	21500000	-0.0646985211447995
chr21	21500001	22000000	-0.112514919800389
chr21	22000001	22500000	-0.0951097620723262
chr21	22500001	23000000	-0.0673240914715746
chr21	23000001	23500000	-0.07397332779746
chr21	23500001	24000000	-0.119374291775314
chr21	24000001	24500000	-0.106730526138999
chr21	24500001	25000000	-0.098074228917447
chr21	25000001	25500000	-0.0676859098665285
chr21	25500001	26000000	-0.086075793376599
chr21	26000001	26500000	-0.033285767985213
chr21	26500001	27000000	-0.0746116955470189
chr21	27000001	27500000	-0.0930150509495354
chr21	27500001	28000000	-0.0363388762972493
chr21	28000001	28500000	-0.113071514478111
chr21	28500001	29000000	-0.0231301293096699
chr21	29000001	29500000	-0.0523798609888227
chr21	29500001	30000000	0.0120089742117524
chr21	30000001	30500000	-0.0593589877696896
chr21	30500001	31000000	-0.059635144136987
chr21	31000001	31500000	-0.106502504204032
chr21	31500001	32000000	NA
chr21	32000001	32500000	-0.0832961425983579
chr21	32500001	33000000	-0.0437508367428096
chr21	33000001	33500000	0.0536093581869265
chr21	33500001	34000000	-0.0636018803172285
chr21	34000001	34500000	-0.372317807561605
chr21	34500001	35000000	0.0320527010844094
chr21	35000001	35500000	-0.0750842887352253
chr21	35500001	36000000	-0.0202007751680642
chr21	36000001	36500000	-0.0843669373327454
chr21	36500001	37000000	-0.0642769903918712
chr21	37000001	37500000	0.0171352093699057
chr21	37500001	38000000	-0.0212918626119477
chr21	38000001	38500000	0.0132133949272993
chr21	38500001	39000000	NA
chr21	39000001	39500000	0.0505382303894221
chr21	39500001	40000000	-0.0793788521486694
chr21	40000001	40500000	-0.040676932431598
chr21	40500001	41000000	-0.0585121512951904
chr21	41000001	41500000	-0.0125544163714162
chr21	41500001	42000000	NA
chr21	42000001	42500000	-0.0414740842071422
chr21	42500001	43000000	NA
chr21	43500001	44000000	-0.0931931582006724
chr21	44000001	44500000	-0.405500384113306
chr21	44500001	45000000	-0.0201300700703524
chr21	45000001	45500000	-0.0377457140643479
chr21	45500001	46000000	-0.105116190255389
chr21	46000001	46500000	-0.112066437704835
chr21	46500001	47000000	NA
chr22	17500001	18000000	-0.136611101286066
chr22	19000001	19500000	-0.0797312389510788
chr22	19500001	20000000	-0.117909310798035
chr22	20000001	20500000	-0.0925992190105526
chr22	20500001	21000000	-0.0734882400759559
chr22	21500001	22000000	-0.225260038456503
chr22	22000001	22500000	0.174177985950788
chr22	22500001	23000000	-0.0200345879597167
chr22	23000001	23500000	0.00511394276167826
chr22	23500001	24000000	-0.0823899949356369
chr22	24000001	24500000	-0.0171799833614163
chr22	24500001	25000000	-0.0220241240652531
chr22	25000001	25500000	-0.16730802752673
chr22	25500001	26000000	-0.0492091842462201
chr22	26000001	26500000	-0.044659266482396
chr22	26500001	27000000	-0.0136347624322328
chr22	27000001	27500000	-0.0933158472870466
chr22	27500001	28000000	-0.0512353375718709
chr22	28000001	28500000	-0.0165101911050554
chr22	28500001	29000000	-0.102951377212427
chr22	29000001	29500000	-0.0502553373468179
chr22	29500001	30000000	-0.0675755976430837
chr22	30000001	30500000	-0.0442606523907784
chr22	30500001	31000000	-0.0810170749316935
chr22	31000001	31500000	-0.0559474114028951
chr22	31500001	32000000	0.000337910302064287
chr22	32000001	32500000	-0.004957757206564
chr22	32500001	33000000	-0.00517508878470797
chr22	33000001	33500000	-0.0752450638908696
chr22	33500001	34000000	-0.0615682196130371
chr22	34000001	34500000	-0.0314932862396412
chr22	34500001	35000000	-0.0297563808586896
chr22	35000001	35500000	-0.0336721920398504
chr22	35500001	36000000	-0.0722205927906829
chr22	36000001	36500000	0.0535645310247738
chr22	36500001	37000000	0.108918201543857
chr22	37000001	37500000	0.04435250292856
chr22	37500001	38000000	0.0420355586590767
chr22	38000001	38500000	-0.0765559067496188
chr22	38500001	39000000	-0.0643264871670819
chr22	39000001	39500000	0.000135122866149442
chr22	39500001	40000000	-0.0688748148084561
chr22	40000001	40500000	-0.00109581623205511
chr22	40500001	41000000	0.00228988654012216
chr22	41000001	41500000	-0.110361903982313
chr22	41500001	42000000	-0.0993567692687439
chr22	42000001	42500000	-0.00321475824143627
chr22	42500001	43000000	-0.00546394398874761
chr22	43000001	43500000	-0.0459124721743969
chr22	43500001	44000000	-0.0557191929666363
chr22	44000001	44500000	-0.0774402967889041
chr22	44500001	45000000	-0.0946709395175795
chr22	45000001	45500000	-0.00870730621128279
chr22	45500001	46000000	-0.0214761677712269
chr22	46000001	46500000	-0.156995091927332
chr22	46500001	47000000	-0.0684020068772875
chr22	47000001	47500000	-0.0532357492191085
chr22	47500001	48000000	-0.112236302439849
chr22	48000001	48500000	-0.118005299296893
chr22	48500001	49000000	-0.145389081237698
chr22	49000001	49500000	-0.0614245574836813
chr22	49500001	50000000	NA
chr22	50000001	50500000	-0.0875848439968559
chr22	50500001	51000000	NA
chrX	3000001	3500000	-0.0442477309380705
chrX	3500001	4000000	-0.176527630167646
chrX	4000001	4500000	0.0243411354067096
chrX	4500001	5000000	0.0222187232498369
chrX	5000001	5500000	-0.00228615216262927
chrX	5500001	6000000	-0.0106543740358868
chrX	6000001	6500000	0.052445907696158
chrX	6500001	7000000	0.00940423079086839
chrX	7000001	7500000	0.0456311487425256
chrX	7500001	8000000	-0.0653466900703845
chrX	8000001	8500000	-0.0188246949085325
chrX	8500001	9000000	0.0330181958813447
chrX	9000001	9500000	0.0665662590350679
chrX	9500001	10000000	-0.0747815596462535
chrX	10000001	10500000	-0.0109861208765102
chrX	10500001	11000000	-0.102168260854205
chrX	11000001	11500000	0.0504648496514556
chrX	11500001	12000000	0.00624276545847833
chrX	12000001	12500000	0.00439824561015684
chrX	12500001	13000000	0.0412672609566687
chrX	13000001	13500000	0.153602410986211
chrX	13500001	14000000	0.0542159487842912
chrX	14000001	14500000	0.0384883161318772
chrX	14500001	15000000	0.0755535287169282
chrX	15000001	15500000	-0.0328080775695875
chrX	15500001	16000000	0.0601992268895656
chrX	16000001	16500000	0.0484791306729854
chrX	16500001	17000000	0.00556866326237148
chrX	17000001	17500000	0.0263259058494189
chrX	17500001	18000000	0.00845753769220754
chrX	18000001	18500000	-0.037105222022788
chrX	18500001	19000000	-0.0487296795042525
chrX	19000001	19500000	-0.00902767935289639
chrX	19500001	20000000	0.0551022517273695
chrX	20000001	20500000	-0.00586319110963575
chrX	20500001	21000000	0.027952544046258
chrX	21000001	21500000	-0.0438027614797751
chrX	21500001	22000000	0.0385534005910755
chrX	22000001	22500000	0.0362928206634879
chrX	22500001	23000000	-0.0849388795396569
chrX	23000001	23500000	0.0373046800975348
chrX	23500001	24000000	-0.00984673007149789
chrX	24000001	24500000	-0.0568021029195661
chrX	24500001	25000000	0.012700098612583
chrX	25000001	25500000	-0.0452681076119357
chrX	25500001	26000000	0.0742133069755105
chrX	26000001	26500000	-0.0699090053386285
chrX	26500001	27000000	-0.0494860663654112
chrX	27000001	27500000	0.0216137283646237
chrX	27500001	28000000	-0.0422269923225945
chrX	28000001	28500000	-0.00585633604044365
chrX	28500001	29000000	0.0181767270485268
chrX	29000001	29500000	-0.0756104930017924
chrX	29500001	30000000	-0.0728381927383098
chrX	30000001	30500000	-0.0485941420660445
chrX	30500001	31000000	0.0157383979952084
chrX	31000001	31500000	-0.0691450108453506
chrX	31500001	32000000	-0.0595942979122019
chrX	32000001	32500000	-0.0712214691522985
chrX	32500001	33000000	-0.0304166795936993
chrX	33000001	33500000	-0.0680670514654372
chrX	33500001	34000000	-0.0759828962108596
chrX	34000001	34500000	0.018578462635158
chrX	34500001	35000000	-0.0690223806351474
chrX	35000001	35500000	-0.0189113255005908
chrX	35500001	36000000	-0.0266137029153587
chrX	36000001	36500000	-0.0824379337457474
chrX	36500001	37000000	-0.0727806142916832
chrX	37500001	38000000	-0.00121200324486642
chrX	38000001	38500000	-0.0831983070241183
chrX	38500001	39000000	-0.0915406857434627
chrX	39000001	39500000	-0.0332920823843666
chrX	39500001	40000000	-0.0405483907927169
chrX	40000001	40500000	-0.00573974190576723
chrX	40500001	41000000	-0.0339869984624284
chrX	41000001	41500000	-0.0859909524632406
chrX	41500001	42000000	-0.13546214208596
chrX	42000001	42500000	-0.0559481639456286
chrX	42500001	43000000	0.0432306208931673
chrX	43000001	43500000	-0.00342823364563643
chrX	43500001	44000000	-0.043467721342509
chrX	44000001	44500000	-0.0593300354002337
chrX	44500001	45000000	-0.163258165338359
chrX	45000001	45500000	-0.0675503640901436
chrX	45500001	46000000	-0.0129536290525309
chrX	46000001	46500000	-0.0425754672532649
chrX	46500001	47000000	-0.0539104270522114
chrX	47000001	47500000	-0.0542514948547537
chrX	47500001	48000000	-0.0392272214759071
chrX	48500001	49000000	0.0241139618369031
chrX	49500001	50000000	NA
chrX	50000001	50500000	NA
chrX	50500001	51000000	-0.0431442386780956
chrX	51000001	51500000	-0.0675343598958989
chrX	51500001	52000000	-0.0848800655502317
chrX	52000001	52500000	-0.149682107711143
chrX	53000001	53500000	-0.108672140665619
chrX	53500001	54000000	-0.0511820374886977
chrX	54000001	54500000	-0.0189315609529066
chrX	54500001	55000000	0.027985668818351
chrX	55000001	55500000	0.0120307256827566
chrX	55500001	56000000	-0.046180361602639
chrX	56000001	56500000	0.0936737591423126
chrX	56500001	57000000	-0.0207632057316027
chrX	57000001	57500000	0.0481563536113151
chrX	64000001	64500000	0.0821714218818252
chrX	64500001	65000000	0.0683908640399383
chrX	65000001	65500000	-0.00884955714315891
chrX	65500001	66000000	0.0573030415126194
chrX	66000001	66500000	-0.0189583846069575
chrX	66500001	67000000	0.037294496281815
chrX	67000001	67500000	0.0840778603977209
chrX	67500001	68000000	-0.0393958768677484
chrX	68000001	68500000	0.0196828099136155
chrX	68500001	69000000	0.0504527985920192
chrX	69000001	69500000	0.0318333628416492
chrX	69500001	70000000	0.0285056233012637
chrX	70000001	70500000	0.0495975089161969
chrX	70500001	71000000	0.0828075246092323
chrX	71000001	71500000	-0.016792721045147
chrX	71500001	72000000	-0.224779206214861
chrX	72000001	72500000	0.0332794840314313
chrX	73000001	73500000	0.0971422334729602
chrX	73500001	74000000	-0.0373768783803224
chrX	74000001	74500000	0.00718052752758246
chrX	74500001	75000000	0.126196089718337
chrX	75000001	75500000	0.0121277241889332
chrX	75500001	76000000	0.0541036017192709
chrX	76000001	76500000	-0.0721856735535458
chrX	76500001	77000000	0.0296462540706779
chrX	77000001	77500000	0.0963157636918466
chrX	77500001	78000000	0.02273682606714
chrX	78000001	78500000	0.0354332022501122
chrX	78500001	79000000	0.0497349828808869
chrX	79000001	79500000	-0.0032859682885241
chrX	79500001	80000000	0.0107363690930208
chrX	80000001	80500000	-0.00321714190425813
chrX	80500001	81000000	-0.0858264837729129
chrX	81000001	81500000	0.0399280791141311
chrX	81500001	82000000	-0.0664890101659359
chrX	82000001	82500000	0.054709258002925
chrX	82500001	83000000	-0.000528039082211468
chrX	83000001	83500000	-0.104032995293993
chrX	83500001	84000000	-0.0249905554213727
chrX	84000001	84500000	0.0548549800874667
chrX	84500001	85000000	-0.0109237342251094
chrX	85000001	85500000	0.0201693687884388
chrX	85500001	86000000	-0.0271484728350573
chrX	86000001	86500000	-0.0452939769842624
chrX	86500001	87000000	0.0440310287986121
chrX	87000001	87500000	-0.0756287003804278
chrX	87500001	88000000	-0.00427628476952929
chrX	88000001	88500000	0.016154618656575
chrX	88500001	89000000	-0.0107481429676178
chrX	91000001	91500000	0.0592171523879557
chrX	93000001	93500000	0.112353233149375
chrX	93500001	94000000	0.102147449959569
chrX	94000001	94500000	0.00960400933723352
chrX	94500001	95000000	0.101523007538324
chrX	95000001	95500000	0.0331656226448539
chrX	95500001	96000000	0.0623988887516926
chrX	96000001	96500000	0.13109840162112
chrX	96500001	97000000	0.0606705830766047
chrX	97000001	97500000	0.0500003929087826
chrX	97500001	98000000	0.0535319904142345
chrX	98000001	98500000	0.0704790156378702
chrX	98500001	99000000	0.0536177045315579
chrX	99000001	99500000	0.0648433807712196
chrX	99500001	100000000	0.0608016664382059
chrX	100000001	100500000	0.0902844006218075
chrX	100500001	101000000	0.0342952296887618
chrX	101000001	101500000	0.0323031888646106
chrX	101500001	102000000	0.125739240461319
chrX	102500001	103000000	0.0925045651020565
chrX	103000001	103500000	0.0552112448950237
chrX	103500001	104000000	-0.0162101351553274
chrX	104000001	104500000	0.118322863460768
chrX	104500001	105000000	0.112561578272322
chrX	105000001	105500000	0.0307462935666575
chrX	105500001	106000000	0.0953278236594867
chrX	106000001	106500000	0.104162703859373
chrX	106500001	107000000	0.00330361999140543
chrX	107000001	107500000	0.105534703285712
chrX	107500001	108000000	0.116180155670894
chrX	108000001	108500000	0.0846644778635509
chrX	108500001	109000000	0.0176396856118295
chrX	109000001	109500000	0.110297218930462
chrX	109500001	110000000	0.129454631779748
chrX	110000001	110500000	0.162400686486756
chrX	110500001	111000000	0.0997591079443541
chrX	111000001	111500000	0.0947125831673235
chrX	111500001	112000000	0.0713857449768601
chrX	112000001	112500000	0.14668630656167
chrX	112500001	113000000	0.0842906157603813
chrX	113000001	113500000	0.0787864245083159
chrX	113500001	114000000	0.134663003671095
chrX	114000001	114500000	NA
chrX	114500001	115000000	0.103802764821025
chrX	115000001	115500000	0.0365988804755842
chrX	116000001	116500000	0.0286811174201378
chrX	116500001	117000000	NA
chrX	117000001	117500000	0.0139835720711142
chrX	117500001	118000000	0.085069999407734
chrX	118000001	118500000	0.113855046249983
chrX	118500001	119000000	0.113897674719581
chrX	119000001	119500000	0.14222252210674
chrX	119500001	120000000	0.0317327970976321
chrX	120000001	120500000	-0.107410146296148
chrX	121000001	121500000	0.104367284919365
chrX	121500001	122000000	0.0386947433808242
chrX	122000001	122500000	0.00564226885277735
chrX	122500001	123000000	0.0214811084020814
chrX	123000001	123500000	0.137689515757674
chrX	123500001	124000000	-0.0141110207010837
chrX	124000001	124500000	0.0043613235245047
chrX	124500001	125000000	0.0141642309702799
chrX	125000001	125500000	0.0336013780548248
chrX	125500001	126000000	0.0619201205425307
chrX	126000001	126500000	0.0176435770128415
chrX	126500001	127000000	0.127612045000997
chrX	127000001	127500000	-0.0161017430727946
chrX	127500001	128000000	0.061053611086554
chrX	128000001	128500000	0.0313927332750399
chrX	128500001	129000000	0.0257048840947998
chrX	129000001	129500000	0.0877104389150475
chrX	129500001	130000000	0.107683534593666
chrX	130000001	130500000	0.0669490639951307
chrX	130500001	131000000	0.0325985986213824
chrX	131000001	131500000	0.0397296307851888
chrX	131500001	132000000	0.0452860210651443
chrX	132000001	132500000	0.0505755135317939
chrX	132500001	133000000	-0.00807362963570089
chrX	133000001	133500000	0.0285936693724355
chrX	133500001	134000000	-0.0290900757106187
chrX	134000001	134500000	0.0716562005637702
chrX	134500001	135000000	0.046734517175027
chrX	135000001	135500000	-0.0910666494746268
chrX	136000001	136500000	0.0155796151480883
chrX	136500001	137000000	0.00881288373592283
chrX	137000001	137500000	-0.0299653733234948
chrX	137500001	138000000	-0.00257084791415369
chrX	138000001	138500000	0.0702632036005392
chrX	138500001	139000000	0.0494550259322255
chrX	139000001	139500000	0.0961007880966939
chrX	139500001	140000000	-0.0652698779568294
chrX	140000001	140500000	0.0117431547474645
chrX	140500001	141000000	-0.00168449940817722
chrX	141000001	141500000	-0.0971089925339626
chrX	141500001	142000000	-0.122938020862053
chrX	142000001	142500000	-0.0287594039730197
chrX	142500001	143000000	0.0418500405537269
chrX	143000001	143500000	0.0875861809451422
chrX	143500001	144000000	0.0702114025587024
chrX	144500001	145000000	0.0623079714014973
chrX	145000001	145500000	0.00947421332319535
chrX	145500001	146000000	0.0755805650111079
chrX	146000001	146500000	0.0524343385108087
chrX	146500001	147000000	0.0108525834804618
chrX	147000001	147500000	0.0267234926628583
chrX	147500001	148000000	-0.0111015589159778
chrX	148000001	148500000	0.0574640348619099
chrX	148500001	149000000	0.0579596217079284
chrX	149000001	149500000	0.0189408317453752
chrX	149500001	150000000	-0.228962090498992
chrX	150000001	150500000	0.0483831438979353
chrX	150500001	151000000	-0.00830331229640496
chrX	151000001	151500000	0.0441615193557753
chrX	151500001	152000000	0.0449414472515877
chrX	152000001	152500000	0.0408538610549726
chrX	152500001	153000000	-0.132034305289614
chrX	153000001	153500000	-0.130857934008962
chrX	153500001	154000000	0.0193575261860939
chrX	154500001	155000000	-0.182738268077661
chrX	155000001	155500000	-0.284802933697271
